        Date        , GPU Clock [MHz] , Memory Clock [MHz] , GPU Temperature [°C] , Hot Spot [°C] , Memory Temperature [°C] , Fan 1 Speed (%) [%] , Fan 1 Speed (RPM) [RPM] , Fan 2 Speed (%) [%] , Fan 2 Speed (RPM) [RPM] , Memory Used [MB] , GPU Load [%] , Memory Controller Load [%] , Video Engine Load [%] , Bus Interface Load [%] , Board Power Draw [W] , GPU Chip Power Draw [W] , MVDDC Power Draw [W] , PWR_SRC Power Draw [W] , PWR_SRC Voltage [V] , PCIe Slot Power [W] , PCIe Slot Voltage [V] , 16-Pin Power [W] , 16-Pin Voltage [V] , Power Consumption (%) [% TDP] , PerfCap Reason [] , GPU Voltage [V] , CPU Temperature [°C] , System Memory Used [MB] ,
2026-02-11 21:00:48 ,         210.0   ,             50.6   ,               29.4   ,        38.1   ,                  32.0   ,                30   ,                  2001   ,                30   ,                     0   ,            534   ,          0   ,                        0   ,                   0   ,                    0   ,               17.0   ,                   8.8   ,                6.1   ,                  8.2   ,              12.3   ,               2.0   ,                12.2   ,           15.0   ,             12.2   ,                         3.8   ,              16   ,        0.8800   ,               42.0   ,                 13530   ,
2026-02-11 21:00:49 ,         210.0   ,             50.6   ,               29.4   ,        38.1   ,                  32.0   ,                30   ,                  1999   ,                30   ,                     0   ,            534   ,          0   ,                        0   ,                   0   ,                    0   ,               17.0   ,                   8.7   ,                6.2   ,                  8.3   ,              12.3   ,               2.1   ,                12.2   ,           14.9   ,             12.2   ,                         3.8   ,              16   ,        0.8800   ,               39.0   ,                 13497   ,
2026-02-11 21:00:50 ,         210.0   ,             50.6   ,               29.5   ,        38.0   ,                  32.0   ,                30   ,                  1998   ,                30   ,                     0   ,            534   ,          0   ,                        0   ,                   0   ,                    0   ,               16.9   ,                   8.6   ,                6.2   ,                  8.8   ,              12.3   ,               2.1   ,                12.1   ,           15.9   ,             12.2   ,                         4.0   ,              16   ,        0.8800   ,               43.0   ,                 14059   ,
2026-02-11 21:00:51 ,         210.0   ,             50.6   ,               29.5   ,        38.0   ,                  32.0   ,                30   ,                  1999   ,                30   ,                     0   ,            534   ,          0   ,                        0   ,                   0   ,                    0   ,               17.1   ,                   8.8   ,                6.2   ,                  8.3   ,              12.3   ,               2.0   ,                12.2   ,           15.3   ,             12.2   ,                         3.9   ,              16   ,        0.8800   ,               42.0   ,                 14077   ,
2026-02-11 21:00:52 ,         210.0   ,             50.6   ,               29.5   ,        38.0   ,                  32.0   ,                30   ,                  2001   ,                30   ,                     0   ,            534   ,          0   ,                        0   ,                   0   ,                    0   ,               17.1   ,                   9.7   ,                6.3   ,                  8.3   ,              12.3   ,               2.1   ,                12.1   ,           16.0   ,             12.2   ,                         3.9   ,              16   ,        0.8800   ,               42.0   ,                 14071   ,
2026-02-11 21:00:53 ,         210.0   ,             50.6   ,               29.5   ,        38.1   ,                  32.0   ,                30   ,                  2000   ,                30   ,                     0   ,            534   ,          0   ,                        0   ,                   0   ,                    0   ,               17.5   ,                   9.5   ,                6.0   ,                  8.1   ,              12.3   ,               2.1   ,                12.1   ,           14.9   ,             12.2   ,                         3.8   ,              16   ,        0.8800   ,               44.0   ,                 14410   ,
2026-02-11 21:00:54 ,         210.0   ,             50.6   ,               29.5   ,        38.1   ,                  32.0   ,                30   ,                  1999   ,                30   ,                     0   ,            534   ,          0   ,                        0   ,                   0   ,                    0   ,               16.7   ,                   8.6   ,                6.0   ,                  8.1   ,              12.3   ,               2.1   ,                12.1   ,           15.7   ,             12.2   ,                         4.0   ,              16   ,        0.8800   ,               45.0   ,                 14579   ,
2026-02-11 21:00:55 ,         210.0   ,             50.6   ,               29.5   ,        38.1   ,                  32.0   ,                30   ,                  1998   ,                30   ,                     0   ,            534   ,          0   ,                        0   ,                   0   ,                    0   ,               16.3   ,                   8.1   ,                6.2   ,                  8.2   ,              12.3   ,               2.0   ,                12.1   ,           14.6   ,             12.2   ,                         3.7   ,              16   ,        0.8800   ,               42.0   ,                 15049   ,
2026-02-11 21:00:56 ,         210.0   ,             50.6   ,               29.5   ,        38.0   ,                  32.0   ,                30   ,                  1999   ,                30   ,                     0   ,            534   ,          0   ,                        0   ,                   0   ,                    0   ,               16.9   ,                   9.1   ,                5.8   ,                  7.8   ,              12.3   ,               2.0   ,                12.1   ,           14.9   ,             12.2   ,                         3.8   ,              16   ,        0.8800   ,               40.0   ,                 15201   ,
2026-02-11 21:00:57 ,         210.0   ,             50.6   ,               29.5   ,        38.1   ,                  32.0   ,                30   ,                  2000   ,                30   ,                     0   ,            534   ,          0   ,                        0   ,                   0   ,                    0   ,               16.5   ,                   8.7   ,                5.8   ,                  7.9   ,              12.3   ,               2.1   ,                12.1   ,           14.5   ,             12.2   ,                         3.7   ,              16   ,        0.8800   ,               46.0   ,                 15551   ,
2026-02-11 21:00:58 ,         210.0   ,             50.6   ,               29.5   ,        38.1   ,                  32.0   ,                30   ,                  2001   ,                30   ,                     0   ,            534   ,          0   ,                        0   ,                   0   ,                    0   ,               16.0   ,                   8.1   ,                5.8   ,                  7.9   ,              12.3   ,               2.1   ,                12.1   ,           13.9   ,             12.2   ,                         3.5   ,              16   ,        0.8800   ,               46.0   ,                 14878   ,
2026-02-11 21:00:59 ,         210.0   ,             50.6   ,               29.5   ,        38.1   ,                  32.0   ,                30   ,                  2002   ,                30   ,                     0   ,            534   ,          0   ,                        0   ,                   0   ,                    0   ,               16.9   ,                   8.9   ,                5.9   ,                  8.0   ,              12.3   ,               2.1   ,                12.1   ,           14.7   ,             12.2   ,                         3.8   ,              16   ,        0.8800   ,               46.0   ,                 14865   ,
2026-02-11 21:01:00 ,         210.0   ,             50.6   ,               29.5   ,        38.1   ,                  32.0   ,                30   ,                  2000   ,                30   ,                     0   ,            534   ,          0   ,                        0   ,                   0   ,                    0   ,               17.0   ,                   9.0   ,                5.9   ,                  8.0   ,              12.3   ,               2.1   ,                12.1   ,           14.9   ,             12.2   ,                         3.8   ,              16   ,        0.8800   ,               43.0   ,                 15123   ,
2026-02-11 21:01:01 ,         210.0   ,             50.6   ,               29.5   ,        38.1   ,                  32.0   ,                30   ,                  1998   ,                30   ,                     0   ,            534   ,          0   ,                        0   ,                   0   ,                    0   ,               16.6   ,                   8.6   ,                5.8   ,                  8.0   ,              12.3   ,               2.1   ,                12.1   ,           14.5   ,             12.2   ,                         3.7   ,              16   ,        0.8800   ,               48.0   ,                 15477   ,
2026-02-11 21:01:02 ,         210.0   ,             50.6   ,               29.5   ,        38.2   ,                  32.0   ,                30   ,                  1999   ,                30   ,                     0   ,            534   ,          0   ,                        0   ,                   0   ,                    0   ,               16.6   ,                   8.6   ,                5.8   ,                  8.0   ,              12.3   ,               2.2   ,                12.1   ,           14.5   ,             12.2   ,                         3.7   ,              16   ,        0.8800   ,               47.0   ,                 14999   ,
2026-02-11 21:01:03 ,         210.0   ,             50.6   ,               29.5   ,        38.1   ,                  32.0   ,                30   ,                  2001   ,                30   ,                     0   ,            534   ,          0   ,                        0   ,                   0   ,                    0   ,               16.7   ,                   8.8   ,                5.8   ,                  8.3   ,              12.3   ,               2.1   ,                12.1   ,           15.0   ,             12.2   ,                         3.8   ,              16   ,        0.8800   ,               45.0   ,                 14655   ,
2026-02-11 21:01:04 ,         210.0   ,             50.6   ,               29.5   ,        38.1   ,                  32.0   ,                30   ,                  2000   ,                30   ,                     0   ,            534   ,          0   ,                        0   ,                   0   ,                    0   ,               16.4   ,                   8.3   ,                6.1   ,                  8.5   ,              12.3   ,               2.1   ,                12.1   ,           15.2   ,             12.2   ,                         3.9   ,              16   ,        0.8800   ,               44.0   ,                 14688   ,
2026-02-11 21:01:05 ,         210.0   ,             50.6   ,               29.5   ,        38.2   ,                  32.0   ,                30   ,                  2000   ,                30   ,                     0   ,            534   ,          0   ,                        0   ,                   0   ,                    0   ,               16.8   ,                   9.2   ,                6.3   ,                  8.4   ,              12.3   ,               2.1   ,                12.1   ,           15.5   ,             12.2   ,                         3.9   ,              16   ,        0.8800   ,               43.0   ,                 14670   ,
2026-02-11 21:01:06 ,         210.0   ,             50.6   ,               29.5   ,        38.1   ,                  32.0   ,                30   ,                  1999   ,                30   ,                     0   ,            534   ,          0   ,                        0   ,                   0   ,                    0   ,               16.1   ,                   8.2   ,                5.9   ,                  8.3   ,              12.3   ,               2.1   ,                12.1   ,           14.8   ,             12.2   ,                         3.8   ,              16   ,        0.8800   ,               45.0   ,                 14631   ,
2026-02-11 21:01:07 ,         210.0   ,             50.6   ,               29.5   ,        38.1   ,                  32.0   ,                30   ,                  1998   ,                30   ,                     0   ,            534   ,          0   ,                        0   ,                   0   ,                    0   ,               16.8   ,                   8.6   ,                6.0   ,                  8.1   ,              12.3   ,               2.1   ,                12.1   ,           14.5   ,             12.2   ,                         3.7   ,              16   ,        0.8800   ,               46.0   ,                 14794   ,
2026-02-11 21:01:08 ,         210.0   ,             50.6   ,               29.5   ,        38.2   ,                  32.0   ,                30   ,                  2002   ,                30   ,                     0   ,            534   ,          0   ,                        0   ,                   0   ,                    0   ,               17.4   ,                   9.0   ,                6.3   ,                  8.4   ,              12.3   ,               2.1   ,                12.1   ,           14.9   ,             12.2   ,                         3.8   ,              16   ,        0.8800   ,               45.0   ,                 14776   ,
2026-02-11 21:01:09 ,         210.0   ,             50.6   ,               29.5   ,        38.1   ,                  32.0   ,                30   ,                  2002   ,                30   ,                     0   ,            534   ,          0   ,                        0   ,                   0   ,                    0   ,               17.5   ,                   9.3   ,                5.9   ,                  7.9   ,              12.3   ,               2.1   ,                12.1   ,           14.9   ,             12.2   ,                         4.1   ,              16   ,        0.8800   ,               47.0   ,                 14656   ,
2026-02-11 21:01:10 ,         210.0   ,             50.6   ,               29.5   ,        38.2   ,                  32.0   ,                30   ,                  2000   ,                30   ,                     0   ,            534   ,          0   ,                        0   ,                   0   ,                    0   ,               17.8   ,                   9.7   ,                6.1   ,                  8.2   ,              12.3   ,               2.1   ,                12.1   ,           15.8   ,             12.2   ,                         4.0   ,              16   ,        0.8800   ,               45.0   ,                 14764   ,
2026-02-11 21:01:11 ,         210.0   ,             50.6   ,               29.5   ,        38.2   ,                  34.0   ,                30   ,                  1998   ,                30   ,                     0   ,            534   ,          0   ,                        0   ,                   0   ,                    0   ,               18.4   ,                  10.2   ,                6.1   ,                  8.3   ,              12.3   ,               2.2   ,                12.1   ,           16.1   ,             12.2   ,                         4.2   ,              16   ,        0.8800   ,               41.0   ,                 14765   ,
2026-02-11 21:01:12 ,         210.0   ,             50.6   ,               29.5   ,        38.2   ,                  32.0   ,                30   ,                  1999   ,                30   ,                     0   ,            534   ,          0   ,                        0   ,                   0   ,                    0   ,               18.5   ,                  10.2   ,                6.2   ,                  8.4   ,              12.3   ,               2.2   ,                12.1   ,           16.4   ,             12.2   ,                         4.1   ,              16   ,        0.8800   ,               48.0   ,                 14816   ,
2026-02-11 21:01:13 ,         210.0   ,             50.6   ,               29.5   ,        38.1   ,                  32.0   ,                30   ,                  1999   ,                30   ,                     0   ,            534   ,          0   ,                        0   ,                   0   ,                    0   ,               17.3   ,                  10.0   ,                6.2   ,                  8.3   ,              12.3   ,               2.1   ,                12.1   ,           16.2   ,             12.2   ,                         4.0   ,              16   ,        0.8800   ,               46.0   ,                 15012   ,
2026-02-11 21:01:14 ,         210.0   ,             50.6   ,               29.5   ,        38.1   ,                  32.0   ,                30   ,                  2001   ,                30   ,                     0   ,            534   ,          0   ,                        0   ,                   0   ,                    0   ,               17.9   ,                   9.5   ,                6.2   ,                  8.4   ,              12.3   ,               2.2   ,                12.1   ,           15.7   ,             12.2   ,                         4.1   ,              16   ,        0.8800   ,               47.0   ,                 14976   ,
2026-02-11 21:01:15 ,         210.0   ,             50.6   ,               29.5   ,        38.0   ,                  32.0   ,                30   ,                  2001   ,                30   ,                     0   ,            534   ,          0   ,                        0   ,                   0   ,                    0   ,               18.4   ,                   9.9   ,                6.4   ,                  8.5   ,              12.3   ,               2.2   ,                12.1   ,           16.3   ,             12.2   ,                         4.2   ,              16   ,        0.8800   ,               45.0   ,                 15002   ,
2026-02-11 21:01:16 ,         210.0   ,             50.6   ,               29.5   ,        38.0   ,                  32.0   ,                30   ,                  2001   ,                30   ,                     0   ,            534   ,          0   ,                        0   ,                   0   ,                    0   ,               16.6   ,                   8.9   ,                5.6   ,                  8.7   ,              12.3   ,               2.2   ,                12.1   ,           17.0   ,             12.2   ,                         4.3   ,              16   ,        0.8800   ,               45.0   ,                 15013   ,
2026-02-11 21:01:17 ,         210.0   ,             50.6   ,               29.5   ,        38.0   ,                  32.0   ,                30   ,                  1999   ,                30   ,                     0   ,            534   ,          0   ,                        0   ,                   0   ,                    0   ,               16.5   ,                   8.6   ,                5.8   ,                  7.9   ,              12.3   ,               2.2   ,                12.1   ,           16.5   ,             12.2   ,                         4.2   ,              16   ,        0.8800   ,               45.0   ,                 15052   ,
2026-02-11 21:01:18 ,         210.0   ,             50.6   ,               29.5   ,        38.0   ,                  32.0   ,                30   ,                  2000   ,                30   ,                     0   ,            534   ,          0   ,                        0   ,                   0   ,                    0   ,               17.6   ,                   9.6   ,                5.8   ,                  8.1   ,              12.3   ,               2.3   ,                12.1   ,           17.3   ,             12.2   ,                         4.4   ,              16   ,        0.8800   ,               42.0   ,                 15244   ,
2026-02-11 21:01:19 ,         210.0   ,             50.6   ,               29.5   ,        38.1   ,                  32.0   ,                30   ,                  2001   ,                30   ,                     0   ,            534   ,          0   ,                        0   ,                   0   ,                    0   ,               17.7   ,                  10.5   ,                6.5   ,                  8.7   ,              12.3   ,               2.2   ,                12.1   ,           17.1   ,             12.2   ,                         4.3   ,              16   ,        0.8800   ,               40.0   ,                 15409   ,
2026-02-11 21:01:20 ,         210.0   ,             50.6   ,               29.5   ,        38.1   ,                  32.0   ,                30   ,                  2000   ,                30   ,                     0   ,            534   ,          0   ,                        0   ,                   0   ,                    0   ,               16.4   ,                   8.3   ,                5.9   ,                  8.1   ,              12.3   ,               2.2   ,                12.1   ,           16.4   ,             12.2   ,                         4.1   ,              16   ,        0.8800   ,               44.0   ,                 15612   ,
2026-02-11 21:01:21 ,         210.0   ,             50.6   ,               29.5   ,        38.1   ,                  32.0   ,                30   ,                  2000   ,                30   ,                     0   ,            534   ,          0   ,                        0   ,                   0   ,                    0   ,               17.4   ,                   9.3   ,                6.6   ,                  8.7   ,              12.3   ,               2.2   ,                12.1   ,           16.9   ,             12.2   ,                         4.2   ,              16   ,        0.8800   ,               42.0   ,                 15482   ,
2026-02-11 21:01:22 ,         210.0   ,             50.6   ,               29.5   ,        38.2   ,                  32.0   ,                30   ,                  1999   ,                30   ,                     0   ,            534   ,          0   ,                        0   ,                   0   ,                    0   ,               17.1   ,                   9.2   ,                5.9   ,                  8.7   ,              12.3   ,               2.2   ,                12.1   ,           16.3   ,             12.2   ,                         4.1   ,              16   ,        0.8800   ,               43.0   ,                 15268   ,
2026-02-11 21:01:23 ,         210.0   ,             50.6   ,               29.5   ,        38.1   ,                  32.0   ,                30   ,                  1998   ,                30   ,                     0   ,            534   ,          0   ,                        0   ,                   0   ,                    0   ,               17.4   ,                   9.2   ,                6.0   ,                  8.2   ,              12.3   ,               2.2   ,                12.1   ,           16.9   ,             12.2   ,                         4.3   ,              16   ,        0.8800   ,               39.0   ,                 15345   ,
2026-02-11 21:01:24 ,         210.0   ,             50.6   ,               29.5   ,        38.1   ,                  32.0   ,                30   ,                  2002   ,                30   ,                     0   ,            534   ,          0   ,                        0   ,                   0   ,                    0   ,               16.4   ,                   8.5   ,                5.8   ,                  8.8   ,              12.3   ,               2.2   ,                12.1   ,           16.6   ,             12.2   ,                         4.2   ,              16   ,        0.8800   ,               37.0   ,                 15141   ,
2026-02-11 21:01:25 ,         210.0   ,             50.6   ,               29.4   ,        38.1   ,                  32.0   ,                30   ,                  2002   ,                30   ,                     0   ,            534   ,          0   ,                        0   ,                   0   ,                    0   ,               17.0   ,                   9.0   ,                5.8   ,                  8.8   ,              12.3   ,               2.2   ,                12.1   ,           16.5   ,             12.2   ,                         4.1   ,              16   ,        0.8800   ,               41.0   ,                 15141   ,
2026-02-11 21:01:26 ,         210.0   ,             50.6   ,               29.5   ,        38.1   ,                  32.0   ,                30   ,                  2002   ,                30   ,                     0   ,            534   ,          0   ,                        0   ,                   0   ,                    0   ,               17.2   ,                   9.3   ,                5.8   ,                  7.9   ,              12.3   ,               2.2   ,                12.1   ,           16.9   ,             12.2   ,                         4.3   ,              16   ,        0.8800   ,               42.0   ,                 15137   ,
2026-02-11 21:01:27 ,         210.0   ,             50.6   ,               29.5   ,        38.0   ,                  32.0   ,                30   ,                  1998   ,                30   ,                     0   ,            534   ,          0   ,                        0   ,                   0   ,                    0   ,               17.6   ,                   9.0   ,                6.5   ,                  8.6   ,              12.3   ,               2.1   ,                12.1   ,           14.5   ,             12.2   ,                         3.7   ,              16   ,        0.8800   ,               40.0   ,                 15150   ,
2026-02-11 21:01:28 ,         210.0   ,             50.6   ,               29.5   ,        38.0   ,                  32.0   ,                30   ,                  1999   ,                30   ,                     0   ,            534   ,          0   ,                        0   ,                   0   ,                    0   ,               15.8   ,                   7.9   ,                6.7   ,                  8.8   ,              12.3   ,               2.1   ,                12.1   ,           16.9   ,             12.2   ,                         4.1   ,              16   ,        0.8800   ,               39.0   ,                 15270   ,
2026-02-11 21:01:29 ,         210.0   ,             50.6   ,               29.5   ,        38.0   ,                  32.0   ,                30   ,                  1999   ,                30   ,                     0   ,            534   ,          0   ,                        0   ,                   0   ,                    0   ,               17.0   ,                  10.3   ,                6.5   ,                  8.7   ,              12.3   ,               2.2   ,                12.1   ,           16.8   ,             12.2   ,                         4.0   ,              16   ,        0.8800   ,               38.0   ,                 15524   ,
2026-02-11 21:01:30 ,         210.0   ,             50.6   ,               29.4   ,        38.0   ,                  32.0   ,                30   ,                  2000   ,                30   ,                     0   ,            534   ,          0   ,                        0   ,                   0   ,                    0   ,               18.4   ,                   9.7   ,                6.6   ,                  8.7   ,              12.3   ,               2.2   ,                12.1   ,           15.8   ,             12.2   ,                         4.0   ,              16   ,        0.8800   ,               40.0   ,                 15527   ,
2026-02-11 21:01:31 ,         210.0   ,             50.6   ,               29.4   ,        38.1   ,                  32.0   ,                30   ,                  2002   ,                30   ,                     0   ,            534   ,          0   ,                        0   ,                   0   ,                    0   ,               17.7   ,                   9.2   ,                6.5   ,                  8.6   ,              12.3   ,               2.1   ,                12.1   ,           16.6   ,             12.2   ,                         4.2   ,              16   ,        0.8800   ,               42.0   ,                 15527   ,
2026-02-11 21:01:32 ,         210.0   ,             50.6   ,               29.4   ,        38.0   ,                  32.0   ,                30   ,                  2000   ,                30   ,                     0   ,            534   ,          0   ,                        0   ,                   0   ,                    0   ,               18.5   ,                   9.9   ,                6.5   ,                  8.6   ,              12.3   ,               2.1   ,                12.1   ,           16.3   ,             12.2   ,                         4.0   ,              16   ,        0.8800   ,               42.0   ,                 15527   ,
2026-02-11 21:01:33 ,         210.0   ,             50.6   ,               29.4   ,        38.0   ,                  32.0   ,                30   ,                  1999   ,                30   ,                     0   ,            534   ,          0   ,                        0   ,                   0   ,                    0   ,               18.0   ,                   9.5   ,                6.2   ,                  8.4   ,              12.3   ,               2.2   ,                12.1   ,           14.7   ,             12.2   ,                         3.8   ,              16   ,        0.8800   ,               41.0   ,                 15589   ,
2026-02-11 21:01:34 ,         210.0   ,             50.6   ,               29.4   ,        38.1   ,                  32.0   ,                30   ,                  2000   ,                30   ,                     0   ,            534   ,          0   ,                        0   ,                   0   ,                    0   ,               16.8   ,                   9.3   ,                6.6   ,                  8.8   ,              12.3   ,               2.2   ,                12.1   ,           15.9   ,             12.2   ,                         4.0   ,              16   ,        0.8800   ,               41.0   ,                 15690   ,
2026-02-11 21:01:35 ,         210.0   ,             50.6   ,               29.4   ,        38.0   ,                  32.0   ,                30   ,                  2002   ,                30   ,                     0   ,            534   ,          0   ,                        0   ,                   0   ,                    0   ,               16.6   ,                   8.7   ,                5.8   ,                  8.0   ,              12.3   ,               2.2   ,                12.1   ,           14.4   ,             12.2   ,                         3.7   ,              16   ,        0.8800   ,               36.0   ,                 15697   ,
2026-02-11 21:01:36 ,         210.0   ,             50.6   ,               29.4   ,        38.0   ,                  32.0   ,                30   ,                  2001   ,                30   ,                     0   ,            534   ,          0   ,                        0   ,                   0   ,                    0   ,               18.0   ,                   9.4   ,                6.4   ,                  8.6   ,              12.3   ,               2.2   ,                12.1   ,           16.0   ,             12.2   ,                         4.0   ,              16   ,        0.8800   ,               36.0   ,                 15767   ,
2026-02-11 21:01:37 ,         210.0   ,             50.6   ,               29.4   ,        38.0   ,                  32.0   ,                30   ,                  1999   ,                30   ,                     0   ,            534   ,          0   ,                        0   ,                   0   ,                    0   ,               16.6   ,                   9.6   ,                6.6   ,                  8.8   ,              12.3   ,               2.2   ,                12.1   ,           16.2   ,             12.2   ,                         4.1   ,              16   ,        0.8800   ,               38.0   ,                 15770   ,
2026-02-11 21:01:38 ,         210.0   ,             50.6   ,               29.4   ,        38.0   ,                  32.0   ,                30   ,                  2000   ,                30   ,                     0   ,            534   ,          0   ,                        0   ,                   0   ,                    0   ,               15.8   ,                   7.7   ,                5.9   ,                  9.1   ,              12.3   ,               2.2   ,                12.1   ,           16.6   ,             12.2   ,                         4.2   ,              16   ,        0.8800   ,               40.0   ,                 15773   ,
2026-02-11 21:01:39 ,         210.0   ,             50.6   ,               29.4   ,        38.0   ,                  32.0   ,                30   ,                  1999   ,                30   ,                     0   ,            534   ,          0   ,                        0   ,                   0   ,                    0   ,               18.0   ,                   9.4   ,                6.5   ,                  8.6   ,              12.3   ,               2.2   ,                12.1   ,           15.8   ,             12.2   ,                         4.0   ,              16   ,        0.8800   ,               39.0   ,                 15788   ,
2026-02-11 21:01:40 ,         210.0   ,             50.6   ,               29.4   ,        38.0   ,                  32.0   ,                30   ,                  2000   ,                30   ,                     0   ,            534   ,          0   ,                        0   ,                   0   ,                    0   ,               17.2   ,                   8.8   ,                6.2   ,                  8.4   ,              12.3   ,               2.1   ,                12.1   ,           15.1   ,             12.2   ,                         3.8   ,              16   ,        0.8800   ,               39.0   ,                 15872   ,
2026-02-11 21:01:41 ,         210.0   ,             50.6   ,               29.4   ,        38.1   ,                  32.0   ,                30   ,                  2000   ,                30   ,                     0   ,            534   ,          0   ,                        0   ,                   0   ,                    0   ,               18.3   ,                   9.6   ,                6.5   ,                  8.6   ,              12.3   ,               2.2   ,                12.1   ,           16.1   ,             12.2   ,                         4.1   ,              16   ,        0.8800   ,               43.0   ,                 16116   ,
2026-02-11 21:01:42 ,         210.0   ,             50.6   ,               29.4   ,        38.0   ,                  32.0   ,                30   ,                  2000   ,                30   ,                     0   ,            534   ,          0   ,                        0   ,                   0   ,                    0   ,               17.5   ,                   9.3   ,                6.1   ,                  8.3   ,              12.3   ,               2.1   ,                12.1   ,           15.4   ,             12.2   ,                         3.9   ,              16   ,        0.8800   ,               38.0   ,                 16120   ,
2026-02-11 21:01:43 ,         210.0   ,             50.6   ,               29.4   ,        38.0   ,                  32.0   ,                30   ,                  2000   ,                30   ,                     0   ,            534   ,          0   ,                        0   ,                   0   ,                    0   ,               17.2   ,                   8.7   ,                6.3   ,                  8.5   ,              12.3   ,               2.2   ,                12.1   ,           15.8   ,             12.2   ,                         4.0   ,              16   ,        0.8800   ,               37.0   ,                 16120   ,
2026-02-11 21:01:44 ,         210.0   ,             50.6   ,               29.4   ,        38.1   ,                  32.0   ,                30   ,                  1999   ,                30   ,                     0   ,            534   ,          0   ,                        0   ,                   0   ,                    0   ,               17.8   ,                   9.3   ,                6.4   ,                  8.5   ,              12.3   ,               2.1   ,                12.1   ,           15.7   ,             12.2   ,                         4.0   ,              16   ,        0.8800   ,               44.0   ,                 16120   ,
2026-02-11 21:01:45 ,         210.0   ,             50.6   ,               29.4   ,        38.0   ,                  32.0   ,                30   ,                  1999   ,                30   ,                     0   ,            534   ,          0   ,                        0   ,                   0   ,                    0   ,               17.3   ,                   8.9   ,                6.2   ,                  8.4   ,              12.3   ,               2.1   ,                12.1   ,           15.1   ,             12.2   ,                         4.3   ,              16   ,        0.8800   ,               39.0   ,                 16135   ,
2026-02-11 21:01:46 ,         210.0   ,             50.6   ,               29.4   ,        38.0   ,                  32.0   ,                30   ,                  2001   ,                30   ,                     0   ,            534   ,          0   ,                        0   ,                   0   ,                    0   ,               16.9   ,                   8.7   ,                6.1   ,                  8.2   ,              12.3   ,               2.1   ,                12.1   ,           16.2   ,             12.2   ,                         4.1   ,              16   ,        0.8800   ,               42.0   ,                 16157   ,
2026-02-11 21:01:47 ,         210.0   ,             50.6   ,               29.4   ,        38.0   ,                  32.0   ,                30   ,                  2002   ,                30   ,                     0   ,            534   ,          0   ,                        0   ,                   0   ,                    0   ,               17.4   ,                   9.1   ,                6.1   ,                  8.3   ,              12.3   ,               2.2   ,                12.1   ,           16.5   ,             12.2   ,                         4.2   ,              16   ,        0.8800   ,               40.0   ,                 14679   ,
2026-02-11 21:01:48 ,         210.0   ,             50.6   ,               29.4   ,        38.1   ,                  32.0   ,                30   ,                  2002   ,                30   ,                     0   ,            534   ,          0   ,                        0   ,                   0   ,                    0   ,               16.8   ,                   8.5   ,                6.1   ,                  8.3   ,              12.3   ,               2.2   ,                12.1   ,           16.8   ,             12.2   ,                         4.2   ,              16   ,        0.8800   ,               40.0   ,                 14839   ,
2026-02-11 21:01:49 ,         210.0   ,             50.6   ,               29.4   ,        38.0   ,                  32.0   ,                30   ,                  1999   ,                30   ,                     0   ,            534   ,          0   ,                        0   ,                   0   ,                    0   ,               17.3   ,                   9.0   ,                6.2   ,                  8.3   ,              12.3   ,               2.2   ,                12.1   ,           15.1   ,             12.2   ,                         3.8   ,              16   ,        0.8800   ,               36.0   ,                 14904   ,
2026-02-11 21:01:50 ,         210.0   ,             50.6   ,               29.4   ,        38.0   ,                  32.0   ,                30   ,                  1998   ,                30   ,                     0   ,            534   ,          0   ,                        0   ,                   0   ,                    0   ,               16.2   ,                   9.7   ,                6.6   ,                  8.8   ,              12.3   ,               2.2   ,                12.1   ,           16.3   ,             12.2   ,                         4.1   ,              16   ,        0.8800   ,               41.0   ,                 14904   ,
2026-02-11 21:01:51 ,         210.0   ,             50.6   ,               29.4   ,        38.0   ,                  32.0   ,                30   ,                  2001   ,                30   ,                     0   ,            534   ,          0   ,                        0   ,                   0   ,                    0   ,               16.4   ,                   8.5   ,                5.8   ,                  8.0   ,              12.3   ,               2.1   ,                12.1   ,           16.9   ,             12.2   ,                         4.2   ,              16   ,        0.8800   ,               41.0   ,                 14903   ,
2026-02-11 21:01:52 ,         210.0   ,             50.6   ,               29.4   ,        38.0   ,                  32.0   ,                30   ,                  2000   ,                30   ,                     0   ,            534   ,          0   ,                        0   ,                   0   ,                    0   ,               16.7   ,                  10.0   ,                6.8   ,                  9.0   ,              12.3   ,               2.2   ,                12.1   ,           16.8   ,             12.2   ,                         4.2   ,              16   ,        0.8800   ,               41.0   ,                 14903   ,
2026-02-11 21:01:53 ,         210.0   ,             50.6   ,               29.4   ,        38.1   ,                  32.0   ,                30   ,                  2000   ,                30   ,                     0   ,            534   ,          0   ,                        0   ,                   0   ,                    0   ,               16.3   ,                   8.5   ,                5.7   ,                  7.8   ,              12.3   ,               2.1   ,                12.2   ,           14.3   ,             12.2   ,                         3.6   ,              16   ,        0.8800   ,               36.0   ,                 14902   ,
2026-02-11 21:01:54 ,         210.0   ,             50.6   ,               29.4   ,        37.9   ,                  32.0   ,                30   ,                  1999   ,                30   ,                     0   ,            534   ,          0   ,                        0   ,                   0   ,                    0   ,               15.8   ,                   7.9   ,                6.6   ,                  8.7   ,              12.3   ,               2.1   ,                12.1   ,           15.9   ,             12.2   ,                         4.0   ,              16   ,        0.8800   ,               41.0   ,                 14915   ,
2026-02-11 21:01:55 ,         210.0   ,             50.6   ,               29.4   ,        38.0   ,                  32.0   ,                30   ,                  1999   ,                30   ,                     0   ,            534   ,          0   ,                        0   ,                   0   ,                    0   ,               16.2   ,                   8.4   ,                6.7   ,                  8.8   ,              12.3   ,               2.1   ,                12.1   ,           16.8   ,             12.2   ,                         4.2   ,              16   ,        0.8800   ,               39.0   ,                 14913   ,
2026-02-11 21:01:56 ,         210.0   ,             50.6   ,               29.4   ,        38.0   ,                  32.0   ,                30   ,                  2001   ,                30   ,                     0   ,            534   ,          0   ,                        0   ,                   0   ,                    0   ,               17.6   ,                   8.9   ,                6.6   ,                  8.7   ,              12.3   ,               2.1   ,                12.1   ,           15.5   ,             12.2   ,                         3.9   ,              16   ,        0.8800   ,               41.0   ,                 14913   ,
2026-02-11 21:01:57 ,         210.0   ,             50.6   ,               29.4   ,        38.0   ,                  32.0   ,                30   ,                  2002   ,                30   ,                     0   ,            534   ,          0   ,                        0   ,                   0   ,                    0   ,               15.3   ,                   7.3   ,                6.8   ,                  9.0   ,              12.3   ,               2.2   ,                12.1   ,           16.1   ,             12.2   ,                         4.1   ,              16   ,        0.8800   ,               39.0   ,                 14913   ,
2026-02-11 21:01:58 ,         210.0   ,             50.6   ,               29.4   ,        38.0   ,                  32.0   ,                30   ,                  2001   ,                30   ,                     0   ,            534   ,          0   ,                        0   ,                   0   ,                    0   ,               17.9   ,                   9.1   ,                6.6   ,                  8.8   ,              12.3   ,               2.2   ,                12.1   ,           15.7   ,             12.2   ,                         4.0   ,              16   ,        0.8800   ,               42.0   ,                 14913   ,
2026-02-11 21:01:59 ,         210.0   ,             50.6   ,               29.4   ,        38.0   ,                  32.0   ,                30   ,                  1999   ,                30   ,                     0   ,            534   ,          0   ,                        0   ,                   0   ,                    0   ,               17.7   ,                   9.1   ,                6.3   ,                  8.6   ,              12.3   ,               2.3   ,                12.1   ,           15.4   ,             12.2   ,                         3.9   ,              16   ,        0.8800   ,               39.0   ,                 14913   ,
2026-02-11 21:02:00 ,         210.0   ,             50.6   ,               29.4   ,        38.0   ,                  32.0   ,                30   ,                  1999   ,                30   ,                     0   ,            534   ,          0   ,                        0   ,                   0   ,                    0   ,               17.9   ,                   9.4   ,                6.3   ,                  8.5   ,              12.3   ,               2.2   ,                12.1   ,           15.7   ,             12.2   ,                         4.0   ,              16   ,        0.8800   ,               41.0   ,                 14913   ,
2026-02-11 21:02:01 ,         210.0   ,             50.6   ,               29.4   ,        38.0   ,                  32.0   ,                30   ,                  1999   ,                30   ,                     0   ,            534   ,          0   ,                        0   ,                   0   ,                    0   ,               17.4   ,                   9.2   ,                6.0   ,                  8.2   ,              12.3   ,               2.2   ,                12.1   ,           15.3   ,             12.2   ,                         4.4   ,              16   ,        0.8800   ,               40.0   ,                 14913   ,
2026-02-11 21:02:02 ,         210.0   ,             50.6   ,               29.4   ,        38.0   ,                  34.0   ,                30   ,                  2001   ,                30   ,                     0   ,            534   ,          0   ,                        0   ,                   0   ,                    0   ,               16.0   ,                   8.2   ,                5.7   ,                  7.8   ,              12.3   ,               2.2   ,                12.1   ,           17.2   ,             12.2   ,                         4.3   ,              16   ,        0.8800   ,               39.0   ,                 14912   ,
2026-02-11 21:02:03 ,         210.0   ,             50.6   ,               29.4   ,        37.9   ,                  32.0   ,                30   ,                  2003   ,                30   ,                     0   ,            534   ,          0   ,                        0   ,                   0   ,                    0   ,               15.6   ,                   7.8   ,                5.7   ,                  8.7   ,              12.3   ,               2.1   ,                12.1   ,           15.6   ,             12.2   ,                         3.9   ,              16   ,        0.8800   ,               40.0   ,                 14912   ,
2026-02-11 21:02:05 ,         210.0   ,             50.6   ,               29.4   ,        38.0   ,                  32.0   ,                30   ,                  2003   ,                30   ,                     0   ,            534   ,          0   ,                        0   ,                   0   ,                    0   ,               15.8   ,                   8.0   ,                5.8   ,                  8.9   ,              12.3   ,               2.1   ,                12.1   ,           16.3   ,             12.2   ,                         4.1   ,              16   ,        0.8800   ,               39.0   ,                 14912   ,
2026-02-11 21:02:05 ,         210.0   ,             50.6   ,               29.4   ,        37.9   ,                  32.0   ,                30   ,                  2001   ,                30   ,                     0   ,            534   ,          0   ,                        0   ,                   0   ,                    0   ,               16.0   ,                   8.0   ,                5.8   ,                  8.0   ,              12.3   ,               2.1   ,                12.1   ,           16.7   ,             12.2   ,                         4.2   ,              16   ,        0.8800   ,               39.0   ,                 14912   ,
2026-02-11 21:02:06 ,         210.0   ,             50.6   ,               29.4   ,        37.9   ,                  32.0   ,                30   ,                  2000   ,                30   ,                     0   ,            534   ,          0   ,                        0   ,                   0   ,                    0   ,               15.9   ,                   8.0   ,                5.8   ,                  8.7   ,              12.3   ,               2.1   ,                12.1   ,           16.3   ,             12.2   ,                         4.1   ,              16   ,        0.8800   ,               39.0   ,                 14912   ,
2026-02-11 21:02:07 ,         210.0   ,             50.6   ,               29.4   ,        37.9   ,                  32.0   ,                30   ,                  1995   ,                30   ,                     0   ,            534   ,          0   ,                        0   ,                   0   ,                    0   ,               16.5   ,                   8.7   ,                5.8   ,                  8.8   ,              12.3   ,               2.2   ,                12.1   ,           16.7   ,             12.2   ,                         4.2   ,              16   ,        0.8800   ,               39.0   ,                 14913   ,
2026-02-11 21:02:09 ,         210.0   ,             50.6   ,               29.4   ,        37.9   ,                  32.0   ,                30   ,                  2001   ,                30   ,                     0   ,            534   ,          0   ,                        0   ,                   0   ,                    0   ,               15.5   ,                   7.7   ,                6.7   ,                  8.7   ,              12.3   ,               2.1   ,                12.1   ,           16.1   ,             12.2   ,                         4.0   ,              16   ,        0.8800   ,               37.0   ,                 14912   ,
2026-02-11 21:02:10 ,         210.0   ,             50.6   ,               29.4   ,        37.9   ,                  32.0   ,                30   ,                  1995   ,                30   ,                     0   ,            534   ,          0   ,                        0   ,                   0   ,                    0   ,               17.7   ,                   9.2   ,                6.4   ,                  8.5   ,              12.3   ,               2.2   ,                12.1   ,           15.6   ,             12.2   ,                         3.9   ,              16   ,        0.8800   ,               41.0   ,                 14912   ,
2026-02-11 21:02:10 ,         210.0   ,             50.6   ,               29.4   ,        37.9   ,                  32.0   ,                30   ,                  2001   ,                30   ,                     0   ,            534   ,          0   ,                        0   ,                   0   ,                    0   ,               15.9   ,                   8.0   ,                5.8   ,                  7.9   ,              12.3   ,               2.2   ,                12.1   ,           16.5   ,             12.2   ,                         4.1   ,              16   ,        0.8800   ,               40.0   ,                 14913   ,
2026-02-11 21:02:11 ,         210.0   ,             50.6   ,               29.4   ,        38.0   ,                  32.0   ,                30   ,                  1998   ,                30   ,                     0   ,            534   ,          0   ,                        0   ,                   0   ,                    0   ,               15.9   ,                   8.1   ,                5.7   ,                  8.8   ,              12.3   ,               2.2   ,                12.1   ,           16.3   ,             12.2   ,                         4.1   ,              16   ,        0.8800   ,               41.0   ,                 14913   ,
2026-02-11 21:02:12 ,         210.0   ,             50.6   ,               29.4   ,        37.9   ,                  32.0   ,                30   ,                  2001   ,                30   ,                     0   ,            534   ,          0   ,                        0   ,                   0   ,                    0   ,               15.6   ,                   7.7   ,                6.6   ,                  8.7   ,              12.3   ,               2.1   ,                12.1   ,           15.8   ,             12.2   ,                         4.0   ,              16   ,        0.8800   ,               41.0   ,                 14912   ,
2026-02-11 21:02:14 ,         210.0   ,             50.6   ,               29.4   ,        38.0   ,                  32.0   ,                30   ,                  2002   ,                30   ,                     0   ,            534   ,          0   ,                        0   ,                   0   ,                    0   ,               18.2   ,                   9.5   ,                6.5   ,                  8.7   ,              12.3   ,               2.2   ,                12.1   ,           16.1   ,             12.2   ,                         4.0   ,              16   ,        0.8800   ,               40.0   ,                 14911   ,
2026-02-11 21:02:15 ,         210.0   ,             50.6   ,               29.4   ,        37.9   ,                  32.0   ,                30   ,                  2001   ,                30   ,                     0   ,            534   ,          0   ,                        0   ,                   0   ,                    0   ,               15.9   ,                   9.1   ,                6.5   ,                  8.6   ,              12.3   ,               2.1   ,                12.1   ,           15.6   ,             12.2   ,                         3.9   ,              16   ,        0.8800   ,               39.0   ,                 14912   ,
2026-02-11 21:02:16 ,         210.0   ,             50.6   ,               29.3   ,        38.0   ,                  32.0   ,                30   ,                  1999   ,                30   ,                     0   ,            534   ,          0   ,                        0   ,                   0   ,                    0   ,               16.5   ,                   8.4   ,                6.0   ,                  8.1   ,              12.3   ,               2.2   ,                12.1   ,           14.4   ,             12.2   ,                         4.5   ,              16   ,        0.8800   ,               39.0   ,                 14911   ,
2026-02-11 21:02:17 ,         210.0   ,             50.6   ,               29.3   ,        37.9   ,                  32.0   ,                30   ,                  1997   ,                30   ,                     0   ,            534   ,          0   ,                        0   ,                   0   ,                    0   ,               15.7   ,                   7.6   ,                6.0   ,                  8.1   ,              12.3   ,               2.1   ,                12.1   ,           13.6   ,             12.2   ,                         3.5   ,              16   ,        0.8800   ,               42.0   ,                 14927   ,
2026-02-11 21:02:18 ,         210.0   ,             50.6   ,               29.3   ,        38.0   ,                  32.0   ,                30   ,                  1999   ,                30   ,                     0   ,            534   ,          0   ,                        0   ,                   0   ,                    0   ,               16.0   ,                   7.9   ,                5.8   ,                  8.0   ,              12.3   ,               2.2   ,                12.1   ,           13.8   ,             12.2   ,                         4.4   ,              16   ,        0.8800   ,               40.0   ,                 14908   ,
2026-02-11 21:02:19 ,         210.0   ,             50.6   ,               29.4   ,        37.9   ,                  32.0   ,                30   ,                  2001   ,                30   ,                     0   ,            534   ,          0   ,                        0   ,                   0   ,                    0   ,               16.5   ,                   8.8   ,                5.5   ,                  7.7   ,              12.3   ,               2.2   ,                12.1   ,           16.9   ,             12.2   ,                         4.2   ,              16   ,        0.8800   ,               39.0   ,                 14924   ,
2026-02-11 21:02:20 ,         210.0   ,             50.6   ,               29.3   ,        37.9   ,                  32.0   ,                30   ,                  1998   ,                30   ,                     0   ,            534   ,          0   ,                        0   ,                   0   ,                    0   ,               15.5   ,                   7.7   ,                5.7   ,                  7.8   ,              12.3   ,               2.0   ,                12.1   ,           17.3   ,             12.2   ,                         4.3   ,              16   ,        0.8800   ,               39.0   ,                 14966   ,
2026-02-11 21:02:21 ,         210.0   ,             50.6   ,               29.3   ,        37.9   ,                  32.0   ,                30   ,                  2002   ,                30   ,                     0   ,            534   ,          0   ,                        0   ,                   0   ,                    0   ,               16.3   ,                   8.4   ,                5.8   ,                  9.0   ,              12.3   ,               2.1   ,                12.1   ,           16.2   ,             12.2   ,                         4.1   ,              16   ,        0.8800   ,               39.0   ,                 14946   ,
2026-02-11 21:02:22 ,         210.0   ,             50.6   ,               29.3   ,        38.0   ,                  32.0   ,                30   ,                  2000   ,                30   ,                     0   ,            534   ,          0   ,                        0   ,                   0   ,                    0   ,               17.1   ,                   9.1   ,                5.8   ,                  8.0   ,              12.3   ,               2.1   ,                12.1   ,           17.4   ,             12.2   ,                         4.3   ,              16   ,        0.8800   ,               41.0   ,                 14913   ,
2026-02-11 21:02:23 ,         210.0   ,             50.6   ,               29.3   ,        38.0   ,                  32.0   ,                30   ,                  2001   ,                30   ,                     0   ,            534   ,          0   ,                        0   ,                   0   ,                    0   ,               16.1   ,                   8.2   ,                7.0   ,                  9.2   ,              12.3   ,               2.2   ,                12.1   ,           17.4   ,             12.2   ,                         4.4   ,              16   ,        0.8800   ,               40.0   ,                 15016   ,
2026-02-11 21:02:24 ,         210.0   ,             50.6   ,               29.3   ,        38.0   ,                  32.0   ,                30   ,                  2000   ,                30   ,                     0   ,            534   ,          0   ,                        0   ,                   0   ,                    0   ,               19.1   ,                  10.0   ,                6.8   ,                  9.1   ,              12.3   ,               2.3   ,                12.1   ,           16.9   ,             12.2   ,                         4.2   ,              16   ,        0.8800   ,               39.0   ,                 14978   ,
2026-02-11 21:02:25 ,         210.0   ,             50.6   ,               29.3   ,        37.9   ,                  32.0   ,                30   ,                  1998   ,                30   ,                     0   ,            534   ,          0   ,                        0   ,                   0   ,                    0   ,               18.5   ,                   9.6   ,                6.7   ,                  8.9   ,              12.3   ,               2.2   ,                12.1   ,           16.3   ,             12.2   ,                         4.1   ,              16   ,        0.8800   ,               41.0   ,                 15016   ,
2026-02-11 21:02:26 ,         210.0   ,             50.6   ,               29.3   ,        37.9   ,                  32.0   ,                30   ,                  2000   ,                30   ,                     0   ,            534   ,          0   ,                        1   ,                   0   ,                    0   ,               18.6   ,                   9.7   ,                6.7   ,                  8.9   ,              12.3   ,               2.2   ,                12.1   ,           16.4   ,             12.2   ,                         4.2   ,              16   ,        0.8800   ,               38.0   ,                 15008   ,
2026-02-11 21:02:27 ,         210.0   ,             50.6   ,               29.4   ,        38.0   ,                  32.0   ,                30   ,                  2000   ,                30   ,                     0   ,            534   ,          0   ,                        0   ,                   0   ,                    0   ,               18.3   ,                   9.8   ,                6.4   ,                  8.5   ,              12.3   ,               2.1   ,                12.1   ,           16.4   ,             12.2   ,                         4.1   ,              16   ,        0.8800   ,               42.0   ,                 14979   ,
2026-02-11 21:02:28 ,         210.0   ,             50.6   ,               29.3   ,        38.0   ,                  34.0   ,                30   ,                  1999   ,                30   ,                     0   ,            534   ,          0   ,                        0   ,                   0   ,                    0   ,               17.6   ,                   9.1   ,                6.3   ,                  8.5   ,              12.3   ,               2.2   ,                12.1   ,           15.4   ,             12.2   ,                         4.3   ,              16   ,        0.8800   ,               42.0   ,                 15081   ,
2026-02-11 21:02:29 ,         210.0   ,             50.6   ,               29.3   ,        38.0   ,                  32.0   ,                30   ,                  2000   ,                30   ,                     0   ,            534   ,          0   ,                        0   ,                   0   ,                    0   ,               17.7   ,                   9.2   ,                6.4   ,                  8.6   ,              12.3   ,               2.2   ,                12.1   ,           15.5   ,             12.2   ,                         4.2   ,              16   ,        0.8800   ,               41.0   ,                 15041   ,
2026-02-11 21:02:30 ,         210.0   ,             50.6   ,               29.3   ,        38.0   ,                  32.0   ,                30   ,                  2002   ,                30   ,                     0   ,            534   ,          0   ,                        0   ,                   0   ,                    0   ,               18.7   ,                  10.1   ,                6.4   ,                  8.6   ,              12.3   ,               2.2   ,                12.1   ,           16.5   ,             12.2   ,                         4.1   ,              16   ,        0.8800   ,               38.0   ,                 14988   ,
2026-02-11 21:02:31 ,         210.0   ,             50.6   ,               29.3   ,        37.9   ,                  32.0   ,                30   ,                  2000   ,                30   ,                     0   ,            534   ,          0   ,                        0   ,                   0   ,                    0   ,               18.4   ,                   9.5   ,                6.7   ,                  8.9   ,              12.3   ,               2.2   ,                12.1   ,           16.2   ,             12.2   ,                         4.1   ,              16   ,        0.8800   ,               40.0   ,                 14986   ,
2026-02-11 21:02:32 ,         210.0   ,             50.6   ,               29.3   ,        38.0   ,                  32.0   ,                30   ,                  1998   ,                30   ,                     0   ,            534   ,          0   ,                        0   ,                   0   ,                    0   ,               17.8   ,                   9.5   ,                6.1   ,                  8.3   ,              12.3   ,               2.2   ,                12.1   ,           16.2   ,             12.2   ,                         4.1   ,              16   ,        0.8800   ,               41.0   ,                 14987   ,
2026-02-11 21:02:33 ,         210.0   ,             50.6   ,               29.4   ,        38.0   ,                  32.0   ,                30   ,                  1999   ,                30   ,                     0   ,            534   ,          0   ,                        0   ,                   0   ,                    0   ,               17.7   ,                   9.4   ,                6.2   ,                  8.4   ,              12.3   ,               2.2   ,                12.1   ,           17.3   ,             12.2   ,                         4.3   ,              16   ,        0.8800   ,               36.0   ,                 14980   ,
2026-02-11 21:02:34 ,         210.0   ,             50.6   ,               29.3   ,        37.9   ,                  32.0   ,                30   ,                  1999   ,                30   ,                     0   ,            534   ,          0   ,                        0   ,                   0   ,                    0   ,               18.0   ,                   9.6   ,                6.2   ,                  8.4   ,              12.3   ,               2.2   ,                12.1   ,           15.8   ,             12.2   ,                         4.0   ,              16   ,        0.8800   ,               40.0   ,                 14986   ,
2026-02-11 21:02:35 ,         210.0   ,             50.6   ,               29.3   ,        38.0   ,                  32.0   ,                30   ,                  2002   ,                30   ,                     0   ,            534   ,          0   ,                        0   ,                   0   ,                    0   ,               17.9   ,                   9.6   ,                6.1   ,                  8.3   ,              12.3   ,               2.2   ,                12.2   ,           15.7   ,             12.2   ,                         4.0   ,              16   ,        0.8800   ,               35.0   ,                 14928   ,
2026-02-11 21:02:36 ,         210.0   ,             50.6   ,               29.3   ,        37.9   ,                  32.0   ,                30   ,                  2001   ,                30   ,                     0   ,            534   ,          0   ,                        0   ,                   0   ,                    0   ,               17.2   ,                   8.9   ,                6.7   ,                  8.9   ,              12.3   ,               2.2   ,                12.1   ,           16.2   ,             12.2   ,                         4.1   ,              16   ,        0.8800   ,               40.0   ,                 14925   ,
2026-02-11 21:02:37 ,         210.0   ,             50.6   ,               29.3   ,        38.0   ,                  32.0   ,                30   ,                  2000   ,                30   ,                     0   ,            534   ,          0   ,                        0   ,                   0   ,                    0   ,               16.9   ,                   8.6   ,                6.1   ,                  8.3   ,              12.3   ,               2.2   ,                12.1   ,           16.8   ,             12.2   ,                         4.2   ,              16   ,        0.8800   ,               38.0   ,                 14927   ,
2026-02-11 21:02:38 ,         210.0   ,             50.6   ,               29.3   ,        37.9   ,                  32.0   ,                30   ,                  2000   ,                30   ,                     0   ,            534   ,          0   ,                        0   ,                   0   ,                    0   ,               16.9   ,                   8.7   ,                6.0   ,                  8.8   ,              12.3   ,               2.2   ,                12.1   ,           16.3   ,             12.2   ,                         4.1   ,              16   ,        0.8800   ,               37.0   ,                 14928   ,
2026-02-11 21:02:39 ,         210.0   ,             50.6   ,               29.3   ,        37.9   ,                  32.0   ,                30   ,                  1999   ,                30   ,                     0   ,            534   ,          0   ,                        0   ,                   0   ,                    0   ,               16.9   ,                   8.7   ,                6.0   ,                  8.2   ,              12.3   ,               2.3   ,                12.1   ,           16.3   ,             12.2   ,                         4.1   ,              16   ,        0.8800   ,               39.0   ,                 14928   ,
2026-02-11 21:02:40 ,         210.0   ,             50.6   ,               29.3   ,        38.0   ,                  32.0   ,                30   ,                  1999   ,                30   ,                     0   ,            534   ,          0   ,                        0   ,                   0   ,                    0   ,               18.6   ,                  10.0   ,                6.5   ,                  8.6   ,              12.3   ,               2.1   ,                12.1   ,           16.5   ,             12.2   ,                         4.1   ,              16   ,        0.8800   ,               39.0   ,                 14927   ,
2026-02-11 21:02:41 ,         210.0   ,             50.6   ,               29.3   ,        38.0   ,                  32.0   ,                30   ,                  2001   ,                30   ,                     0   ,            534   ,          0   ,                        0   ,                   0   ,                    0   ,               17.5   ,                   9.2   ,                6.2   ,                  8.4   ,              12.3   ,               2.2   ,                12.1   ,           15.4   ,             12.2   ,                         4.3   ,              16   ,        0.8800   ,               40.0   ,                 14925   ,
2026-02-11 21:02:42 ,         210.0   ,             50.6   ,               29.4   ,        38.0   ,                  32.0   ,                30   ,                  2000   ,                30   ,                     0   ,            534   ,          0   ,                        0   ,                   0   ,                    0   ,               18.4   ,                  10.0   ,                6.2   ,                  8.4   ,              12.3   ,               2.2   ,                12.1   ,           17.6   ,             12.2   ,                         4.4   ,              16   ,        0.8800   ,               41.0   ,                 14927   ,
2026-02-11 21:02:43 ,         210.0   ,             50.6   ,               29.3   ,        38.0   ,                  32.0   ,                30   ,                  1999   ,                30   ,                     0   ,            534   ,          0   ,                        0   ,                   0   ,                    0   ,               18.4   ,                  10.0   ,                6.1   ,                  8.3   ,              12.3   ,               2.2   ,                12.1   ,           18.2   ,             12.2   ,                         4.5   ,              16   ,        0.8800   ,               41.0   ,                 14927   ,
2026-02-11 21:02:44 ,         210.0   ,             50.6   ,               29.3   ,        37.9   ,                  32.0   ,                30   ,                  1998   ,                30   ,                     0   ,            534   ,          0   ,                        0   ,                   0   ,                    0   ,               16.9   ,                   8.7   ,                6.0   ,                  8.9   ,              12.3   ,               2.2   ,                12.1   ,           16.7   ,             12.2   ,                         4.2   ,              16   ,        0.8800   ,               42.0   ,                 14926   ,
2026-02-11 21:02:45 ,         210.0   ,             50.6   ,               29.3   ,        38.0   ,                  32.0   ,                30   ,                  2001   ,                30   ,                     0   ,            534   ,          0   ,                        0   ,                   0   ,                    0   ,               17.2   ,                   9.0   ,                6.0   ,                  8.2   ,              12.3   ,               2.2   ,                12.1   ,           17.0   ,             12.2   ,                         4.3   ,              16   ,        0.8800   ,               36.0   ,                 14926   ,
2026-02-11 21:02:46 ,         210.0   ,             50.6   ,               29.3   ,        38.0   ,                  32.0   ,                30   ,                  2003   ,                30   ,                     0   ,            534   ,          0   ,                        0   ,                   0   ,                    0   ,               17.4   ,                   9.2   ,                6.1   ,                  8.2   ,              12.3   ,               2.1   ,                12.1   ,           17.4   ,             12.2   ,                         4.3   ,              16   ,        0.8800   ,               38.0   ,                 14926   ,
2026-02-11 21:02:47 ,         210.0   ,             50.6   ,               29.3   ,        37.9   ,                  32.0   ,                30   ,                  2000   ,                30   ,                     0   ,            534   ,          0   ,                        0   ,                   0   ,                    0   ,               18.5   ,                  10.0   ,                6.3   ,                  8.4   ,              12.3   ,               2.1   ,                12.1   ,           17.5   ,             12.2   ,                         4.4   ,              16   ,        0.8800   ,               37.0   ,                 14923   ,
2026-02-11 21:02:48 ,         210.0   ,             50.6   ,               29.4   ,        37.9   ,                  32.0   ,                30   ,                  1999   ,                30   ,                     0   ,            534   ,          0   ,                        0   ,                   0   ,                    0   ,               18.9   ,                  10.0   ,                6.6   ,                  8.9   ,              12.3   ,               2.3   ,                12.1   ,           17.1   ,             12.2   ,                         4.3   ,              16   ,        0.8800   ,               41.0   ,                 14990   ,
2026-02-11 21:02:49 ,         210.0   ,             50.6   ,               29.3   ,        37.9   ,                  32.0   ,                30   ,                  1998   ,                30   ,                     0   ,            534   ,          0   ,                        0   ,                   0   ,                    0   ,               18.2   ,                   9.4   ,                6.5   ,                  8.8   ,              12.3   ,               2.2   ,                12.1   ,           16.4   ,             12.2   ,                         4.1   ,              16   ,        0.8800   ,               38.0   ,                 14989   ,
2026-02-11 21:02:50 ,         210.0   ,             50.6   ,               29.3   ,        37.9   ,                  32.0   ,                30   ,                  2000   ,                30   ,                     0   ,            534   ,          0   ,                        0   ,                   0   ,                    0   ,               17.6   ,                   8.9   ,                6.4   ,                  8.7   ,              12.3   ,               2.2   ,                12.1   ,           17.9   ,             12.2   ,                         4.5   ,              16   ,        0.8800   ,               38.0   ,                 14990   ,
2026-02-11 21:02:51 ,         210.0   ,             50.6   ,               29.3   ,        37.9   ,                  32.0   ,                30   ,                  2001   ,                30   ,                     0   ,            534   ,          0   ,                        0   ,                   0   ,                    0   ,               18.0   ,                   9.5   ,                6.3   ,                  8.5   ,              12.3   ,               2.2   ,                12.2   ,           17.3   ,             12.2   ,                         4.3   ,              16   ,        0.8800   ,               40.0   ,                 14989   ,
2026-02-11 21:02:52 ,         210.0   ,             50.6   ,               29.3   ,        37.9   ,                  32.0   ,                30   ,                  2002   ,                30   ,                     0   ,            534   ,          0   ,                        0   ,                   0   ,                    0   ,               17.2   ,                   9.8   ,                6.7   ,                  8.9   ,              12.3   ,               2.2   ,                12.2   ,           16.5   ,             12.2   ,                         4.1   ,              16   ,        0.8800   ,               41.0   ,                 14998   ,
2026-02-11 21:02:53 ,         210.0   ,             50.6   ,               29.3   ,        37.8   ,                  32.0   ,                30   ,                  1999   ,                30   ,                     0   ,            534   ,          0   ,                        0   ,                   0   ,                    0   ,               17.0   ,                   8.8   ,                6.1   ,                  8.2   ,              12.3   ,               2.2   ,                12.1   ,           17.3   ,             12.2   ,                         4.3   ,              16   ,        0.8800   ,               41.0   ,                 14926   ,
2026-02-11 21:02:54 ,         210.0   ,             50.6   ,               29.3   ,        38.0   ,                  32.0   ,                30   ,                  1998   ,                30   ,                     0   ,            534   ,          0   ,                        0   ,                   0   ,                    0   ,               19.6   ,                  10.5   ,                6.8   ,                  9.1   ,              12.3   ,               2.3   ,                12.2   ,           17.4   ,             12.2   ,                         4.1   ,              16   ,        0.8800   ,               41.0   ,                 14926   ,
2026-02-11 21:02:55 ,         210.0   ,             50.6   ,               29.3   ,        37.9   ,                  32.0   ,                30   ,                  1999   ,                30   ,                     0   ,            534   ,          0   ,                        0   ,                   0   ,                    0   ,               17.6   ,                   8.8   ,                6.6   ,                  8.8   ,              12.3   ,               2.2   ,                12.1   ,           15.4   ,             12.2   ,                         3.9   ,              16   ,        0.8800   ,               33.0   ,                 14926   ,
2026-02-11 21:02:56 ,         210.0   ,             50.6   ,               29.3   ,        38.0   ,                  32.0   ,                30   ,                  2001   ,                30   ,                     0   ,            534   ,          0   ,                        0   ,                   0   ,                    0   ,               16.5   ,                   8.3   ,                7.2   ,                  9.4   ,              12.3   ,               2.2   ,                12.1   ,           17.3   ,             12.2   ,                         4.3   ,              16   ,        0.8800   ,               38.0   ,                 14936   ,
2026-02-11 21:02:57 ,         210.0   ,             50.6   ,               29.3   ,        37.8   ,                  32.0   ,                30   ,                  2001   ,                30   ,                     0   ,            534   ,          0   ,                        0   ,                   0   ,                    0   ,               16.6   ,                   8.4   ,                6.0   ,                  8.2   ,              12.3   ,               2.2   ,                12.1   ,           17.4   ,             12.2   ,                         4.4   ,              16   ,        0.8800   ,               40.0   ,                 14940   ,
2026-02-11 21:02:58 ,         210.0   ,             50.6   ,               29.3   ,        37.9   ,                  32.0   ,                30   ,                  2000   ,                30   ,                     0   ,            534   ,          0   ,                        0   ,                   0   ,                    0   ,               16.5   ,                   8.4   ,                6.0   ,                  8.1   ,              12.3   ,               2.1   ,                12.1   ,           17.7   ,             12.2   ,                         4.4   ,              16   ,        0.8800   ,               38.0   ,                 14939   ,
2026-02-11 21:02:59 ,         210.0   ,             50.6   ,               29.3   ,        37.9   ,                  32.0   ,                30   ,                  2001   ,                30   ,                     0   ,            534   ,          0   ,                        0   ,                   0   ,                    0   ,               15.4   ,                   7.4   ,                5.9   ,                  8.0   ,              12.3   ,               2.2   ,                12.1   ,           13.2   ,             12.2   ,                         3.4   ,              16   ,        0.8800   ,               34.0   ,                 14930   ,
2026-02-11 21:03:00 ,         210.0   ,             50.6   ,               29.3   ,        37.9   ,                  32.0   ,                30   ,                  1998   ,                30   ,                     0   ,            534   ,          0   ,                        0   ,                   0   ,                    0   ,               15.3   ,                   9.1   ,                7.0   ,                  9.3   ,              12.3   ,               2.2   ,                12.1   ,           16.1   ,             12.2   ,                         4.1   ,              16   ,        0.8800   ,               42.0   ,                 14935   ,
2026-02-11 21:03:01 ,         210.0   ,             50.6   ,               29.3   ,        38.0   ,                  32.0   ,                30   ,                  2002   ,                30   ,                     0   ,            534   ,          0   ,                        0   ,                   0   ,                    0   ,               18.7   ,                   9.6   ,                6.9   ,                  9.0   ,              12.3   ,               2.2   ,                12.1   ,           16.5   ,             12.2   ,                         3.8   ,              16   ,        0.8800   ,               38.0   ,                 14934   ,
2026-02-11 21:03:02 ,         210.0   ,             50.6   ,               29.3   ,        38.0   ,                  32.0   ,                30   ,                  2002   ,                30   ,                     0   ,            534   ,          0   ,                        0   ,                   0   ,                    0   ,               16.2   ,                   9.9   ,                7.0   ,                  9.1   ,              12.3   ,               2.2   ,                12.2   ,           16.9   ,             12.2   ,                         4.2   ,              16   ,        0.8800   ,               41.0   ,                 14934   ,
2026-02-11 21:03:03 ,         210.0   ,             50.6   ,               29.3   ,        37.9   ,                  32.0   ,                30   ,                  1999   ,                30   ,                     0   ,            534   ,          0   ,                        0   ,                   0   ,                    0   ,               15.7   ,                   9.7   ,                7.0   ,                  9.2   ,              12.3   ,               2.2   ,                12.1   ,           16.6   ,             12.2   ,                         4.2   ,              16   ,        0.8800   ,               36.0   ,                 14925   ,
2026-02-11 21:03:04 ,         210.0   ,             50.6   ,               29.3   ,        37.9   ,                  32.0   ,                30   ,                  2000   ,                30   ,                     0   ,            534   ,          0   ,                        0   ,                   0   ,                    0   ,               19.2   ,                  10.5   ,                6.6   ,                  8.8   ,              12.3   ,               2.2   ,                12.1   ,           16.7   ,             12.2   ,                         4.2   ,              16   ,        0.8800   ,               37.0   ,                 14938   ,
2026-02-11 21:03:05 ,         210.0   ,             50.6   ,               29.3   ,        37.8   ,                  32.0   ,                30   ,                  1997   ,                30   ,                     0   ,            534   ,          0   ,                        3   ,                   0   ,                    0   ,               18.1   ,                   9.3   ,                6.7   ,                  8.8   ,              12.3   ,               2.2   ,                12.1   ,           16.5   ,             12.2   ,                         4.1   ,              16   ,        0.8800   ,               35.0   ,                 14998   ,
2026-02-11 21:03:06 ,         210.0   ,             50.6   ,               29.4   ,        37.9   ,                  32.0   ,                30   ,                  1998   ,                30   ,                     0   ,            534   ,          0   ,                        0   ,                   0   ,                    0   ,               18.8   ,                  10.0   ,                6.6   ,                  8.8   ,              12.3   ,               2.2   ,                12.1   ,           16.3   ,             12.2   ,                         4.1   ,              16   ,        0.8800   ,               41.0   ,                 14942   ,
2026-02-11 21:03:07 ,         210.0   ,             50.6   ,               29.3   ,        37.9   ,                  32.0   ,                30   ,                  2001   ,                30   ,                     0   ,            534   ,          0   ,                        0   ,                   0   ,                    0   ,               17.4   ,                   9.3   ,                5.9   ,                  8.1   ,              12.3   ,               2.2   ,                12.1   ,           15.3   ,             12.2   ,                         3.9   ,              16   ,        0.8800   ,               41.0   ,                 14921   ,
2026-02-11 21:03:08 ,         210.0   ,             50.6   ,               29.3   ,        37.9   ,                  32.0   ,                30   ,                  2001   ,                30   ,                     0   ,            534   ,          0   ,                        0   ,                   0   ,                    0   ,               17.7   ,                   8.8   ,                6.7   ,                  8.9   ,              12.3   ,               2.2   ,                12.1   ,           16.2   ,             12.2   ,                         4.1   ,              16   ,        0.8800   ,               41.0   ,                 14930   ,
2026-02-11 21:03:09 ,         210.0   ,             50.6   ,               29.4   ,        38.0   ,                  32.0   ,                30   ,                  2000   ,                30   ,                     0   ,            534   ,          0   ,                        0   ,                   0   ,                    0   ,               17.2   ,                   8.6   ,                6.4   ,                  8.6   ,              12.3   ,               2.2   ,                12.1   ,           16.6   ,             12.2   ,                         4.2   ,              16   ,        0.8800   ,               35.0   ,                 14920   ,
2026-02-11 21:03:10 ,         210.0   ,             50.6   ,               29.4   ,        37.9   ,                  32.0   ,                30   ,                  1998   ,                30   ,                     0   ,            534   ,          0   ,                        0   ,                   0   ,                    0   ,               18.1   ,                   9.5   ,                6.5   ,                  8.6   ,              12.3   ,               2.2   ,                12.1   ,           16.0   ,             12.2   ,                         4.0   ,              16   ,        0.8800   ,               37.0   ,                 14920   ,
2026-02-11 21:03:11 ,         210.0   ,             50.6   ,               29.4   ,        38.0   ,                  32.0   ,                30   ,                  2001   ,                30   ,                     0   ,            534   ,          0   ,                        0   ,                   0   ,                    0   ,               17.4   ,                   8.8   ,                6.4   ,                  8.6   ,              12.3   ,               2.2   ,                12.2   ,           15.6   ,             12.2   ,                         3.9   ,              16   ,        0.8800   ,               34.0   ,                 14920   ,
2026-02-11 21:03:12 ,         210.0   ,             50.6   ,               29.4   ,        38.1   ,                  32.0   ,                30   ,                  2001   ,                30   ,                     0   ,            534   ,          0   ,                        0   ,                   0   ,                    0   ,               17.2   ,                   8.5   ,                6.5   ,                  8.7   ,              12.3   ,               2.2   ,                12.1   ,           15.4   ,             12.2   ,                         3.9   ,              16   ,        0.8800   ,               35.0   ,                 14915   ,
2026-02-11 21:03:13 ,         210.0   ,             50.6   ,               29.4   ,        38.0   ,                  32.0   ,                30   ,                  2001   ,                30   ,                     0   ,            534   ,          0   ,                        0   ,                   0   ,                    0   ,               17.7   ,                   9.0   ,                6.5   ,                  8.8   ,              12.3   ,               2.2   ,                12.1   ,           15.9   ,             12.2   ,                         4.0   ,              16   ,        0.8800   ,               36.0   ,                 14902   ,
2026-02-11 21:03:14 ,         210.0   ,             50.6   ,               29.4   ,        38.0   ,                  32.0   ,                30   ,                  2000   ,                30   ,                     0   ,            534   ,          0   ,                        0   ,                   0   ,                    0   ,               17.1   ,                   8.6   ,                6.5   ,                  8.7   ,              12.3   ,               2.3   ,                12.2   ,           15.6   ,             12.2   ,                         4.0   ,              16   ,        0.8800   ,               37.0   ,                 14915   ,
2026-02-11 21:03:15 ,         210.0   ,             50.6   ,               29.4   ,        38.0   ,                  32.0   ,                30   ,                  2000   ,                30   ,                     0   ,            534   ,          0   ,                        0   ,                   0   ,                    0   ,               16.8   ,                   8.4   ,                6.2   ,                  8.5   ,              12.3   ,               2.2   ,                12.1   ,           15.6   ,             12.2   ,                         4.0   ,              16   ,        0.8800   ,               38.0   ,                 14915   ,
2026-02-11 21:03:16 ,         210.0   ,             50.6   ,               29.4   ,        38.0   ,                  32.0   ,                30   ,                  1999   ,                30   ,                     0   ,            534   ,          0   ,                        0   ,                   0   ,                    0   ,               18.2   ,                   9.5   ,                6.4   ,                  8.7   ,              12.3   ,               2.3   ,                12.1   ,           15.9   ,             12.2   ,                         4.0   ,              16   ,        0.8800   ,               36.0   ,                 14913   ,
2026-02-11 21:03:17 ,         210.0   ,             50.6   ,               29.4   ,        38.0   ,                  32.0   ,                30   ,                  2001   ,                30   ,                     0   ,            534   ,          0   ,                        0   ,                   0   ,                    0   ,               17.1   ,                   8.6   ,                6.8   ,                  8.9   ,              12.3   ,               2.1   ,                12.1   ,           15.9   ,             12.2   ,                         4.0   ,              16   ,        0.8800   ,               39.0   ,                 14911   ,
2026-02-11 21:03:18 ,         210.0   ,             50.6   ,               29.4   ,        38.1   ,                  32.0   ,                30   ,                  2001   ,                30   ,                     0   ,            534   ,          0   ,                        0   ,                   0   ,                    0   ,               18.4   ,                   9.8   ,                6.5   ,                  8.7   ,              12.3   ,               2.2   ,                12.1   ,           16.2   ,             12.2   ,                         4.1   ,              16   ,        0.8800   ,               38.0   ,                 14899   ,
2026-02-11 21:03:19 ,         210.0   ,             50.6   ,               29.4   ,        37.9   ,                  32.0   ,                30   ,                  1999   ,                30   ,                     0   ,            534   ,          0   ,                        0   ,                   0   ,                    0   ,               17.7   ,                   9.2   ,                6.6   ,                  8.8   ,              12.3   ,               2.2   ,                12.1   ,           16.2   ,             12.2   ,                         3.9   ,              16   ,        0.8800   ,               37.0   ,                 14911   ,
2026-02-11 21:03:20 ,         210.0   ,             50.6   ,               29.4   ,        37.9   ,                  32.0   ,                30   ,                  1998   ,                30   ,                     0   ,            534   ,          0   ,                        0   ,                   0   ,                    0   ,               18.0   ,                   9.2   ,                6.6   ,                  8.8   ,              12.3   ,               2.2   ,                12.1   ,           15.8   ,             12.2   ,                         4.0   ,              16   ,        0.8800   ,               37.0   ,                 14912   ,
2026-02-11 21:03:21 ,         210.0   ,             50.6   ,               29.4   ,        37.8   ,                  32.0   ,                30   ,                  1999   ,                30   ,                     0   ,            534   ,          0   ,                        0   ,                   0   ,                    0   ,               17.3   ,                   8.9   ,                6.3   ,                  8.4   ,              12.3   ,               2.2   ,                12.1   ,           17.4   ,             12.2   ,                         4.4   ,              16   ,        0.8800   ,               37.0   ,                 14902   ,
2026-02-11 21:03:22 ,         210.0   ,             50.6   ,               29.4   ,        37.9   ,                  32.0   ,                30   ,                  2000   ,                30   ,                     0   ,            534   ,          0   ,                        0   ,                   0   ,                    0   ,               18.0   ,                   9.3   ,                6.5   ,                  8.7   ,              12.3   ,               2.2   ,                12.1   ,           15.8   ,             12.2   ,                         4.0   ,              16   ,        0.8800   ,               38.0   ,                 14910   ,
2026-02-11 21:03:23 ,         210.0   ,             50.6   ,               29.4   ,        38.0   ,                  32.0   ,                30   ,                  2001   ,                30   ,                     0   ,            534   ,          0   ,                        0   ,                   0   ,                    0   ,               18.1   ,                   9.4   ,                6.5   ,                  8.7   ,              12.3   ,               2.2   ,                12.1   ,           15.9   ,             12.2   ,                         4.0   ,              16   ,        0.8800   ,               40.0   ,                 14905   ,
2026-02-11 21:03:24 ,         210.0   ,             50.6   ,               29.4   ,        38.0   ,                  32.0   ,                30   ,                  2000   ,                30   ,                     0   ,            534   ,          0   ,                        0   ,                   0   ,                    0   ,               16.7   ,                   8.3   ,                6.2   ,                  8.5   ,              12.3   ,               2.3   ,                12.1   ,           14.4   ,             12.2   ,                         3.7   ,              16   ,        0.8800   ,               37.0   ,                 14905   ,
2026-02-11 21:03:25 ,         210.0   ,             50.6   ,               29.4   ,        38.0   ,                  32.0   ,                30   ,                  1999   ,                30   ,                     0   ,            534   ,          0   ,                        0   ,                   0   ,                    0   ,               17.3   ,                   9.0   ,                6.1   ,                  8.3   ,              12.3   ,               2.2   ,                12.1   ,           15.1   ,             12.2   ,                         3.8   ,              16   ,        0.8800   ,               38.0   ,                 14905   ,
2026-02-11 21:03:26 ,         210.0   ,             50.6   ,               29.4   ,        38.0   ,                  32.0   ,                30   ,                  1999   ,                30   ,                     0   ,            534   ,          0   ,                        0   ,                   0   ,                    0   ,               17.4   ,                   8.9   ,                6.3   ,                  8.6   ,              12.3   ,               2.2   ,                12.1   ,           15.2   ,             12.2   ,                         3.9   ,              16   ,        0.8800   ,               39.0   ,                 14894   ,
2026-02-11 21:03:27 ,         210.0   ,             50.6   ,               29.4   ,        37.9   ,                  32.0   ,                30   ,                  2000   ,                30   ,                     0   ,            534   ,          0   ,                        0   ,                   0   ,                    0   ,               15.9   ,                   7.8   ,                6.0   ,                  8.1   ,              12.3   ,               2.2   ,                12.1   ,           16.3   ,             12.2   ,                         4.1   ,              16   ,        0.8800   ,               36.0   ,                 14908   ,
2026-02-11 21:03:28 ,         210.0   ,             50.6   ,               29.4   ,        38.0   ,                  32.0   ,                30   ,                  2000   ,                30   ,                     0   ,            534   ,          0   ,                        0   ,                   0   ,                    0   ,               16.7   ,                   8.4   ,                6.1   ,                  8.3   ,              12.3   ,               2.2   ,                12.1   ,           14.6   ,             12.2   ,                         3.7   ,              16   ,        0.8800   ,               37.0   ,                 14909   ,
2026-02-11 21:03:29 ,         210.0   ,             50.6   ,               29.3   ,        37.9   ,                  32.0   ,                30   ,                  2000   ,                30   ,                     0   ,            534   ,          0   ,                        0   ,                   0   ,                    0   ,               17.6   ,                   9.2   ,                6.3   ,                  8.4   ,              12.3   ,               2.2   ,                12.1   ,           15.4   ,             12.2   ,                         3.9   ,              16   ,        0.8800   ,               41.0   ,                 14883   ,
2026-02-11 21:03:30 ,         210.0   ,             50.6   ,               29.4   ,        37.9   ,                  32.0   ,                30   ,                  2000   ,                30   ,                     0   ,            534   ,          0   ,                        0   ,                   0   ,                    0   ,               18.4   ,                   9.5   ,                6.7   ,                  8.9   ,              12.3   ,               2.2   ,                12.1   ,           16.2   ,             12.2   ,                         4.1   ,              16   ,        0.8800   ,               36.0   ,                 14895   ,
2026-02-11 21:03:31 ,         210.0   ,             50.6   ,               29.4   ,        38.0   ,                  32.0   ,                30   ,                  2001   ,                30   ,                     0   ,            534   ,          0   ,                        0   ,                   0   ,                    0   ,               17.4   ,                   8.9   ,                6.3   ,                  8.5   ,              12.3   ,               2.2   ,                12.2   ,           16.0   ,             12.2   ,                         4.0   ,              16   ,        0.8800   ,               36.0   ,                 14887   ,
2026-02-11 21:03:32 ,         210.0   ,             50.6   ,               29.4   ,        38.0   ,                  32.0   ,                30   ,                  2000   ,                30   ,                     0   ,            534   ,          0   ,                        0   ,                   0   ,                    0   ,               17.6   ,                   9.1   ,                6.3   ,                  8.5   ,              12.3   ,               2.2   ,                12.1   ,           15.4   ,             12.2   ,                         4.0   ,              16   ,        0.8800   ,               39.0   ,                 14886   ,
2026-02-11 21:03:33 ,         210.0   ,             50.6   ,               29.4   ,        38.0   ,                  34.0   ,                30   ,                  2001   ,                30   ,                     0   ,            534   ,          0   ,                        0   ,                   0   ,                    0   ,               18.5   ,                   9.9   ,                6.4   ,                  8.6   ,              12.3   ,               2.2   ,                12.1   ,           16.3   ,             12.2   ,                         4.1   ,              16   ,        0.8800   ,               40.0   ,                 14886   ,
2026-02-11 21:03:34 ,         210.0   ,             50.6   ,               29.4   ,        38.0   ,                  32.0   ,                30   ,                  2001   ,                30   ,                     0   ,            534   ,          0   ,                        0   ,                   0   ,                    0   ,               18.4   ,                   9.7   ,                6.5   ,                  8.6   ,              12.3   ,               2.2   ,                12.1   ,           16.2   ,             12.2   ,                         4.1   ,              16   ,        0.8800   ,               37.0   ,                 14886   ,
2026-02-11 21:03:35 ,         210.0   ,             50.6   ,               29.4   ,        38.0   ,                  32.0   ,                30   ,                  2000   ,                30   ,                     0   ,            534   ,          0   ,                        0   ,                   0   ,                    0   ,               18.2   ,                   9.6   ,                6.5   ,                  8.7   ,              12.3   ,               2.2   ,                12.1   ,           16.1   ,             12.2   ,                         4.1   ,              16   ,        0.8800   ,               38.0   ,                 14881   ,
2026-02-11 21:03:36 ,         210.0   ,             50.6   ,               29.4   ,        37.9   ,                  32.0   ,                30   ,                  2000   ,                30   ,                     0   ,            534   ,          0   ,                        0   ,                   0   ,                    0   ,               17.5   ,                   9.2   ,                6.2   ,                  8.3   ,              12.3   ,               2.2   ,                12.1   ,           15.3   ,             12.2   ,                         3.9   ,              16   ,        0.8800   ,               39.0   ,                 14881   ,
2026-02-11 21:03:37 ,         210.0   ,             50.6   ,               29.4   ,        38.0   ,                  32.0   ,                30   ,                  1999   ,                30   ,                     0   ,            534   ,          0   ,                        0   ,                   0   ,                    0   ,               16.9   ,                   8.8   ,                5.9   ,                  8.1   ,              12.3   ,               2.2   ,                12.1   ,           14.8   ,             12.2   ,                         4.2   ,              16   ,        0.8800   ,               40.0   ,                 14875   ,
2026-02-11 21:03:38 ,         210.0   ,             50.6   ,               29.4   ,        38.0   ,                  32.0   ,                30   ,                  1999   ,                30   ,                     0   ,            534   ,          0   ,                        0   ,                   0   ,                    0   ,               16.9   ,                   8.6   ,                6.0   ,                  8.2   ,              12.3   ,               2.2   ,                12.1   ,           16.5   ,             12.2   ,                         4.1   ,              16   ,        0.8800   ,               39.0   ,                 14878   ,
2026-02-11 21:03:39 ,         210.0   ,             50.6   ,               29.4   ,        38.0   ,                  32.0   ,                30   ,                  2000   ,                30   ,                     0   ,            534   ,          0   ,                        0   ,                   0   ,                    0   ,               16.7   ,                   8.5   ,                5.9   ,                  8.1   ,              12.3   ,               2.2   ,                12.1   ,           16.4   ,             12.2   ,                         4.1   ,              16   ,        0.8800   ,               39.0   ,                 14874   ,
2026-02-11 21:03:40 ,         210.0   ,             50.6   ,               29.4   ,        38.0   ,                  32.0   ,                30   ,                  2000   ,                30   ,                     0   ,            534   ,          0   ,                        0   ,                   0   ,                    0   ,               16.9   ,                   8.8   ,                6.0   ,                  8.1   ,              12.3   ,               2.1   ,                12.1   ,           14.8   ,             12.2   ,                         3.8   ,              16   ,        0.8800   ,               37.0   ,                 14889   ,
2026-02-11 21:03:41 ,         210.0   ,             50.6   ,               29.4   ,        37.9   ,                  32.0   ,                30   ,                  1998   ,                30   ,                     0   ,            534   ,          0   ,                        0   ,                   0   ,                    0   ,               16.8   ,                   8.7   ,                5.9   ,                  8.1   ,              12.3   ,               2.2   ,                12.1   ,           17.0   ,             12.2   ,                         4.3   ,              16   ,        0.8800   ,               41.0   ,                 14867   ,
2026-02-11 21:03:42 ,         210.0   ,             50.6   ,               29.4   ,        37.9   ,                  32.0   ,                30   ,                  1998   ,                30   ,                     0   ,            534   ,          0   ,                        0   ,                   0   ,                    0   ,               17.8   ,                   9.0   ,                6.6   ,                  8.9   ,              12.3   ,               2.2   ,                12.1   ,           15.6   ,             12.2   ,                         4.0   ,              16   ,        0.8800   ,               39.0   ,                 14877   ,
2026-02-11 21:03:43 ,         210.0   ,             50.6   ,               29.4   ,        38.0   ,                  32.0   ,                30   ,                  1998   ,                30   ,                     0   ,            534   ,          0   ,                        0   ,                   0   ,                    0   ,               16.7   ,                   9.6   ,                6.5   ,                  8.7   ,              12.3   ,               2.1   ,                12.1   ,           16.2   ,             12.2   ,                         4.1   ,              16   ,        0.8800   ,               37.0   ,                 14891   ,
2026-02-11 21:03:44 ,         210.0   ,             50.6   ,               29.4   ,        38.0   ,                  32.0   ,                30   ,                  2001   ,                30   ,                     0   ,            534   ,          0   ,                        0   ,                   0   ,                    0   ,               18.2   ,                   9.6   ,                6.4   ,                  8.6   ,              12.3   ,               2.2   ,                12.1   ,           16.1   ,             12.2   ,                         4.1   ,              16   ,        0.8800   ,               35.0   ,                 14890   ,
2026-02-11 21:03:45 ,         210.0   ,             50.6   ,               29.4   ,        38.0   ,                  32.0   ,                30   ,                  2001   ,                30   ,                     0   ,            534   ,          0   ,                        0   ,                   0   ,                    0   ,               16.2   ,                   8.2   ,                6.7   ,                  9.0   ,              12.3   ,               2.2   ,                12.1   ,           16.8   ,             12.2   ,                         4.2   ,              16   ,        0.8800   ,               36.0   ,                 14890   ,
2026-02-11 21:03:46 ,         210.0   ,             50.6   ,               29.4   ,        38.0   ,                  32.0   ,                30   ,                  2000   ,                30   ,                     0   ,            534   ,          0   ,                        0   ,                   0   ,                    0   ,               16.2   ,                   8.2   ,                5.8   ,                  8.0   ,              12.3   ,               2.2   ,                12.1   ,           14.0   ,             12.2   ,                         3.6   ,              16   ,        0.8800   ,               41.0   ,                 14888   ,
2026-02-11 21:03:47 ,         210.0   ,             50.6   ,               29.4   ,        37.9   ,                  32.0   ,                30   ,                  2000   ,                30   ,                     0   ,            534   ,          0   ,                        0   ,                   0   ,                    0   ,               17.0   ,                   8.8   ,                6.1   ,                  8.7   ,              12.3   ,               2.2   ,                12.1   ,           16.4   ,             12.2   ,                         4.1   ,              16   ,        0.8800   ,               38.0   ,                 14888   ,
2026-02-11 21:03:48 ,         210.0   ,             50.6   ,               29.4   ,        38.0   ,                  32.0   ,                30   ,                  2000   ,                30   ,                     0   ,            534   ,          0   ,                        0   ,                   0   ,                    0   ,               17.5   ,                   9.1   ,                6.2   ,                  8.4   ,              12.3   ,               2.2   ,                12.1   ,           16.8   ,             12.2   ,                         4.2   ,              16   ,        0.8800   ,               38.0   ,                 14888   ,
2026-02-11 21:03:49 ,         210.0   ,             50.6   ,               29.4   ,        38.0   ,                  32.0   ,                30   ,                  2000   ,                30   ,                     0   ,            534   ,          0   ,                        0   ,                   0   ,                    0   ,               18.0   ,                   9.4   ,                6.5   ,                  8.7   ,              12.3   ,               2.2   ,                12.1   ,           16.1   ,             12.2   ,                         4.1   ,              16   ,        0.8800   ,               40.0   ,                 14884   ,
2026-02-11 21:03:50 ,         210.0   ,             50.6   ,               29.4   ,        38.0   ,                  32.0   ,                30   ,                  2002   ,                30   ,                     0   ,            534   ,          0   ,                        0   ,                   0   ,                    0   ,               17.6   ,                   9.0   ,                6.5   ,                  8.7   ,              12.3   ,               2.2   ,                12.1   ,           15.7   ,             12.2   ,                         4.0   ,              16   ,        0.8800   ,               35.0   ,                 14884   ,
2026-02-11 21:03:51 ,         210.0   ,             50.6   ,               29.4   ,        38.1   ,                  32.0   ,                30   ,                  2000   ,                30   ,                     0   ,            534   ,          0   ,                        0   ,                   0   ,                    0   ,               17.9   ,                   9.2   ,                6.5   ,                  8.7   ,              12.3   ,               2.2   ,                12.1   ,           15.7   ,             12.2   ,                         4.0   ,              16   ,        0.8800   ,               36.0   ,                 14880   ,
2026-02-11 21:03:52 ,         210.0   ,             50.6   ,               29.4   ,        38.1   ,                  32.0   ,                30   ,                  2001   ,                30   ,                     0   ,            534   ,          0   ,                        0   ,                   0   ,                    0   ,               17.6   ,                   8.9   ,                6.5   ,                  8.7   ,              12.3   ,               2.2   ,                12.1   ,           15.5   ,             12.2   ,                         3.9   ,              16   ,        0.8800   ,               36.0   ,                 14880   ,
2026-02-11 21:03:53 ,         210.0   ,             50.6   ,               29.4   ,        38.0   ,                  32.0   ,                30   ,                  1999   ,                30   ,                     0   ,            534   ,          0   ,                        0   ,                   0   ,                    0   ,               16.9   ,                   8.5   ,                6.2   ,                  8.4   ,              12.3   ,               2.2   ,                12.1   ,           15.9   ,             12.2   ,                         4.0   ,              16   ,        0.8800   ,               35.0   ,                 14880   ,
2026-02-11 21:03:54 ,         210.0   ,             50.6   ,               29.4   ,        38.0   ,                  34.0   ,                30   ,                  2000   ,                30   ,                     0   ,            534   ,          0   ,                        0   ,                   0   ,                    0   ,               17.5   ,                   8.9   ,                6.5   ,                  8.7   ,              12.3   ,               2.2   ,                12.1   ,           15.9   ,             12.2   ,                         4.0   ,              16   ,        0.8800   ,               36.0   ,                 14880   ,
2026-02-11 21:03:55 ,         210.0   ,             50.6   ,               29.4   ,        38.0   ,                  32.0   ,                30   ,                  2001   ,                30   ,                     0   ,            534   ,          0   ,                        0   ,                   0   ,                    0   ,               16.8   ,                   8.9   ,                5.8   ,                  8.0   ,              12.3   ,               2.2   ,                12.1   ,           14.6   ,             12.2   ,                         3.7   ,              16   ,        0.8800   ,               38.0   ,                 14880   ,
2026-02-11 21:03:56 ,         210.0   ,             50.6   ,               29.4   ,        38.0   ,                  34.0   ,                30   ,                  2000   ,                30   ,                     0   ,            534   ,          0   ,                        0   ,                   0   ,                    0   ,               19.2   ,                  10.5   ,                6.5   ,                  8.7   ,              12.3   ,               2.2   ,                12.1   ,           17.0   ,             12.2   ,                         4.2   ,              16   ,        0.8800   ,               39.0   ,                 14880   ,
2026-02-11 21:03:57 ,         210.0   ,             50.6   ,               29.4   ,        38.1   ,                  32.0   ,                30   ,                  1999   ,                30   ,                     0   ,            534   ,          0   ,                        0   ,                   0   ,                    0   ,               17.7   ,                   9.4   ,                6.2   ,                  8.3   ,              12.3   ,               2.1   ,                12.1   ,           17.3   ,             12.2   ,                         4.3   ,              16   ,        0.8800   ,               37.0   ,                 14880   ,
2026-02-11 21:03:58 ,         210.0   ,             50.6   ,               29.5   ,        38.0   ,                  32.0   ,                30   ,                  1998   ,                30   ,                     0   ,            534   ,          0   ,                        0   ,                   0   ,                    0   ,               18.2   ,                   9.5   ,                6.5   ,                  8.7   ,              12.3   ,               2.2   ,                12.1   ,           16.0   ,             12.2   ,                         4.3   ,              16   ,        0.8800   ,               41.0   ,                 14880   ,
2026-02-11 21:03:59 ,         210.0   ,             50.6   ,               29.4   ,        37.9   ,                  34.0   ,                30   ,                  1999   ,                30   ,                     0   ,            534   ,          0   ,                        0   ,                   0   ,                    0   ,               19.0   ,                  10.4   ,                6.5   ,                  8.6   ,              12.3   ,               2.2   ,                12.1   ,           16.8   ,             12.2   ,                         4.2   ,              16   ,        0.8800   ,               35.0   ,                 14880   ,
2026-02-11 21:04:01 ,         210.0   ,             50.6   ,               29.5   ,        38.2   ,                  34.0   ,                30   ,                  1999   ,                30   ,                     0   ,            534   ,          0   ,                        0   ,                   0   ,                    0   ,               17.0   ,                   8.8   ,                6.1   ,                  8.7   ,              12.3   ,               2.2   ,                12.1   ,           16.1   ,             12.2   ,                         4.1   ,              16   ,        0.8800   ,               41.0   ,                 14880   ,
2026-02-11 21:04:01 ,         210.0   ,             50.6   ,               29.5   ,        38.1   ,                  32.0   ,                30   ,                  2003   ,                30   ,                     0   ,            534   ,          0   ,                        0   ,                   0   ,                    0   ,               18.0   ,                   9.5   ,                6.3   ,                  8.5   ,              12.3   ,               2.2   ,                12.1   ,           16.4   ,             12.2   ,                         4.1   ,              16   ,        0.8800   ,               37.0   ,                 14880   ,
2026-02-11 21:04:02 ,         210.0   ,             50.6   ,               29.5   ,        38.0   ,                  32.0   ,                30   ,                  2000   ,                30   ,                     0   ,            534   ,          0   ,                        0   ,                   0   ,                    0   ,               18.9   ,                  10.7   ,                6.0   ,                  8.6   ,              12.3   ,               2.2   ,                12.1   ,           17.2   ,             12.2   ,                         4.3   ,              16   ,        0.8800   ,               37.0   ,                 14880   ,
2026-02-11 21:04:04 ,         210.0   ,             50.6   ,               29.5   ,        38.0   ,                  32.0   ,                30   ,                  2000   ,                30   ,                     0   ,            534   ,          0   ,                        0   ,                   0   ,                    0   ,               18.2   ,                  10.0   ,                6.0   ,                  8.7   ,              12.3   ,               2.2   ,                12.2   ,           17.2   ,             12.2   ,                         4.3   ,              16   ,        0.8800   ,               40.0   ,                 14879   ,
2026-02-11 21:04:05 ,         210.0   ,             50.6   ,               29.4   ,        38.1   ,                  32.0   ,                30   ,                  1999   ,                30   ,                     0   ,            534   ,          0   ,                        0   ,                   0   ,                    0   ,               17.2   ,                   9.4   ,                6.5   ,                  8.7   ,              12.3   ,               2.2   ,                12.1   ,           15.9   ,             12.2   ,                         4.0   ,              16   ,        0.8800   ,               35.0   ,                 14880   ,
2026-02-11 21:04:06 ,         210.0   ,             50.6   ,               29.5   ,        38.0   ,                  32.0   ,                30   ,                  1999   ,                30   ,                     0   ,            534   ,          0   ,                        0   ,                   0   ,                    0   ,               18.0   ,                  10.5   ,                6.6   ,                  8.8   ,              12.3   ,               2.2   ,                12.1   ,           17.0   ,             12.2   ,                         4.3   ,              16   ,        0.8800   ,               35.0   ,                 14880   ,
2026-02-11 21:04:07 ,         210.0   ,             50.6   ,               29.4   ,        38.1   ,                  32.0   ,                30   ,                  2001   ,                30   ,                     0   ,            534   ,          0   ,                        0   ,                   0   ,                    0   ,               17.4   ,                   9.9   ,                6.5   ,                  8.7   ,              12.3   ,               2.3   ,                12.1   ,           16.4   ,             12.2   ,                         4.1   ,              16   ,        0.8800   ,               37.0   ,                 14880   ,
2026-02-11 21:04:08 ,         210.0   ,             50.6   ,               29.5   ,        38.1   ,                  32.0   ,                30   ,                  2001   ,                30   ,                     0   ,            534   ,          0   ,                        0   ,                   0   ,                    0   ,               18.8   ,                  10.3   ,                6.3   ,                  8.5   ,              12.3   ,               2.2   ,                12.1   ,           16.6   ,             12.2   ,                         4.4   ,              16   ,        0.8800   ,               37.0   ,                 14880   ,
2026-02-11 21:04:08 ,         210.0   ,             50.6   ,               29.5   ,        38.0   ,                  32.0   ,                30   ,                  1998   ,                30   ,                     0   ,            534   ,          0   ,                        0   ,                   0   ,                    0   ,               17.8   ,                   9.7   ,                7.0   ,                  9.2   ,              12.3   ,               2.2   ,                12.1   ,           17.9   ,             12.2   ,                         4.5   ,              16   ,        0.8800   ,               40.0   ,                 14878   ,
2026-02-11 21:04:09 ,         210.0   ,             50.6   ,               29.5   ,        38.1   ,                  32.0   ,                30   ,                  1998   ,                30   ,                     0   ,            534   ,          0   ,                        0   ,                   0   ,                    0   ,               17.7   ,                  10.9   ,                6.6   ,                  8.9   ,              12.3   ,               2.2   ,                12.1   ,           17.6   ,             12.2   ,                         4.4   ,              16   ,        0.8800   ,               38.0   ,                 14880   ,
2026-02-11 21:04:10 ,         210.0   ,             50.6   ,               29.5   ,        38.0   ,                  32.0   ,                30   ,                  1999   ,                30   ,                     0   ,            534   ,          0   ,                        0   ,                   0   ,                    0   ,               17.2   ,                   9.1   ,                5.9   ,                  8.1   ,              12.3   ,               2.2   ,                12.1   ,           15.0   ,             12.2   ,                         3.8   ,              16   ,        0.8800   ,               35.0   ,                 14880   ,
2026-02-11 21:04:11 ,         210.0   ,             50.6   ,               29.4   ,        38.1   ,                  34.0   ,                30   ,                  2001   ,                30   ,                     0   ,            534   ,          0   ,                        0   ,                   0   ,                    0   ,               17.0   ,                   9.0   ,                5.7   ,                  8.0   ,              12.3   ,               2.3   ,                12.1   ,           14.7   ,             12.2   ,                         3.8   ,              16   ,        0.8800   ,               41.0   ,                 14867   ,
2026-02-11 21:04:12 ,         210.0   ,             50.6   ,               29.4   ,        38.2   ,                  32.0   ,                30   ,                  2000   ,                30   ,                     0   ,            534   ,          0   ,                        0   ,                   0   ,                    0   ,               17.3   ,                   9.2   ,                5.9   ,                  8.1   ,              12.3   ,               2.2   ,                12.1   ,           17.4   ,             12.2   ,                         4.4   ,              16   ,        0.8800   ,               39.0   ,                 14867   ,
2026-02-11 21:04:13 ,         210.0   ,             50.6   ,               29.5   ,        38.0   ,                  32.0   ,                30   ,                  2000   ,                30   ,                     0   ,            534   ,          0   ,                        0   ,                   0   ,                    0   ,               18.0   ,                  11.0   ,                6.7   ,                  8.9   ,              12.3   ,               2.2   ,                12.1   ,           17.7   ,             12.2   ,                         4.4   ,              16   ,        0.8800   ,               39.0   ,                 14866   ,
2026-02-11 21:04:14 ,         210.0   ,             50.6   ,               29.4   ,        38.1   ,                  32.0   ,                30   ,                  1998   ,                30   ,                     0   ,            534   ,          0   ,                        0   ,                   0   ,                    0   ,               17.5   ,                   9.4   ,                5.9   ,                  9.2   ,              12.3   ,               2.3   ,                12.1   ,           17.7   ,             12.2   ,                         4.4   ,              16   ,        0.8800   ,               40.0   ,                 14868   ,
2026-02-11 21:04:15 ,         210.0   ,             50.6   ,               29.5   ,        38.1   ,                  32.0   ,                30   ,                  1999   ,                30   ,                     0   ,            534   ,          0   ,                        0   ,                   0   ,                    0   ,               17.1   ,                   9.0   ,                5.9   ,                  9.2   ,              12.3   ,               2.3   ,                12.1   ,           17.2   ,             12.2   ,                         4.3   ,              16   ,        0.8800   ,               39.0   ,                 14866   ,
2026-02-11 21:04:16 ,         210.0   ,             50.6   ,               29.5   ,        38.0   ,                  32.0   ,                30   ,                  2001   ,                30   ,                     0   ,            534   ,          0   ,                        0   ,                   0   ,                    0   ,               18.9   ,                  10.0   ,                6.6   ,                  8.9   ,              12.3   ,               2.3   ,                12.1   ,           16.6   ,             12.2   ,                         4.2   ,              16   ,        0.8800   ,               41.0   ,                 14866   ,
2026-02-11 21:04:17 ,         210.0   ,             50.6   ,               29.4   ,        38.1   ,                  32.0   ,                30   ,                  2001   ,                30   ,                     0   ,            534   ,          0   ,                        0   ,                   0   ,                    0   ,               19.0   ,                  10.2   ,                6.5   ,                  8.8   ,              12.3   ,               2.3   ,                12.1   ,           16.7   ,             12.2   ,                         4.2   ,              16   ,        0.8800   ,               36.0   ,                 14866   ,
2026-02-11 21:04:19 ,         210.0   ,             50.6   ,               29.5   ,        38.0   ,                  32.0   ,                30   ,                  2000   ,                30   ,                     0   ,            534   ,          0   ,                        0   ,                   0   ,                    0   ,               19.7   ,                  11.1   ,                6.3   ,                  8.6   ,              12.3   ,               2.3   ,                12.1   ,           17.4   ,             12.2   ,                         4.7   ,              16   ,        0.8800   ,               40.0   ,                 14865   ,
2026-02-11 21:04:20 ,         210.0   ,             50.6   ,               29.5   ,        38.0   ,                  34.0   ,                30   ,                  1999   ,                30   ,                     0   ,            534   ,          0   ,                        0   ,                   0   ,                    0   ,               18.7   ,                  10.1   ,                6.4   ,                  8.6   ,              12.3   ,               2.2   ,                12.1   ,           17.8   ,             12.2   ,                         4.5   ,              16   ,        0.8800   ,               39.0   ,                 14866   ,
2026-02-11 21:04:21 ,         210.0   ,             50.6   ,               29.5   ,        38.0   ,                  32.0   ,                30   ,                  2000   ,                30   ,                     0   ,            534   ,          0   ,                        0   ,                   0   ,                    0   ,               18.2   ,                   9.8   ,                6.2   ,                  8.4   ,              12.3   ,               2.3   ,                12.1   ,           18.3   ,             12.2   ,                         4.6   ,              16   ,        0.8800   ,               40.0   ,                 14866   ,
2026-02-11 21:04:22 ,         210.0   ,             50.6   ,               29.5   ,        38.1   ,                  32.0   ,                30   ,                  2001   ,                30   ,                     0   ,            534   ,          0   ,                        0   ,                   0   ,                    0   ,               18.3   ,                  10.0   ,                6.0   ,                  8.3   ,              12.3   ,               2.3   ,                12.1   ,           17.6   ,             12.2   ,                         4.4   ,              16   ,        0.8800   ,               41.0   ,                 14866   ,
2026-02-11 21:04:23 ,         210.0   ,             50.6   ,               29.4   ,        38.1   ,                  32.0   ,                30   ,                  2002   ,                30   ,                     0   ,            534   ,          0   ,                        0   ,                   0   ,                    0   ,               17.0   ,                   9.0   ,                5.7   ,                  8.0   ,              12.3   ,               2.3   ,                12.1   ,           17.9   ,             12.2   ,                         4.5   ,              16   ,        0.8800   ,               39.0   ,                 14858   ,
2026-02-11 21:04:24 ,         210.0   ,             50.6   ,               29.5   ,        38.0   ,                  32.0   ,                30   ,                  1999   ,                30   ,                     0   ,            534   ,          0   ,                        0   ,                   0   ,                    0   ,               17.0   ,                   8.9   ,                5.8   ,                  9.4   ,              12.3   ,               2.3   ,                12.1   ,           17.5   ,             12.2   ,                         4.4   ,              16   ,        0.8800   ,               39.0   ,                 14866   ,
2026-02-11 21:04:25 ,         210.0   ,             50.6   ,               29.5   ,        38.1   ,                  32.0   ,                30   ,                  1999   ,                30   ,                     0   ,            534   ,          0   ,                        0   ,                   0   ,                    0   ,               19.0   ,                  10.0   ,                6.7   ,                  9.0   ,              12.3   ,               2.3   ,                12.1   ,           16.7   ,             12.2   ,                         4.1   ,              16   ,        0.8800   ,               40.0   ,                 14904   ,
2026-02-11 21:04:26 ,         210.0   ,             50.6   ,               29.4   ,        38.1   ,                  32.0   ,                30   ,                  1998   ,                30   ,                     0   ,            534   ,          0   ,                        0   ,                   0   ,                    0   ,               19.0   ,                  10.0   ,                6.6   ,                  9.0   ,              12.3   ,               2.3   ,                12.1   ,           16.6   ,             12.2   ,                         4.2   ,              16   ,        0.8800   ,               41.0   ,                 14975   ,
2026-02-11 21:04:27 ,         210.0   ,             50.6   ,               29.5   ,        38.2   ,                  32.0   ,                30   ,                  2001   ,                30   ,                     0   ,            534   ,          0   ,                        0   ,                   0   ,                    0   ,               18.6   ,                   9.8   ,                6.5   ,                  8.8   ,              12.3   ,               2.3   ,                12.1   ,           16.7   ,             12.2   ,                         4.2   ,              16   ,        0.8800   ,               41.0   ,                 15731   ,
2026-02-11 21:04:28 ,         210.0   ,             50.6   ,               29.5   ,        38.0   ,                  34.0   ,                30   ,                  2002   ,                30   ,                     0   ,            534   ,          0   ,                        0   ,                   0   ,                    0   ,               19.1   ,                  10.3   ,                6.5   ,                  8.8   ,              12.3   ,               2.2   ,                12.1   ,           16.8   ,             12.2   ,                         4.3   ,              16   ,        0.8800   ,               36.0   ,                 16080   ,
2026-02-11 21:04:29 ,         210.0   ,             50.6   ,               29.5   ,        38.1   ,                  32.0   ,                30   ,                  2000   ,                30   ,                     0   ,            534   ,          0   ,                        0   ,                   0   ,                    0   ,               18.7   ,                   9.8   ,                6.6   ,                  8.9   ,              12.3   ,               2.3   ,                12.1   ,           16.4   ,             12.2   ,                         4.3   ,              16   ,        0.8800   ,               41.0   ,                 16098   ,
2026-02-11 21:04:30 ,         210.0   ,             50.6   ,               29.5   ,        38.1   ,                  32.0   ,                30   ,                  2000   ,                30   ,                     0   ,            534   ,          0   ,                        0   ,                   0   ,                    0   ,               18.8   ,                  10.0   ,                6.5   ,                  8.8   ,              12.3   ,               2.3   ,                12.1   ,           16.5   ,             12.2   ,                         4.2   ,              16   ,        0.8800   ,               37.0   ,                 16101   ,
2026-02-11 21:04:31 ,         210.0   ,             50.6   ,               29.5   ,        38.1   ,                  34.0   ,                30   ,                  1998   ,                30   ,                     0   ,            534   ,          0   ,                        0   ,                   0   ,                    0   ,               18.3   ,                   9.7   ,                6.5   ,                  8.7   ,              12.3   ,               2.2   ,                12.2   ,           16.5   ,             12.2   ,                         4.2   ,              16   ,        0.8800   ,               41.0   ,                 16096   ,
2026-02-11 21:04:32 ,         210.0   ,             50.6   ,               29.5   ,        38.0   ,                  32.0   ,                30   ,                  2000   ,                30   ,                     0   ,            534   ,          0   ,                        0   ,                   0   ,                    0   ,               18.4   ,                  10.0   ,                6.2   ,                  8.4   ,              12.3   ,               2.2   ,                12.1   ,           16.5   ,             12.2   ,                         4.2   ,              16   ,        0.8800   ,               41.0   ,                 16175   ,
2026-02-11 21:04:33 ,         210.0   ,             50.6   ,               29.5   ,        38.1   ,                  32.0   ,                30   ,                  2001   ,                30   ,                     0   ,            534   ,          0   ,                        0   ,                   0   ,                    0   ,               18.5   ,                   9.9   ,                6.4   ,                  8.6   ,              12.3   ,               2.2   ,                12.1   ,           17.3   ,             12.2   ,                         4.3   ,              16   ,        0.8800   ,               44.0   ,                 16377   ,
2026-02-11 21:04:34 ,         210.0   ,             50.6   ,               29.5   ,        38.2   ,                  34.0   ,                30   ,                  2001   ,                30   ,                     0   ,            534   ,          0   ,                        0   ,                   0   ,                    0   ,               18.8   ,                  10.4   ,                6.7   ,                  8.9   ,              12.3   ,               2.2   ,                12.1   ,           17.1   ,             12.2   ,                         4.3   ,              16   ,        0.8800   ,               42.0   ,                 16404   ,
2026-02-11 21:04:35 ,         210.0   ,             50.6   ,               29.5   ,        38.1   ,                  34.0   ,                30   ,                  2000   ,                30   ,                     0   ,            534   ,          0   ,                        0   ,                   0   ,                    0   ,               18.8   ,                  10.7   ,                6.5   ,                  8.7   ,              12.3   ,               2.3   ,                12.1   ,           17.2   ,             12.2   ,                         4.2   ,              16   ,        0.8800   ,               39.0   ,                 16414   ,
2026-02-11 21:04:36 ,         210.0   ,             50.6   ,               29.5   ,        38.1   ,                  32.0   ,                30   ,                  1999   ,                30   ,                     0   ,            534   ,          0   ,                        0   ,                   0   ,                    0   ,               19.0   ,                  10.4   ,                6.3   ,                  8.6   ,              12.3   ,               2.3   ,                12.2   ,           16.7   ,             12.2   ,                         4.2   ,              16   ,        0.8800   ,               40.0   ,                 16523   ,
2026-02-11 21:04:37 ,         210.0   ,             50.6   ,               29.5   ,        38.1   ,                  32.0   ,                30   ,                  1999   ,                30   ,                     0   ,            534   ,          0   ,                        0   ,                   0   ,                    0   ,               18.8   ,                  10.2   ,                6.4   ,                  8.7   ,              12.3   ,               2.3   ,                12.1   ,           16.6   ,             12.2   ,                         4.3   ,              16   ,        0.8800   ,               41.0   ,                 16553   ,
2026-02-11 21:04:38 ,         210.0   ,             50.6   ,               29.5   ,        38.1   ,                  34.0   ,                30   ,                  2001   ,                30   ,                     0   ,            534   ,          0   ,                        0   ,                   0   ,                    0   ,               18.7   ,                  10.2   ,                6.7   ,                  9.0   ,              12.3   ,               2.3   ,                12.1   ,           17.4   ,             12.2   ,                         4.4   ,              16   ,        0.8800   ,               42.0   ,                 16564   ,
2026-02-11 21:04:39 ,         210.0   ,             50.6   ,               29.5   ,        38.1   ,                  32.0   ,                30   ,                  2000   ,                30   ,                     0   ,            534   ,          0   ,                        0   ,                   0   ,                    0   ,               18.4   ,                  10.0   ,                6.1   ,                  9.0   ,              12.3   ,               2.3   ,                12.1   ,           17.5   ,             12.2   ,                         4.4   ,              16   ,        0.8800   ,               42.0   ,                 16576   ,
2026-02-11 21:04:40 ,         210.0   ,             50.6   ,               29.5   ,        38.2   ,                  32.0   ,                30   ,                  2000   ,                30   ,                     0   ,            534   ,          0   ,                        0   ,                   0   ,                    0   ,               19.2   ,                  10.5   ,                6.4   ,                  8.7   ,              12.3   ,               2.3   ,                12.1   ,           17.0   ,             12.2   ,                         4.3   ,              16   ,        0.8800   ,               39.0   ,                 16594   ,
2026-02-11 21:04:41 ,         210.0   ,             50.6   ,               29.5   ,        38.1   ,                  32.0   ,                30   ,                  1998   ,                30   ,                     0   ,            534   ,          0   ,                        0   ,                   0   ,                    0   ,               19.1   ,                  10.3   ,                6.5   ,                  8.7   ,              12.3   ,               2.3   ,                12.1   ,           16.8   ,             12.2   ,                         4.2   ,              16   ,        0.8800   ,               41.0   ,                 16674   ,
2026-02-11 21:04:42 ,         210.0   ,             50.6   ,               29.5   ,        38.2   ,                  32.0   ,                30   ,                  2000   ,                30   ,                     0   ,            534   ,          0   ,                        0   ,                   0   ,                    0   ,               18.2   ,                   9.8   ,                6.2   ,                  8.4   ,              12.3   ,               2.2   ,                12.1   ,           16.0   ,             12.2   ,                         4.0   ,              16   ,        0.8800   ,               41.0   ,                 16672   ,
2026-02-11 21:04:43 ,         210.0   ,             50.6   ,               29.5   ,        38.2   ,                  34.0   ,                30   ,                  1999   ,                30   ,                     0   ,            534   ,          0   ,                        0   ,                   0   ,                    0   ,               19.0   ,                  10.0   ,                6.6   ,                  8.9   ,              12.3   ,               2.3   ,                12.1   ,           16.6   ,             12.2   ,                         4.2   ,              16   ,        0.8800   ,               37.0   ,                 16634   ,
2026-02-11 21:04:44 ,         210.0   ,             50.6   ,               29.5   ,        38.2   ,                  32.0   ,                30   ,                  2001   ,                30   ,                     0   ,            534   ,          0   ,                        0   ,                   0   ,                    0   ,               18.3   ,                   9.4   ,                6.6   ,                  8.9   ,              12.3   ,               2.2   ,                12.1   ,           16.0   ,             12.2   ,                         4.1   ,              16   ,        0.8800   ,               37.0   ,                 16598   ,
2026-02-11 21:04:45 ,         210.0   ,             50.6   ,               29.5   ,        38.1   ,                  32.0   ,                30   ,                  2002   ,                30   ,                     0   ,            534   ,          0   ,                        0   ,                   0   ,                    0   ,               18.1   ,                   9.6   ,                6.2   ,                  8.8   ,              12.3   ,               2.2   ,                12.1   ,           16.4   ,             12.2   ,                         4.1   ,              16   ,        0.8800   ,               45.0   ,                 16696   ,
2026-02-11 21:04:46 ,         210.0   ,             50.6   ,               29.5   ,        38.1   ,                  32.0   ,                30   ,                  1999   ,                30   ,                     0   ,            534   ,          0   ,                        0   ,                   0   ,                    0   ,               19.2   ,                  10.4   ,                6.5   ,                  8.8   ,              12.3   ,               2.3   ,                12.1   ,           17.2   ,             12.2   ,                         4.3   ,              16   ,        0.8800   ,               42.0   ,                 16785   ,
2026-02-11 21:04:47 ,         210.0   ,             50.6   ,               29.5   ,        38.1   ,                  34.0   ,                30   ,                  1998   ,                30   ,                     0   ,            534   ,          0   ,                        0   ,                   0   ,                    0   ,               17.8   ,                   9.6   ,                6.6   ,                  8.8   ,              12.3   ,               2.2   ,                12.1   ,           16.9   ,             12.2   ,                         4.2   ,              16   ,        0.8800   ,               44.0   ,                 16790   ,
2026-02-11 21:04:48 ,         210.0   ,             50.6   ,               29.5   ,        38.2   ,                  32.0   ,                30   ,                  2001   ,                30   ,                     0   ,            534   ,          0   ,                        0   ,                   0   ,                    0   ,               18.5   ,                   9.7   ,                6.6   ,                  8.8   ,              12.3   ,               2.2   ,                12.1   ,           16.7   ,             12.2   ,                         4.2   ,              16   ,        0.8800   ,               37.0   ,                 16778   ,
2026-02-11 21:04:49 ,         210.0   ,             50.6   ,               29.5   ,        38.1   ,                  32.0   ,                30   ,                  2000   ,                30   ,                     0   ,            534   ,          0   ,                        0   ,                   0   ,                    0   ,               18.3   ,                   9.6   ,                6.4   ,                  8.7   ,              12.3   ,               2.3   ,                12.1   ,           16.9   ,             12.2   ,                         4.3   ,              16   ,        0.8800   ,               45.0   ,                 16763   ,
2026-02-11 21:04:50 ,         210.0   ,             50.6   ,               29.5   ,        38.2   ,                  32.0   ,                30   ,                  2001   ,                30   ,                     0   ,            534   ,          0   ,                        0   ,                   0   ,                    0   ,               17.8   ,                   9.2   ,                6.4   ,                  8.6   ,              12.3   ,               2.2   ,                12.1   ,           16.5   ,             12.2   ,                         4.2   ,              16   ,        0.8800   ,               42.0   ,                 16809   ,
2026-02-11 21:04:51 ,         210.0   ,             50.6   ,               29.5   ,        38.1   ,                  32.0   ,                30   ,                  1998   ,                30   ,                     0   ,            534   ,          0   ,                        0   ,                   0   ,                    0   ,               17.6   ,                   9.1   ,                6.2   ,                  8.5   ,              12.3   ,               2.3   ,                12.1   ,           17.0   ,             12.2   ,                         4.3   ,              16   ,        0.8800   ,               36.0   ,                 16831   ,
2026-02-11 21:04:52 ,         210.0   ,             50.6   ,               29.5   ,        38.2   ,                  32.0   ,                30   ,                  2000   ,                30   ,                     0   ,            534   ,          0   ,                        0   ,                   0   ,                    0   ,               17.3   ,                   8.8   ,                6.1   ,                  8.4   ,              12.3   ,               2.3   ,                12.1   ,           16.8   ,             12.2   ,                         4.2   ,              16   ,        0.8800   ,               40.0   ,                 16835   ,
2026-02-11 21:04:53 ,         210.0   ,             50.6   ,               29.5   ,        38.2   ,                  32.0   ,                30   ,                  2000   ,                30   ,                     0   ,            534   ,          0   ,                        0   ,                   0   ,                    0   ,               18.3   ,                   9.7   ,                6.3   ,                  8.6   ,              12.3   ,               2.2   ,                12.1   ,           16.8   ,             12.2   ,                         4.2   ,              16   ,        0.8800   ,               36.0   ,                 16843   ,
2026-02-11 21:04:54 ,         210.0   ,             50.6   ,               29.5   ,        38.1   ,                  34.0   ,                30   ,                  1999   ,                30   ,                     0   ,            534   ,          0   ,                        0   ,                   0   ,                    0   ,               18.2   ,                   9.3   ,                6.7   ,                  8.9   ,              12.3   ,               2.3   ,                12.1   ,           16.2   ,             12.2   ,                         4.1   ,              16   ,        0.8800   ,               42.0   ,                 16872   ,
2026-02-11 21:04:55 ,         210.0   ,             50.6   ,               29.6   ,        38.2   ,                  32.0   ,                30   ,                  2001   ,                30   ,                     0   ,            534   ,          0   ,                        0   ,                   0   ,                    0   ,               18.3   ,                   9.7   ,                6.3   ,                  9.2   ,              12.3   ,               2.3   ,                12.1   ,           17.5   ,             12.2   ,                         4.4   ,              16   ,        0.8800   ,               45.0   ,                 16887   ,
2026-02-11 21:04:56 ,         210.0   ,             50.6   ,               29.6   ,        38.2   ,                  32.0   ,                30   ,                  2004   ,                30   ,                     0   ,            534   ,          0   ,                        0   ,                   0   ,                    0   ,               17.6   ,                  10.1   ,                6.6   ,                  8.9   ,              12.3   ,               2.4   ,                12.2   ,           16.7   ,             12.2   ,                         4.2   ,              16   ,        0.8800   ,               42.0   ,                 16896   ,
2026-02-11 21:04:57 ,         210.0   ,             50.6   ,               29.6   ,        38.2   ,                  32.0   ,                30   ,                  2000   ,                30   ,                     0   ,            534   ,          0   ,                        0   ,                   0   ,                    0   ,               18.3   ,                   9.8   ,                6.1   ,                  9.3   ,              12.3   ,               2.3   ,                12.2   ,           17.9   ,             12.2   ,                         4.3   ,              16   ,        0.8800   ,               42.0   ,                 16913   ,
2026-02-11 21:04:58 ,         210.0   ,             50.6   ,               29.6   ,        38.1   ,                  32.0   ,                30   ,                  2002   ,                30   ,                     0   ,            534   ,          0   ,                        0   ,                   0   ,                    0   ,               18.3   ,                   9.9   ,                6.1   ,                  9.4   ,              12.3   ,               2.4   ,                12.1   ,           18.0   ,             12.2   ,                         4.5   ,              16   ,        0.8800   ,               41.0   ,                 16978   ,
2026-02-11 21:04:59 ,         210.0   ,             50.6   ,               29.6   ,        38.2   ,                  32.0   ,                30   ,                  2002   ,                30   ,                     0   ,            534   ,          0   ,                        0   ,                   0   ,                    0   ,               18.6   ,                   9.8   ,                6.6   ,                  8.9   ,              12.3   ,               2.3   ,                12.1   ,           16.4   ,             12.2   ,                         4.1   ,              16   ,        0.8800   ,               41.0   ,                 18047   ,
2026-02-11 21:05:00 ,         210.0   ,             50.6   ,               29.6   ,        38.1   ,                  32.0   ,                30   ,                  1999   ,                30   ,                     0   ,            534   ,          0   ,                        0   ,                   0   ,                    0   ,               17.2   ,                   8.9   ,                6.0   ,                  8.3   ,              12.3   ,               2.3   ,                12.2   ,           14.9   ,             12.2   ,                         3.8   ,              16   ,        0.8800   ,               37.0   ,                 18047   ,
2026-02-11 21:05:01 ,         210.0   ,             50.6   ,               29.6   ,        38.2   ,                  32.0   ,                30   ,                  2002   ,                30   ,                     0   ,            534   ,          0   ,                        0   ,                   0   ,                    0   ,               17.4   ,                   9.2   ,                6.0   ,                  8.2   ,              12.3   ,               2.2   ,                12.2   ,           15.2   ,             12.2   ,                         3.9   ,              16   ,        0.8800   ,               40.0   ,                 18047   ,
2026-02-11 21:05:02 ,         210.0   ,             50.6   ,               29.6   ,        38.1   ,                  32.0   ,                30   ,                  2001   ,                30   ,                     0   ,            534   ,          0   ,                        0   ,                   0   ,                    0   ,               18.8   ,                   9.8   ,                6.7   ,                  9.0   ,              12.3   ,               2.3   ,                12.1   ,           16.5   ,             12.2   ,                         4.1   ,              16   ,        0.8800   ,               41.0   ,                 17093   ,
2026-02-11 21:05:03 ,         210.0   ,             50.6   ,               29.6   ,        38.3   ,                  32.0   ,                30   ,                  1999   ,                30   ,                     0   ,            534   ,          0   ,                        0   ,                   0   ,                    0   ,               18.5   ,                   9.7   ,                6.5   ,                  8.8   ,              12.3   ,               2.3   ,                12.1   ,           16.2   ,             12.2   ,                         4.2   ,              16   ,        0.8800   ,               42.0   ,                 17114   ,
2026-02-11 21:05:04 ,         210.0   ,             50.6   ,               29.7   ,        38.3   ,                  32.0   ,                30   ,                  2001   ,                30   ,                     0   ,            534   ,          0   ,                        0   ,                   0   ,                    0   ,               18.5   ,                   9.5   ,                6.6   ,                  9.0   ,              12.3   ,               2.4   ,                12.1   ,           16.1   ,             12.2   ,                         4.4   ,              16   ,        0.8800   ,               37.0   ,                 17122   ,
2026-02-11 21:05:05 ,         210.0   ,             50.6   ,               29.6   ,        38.3   ,                  32.0   ,                30   ,                  2002   ,                30   ,                     0   ,            534   ,          0   ,                        0   ,                   0   ,                    0   ,               19.4   ,                  10.4   ,                6.6   ,                  8.7   ,              12.3   ,               2.3   ,                12.1   ,           16.8   ,             12.2   ,                         4.3   ,              16   ,        0.8800   ,               36.0   ,                 17136   ,
2026-02-11 21:05:06 ,         210.0   ,             50.6   ,               29.7   ,        38.3   ,                  32.0   ,                30   ,                  2000   ,                30   ,                     0   ,              -   ,          0   ,                        0   ,                   0   ,                    -   ,                  -   ,                     -   ,                  -   ,                    -   ,                 -   ,                 -   ,                   -   ,              -   ,                -   ,                         4.1   ,              16   ,        0.8800   ,               40.0   ,                 17162   ,
2026-02-11 21:05:07 ,         210.0   ,             50.6   ,               29.7   ,        38.3   ,                  34.0   ,                30   ,                  1994   ,                30   ,                     0   ,            534   ,          0   ,                        0   ,                   0   ,                    0   ,               18.1   ,                   9.3   ,                6.5   ,                  8.8   ,              12.3   ,               2.4   ,                12.1   ,           16.4   ,             12.2   ,                         4.2   ,              16   ,        0.8800   ,               36.0   ,                 17142   ,
2026-02-11 21:05:08 ,         210.0   ,             50.6   ,               29.7   ,        38.3   ,                  32.0   ,                30   ,                  2000   ,                30   ,                     0   ,            534   ,          0   ,                        0   ,                   0   ,                    0   ,               19.6   ,                  10.5   ,                6.8   ,                  9.1   ,              12.3   ,               2.3   ,                12.2   ,           17.3   ,             12.2   ,                         4.4   ,              16   ,        0.8800   ,               41.0   ,                 17134   ,
2026-02-11 21:05:09 ,         210.0   ,             50.6   ,               29.7   ,        38.3   ,                  32.0   ,                30   ,                  2000   ,                30   ,                     0   ,            534   ,          0   ,                        0   ,                   0   ,                    0   ,               19.2   ,                  10.2   ,                6.6   ,                  8.9   ,              12.3   ,               2.3   ,                12.1   ,           17.6   ,             12.2   ,                         4.4   ,              16   ,        0.8800   ,               39.0   ,                 17117   ,
2026-02-11 21:05:10 ,         210.0   ,             50.6   ,               29.7   ,        38.3   ,                  32.0   ,                30   ,                  2000   ,                30   ,                     0   ,            534   ,          0   ,                        0   ,                   0   ,                    0   ,               19.5   ,                  10.7   ,                6.6   ,                  8.8   ,              12.3   ,               2.2   ,                12.1   ,           18.1   ,             12.2   ,                         4.5   ,              16   ,        0.8800   ,               37.0   ,                 17127   ,
2026-02-11 21:05:11 ,         210.0   ,             50.6   ,               29.7   ,        38.4   ,                  32.0   ,                30   ,                  1998   ,                30   ,                     0   ,            534   ,          0   ,                        0   ,                   0   ,                    0   ,               19.7   ,                  10.8   ,                6.5   ,                  8.9   ,              12.3   ,               2.3   ,                12.1   ,           18.5   ,             12.2   ,                         4.6   ,              16   ,        0.8800   ,               41.0   ,                 17097   ,
2026-02-11 21:05:12 ,         210.0   ,             50.6   ,               29.7   ,        38.3   ,                  32.0   ,                30   ,                  2000   ,                30   ,                     0   ,            534   ,          0   ,                        0   ,                   0   ,                    0   ,               19.0   ,                  10.3   ,                6.4   ,                  8.7   ,              12.3   ,               2.2   ,                12.1   ,           17.7   ,             12.2   ,                         4.4   ,              16   ,        0.8800   ,               39.0   ,                 17052   ,
2026-02-11 21:05:13 ,         210.0   ,             50.6   ,               29.7   ,        38.4   ,                  32.0   ,                30   ,                  2000   ,                30   ,                     0   ,            534   ,          0   ,                        0   ,                   0   ,                    0   ,               18.8   ,                  10.3   ,                6.1   ,                  8.5   ,              12.3   ,               2.4   ,                12.1   ,           17.4   ,             12.2   ,                         4.4   ,              16   ,        0.8800   ,               42.0   ,                 17056   ,
2026-02-11 21:05:14 ,         210.0   ,             50.6   ,               29.7   ,        38.3   ,                  32.0   ,                30   ,                  2001   ,                30   ,                     0   ,            534   ,          0   ,                        0   ,                   0   ,                    0   ,               18.9   ,                  10.8   ,                6.6   ,                  8.9   ,              12.3   ,               2.3   ,                12.1   ,           17.4   ,             12.2   ,                         4.2   ,              16   ,        0.8800   ,               39.0   ,                 17033   ,
2026-02-11 21:05:15 ,         210.0   ,             50.6   ,               29.7   ,        38.4   ,                  32.0   ,                30   ,                  2001   ,                30   ,                     0   ,            534   ,          0   ,                        0   ,                   0   ,                    0   ,               18.5   ,                   9.7   ,                6.5   ,                  8.8   ,              12.3   ,               2.3   ,                12.1   ,           16.5   ,             12.2   ,                         4.2   ,              16   ,        0.8800   ,               39.0   ,                 17062   ,
2026-02-11 21:05:16 ,         210.0   ,             50.6   ,               29.7   ,        38.2   ,                  32.0   ,                30   ,                  1995   ,                30   ,                     0   ,            534   ,          0   ,                        0   ,                   0   ,                    0   ,               17.9   ,                   9.1   ,                6.4   ,                  8.8   ,              12.3   ,               2.3   ,                12.1   ,           15.5   ,             12.2   ,                         4.0   ,              16   ,        0.8800   ,               35.0   ,                 17049   ,
2026-02-11 21:05:17 ,         210.0   ,             50.6   ,               29.7   ,        38.4   ,                  32.0   ,                30   ,                  2000   ,                30   ,                     0   ,            534   ,          0   ,                        0   ,                   0   ,                    0   ,               18.0   ,                   9.5   ,                6.3   ,                  8.6   ,              12.3   ,               2.2   ,                12.1   ,           15.8   ,             12.2   ,                         4.0   ,              16   ,        0.8800   ,               41.0   ,                 17052   ,
2026-02-11 21:05:18 ,         210.0   ,             50.6   ,               29.7   ,        38.3   ,                  32.0   ,                30   ,                  1999   ,                30   ,                     0   ,            534   ,          0   ,                        0   ,                   0   ,                    0   ,               18.5   ,                   9.8   ,                6.5   ,                  8.7   ,              12.3   ,               2.3   ,                12.1   ,           15.5   ,             12.2   ,                         3.9   ,              16   ,        0.8800   ,               42.0   ,                 17086   ,
2026-02-11 21:05:19 ,         210.0   ,             50.6   ,               29.7   ,        38.4   ,                  32.0   ,                30   ,                  1999   ,                30   ,                     0   ,            534   ,          0   ,                        0   ,                   0   ,                    0   ,               17.8   ,                   9.3   ,                6.2   ,                  8.5   ,              12.3   ,               2.3   ,                12.1   ,           15.5   ,             12.2   ,                         3.9   ,              16   ,        0.8800   ,               36.0   ,                 17079   ,
2026-02-11 21:05:20 ,         210.0   ,             50.6   ,               29.7   ,        38.3   ,                  32.0   ,                30   ,                  2001   ,                30   ,                     0   ,            534   ,          0   ,                        0   ,                   0   ,                    0   ,               18.7   ,                   9.9   ,                6.6   ,                  8.8   ,              12.3   ,               2.2   ,                12.1   ,           16.4   ,             12.2   ,                         4.2   ,              16   ,        0.8800   ,               39.0   ,                 17084   ,
2026-02-11 21:05:21 ,         210.0   ,             50.6   ,               29.7   ,        38.4   ,                  34.0   ,                30   ,                  2001   ,                30   ,                     0   ,            534   ,          0   ,                        0   ,                   0   ,                    0   ,               17.4   ,                   9.0   ,                6.2   ,                  8.4   ,              12.3   ,               2.2   ,                12.1   ,           15.2   ,             12.2   ,                         3.9   ,              16   ,        0.8800   ,               34.0   ,                 17096   ,
2026-02-11 21:05:22 ,         210.0   ,             50.6   ,               29.7   ,        38.4   ,                  34.0   ,                30   ,                  2000   ,                30   ,                     0   ,            534   ,          0   ,                        0   ,                   0   ,                    0   ,               18.9   ,                  10.1   ,                6.6   ,                  8.8   ,              12.3   ,               2.2   ,                12.1   ,           16.5   ,             12.2   ,                         4.2   ,              16   ,        0.8800   ,               39.0   ,                 17104   ,
2026-02-11 21:05:23 ,         210.0   ,             50.6   ,               29.7   ,        38.3   ,                  32.0   ,                30   ,                  1999   ,                30   ,                     0   ,            534   ,          0   ,                        0   ,                   0   ,                    0   ,               17.8   ,                   9.5   ,                6.1   ,                  8.8   ,              12.3   ,               2.2   ,                12.1   ,           16.4   ,             12.2   ,                         4.3   ,              16   ,        0.8800   ,               39.0   ,                 17240   ,
2026-02-11 21:05:24 ,         210.0   ,             50.6   ,               29.7   ,        38.4   ,                  32.0   ,                30   ,                  1999   ,                30   ,                     0   ,            534   ,          0   ,                        0   ,                   0   ,                    0   ,               18.1   ,                   9.6   ,                6.3   ,                  8.5   ,              12.3   ,               2.2   ,                12.1   ,           16.7   ,             12.2   ,                         4.2   ,              16   ,        0.8800   ,               46.0   ,                 17188   ,
2026-02-11 21:05:25 ,         210.0   ,             50.6   ,               29.7   ,        38.3   ,                  32.0   ,                30   ,                  2001   ,                30   ,                     0   ,            534   ,          0   ,                        0   ,                   0   ,                    0   ,               18.2   ,                   9.7   ,                6.2   ,                  8.5   ,              12.3   ,               2.3   ,                12.1   ,           15.9   ,             12.2   ,                         4.2   ,              16   ,        0.8800   ,               42.0   ,                 17218   ,
2026-02-11 21:05:26 ,         210.0   ,             50.6   ,               29.7   ,        38.3   ,                  32.0   ,                30   ,                  2000   ,                30   ,                     0   ,            534   ,          0   ,                        0   ,                   0   ,                    0   ,               17.5   ,                   9.0   ,                6.3   ,                  8.6   ,              12.3   ,               2.2   ,                12.1   ,           15.4   ,             12.2   ,                         3.9   ,              16   ,        0.8800   ,               37.0   ,                 17189   ,
2026-02-11 21:05:27 ,         210.0   ,             50.6   ,               29.7   ,        38.3   ,                  32.0   ,                30   ,                  2001   ,                30   ,                     0   ,            534   ,          0   ,                        0   ,                   0   ,                    0   ,               17.7   ,                   9.2   ,                6.3   ,                  8.5   ,              12.3   ,               2.2   ,                12.1   ,           16.4   ,             12.2   ,                         4.1   ,              16   ,        0.8800   ,               42.0   ,                 17186   ,
2026-02-11 21:05:28 ,         210.0   ,             50.6   ,               29.7   ,        38.4   ,                  34.0   ,                30   ,                  2000   ,                30   ,                     0   ,            534   ,          0   ,                        0   ,                   0   ,                    0   ,               18.2   ,                   9.6   ,                6.4   ,                  8.7   ,              12.3   ,               2.3   ,                12.1   ,           16.1   ,             12.2   ,                         4.1   ,              16   ,        0.8800   ,               42.0   ,                 17216   ,
2026-02-11 21:05:29 ,         210.0   ,             50.6   ,               29.7   ,        38.3   ,                  32.0   ,                30   ,                  1999   ,                30   ,                     0   ,            534   ,          0   ,                        0   ,                   0   ,                    0   ,               18.4   ,                   9.8   ,                6.3   ,                  8.6   ,              12.3   ,               2.2   ,                12.1   ,           16.9   ,             12.2   ,                         4.2   ,              16   ,        0.8800   ,               39.0   ,                 17181   ,
2026-02-11 21:05:30 ,         210.0   ,             50.6   ,               29.7   ,        38.1   ,                  32.0   ,                30   ,                  2001   ,                30   ,                     0   ,            534   ,          0   ,                        0   ,                   0   ,                    0   ,               17.8   ,                   9.4   ,                6.3   ,                  8.6   ,              12.3   ,               2.3   ,                12.1   ,           15.8   ,             12.2   ,                         4.0   ,              16   ,        0.8800   ,               36.0   ,                 17226   ,
2026-02-11 21:05:31 ,         210.0   ,             50.6   ,               29.7   ,        38.4   ,                  34.0   ,                30   ,                  2001   ,                30   ,                     0   ,            534   ,          0   ,                        0   ,                   0   ,                    0   ,               18.1   ,                   9.6   ,                6.3   ,                  8.5   ,              12.3   ,               2.2   ,                12.1   ,           16.3   ,             12.2   ,                         4.1   ,              16   ,        0.8800   ,               38.0   ,                 17148   ,
2026-02-11 21:05:32 ,         210.0   ,             50.6   ,               29.7   ,        38.4   ,                  32.0   ,                30   ,                  2001   ,                30   ,                     0   ,            534   ,          0   ,                        0   ,                   0   ,                    0   ,               17.7   ,                   9.6   ,                5.9   ,                  8.1   ,              12.3   ,               2.2   ,                12.1   ,           16.9   ,             12.2   ,                         4.3   ,              16   ,        0.8800   ,               38.0   ,                 17151   ,
2026-02-11 21:05:33 ,         210.0   ,             50.6   ,               29.7   ,        38.4   ,                  32.0   ,                30   ,                  2000   ,                30   ,                     0   ,            534   ,          0   ,                        0   ,                   0   ,                    0   ,               17.4   ,                   9.3   ,                5.9   ,                  8.1   ,              12.3   ,               2.2   ,                12.1   ,           17.2   ,             12.2   ,                         4.3   ,              16   ,        0.8800   ,               43.0   ,                 17163   ,
2026-02-11 21:05:34 ,         210.0   ,             50.6   ,               29.7   ,        38.3   ,                  32.0   ,                30   ,                  2000   ,                30   ,                     0   ,            534   ,          0   ,                        0   ,                   0   ,                    0   ,               17.0   ,                   8.9   ,                5.9   ,                  9.2   ,              12.3   ,               2.2   ,                12.1   ,           17.3   ,             12.2   ,                         4.3   ,              16   ,        0.8800   ,               39.0   ,                 17150   ,
2026-02-11 21:05:35 ,         210.0   ,             50.6   ,               29.7   ,        38.3   ,                  34.0   ,                30   ,                  1999   ,                30   ,                     0   ,            534   ,          0   ,                        0   ,                   0   ,                    0   ,               17.6   ,                   9.7   ,                6.6   ,                  8.8   ,              12.3   ,               2.2   ,                12.1   ,           16.3   ,             12.2   ,                         4.1   ,              16   ,        0.8800   ,               37.0   ,                 17165   ,
2026-02-11 21:05:36 ,         210.0   ,             50.6   ,               29.7   ,        38.3   ,                  34.0   ,                30   ,                  2001   ,                30   ,                     0   ,            534   ,          0   ,                        0   ,                   0   ,                    0   ,               17.5   ,                   9.3   ,                6.0   ,                  8.2   ,              12.3   ,               2.2   ,                12.1   ,           17.8   ,             12.2   ,                         4.4   ,              16   ,        0.8800   ,               38.0   ,                 17148   ,
2026-02-11 21:05:37 ,         210.0   ,             50.6   ,               29.7   ,        38.3   ,                  34.0   ,                30   ,                  2003   ,                30   ,                     0   ,            534   ,          0   ,                        0   ,                   0   ,                    0   ,               17.4   ,                   9.9   ,                6.6   ,                  8.8   ,              12.3   ,               2.2   ,                12.1   ,           16.4   ,             12.2   ,                         4.1   ,              16   ,        0.8800   ,               41.0   ,                 17153   ,
2026-02-11 21:05:38 ,         210.0   ,             50.6   ,               29.7   ,        38.3   ,                  32.0   ,                30   ,                  2001   ,                30   ,                     0   ,            534   ,          0   ,                        0   ,                   0   ,                    0   ,               17.0   ,                   9.6   ,                6.6   ,                  8.8   ,              12.3   ,               2.2   ,                12.1   ,           15.7   ,             12.2   ,                         4.0   ,              16   ,        0.8800   ,               40.0   ,                 17159   ,
2026-02-11 21:05:39 ,         210.0   ,             50.6   ,               29.7   ,        38.3   ,                  34.0   ,                30   ,                  2000   ,                30   ,                     0   ,            534   ,          0   ,                        0   ,                   0   ,                    0   ,               16.4   ,                   8.2   ,                6.7   ,                  9.0   ,              12.3   ,               2.3   ,                12.1   ,           16.9   ,             12.2   ,                         4.3   ,              16   ,        0.8800   ,               38.0   ,                 17139   ,
2026-02-11 21:05:40 ,         210.0   ,             50.6   ,               29.7   ,        38.3   ,                  34.0   ,                30   ,                  1999   ,                30   ,                     0   ,            534   ,          0   ,                        0   ,                   0   ,                    0   ,               17.9   ,                   9.4   ,                6.3   ,                  8.6   ,              12.3   ,               2.3   ,                12.1   ,           15.7   ,             12.2   ,                         4.2   ,              16   ,        0.8800   ,               40.0   ,                 17166   ,
2026-02-11 21:05:41 ,         210.0   ,             50.6   ,               29.7   ,        38.3   ,                  32.0   ,                30   ,                  2000   ,                30   ,                     0   ,            534   ,          0   ,                        0   ,                   0   ,                    0   ,               16.6   ,                   9.4   ,                6.7   ,                  8.9   ,              12.3   ,               2.3   ,                12.1   ,           16.1   ,             12.2   ,                         4.1   ,              16   ,        0.8800   ,               42.0   ,                 17157   ,
2026-02-11 21:05:42 ,         210.0   ,             50.6   ,               29.7   ,        38.3   ,                  34.0   ,                30   ,                  2000   ,                30   ,                     0   ,            534   ,          0   ,                        0   ,                   0   ,                    0   ,               19.2   ,                  10.4   ,                6.4   ,                  8.7   ,              12.3   ,               2.3   ,                12.1   ,           16.9   ,             12.2   ,                         4.3   ,              16   ,        0.8800   ,               40.0   ,                 17167   ,
2026-02-11 21:05:43 ,         210.0   ,             50.6   ,               29.7   ,        38.3   ,                  32.0   ,                30   ,                  2002   ,                30   ,                     0   ,            534   ,          0   ,                        0   ,                   0   ,                    0   ,               17.6   ,                   9.3   ,                6.0   ,                  8.3   ,              12.3   ,               2.3   ,                12.1   ,           15.3   ,             12.2   ,                         3.9   ,              16   ,        0.8800   ,               37.0   ,                 17156   ,
2026-02-11 21:05:44 ,         210.0   ,             50.6   ,               29.7   ,        38.3   ,                  34.0   ,                30   ,                  2000   ,                30   ,                     0   ,            534   ,          0   ,                        0   ,                   0   ,                    0   ,               17.3   ,                   8.7   ,                6.2   ,                  8.5   ,              12.3   ,               2.3   ,                12.1   ,           14.9   ,             12.2   ,                         4.3   ,              16   ,        0.8800   ,               39.0   ,                 17156   ,
2026-02-11 21:05:45 ,         210.0   ,             50.6   ,               29.7   ,        38.4   ,                  32.0   ,                30   ,                  2000   ,                30   ,                     0   ,            534   ,          0   ,                        0   ,                   0   ,                    0   ,               17.8   ,                   9.3   ,                6.2   ,                  8.4   ,              12.3   ,               2.3   ,                12.1   ,           17.1   ,             12.2   ,                         4.3   ,              16   ,        0.8800   ,               38.0   ,                 17154   ,
2026-02-11 21:05:46 ,         210.0   ,             50.6   ,               29.7   ,        38.3   ,                  32.0   ,                30   ,                  2000   ,                30   ,                     0   ,            534   ,          0   ,                        0   ,                   0   ,                    0   ,               16.3   ,                   8.1   ,                5.9   ,                  8.2   ,              12.3   ,               2.3   ,                12.1   ,           17.4   ,             12.2   ,                         4.4   ,              16   ,        0.8800   ,               40.0   ,                 17153   ,
2026-02-11 21:05:47 ,         210.0   ,             50.6   ,               29.7   ,        38.3   ,                  34.0   ,                30   ,                  2000   ,                30   ,                     0   ,            534   ,          0   ,                        0   ,                   0   ,                    0   ,               16.9   ,                   8.5   ,                6.1   ,                  8.4   ,              12.3   ,               2.3   ,                12.1   ,           14.6   ,             12.2   ,                         4.4   ,              16   ,        0.8800   ,               40.0   ,                 17152   ,
2026-02-11 21:05:48 ,         210.0   ,             50.6   ,               29.7   ,        38.3   ,                  32.0   ,                30   ,                  2000   ,                30   ,                     0   ,            534   ,          0   ,                        0   ,                   0   ,                    0   ,               16.9   ,                   8.7   ,                5.9   ,                  8.2   ,              12.3   ,               2.3   ,                12.1   ,           16.8   ,             12.2   ,                         4.3   ,              16   ,        0.8800   ,               41.0   ,                 17153   ,
2026-02-11 21:05:49 ,         210.0   ,             50.6   ,               29.7   ,        38.3   ,                  32.0   ,                30   ,                  2001   ,                30   ,                     0   ,            534   ,          0   ,                        0   ,                   0   ,                    0   ,               16.7   ,                   8.8   ,                5.8   ,                  7.9   ,              12.3   ,               2.2   ,                12.1   ,           16.9   ,             12.2   ,                         4.2   ,              16   ,        0.8800   ,               41.0   ,                 17147   ,
2026-02-11 21:05:50 ,         210.0   ,             50.6   ,               29.7   ,        38.3   ,                  34.0   ,                30   ,                  1999   ,                30   ,                     0   ,            534   ,          0   ,                        0   ,                   0   ,                    0   ,               17.0   ,                   9.0   ,                5.7   ,                  7.9   ,              12.3   ,               2.2   ,                12.1   ,           16.9   ,             12.2   ,                         4.2   ,              16   ,        0.8800   ,               41.0   ,                 17149   ,
2026-02-11 21:05:51 ,         210.0   ,             50.6   ,               29.7   ,        38.3   ,                  32.0   ,                30   ,                  1999   ,                30   ,                     0   ,            534   ,          0   ,                        0   ,                   0   ,                    0   ,               19.0   ,                  10.2   ,                6.7   ,                  8.9   ,              12.3   ,               2.2   ,                12.1   ,           16.0   ,             12.2   ,                         4.3   ,              16   ,        0.8800   ,               37.0   ,                 17142   ,
2026-02-11 21:05:52 ,         210.0   ,             50.6   ,               29.7   ,        38.3   ,                  32.0   ,                30   ,                  2002   ,                30   ,                     0   ,            534   ,          0   ,                        0   ,                   0   ,                    0   ,               16.6   ,                   8.6   ,                5.8   ,                  9.1   ,              12.3   ,               2.2   ,                12.1   ,           17.0   ,             12.2   ,                         4.3   ,              16   ,        0.8800   ,               42.0   ,                 17150   ,
2026-02-11 21:05:53 ,         210.0   ,             50.6   ,               29.7   ,        38.3   ,                  34.0   ,                30   ,                  2000   ,                30   ,                     0   ,            534   ,          0   ,                        0   ,                   0   ,                    0   ,               16.9   ,                   9.0   ,                5.7   ,                  9.1   ,              12.3   ,               2.3   ,                12.1   ,           17.5   ,             12.2   ,                         4.4   ,              16   ,        0.8800   ,               41.0   ,                 17151   ,
2026-02-11 21:05:54 ,         210.0   ,             50.6   ,               29.7   ,        38.3   ,                  32.0   ,                30   ,                  2001   ,                30   ,                     0   ,            534   ,          0   ,                        0   ,                   0   ,                    0   ,               18.6   ,                   9.9   ,                6.5   ,                  8.8   ,              12.3   ,               2.2   ,                12.1   ,           16.4   ,             12.2   ,                         4.3   ,              16   ,        0.8800   ,               41.0   ,                 17153   ,
2026-02-11 21:05:55 ,         210.0   ,             50.6   ,               29.7   ,        38.3   ,                  32.0   ,                30   ,                  2000   ,                30   ,                     0   ,            534   ,          0   ,                        0   ,                   0   ,                    0   ,               19.1   ,                  10.2   ,                6.5   ,                  8.9   ,              12.3   ,               2.3   ,                12.1   ,           16.7   ,             12.2   ,                         4.1   ,              16   ,        0.8800   ,               40.0   ,                 17152   ,
2026-02-11 21:05:56 ,         210.0   ,             50.6   ,               29.7   ,        38.2   ,                  34.0   ,                30   ,                  1999   ,                30   ,                     0   ,            534   ,          0   ,                        0   ,                   0   ,                    0   ,               16.5   ,                   8.5   ,                5.8   ,                  8.0   ,              12.3   ,               2.3   ,                12.1   ,           14.3   ,             12.2   ,                         3.7   ,              16   ,        0.8800   ,               35.0   ,                 17142   ,
2026-02-11 21:05:57 ,         210.0   ,             50.6   ,               29.7   ,        38.3   ,                  34.0   ,                30   ,                  2001   ,                30   ,                     0   ,            534   ,          0   ,                        0   ,                   0   ,                    0   ,               17.6   ,                   9.0   ,                6.3   ,                  8.5   ,              12.3   ,               2.3   ,                12.1   ,           15.3   ,             12.2   ,                         4.1   ,              16   ,        0.8800   ,               35.0   ,                 17159   ,
2026-02-11 21:05:58 ,         210.0   ,             50.6   ,               29.7   ,        38.3   ,                  32.0   ,                30   ,                  2001   ,                30   ,                     0   ,            534   ,          0   ,                        0   ,                   0   ,                    0   ,               17.6   ,                   9.1   ,                6.2   ,                  8.4   ,              12.3   ,               2.2   ,                12.1   ,           16.1   ,             12.2   ,                         4.1   ,              16   ,        0.8800   ,               36.0   ,                 17159   ,
2026-02-11 21:05:59 ,         210.0   ,             50.6   ,               29.7   ,        38.3   ,                  34.0   ,                30   ,                  2001   ,                30   ,                     0   ,            534   ,          0   ,                        0   ,                   0   ,                    0   ,               17.7   ,                   9.1   ,                6.2   ,                  8.5   ,              12.3   ,               2.4   ,                12.1   ,           15.3   ,             12.2   ,                         4.2   ,              16   ,        0.8800   ,               36.0   ,                 17160   ,
2026-02-11 21:06:00 ,         210.0   ,             50.6   ,               29.7   ,        38.3   ,                  34.0   ,                30   ,                  2000   ,                30   ,                     0   ,            534   ,          0   ,                        0   ,                   0   ,                    0   ,               16.7   ,                   8.5   ,                5.9   ,                  8.2   ,              12.3   ,               2.3   ,                12.1   ,           16.9   ,             12.2   ,                         4.3   ,              16   ,        0.8800   ,               36.0   ,                 17154   ,
2026-02-11 21:06:01 ,         210.0   ,             50.6   ,               29.7   ,        38.3   ,                  34.0   ,                30   ,                  1998   ,                30   ,                     0   ,            534   ,          0   ,                        0   ,                   0   ,                    0   ,               18.7   ,                   9.9   ,                6.5   ,                  8.8   ,              12.3   ,               2.3   ,                12.1   ,           16.9   ,             12.2   ,                         4.3   ,              16   ,        0.8800   ,               40.0   ,                 17131   ,
2026-02-11 21:06:02 ,         210.0   ,             50.6   ,               29.7   ,        38.3   ,                  32.0   ,                30   ,                  2001   ,                30   ,                     0   ,            534   ,          0   ,                        0   ,                   0   ,                    0   ,               17.5   ,                  10.0   ,                6.7   ,                  8.9   ,              12.3   ,               2.3   ,                12.1   ,           16.7   ,             12.2   ,                         4.2   ,              16   ,        0.8800   ,               36.0   ,                 17142   ,
2026-02-11 21:06:03 ,         210.0   ,             50.6   ,               29.7   ,        38.3   ,                  32.0   ,                30   ,                  2000   ,                30   ,                     0   ,            534   ,          0   ,                        0   ,                   0   ,                    0   ,               18.3   ,                   9.6   ,                6.4   ,                  8.7   ,              12.3   ,               2.2   ,                12.1   ,           16.0   ,             12.2   ,                         4.1   ,              16   ,        0.8800   ,               35.0   ,                 17141   ,
2026-02-11 21:06:04 ,         210.0   ,             50.6   ,               29.7   ,        38.3   ,                  34.0   ,                30   ,                  2001   ,                30   ,                     0   ,            534   ,          0   ,                        0   ,                   0   ,                    0   ,               16.7   ,                   8.6   ,                5.9   ,                  8.0   ,              12.3   ,               2.2   ,                12.1   ,           14.5   ,             12.2   ,                         3.7   ,              16   ,        0.8800   ,               38.0   ,                 17147   ,
2026-02-11 21:06:05 ,         210.0   ,             50.6   ,               29.7   ,        38.3   ,                  32.0   ,                30   ,                  2000   ,                30   ,                     0   ,            534   ,          0   ,                        0   ,                   0   ,                    0   ,               18.2   ,                   9.7   ,                6.2   ,                  8.5   ,              12.3   ,               2.3   ,                12.1   ,           15.9   ,             12.2   ,                         4.3   ,              16   ,        0.8800   ,               40.0   ,                 17144   ,
2026-02-11 21:06:06 ,         210.0   ,             50.6   ,               29.7   ,        38.3   ,                  32.0   ,                30   ,                  1999   ,                30   ,                     0   ,            534   ,          0   ,                        0   ,                   0   ,                    0   ,               18.5   ,                  10.0   ,                6.4   ,                  8.5   ,              12.3   ,               2.2   ,                12.1   ,           16.4   ,             12.2   ,                         4.5   ,              16   ,        0.8800   ,               36.0   ,                 17141   ,
2026-02-11 21:06:07 ,         210.0   ,             50.6   ,               29.7   ,        38.2   ,                  32.0   ,                30   ,                  2001   ,                30   ,                     0   ,            534   ,          0   ,                        0   ,                   0   ,                    0   ,               17.5   ,                   9.6   ,                5.7   ,                  7.9   ,              12.3   ,               2.2   ,                12.1   ,           17.6   ,             12.2   ,                         4.4   ,              16   ,        0.8800   ,               41.0   ,                 17149   ,
2026-02-11 21:06:08 ,         210.0   ,             50.6   ,               29.7   ,        38.3   ,                  32.0   ,                30   ,                  2001   ,                30   ,                     0   ,            534   ,          0   ,                        0   ,                   0   ,                    0   ,               19.9   ,                  11.4   ,                6.3   ,                  8.6   ,              12.3   ,               2.3   ,                12.1   ,           17.7   ,             12.2   ,                         4.6   ,              16   ,        0.8800   ,               36.0   ,                 17144   ,
2026-02-11 21:06:09 ,         210.0   ,             50.6   ,               29.7   ,        38.3   ,                  34.0   ,                30   ,                  2001   ,                30   ,                     0   ,            534   ,          0   ,                        0   ,                   0   ,                    0   ,               17.8   ,                   9.4   ,                6.2   ,                  8.4   ,              12.3   ,               2.3   ,                12.1   ,           17.7   ,             12.2   ,                         4.4   ,              16   ,        0.8800   ,               41.0   ,                 17139   ,
2026-02-11 21:06:10 ,         210.0   ,             50.6   ,               29.7   ,        38.3   ,                  34.0   ,                30   ,                  2000   ,                30   ,                     0   ,            534   ,          0   ,                        0   ,                   0   ,                    0   ,               18.4   ,                  10.0   ,                6.2   ,                  8.5   ,              12.3   ,               2.2   ,                12.1   ,           16.2   ,             12.2   ,                         4.7   ,              16   ,        0.8800   ,               39.0   ,                 17139   ,
2026-02-11 21:06:11 ,         210.0   ,             50.6   ,               29.7   ,        38.3   ,                  32.0   ,                30   ,                  2000   ,                30   ,                     0   ,            534   ,          0   ,                        0   ,                   0   ,                    0   ,               17.9   ,                   9.8   ,                6.0   ,                  8.2   ,              12.3   ,               2.3   ,                12.1   ,           18.0   ,             12.2   ,                         4.5   ,              16   ,        0.8800   ,               38.0   ,                 17142   ,
2026-02-11 21:06:12 ,         210.0   ,             50.6   ,               29.7   ,        38.3   ,                  32.0   ,                30   ,                  1999   ,                30   ,                     0   ,            534   ,          0   ,                        0   ,                   0   ,                    0   ,               17.6   ,                   9.4   ,                6.0   ,                  8.2   ,              12.3   ,               2.3   ,                12.1   ,           18.1   ,             12.2   ,                         4.5   ,              16   ,        0.8800   ,               42.0   ,                 17141   ,
2026-02-11 21:06:13 ,         210.0   ,             50.6   ,               29.7   ,        38.3   ,                  32.0   ,                30   ,                  2000   ,                30   ,                     0   ,            534   ,          0   ,                        0   ,                   0   ,                    0   ,               18.0   ,                   9.6   ,                6.7   ,                  9.0   ,              12.3   ,               2.3   ,                12.1   ,           17.7   ,             12.2   ,                         4.4   ,              16   ,        0.8800   ,               41.0   ,                 17142   ,
2026-02-11 21:06:14 ,         210.0   ,             50.6   ,               29.7   ,        38.3   ,                  32.0   ,                30   ,                  2000   ,                30   ,                     0   ,            534   ,          0   ,                        0   ,                   0   ,                    0   ,               17.6   ,                   9.5   ,                5.9   ,                  8.1   ,              12.3   ,               2.2   ,                12.1   ,           15.4   ,             12.2   ,                         3.9   ,              16   ,        0.8800   ,               35.0   ,                 17142   ,
2026-02-11 21:06:15 ,         210.0   ,             50.6   ,               29.7   ,        38.3   ,                  32.0   ,                30   ,                  2002   ,                30   ,                     0   ,            534   ,          0   ,                        0   ,                   0   ,                    0   ,               18.3   ,                   9.7   ,                6.4   ,                  8.6   ,              12.3   ,               2.2   ,                12.1   ,           17.0   ,             12.2   ,                         4.3   ,              16   ,        0.8800   ,               41.0   ,                 17142   ,
2026-02-11 21:06:16 ,         210.0   ,             50.6   ,               29.7   ,        38.3   ,                  34.0   ,                30   ,                  2002   ,                30   ,                     0   ,            534   ,          0   ,                        0   ,                   0   ,                    0   ,               16.9   ,                  10.9   ,                6.7   ,                  8.9   ,              12.3   ,               2.2   ,                12.1   ,           17.6   ,             12.2   ,                         4.4   ,              16   ,        0.8800   ,               37.0   ,                 17140   ,
2026-02-11 21:06:17 ,         210.0   ,             50.6   ,               29.7   ,        38.2   ,                  34.0   ,                30   ,                  2001   ,                30   ,                     0   ,            534   ,          0   ,                        0   ,                   0   ,                    0   ,               17.2   ,                   9.1   ,                5.9   ,                  8.9   ,              12.3   ,               2.2   ,                12.1   ,           17.1   ,             12.2   ,                         4.3   ,              16   ,        0.8800   ,               42.0   ,                 17142   ,
2026-02-11 21:06:18 ,         210.0   ,             50.6   ,               29.7   ,        38.3   ,                  34.0   ,                30   ,                  2001   ,                30   ,                     0   ,            534   ,          0   ,                        0   ,                   0   ,                    0   ,               17.5   ,                  10.8   ,                6.6   ,                  8.8   ,              12.3   ,               2.2   ,                12.1   ,           17.4   ,             12.2   ,                         4.4   ,              16   ,        0.8800   ,               38.0   ,                 17141   ,
2026-02-11 21:06:19 ,         210.0   ,             50.6   ,               29.7   ,        38.3   ,                  32.0   ,                30   ,                  1999   ,                30   ,                     0   ,            534   ,          0   ,                        0   ,                   0   ,                    0   ,               18.1   ,                   9.5   ,                6.3   ,                  8.6   ,              12.3   ,               2.2   ,                12.1   ,           15.8   ,             12.2   ,                         4.2   ,              16   ,        0.8800   ,               38.0   ,                 17142   ,
2026-02-11 21:06:20 ,         210.0   ,             50.6   ,               29.7   ,        38.3   ,                  34.0   ,                30   ,                  1999   ,                30   ,                     0   ,            534   ,          0   ,                        0   ,                   0   ,                    0   ,               17.7   ,                   9.3   ,                6.2   ,                  8.4   ,              12.3   ,               2.2   ,                12.1   ,           15.5   ,             12.2   ,                         4.3   ,              16   ,        0.8800   ,               39.0   ,                 17142   ,
2026-02-11 21:06:21 ,         210.0   ,             50.6   ,               29.7   ,        38.2   ,                  32.0   ,                30   ,                  1999   ,                30   ,                     0   ,            534   ,          0   ,                        0   ,                   0   ,                    0   ,               18.2   ,                   9.6   ,                6.4   ,                  8.7   ,              12.3   ,               2.2   ,                12.1   ,           16.0   ,             12.2   ,                         4.2   ,              16   ,        0.8800   ,               38.0   ,                 17142   ,
2026-02-11 21:06:22 ,         210.0   ,             50.6   ,               29.7   ,        38.3   ,                  34.0   ,                30   ,                  2001   ,                30   ,                     0   ,            534   ,          0   ,                        0   ,                   0   ,                    0   ,               17.5   ,                   9.1   ,                6.2   ,                  8.4   ,              12.3   ,               2.2   ,                12.1   ,           15.8   ,             12.2   ,                         4.0   ,              16   ,        0.8800   ,               39.0   ,                 17143   ,
2026-02-11 21:06:23 ,         210.0   ,             50.6   ,               29.7   ,        38.3   ,                  34.0   ,                30   ,                  2000   ,                30   ,                     0   ,            534   ,          0   ,                        0   ,                   0   ,                    0   ,               18.5   ,                   9.7   ,                6.5   ,                  8.7   ,              12.3   ,               2.3   ,                12.1   ,           16.2   ,             12.2   ,                         4.1   ,              16   ,        0.8800   ,               39.0   ,                 17143   ,
2026-02-11 21:06:25 ,         210.0   ,             50.6   ,               29.7   ,        38.4   ,                  32.0   ,                30   ,                  2001   ,                30   ,                     0   ,            534   ,          0   ,                        0   ,                   0   ,                    0   ,               18.2   ,                   9.5   ,                6.5   ,                  8.7   ,              12.3   ,               2.2   ,                12.1   ,           16.0   ,             12.2   ,                         4.0   ,              16   ,        0.8800   ,               37.0   ,                 17144   ,
2026-02-11 21:06:25 ,         210.0   ,             50.6   ,               29.7   ,        38.3   ,                  34.0   ,                30   ,                  2002   ,                30   ,                     0   ,            534   ,          0   ,                        0   ,                   0   ,                    0   ,               18.8   ,                   9.9   ,                6.7   ,                  8.9   ,              12.3   ,               2.2   ,                12.1   ,           16.5   ,             12.2   ,                         4.2   ,              16   ,        0.8800   ,               40.0   ,                 17143   ,
2026-02-11 21:06:26 ,         210.0   ,             50.6   ,               29.7   ,        38.3   ,                  34.0   ,                30   ,                  1997   ,                30   ,                     0   ,            534   ,          0   ,                        0   ,                   0   ,                    0   ,               18.7   ,                  10.0   ,                6.4   ,                  8.7   ,              12.3   ,               2.3   ,                12.1   ,           16.4   ,             12.2   ,                         4.2   ,              16   ,        0.8800   ,               42.0   ,                 17143   ,
2026-02-11 21:06:27 ,         210.0   ,             50.6   ,               29.7   ,        38.2   ,                  34.0   ,                30   ,                  1999   ,                30   ,                     0   ,            534   ,          0   ,                        0   ,                   0   ,                    0   ,               17.5   ,                   9.2   ,                6.1   ,                  8.3   ,              12.3   ,               2.2   ,                12.1   ,           15.3   ,             12.2   ,                         3.9   ,              16   ,        0.8800   ,               40.0   ,                 17143   ,
2026-02-11 21:06:28 ,         210.0   ,             50.6   ,               29.7   ,        38.3   ,                  34.0   ,                30   ,                  2000   ,                30   ,                     0   ,            534   ,          0   ,                        0   ,                   0   ,                    0   ,               18.1   ,                   9.7   ,                6.2   ,                  8.4   ,              12.3   ,               2.2   ,                12.1   ,           15.9   ,             12.2   ,                         4.0   ,              16   ,        0.8800   ,               38.0   ,                 17145   ,
2026-02-11 21:06:29 ,         210.0   ,             50.6   ,               29.7   ,        38.3   ,                  32.0   ,                30   ,                  2001   ,                30   ,                     0   ,            534   ,          0   ,                        0   ,                   0   ,                    0   ,               17.7   ,                   9.2   ,                6.3   ,                  8.6   ,              12.3   ,               2.2   ,                12.1   ,           15.5   ,             12.2   ,                         4.4   ,              16   ,        0.8800   ,               40.0   ,                 17147   ,
2026-02-11 21:06:31 ,         210.0   ,             50.6   ,               29.7   ,        38.3   ,                  32.0   ,                30   ,                  2001   ,                30   ,                     0   ,            534   ,          0   ,                        0   ,                   0   ,                    0   ,               17.7   ,                   9.3   ,                6.2   ,                  8.4   ,              12.3   ,               2.2   ,                12.1   ,           17.1   ,             12.2   ,                         4.3   ,              16   ,        0.8800   ,               35.0   ,                 17151   ,
2026-02-11 21:06:31 ,         210.0   ,             50.6   ,               29.7   ,        38.3   ,                  32.0   ,                30   ,                  2002   ,                30   ,                     0   ,            534   ,          0   ,                        0   ,                   0   ,                    0   ,               16.6   ,                   8.5   ,                5.9   ,                  8.1   ,              12.3   ,               2.2   ,                12.1   ,           14.4   ,             12.2   ,                         4.4   ,              16   ,        0.8800   ,               35.0   ,                 17153   ,
2026-02-11 21:06:33 ,         210.0   ,             50.6   ,               29.7   ,        38.2   ,                  32.0   ,                30   ,                  1998   ,                30   ,                     0   ,            534   ,          0   ,                        0   ,                   0   ,                    0   ,               17.1   ,                   9.0   ,                6.0   ,                  8.2   ,              12.3   ,               2.2   ,                12.1   ,           17.8   ,             12.2   ,                         3.9   ,              16   ,        0.8800   ,               40.0   ,                 17155   ,
2026-02-11 21:06:34 ,         210.0   ,             50.6   ,               29.7   ,        38.3   ,                  32.0   ,                30   ,                  2001   ,                30   ,                     0   ,            534   ,          0   ,                        0   ,                   0   ,                    0   ,               19.7   ,                  10.6   ,                6.8   ,                  9.1   ,              12.3   ,               2.3   ,                12.1   ,           17.4   ,             12.2   ,                         4.4   ,              16   ,        0.8800   ,               38.0   ,                 17157   ,
2026-02-11 21:06:35 ,         210.0   ,             50.6   ,               29.7   ,        38.3   ,                  34.0   ,                30   ,                  2001   ,                30   ,                     0   ,            534   ,          0   ,                        0   ,                   0   ,                    0   ,               18.6   ,                   9.9   ,                6.5   ,                  8.7   ,              12.3   ,               2.2   ,                12.1   ,           16.2   ,             12.2   ,                         4.1   ,              16   ,        0.8800   ,               39.0   ,                 17158   ,
2026-02-11 21:06:36 ,         210.0   ,             50.6   ,               29.7   ,        38.4   ,                  32.0   ,                30   ,                  1995   ,                30   ,                     0   ,            534   ,          0   ,                        0   ,                   0   ,                    0   ,               18.8   ,                   9.8   ,                6.8   ,                  9.0   ,              12.3   ,               2.2   ,                12.1   ,           16.8   ,             12.2   ,                         4.2   ,              16   ,        0.8800   ,               41.0   ,                 17157   ,
2026-02-11 21:06:37 ,         210.0   ,             50.6   ,               29.7   ,        38.3   ,                  34.0   ,                30   ,                  2002   ,                30   ,                     0   ,            534   ,          0   ,                        0   ,                   0   ,                    0   ,               18.8   ,                   9.8   ,                6.8   ,                  9.0   ,              12.3   ,               2.2   ,                12.1   ,           16.6   ,             12.2   ,                         4.1   ,              16   ,        0.8800   ,               42.0   ,                 17157   ,
2026-02-11 21:06:38 ,         210.0   ,             50.6   ,               29.7   ,        38.3   ,                  34.0   ,                30   ,                  1998   ,                30   ,                     0   ,            534   ,          0   ,                        0   ,                   0   ,                    0   ,               17.3   ,                  11.1   ,                6.8   ,                  9.1   ,              12.3   ,               2.3   ,                12.1   ,           17.9   ,             12.2   ,                         4.2   ,              16   ,        0.8800   ,               36.0   ,                 17158   ,
2026-02-11 21:06:39 ,         210.0   ,             50.6   ,               29.7   ,        38.3   ,                  32.0   ,                30   ,                  2000   ,                30   ,                     0   ,            534   ,          0   ,                        0   ,                   0   ,                    0   ,               19.4   ,                  10.5   ,                6.6   ,                  8.9   ,              12.3   ,               2.4   ,                12.1   ,           16.4   ,             12.2   ,                         4.2   ,              16   ,        0.8800   ,               41.0   ,                 17161   ,
2026-02-11 21:06:40 ,         210.0   ,             50.6   ,               29.7   ,        38.3   ,                  32.0   ,                30   ,                  2001   ,                30   ,                     0   ,            534   ,          0   ,                        0   ,                   0   ,                    0   ,               18.6   ,                   9.9   ,                6.5   ,                  8.8   ,              12.3   ,               2.3   ,                12.1   ,           16.4   ,             12.2   ,                         4.3   ,              16   ,        0.8800   ,               41.0   ,                 17160   ,
2026-02-11 21:06:41 ,         210.0   ,             50.6   ,               29.7   ,        38.3   ,                  32.0   ,                30   ,                  1999   ,                30   ,                     0   ,            534   ,          0   ,                        0   ,                   0   ,                    0   ,               18.7   ,                  10.3   ,                6.3   ,                  8.5   ,              12.3   ,               2.2   ,                12.1   ,           17.9   ,             12.2   ,                         4.5   ,              16   ,        0.8800   ,               41.0   ,                 17160   ,
2026-02-11 21:06:42 ,         210.0   ,             50.6   ,               29.7   ,        38.3   ,                  32.0   ,                30   ,                  1996   ,                30   ,                     0   ,            534   ,          0   ,                        0   ,                   0   ,                    0   ,               19.5   ,                  10.6   ,                6.6   ,                  8.9   ,              12.3   ,               2.3   ,                12.1   ,           16.9   ,             12.2   ,                         4.2   ,              16   ,        0.8800   ,               36.0   ,                 17155   ,
2026-02-11 21:06:43 ,         210.0   ,             50.6   ,               29.7   ,        38.3   ,                  32.0   ,                30   ,                  2000   ,                30   ,                     0   ,            534   ,          0   ,                        0   ,                   0   ,                    0   ,               18.8   ,                  10.0   ,                6.5   ,                  8.7   ,              12.3   ,               2.2   ,                12.1   ,           16.5   ,             12.2   ,                         4.4   ,              16   ,        0.8800   ,               41.0   ,                 17159   ,
2026-02-11 21:06:44 ,         210.0   ,             50.6   ,               29.7   ,        38.3   ,                  32.0   ,                30   ,                  2000   ,                30   ,                     0   ,            534   ,          0   ,                        0   ,                   0   ,                    0   ,               18.2   ,                   9.6   ,                6.4   ,                  8.6   ,              12.3   ,               2.2   ,                12.1   ,           16.8   ,             12.2   ,                         4.2   ,              16   ,        0.8800   ,               40.0   ,                 17160   ,
2026-02-11 21:06:45 ,         210.0   ,             50.6   ,               29.7   ,        38.2   ,                  32.0   ,                30   ,                  2000   ,                30   ,                     0   ,            534   ,          0   ,                        0   ,                   0   ,                    0   ,               17.8   ,                   9.3   ,                6.5   ,                  8.7   ,              12.3   ,               2.3   ,                12.1   ,           16.0   ,             12.2   ,                         4.1   ,              16   ,        0.8800   ,               38.0   ,                 17160   ,
2026-02-11 21:06:46 ,         210.0   ,             50.6   ,               29.7   ,        38.2   ,                  32.0   ,                30   ,                  2002   ,                30   ,                     0   ,            534   ,          0   ,                        0   ,                   0   ,                    0   ,               18.6   ,                  10.0   ,                6.4   ,                  8.6   ,              12.3   ,               2.2   ,                12.1   ,           16.4   ,             12.2   ,                         4.3   ,              16   ,        0.8800   ,               37.0   ,                 17157   ,
2026-02-11 21:06:47 ,         210.0   ,             50.6   ,               29.7   ,        38.4   ,                  32.0   ,                30   ,                  2000   ,                30   ,                     0   ,            534   ,          0   ,                        0   ,                   0   ,                    0   ,               19.0   ,                  10.4   ,                6.9   ,                  9.2   ,              12.3   ,               2.3   ,                12.1   ,           17.9   ,             12.2   ,                         4.3   ,              16   ,        0.8800   ,               38.0   ,                 17159   ,
2026-02-11 21:06:48 ,         210.0   ,             50.6   ,               29.7   ,        38.2   ,                  32.0   ,                30   ,                  2003   ,                30   ,                     0   ,            534   ,          0   ,                        0   ,                   0   ,                    0   ,               19.1   ,                  10.6   ,                6.3   ,                  8.5   ,              12.3   ,               2.3   ,                12.1   ,           18.1   ,             12.2   ,                         4.5   ,              16   ,        0.8800   ,               41.0   ,                 17158   ,
2026-02-11 21:06:49 ,         210.0   ,             50.6   ,               29.7   ,        38.3   ,                  32.0   ,                30   ,                  2000   ,                30   ,                     0   ,            534   ,          0   ,                        0   ,                   0   ,                    0   ,               19.0   ,                  10.1   ,                6.7   ,                  8.9   ,              12.3   ,               2.3   ,                12.1   ,           16.7   ,             12.2   ,                         4.2   ,              16   ,        0.8800   ,               39.0   ,                 17159   ,
2026-02-11 21:06:50 ,         210.0   ,             50.6   ,               29.7   ,        38.3   ,                  32.0   ,                30   ,                  1999   ,                30   ,                     0   ,            534   ,          0   ,                        0   ,                   0   ,                    0   ,               18.6   ,                   9.9   ,                6.4   ,                  8.7   ,              12.3   ,               2.3   ,                12.1   ,           17.0   ,             12.2   ,                         4.3   ,              16   ,        0.8800   ,               41.0   ,                 17155   ,
2026-02-11 21:06:51 ,         210.0   ,             50.6   ,               29.7   ,        38.3   ,                  32.0   ,                30   ,                  2001   ,                30   ,                     0   ,            534   ,          0   ,                        0   ,                   0   ,                    0   ,               18.5   ,                   9.9   ,                6.3   ,                  8.6   ,              12.3   ,               2.3   ,                12.1   ,           16.2   ,             12.2   ,                         4.4   ,              16   ,        0.8800   ,               41.0   ,                 17154   ,
2026-02-11 21:06:52 ,         210.0   ,             50.6   ,               29.7   ,        38.3   ,                  34.0   ,                30   ,                  2001   ,                30   ,                     0   ,            534   ,          0   ,                        0   ,                   0   ,                    0   ,               19.8   ,                  11.0   ,                6.5   ,                  8.8   ,              12.3   ,               2.3   ,                12.1   ,           17.5   ,             12.2   ,                         4.4   ,              16   ,        0.8800   ,               41.0   ,                 17150   ,
2026-02-11 21:06:53 ,         210.0   ,             50.6   ,               29.7   ,        38.4   ,                  32.0   ,                30   ,                  1997   ,                30   ,                     0   ,            534   ,          0   ,                        0   ,                   0   ,                    0   ,               19.2   ,                  10.5   ,                6.4   ,                  8.7   ,              12.3   ,               2.3   ,                12.1   ,           17.3   ,             12.2   ,                         4.4   ,              16   ,        0.8800   ,               38.0   ,                 17162   ,
2026-02-11 21:06:54 ,         210.0   ,             50.6   ,               29.7   ,        38.4   ,                  32.0   ,                30   ,                  2001   ,                30   ,                     0   ,            534   ,          0   ,                        0   ,                   0   ,                    0   ,               19.5   ,                  10.9   ,                6.2   ,                  8.6   ,              12.3   ,               2.3   ,                12.1   ,           17.6   ,             12.2   ,                         4.4   ,              16   ,        0.8800   ,               38.0   ,                 17160   ,
2026-02-11 21:06:55 ,         210.0   ,             50.6   ,               29.7   ,        38.3   ,                  32.0   ,                30   ,                  2001   ,                30   ,                     0   ,            534   ,          0   ,                        0   ,                   0   ,                    0   ,               18.3   ,                  10.0   ,                6.0   ,                  9.2   ,              12.3   ,               2.3   ,                12.1   ,           18.1   ,             12.2   ,                         4.5   ,              16   ,        0.8800   ,               36.0   ,                 17157   ,
2026-02-11 21:06:56 ,         210.0   ,             50.6   ,               29.7   ,        38.3   ,                  32.0   ,                30   ,                  2000   ,                30   ,                     0   ,            534   ,          0   ,                        0   ,                   0   ,                    0   ,               18.3   ,                  10.0   ,                6.0   ,                  8.3   ,              12.3   ,               2.3   ,                12.1   ,           18.1   ,             12.2   ,                         4.5   ,              16   ,        0.8800   ,               39.0   ,                 17161   ,
2026-02-11 21:06:57 ,         210.0   ,             50.6   ,               29.7   ,        38.3   ,                  32.0   ,                30   ,                  2000   ,                30   ,                     0   ,            534   ,          0   ,                        0   ,                   0   ,                    0   ,               18.7   ,                   9.8   ,                6.6   ,                  8.8   ,              12.3   ,               2.3   ,                12.1   ,           16.4   ,             12.2   ,                         4.5   ,              16   ,        0.8800   ,               40.0   ,                 17159   ,
2026-02-11 21:06:58 ,         210.0   ,             50.6   ,               29.7   ,        38.3   ,                  34.0   ,                30   ,                  2001   ,                30   ,                     0   ,            534   ,          0   ,                        0   ,                   0   ,                    0   ,               19.2   ,                  10.3   ,                6.6   ,                  8.9   ,              12.3   ,               2.3   ,                12.1   ,           16.9   ,             12.2   ,                         4.3   ,              16   ,        0.8800   ,               41.0   ,                 17164   ,
2026-02-11 21:06:59 ,         210.0   ,             50.6   ,               29.7   ,        38.3   ,                  32.0   ,                30   ,                  2001   ,                30   ,                     0   ,            534   ,          0   ,                        0   ,                   0   ,                    0   ,               19.2   ,                  10.5   ,                6.4   ,                  8.6   ,              12.3   ,               2.2   ,                12.1   ,           18.9   ,             12.2   ,                         4.7   ,              16   ,        0.8800   ,               41.0   ,                 17160   ,
2026-02-11 21:07:00 ,         210.0   ,             50.6   ,               29.7   ,        38.3   ,                  34.0   ,                30   ,                  2001   ,                30   ,                     0   ,            534   ,          0   ,                        0   ,                   0   ,                    0   ,               19.6   ,                  10.8   ,                6.7   ,                  8.9   ,              12.3   ,               2.2   ,                12.1   ,           17.4   ,             12.2   ,                         4.4   ,              16   ,        0.8800   ,               38.0   ,                 17159   ,
2026-02-11 21:07:01 ,         210.0   ,             50.6   ,               29.7   ,        38.4   ,                  34.0   ,                30   ,                  2000   ,                30   ,                     0   ,            534   ,          0   ,                        0   ,                   0   ,                    0   ,               19.8   ,                  11.2   ,                6.3   ,                  9.2   ,              12.3   ,               2.3   ,                12.1   ,           18.1   ,             12.2   ,                         4.5   ,              16   ,        0.8800   ,               41.0   ,                 17159   ,
2026-02-11 21:07:02 ,         210.0   ,             50.6   ,               29.7   ,        38.3   ,                  34.0   ,                30   ,                  2002   ,                30   ,                     0   ,            534   ,          0   ,                        0   ,                   0   ,                    0   ,               18.7   ,                  10.3   ,                6.3   ,                  8.5   ,              12.3   ,               2.1   ,                12.1   ,           18.4   ,             12.2   ,                         4.6   ,              16   ,        0.8800   ,               39.0   ,                 17160   ,
2026-02-11 21:07:03 ,         210.0   ,             50.6   ,               29.7   ,        38.3   ,                  34.0   ,                30   ,                  2002   ,                30   ,                     0   ,            534   ,          0   ,                        0   ,                   0   ,                    0   ,               17.8   ,                   9.2   ,                6.4   ,                  8.6   ,              12.3   ,               2.2   ,                12.1   ,           17.6   ,             12.2   ,                         4.4   ,              16   ,        0.8800   ,               42.0   ,                 17158   ,
2026-02-11 21:07:04 ,         210.0   ,             50.6   ,               29.7   ,        38.3   ,                  32.0   ,                30   ,                  2002   ,                30   ,                     0   ,            534   ,          0   ,                        0   ,                   0   ,                    0   ,               19.4   ,                  10.6   ,                7.0   ,                  9.3   ,              12.3   ,               2.3   ,                12.1   ,           17.9   ,             12.2   ,                         4.5   ,              16   ,        0.8800   ,               37.0   ,                 17163   ,
2026-02-11 21:07:05 ,         210.0   ,             50.6   ,               29.7   ,        38.3   ,                  32.0   ,                30   ,                  1999   ,                30   ,                     0   ,            534   ,          0   ,                        0   ,                   0   ,                    0   ,               18.1   ,                   9.6   ,                6.3   ,                  8.5   ,              12.3   ,               2.3   ,                12.1   ,           18.5   ,             12.2   ,                         4.6   ,              16   ,        0.8800   ,               43.0   ,                 17164   ,
2026-02-11 21:07:06 ,         210.0   ,             50.6   ,               29.7   ,        38.3   ,                  32.0   ,                30   ,                  1999   ,                30   ,                     0   ,            534   ,          0   ,                        0   ,                   0   ,                    0   ,               18.8   ,                  10.1   ,                6.4   ,                  8.6   ,              12.3   ,               2.2   ,                12.1   ,           16.5   ,             12.2   ,                         4.6   ,              16   ,        0.8800   ,               41.0   ,                 17168   ,
2026-02-11 21:07:07 ,         210.0   ,             50.6   ,               29.7   ,        38.3   ,                  34.0   ,                30   ,                  1998   ,                30   ,                     0   ,            534   ,          0   ,                        0   ,                   0   ,                    0   ,               18.8   ,                  10.4   ,                6.1   ,                  9.2   ,              12.3   ,               2.2   ,                12.1   ,           18.6   ,             12.2   ,                         4.6   ,              16   ,        0.8800   ,               43.0   ,                 17162   ,
2026-02-11 21:07:08 ,         210.0   ,             50.6   ,               29.7   ,        38.3   ,                  34.0   ,                30   ,                  2000   ,                30   ,                     0   ,            534   ,          0   ,                        0   ,                   0   ,                    0   ,               18.0   ,                   9.8   ,                6.0   ,                  8.2   ,              12.3   ,               2.3   ,                12.1   ,           18.9   ,             12.2   ,                         4.7   ,              16   ,        0.8800   ,               44.0   ,                 17174   ,
2026-02-11 21:07:09 ,         210.0   ,             50.6   ,               29.7   ,        38.3   ,                  32.0   ,                30   ,                  2001   ,                30   ,                     0   ,            534   ,          0   ,                        0   ,                   0   ,                    0   ,               20.2   ,                  11.2   ,                6.7   ,                  8.9   ,              12.3   ,               2.3   ,                12.2   ,           17.9   ,             12.2   ,                         4.4   ,              16   ,        0.8800   ,               39.0   ,                 17183   ,
2026-02-11 21:07:10 ,         210.0   ,             50.6   ,               29.7   ,        38.3   ,                  32.0   ,                30   ,                  2000   ,                30   ,                     0   ,            534   ,          0   ,                        0   ,                   0   ,                    0   ,               20.4   ,                  11.2   ,                7.0   ,                  9.2   ,              12.3   ,               2.2   ,                12.1   ,           18.2   ,             12.2   ,                         4.5   ,              16   ,        0.8800   ,               39.0   ,                 17198   ,
2026-02-11 21:07:11 ,         210.0   ,             50.6   ,               29.7   ,        38.3   ,                  34.0   ,                30   ,                  2001   ,                30   ,                     0   ,            534   ,          0   ,                        0   ,                   0   ,                    0   ,               19.5   ,                  10.6   ,                6.7   ,                  8.9   ,              12.3   ,               2.2   ,                12.1   ,           17.3   ,             12.2   ,                         4.4   ,              16   ,        0.8800   ,               37.0   ,                 17212   ,
2026-02-11 21:07:12 ,         210.0   ,             50.6   ,               29.7   ,        38.3   ,                  32.0   ,                30   ,                  2000   ,                30   ,                     0   ,            534   ,          0   ,                        0   ,                   0   ,                    0   ,               20.6   ,                  11.6   ,                6.7   ,                  9.0   ,              12.3   ,               2.3   ,                12.1   ,           18.4   ,             12.2   ,                         4.4   ,              16   ,        0.8800   ,               42.0   ,                 17215   ,
2026-02-11 21:07:13 ,         210.0   ,             50.6   ,               29.7   ,        38.3   ,                  32.0   ,                30   ,                  2002   ,                30   ,                     0   ,            534   ,          0   ,                        0   ,                   0   ,                    0   ,               20.7   ,                  11.6   ,                6.7   ,                  9.0   ,              12.3   ,               2.3   ,                12.2   ,           18.4   ,             12.2   ,                         4.6   ,              16   ,        0.8800   ,               35.0   ,                 17221   ,
2026-02-11 21:07:14 ,         210.0   ,             50.6   ,               29.7   ,        38.3   ,                  32.0   ,                30   ,                  1996   ,                30   ,                     0   ,            534   ,          0   ,                        0   ,                   0   ,                    0   ,               19.8   ,                  11.0   ,                6.6   ,                  8.8   ,              12.3   ,               2.3   ,                12.1   ,           17.7   ,             12.2   ,                         4.4   ,              16   ,        0.8800   ,               39.0   ,                 17214   ,
2026-02-11 21:07:15 ,         210.0   ,             50.6   ,               29.7   ,        38.3   ,                  32.0   ,                30   ,                  2000   ,                30   ,                     0   ,            534   ,          0   ,                        0   ,                   0   ,                    0   ,               19.6   ,                  10.7   ,                6.6   ,                  8.8   ,              12.3   ,               2.2   ,                12.1   ,           18.6   ,             12.2   ,                         4.7   ,              16   ,        0.8800   ,               40.0   ,                 17229   ,
2026-02-11 21:07:16 ,         210.0   ,             50.6   ,               29.7   ,        38.3   ,                  34.0   ,                30   ,                  1999   ,                30   ,                     0   ,            534   ,          0   ,                        0   ,                   0   ,                    0   ,               18.6   ,                   9.8   ,                6.6   ,                  8.8   ,              12.3   ,               2.2   ,                12.1   ,           16.8   ,             12.2   ,                         4.2   ,              16   ,        0.8800   ,               40.0   ,                 17220   ,
2026-02-11 21:07:17 ,         210.0   ,             50.6   ,               29.7   ,        38.3   ,                  34.0   ,                30   ,                  2000   ,                30   ,                     0   ,            534   ,          0   ,                        0   ,                   0   ,                    0   ,               19.4   ,                  10.6   ,                6.5   ,                  8.8   ,              12.3   ,               2.3   ,                12.1   ,           17.1   ,             12.2   ,                         4.3   ,              16   ,        0.8800   ,               38.0   ,                 17226   ,
2026-02-11 21:07:18 ,         210.0   ,             50.6   ,               29.7   ,        38.3   ,                  32.0   ,                30   ,                  2001   ,                30   ,                     0   ,            534   ,          0   ,                        0   ,                   0   ,                    0   ,               18.8   ,                  10.2   ,                6.3   ,                  8.6   ,              12.3   ,               2.3   ,                12.1   ,           18.3   ,             12.2   ,                         4.6   ,              16   ,        0.8800   ,               40.0   ,                 17245   ,
2026-02-11 21:07:19 ,         210.0   ,             50.6   ,               29.7   ,        38.3   ,                  34.0   ,                30   ,                  2001   ,                30   ,                     0   ,            534   ,          0   ,                        0   ,                   0   ,                    0   ,               18.9   ,                  10.3   ,                6.3   ,                  9.2   ,              12.3   ,               2.3   ,                12.1   ,           18.3   ,             12.2   ,                         4.6   ,              16   ,        0.8800   ,               41.0   ,                 17241   ,
2026-02-11 21:07:20 ,         210.0   ,             50.6   ,               29.7   ,        38.3   ,                  32.0   ,                30   ,                  2000   ,                30   ,                     0   ,            534   ,          0   ,                        0   ,                   0   ,                    0   ,               18.1   ,                   9.7   ,                6.2   ,                  8.4   ,              12.3   ,               2.2   ,                12.1   ,           17.8   ,             12.2   ,                         4.4   ,              16   ,        0.8800   ,               41.0   ,                 17254   ,
2026-02-11 21:07:21 ,         210.0   ,             50.6   ,               29.7   ,        38.3   ,                  32.0   ,                30   ,                  1999   ,                30   ,                     0   ,            534   ,          0   ,                        0   ,                   0   ,                    0   ,               18.0   ,                   9.7   ,                6.1   ,                  8.3   ,              12.3   ,               2.2   ,                12.1   ,           18.4   ,             12.2   ,                         4.6   ,              16   ,        0.8800   ,               40.0   ,                 17255   ,
2026-02-11 21:07:22 ,         210.0   ,             50.6   ,               29.7   ,        38.3   ,                  32.0   ,                30   ,                  2000   ,                30   ,                     0   ,            534   ,          0   ,                        0   ,                   0   ,                    0   ,               18.3   ,                   9.9   ,                6.7   ,                  8.9   ,              12.3   ,               2.2   ,                12.1   ,           18.1   ,             12.2   ,                         4.5   ,              16   ,        0.8800   ,               41.0   ,                 17263   ,
2026-02-11 21:07:23 ,         210.0   ,             50.6   ,               29.7   ,        38.1   ,                  32.0   ,                30   ,                  2001   ,                30   ,                     0   ,            534   ,          0   ,                        0   ,                   0   ,                    0   ,               18.9   ,                  10.4   ,                6.2   ,                  8.5   ,              12.3   ,               2.3   ,                12.1   ,           16.6   ,             12.2   ,                         4.2   ,              16   ,        0.8800   ,               37.0   ,                 17274   ,
2026-02-11 21:07:24 ,         210.0   ,             50.6   ,               29.7   ,           -   ,                     -   ,                30   ,                  2000   ,                30   ,                     0   ,            534   ,          0   ,                        0   ,                   0   ,                    0   ,               18.5   ,                   9.8   ,                6.4   ,                  8.7   ,              12.3   ,               2.2   ,                12.1   ,           16.6   ,             12.2   ,                         4.2   ,              16   ,        0.8800   ,               39.0   ,                 17276   ,
2026-02-11 21:07:25 ,         210.0   ,             50.6   ,               29.7   ,        38.3   ,                  32.0   ,                30   ,                  2002   ,                30   ,                     0   ,            534   ,          0   ,                        0   ,                   0   ,                    0   ,               19.5   ,                  10.8   ,                6.5   ,                  8.7   ,              12.3   ,               2.2   ,                12.1   ,           17.3   ,             12.2   ,                         4.3   ,              16   ,        0.8800   ,               37.0   ,                 17287   ,
2026-02-11 21:07:26 ,         210.0   ,             50.6   ,               29.7   ,        38.3   ,                  32.0   ,                30   ,                  2000   ,                30   ,                     0   ,            534   ,          0   ,                        0   ,                   0   ,                    0   ,               18.0   ,                   9.7   ,                6.2   ,                  8.3   ,              12.3   ,               2.2   ,                12.1   ,           15.8   ,             12.2   ,                         4.0   ,              16   ,        0.8800   ,               34.0   ,                 17282   ,
2026-02-11 21:07:27 ,         210.0   ,             50.6   ,               29.7   ,        38.3   ,                  32.0   ,                30   ,                  2000   ,                30   ,                     0   ,            534   ,          0   ,                        0   ,                   0   ,                    0   ,               17.5   ,                   9.4   ,                6.7   ,                  8.9   ,              12.3   ,               2.2   ,                12.1   ,           17.3   ,             12.2   ,                         4.3   ,              16   ,        0.8800   ,               42.0   ,                 17290   ,
2026-02-11 21:07:28 ,         210.0   ,             50.6   ,               29.7   ,        38.3   ,                  32.0   ,                30   ,                  2000   ,                30   ,                     0   ,            534   ,          0   ,                        0   ,                   0   ,                    0   ,               17.9   ,                   9.6   ,                6.1   ,                  8.9   ,              12.3   ,               2.2   ,                12.1   ,           17.5   ,             12.2   ,                         4.4   ,              16   ,        0.8800   ,               40.0   ,                 17301   ,
2026-02-11 21:07:29 ,         210.0   ,             50.6   ,               29.7   ,        38.3   ,                  32.0   ,                30   ,                  1999   ,                30   ,                     0   ,            534   ,          0   ,                        0   ,                   0   ,                    0   ,               18.5   ,                   9.9   ,                6.4   ,                  8.6   ,              12.3   ,               2.2   ,                12.1   ,           16.3   ,             12.2   ,                         4.1   ,              16   ,        0.8800   ,               42.0   ,                 17309   ,
2026-02-11 21:07:30 ,         210.0   ,             50.6   ,               29.7   ,        38.3   ,                  32.0   ,                30   ,                  2001   ,                30   ,                     0   ,            534   ,          0   ,                        0   ,                   0   ,                    0   ,               18.1   ,                   9.8   ,                6.0   ,                  8.3   ,              12.3   ,               2.3   ,                12.1   ,           15.8   ,             12.2   ,                         4.0   ,              16   ,        0.8800   ,               39.0   ,                 17304   ,
2026-02-11 21:07:31 ,         210.0   ,             50.6   ,               29.7   ,        38.3   ,                  32.0   ,                30   ,                  2002   ,                30   ,                     0   ,            534   ,          0   ,                        0   ,                   0   ,                    0   ,               17.4   ,                   9.1   ,                6.0   ,                  8.3   ,              12.3   ,               2.3   ,                12.1   ,           15.1   ,             12.2   ,                         4.6   ,              16   ,        0.8800   ,               41.0   ,                 17298   ,
2026-02-11 21:07:32 ,         210.0   ,             50.6   ,               29.7   ,        38.3   ,                  34.0   ,                30   ,                  2002   ,                30   ,                     0   ,            534   ,          0   ,                        0   ,                   0   ,                    0   ,               18.7   ,                  10.4   ,                6.0   ,                  8.3   ,              12.3   ,               2.3   ,                12.1   ,           16.4   ,             12.2   ,                         4.6   ,              16   ,        0.8800   ,               42.0   ,                 17304   ,
2026-02-11 21:07:33 ,         210.0   ,             50.6   ,               29.7   ,        38.3   ,                  34.0   ,                30   ,                  2000   ,                30   ,                     0   ,            534   ,          0   ,                        0   ,                   0   ,                    0   ,               19.2   ,                  10.8   ,                6.2   ,                  8.4   ,              12.3   ,               2.2   ,                12.1   ,           17.6   ,             12.2   ,                         4.4   ,              16   ,        0.8800   ,               42.0   ,                 17299   ,
2026-02-11 21:07:34 ,         210.0   ,             50.6   ,               29.7   ,        38.4   ,                  32.0   ,                30   ,                  2000   ,                30   ,                     0   ,            534   ,          0   ,                        0   ,                   0   ,                    0   ,               18.6   ,                   9.9   ,                6.4   ,                  8.6   ,              12.3   ,               2.3   ,                12.1   ,           16.3   ,             12.2   ,                         4.1   ,              16   ,        0.8800   ,               37.0   ,                 17307   ,
2026-02-11 21:07:35 ,         210.0   ,             50.6   ,               29.7   ,        38.3   ,                  32.0   ,                30   ,                  2001   ,                30   ,                     0   ,            534   ,          0   ,                        0   ,                   0   ,                    0   ,               18.0   ,                   9.9   ,                5.9   ,                  8.2   ,              12.3   ,               2.2   ,                12.1   ,           17.8   ,             12.2   ,                         4.5   ,              16   ,        0.8800   ,               41.0   ,                 17317   ,
2026-02-11 21:07:36 ,         210.0   ,             50.6   ,               29.7   ,        38.2   ,                  34.0   ,                30   ,                  2001   ,                30   ,                     0   ,            534   ,          0   ,                        0   ,                   0   ,                    0   ,               18.3   ,                   9.9   ,                6.2   ,                  8.4   ,              12.3   ,               2.2   ,                12.1   ,           17.5   ,             12.2   ,                         4.4   ,              16   ,        0.8800   ,               37.0   ,                 17321   ,
2026-02-11 21:07:37 ,         210.0   ,             50.6   ,               29.7   ,        38.3   ,                  32.0   ,                30   ,                  1998   ,                30   ,                     0   ,            534   ,          0   ,                        0   ,                   0   ,                    0   ,               19.0   ,                  10.7   ,                6.0   ,                  8.3   ,              12.3   ,               2.3   ,                12.1   ,           16.7   ,             12.2   ,                         4.2   ,              16   ,        0.8800   ,               40.0   ,                 17321   ,
2026-02-11 21:07:38 ,         210.0   ,             50.6   ,               29.7   ,        38.3   ,                  32.0   ,                30   ,                  1999   ,                30   ,                     0   ,            534   ,          0   ,                        0   ,                   0   ,                    0   ,               18.5   ,                  10.5   ,                5.8   ,                  8.0   ,              12.3   ,               2.1   ,                12.1   ,           18.3   ,             12.2   ,                         4.5   ,              16   ,        0.8800   ,               42.0   ,                 17325   ,
2026-02-11 21:07:39 ,         210.0   ,             50.6   ,               29.7   ,        38.3   ,                  32.0   ,                30   ,                  2000   ,                30   ,                     0   ,            534   ,          0   ,                        0   ,                   0   ,                    0   ,               17.9   ,                   9.9   ,                5.8   ,                  8.1   ,              12.3   ,               2.3   ,                12.1   ,           17.6   ,             12.2   ,                         4.4   ,              16   ,        0.8800   ,               42.0   ,                 17322   ,
2026-02-11 21:07:40 ,         210.0   ,             50.6   ,               29.7   ,        38.3   ,                  34.0   ,                30   ,                  2000   ,                30   ,                     0   ,            534   ,          0   ,                        0   ,                   0   ,                    0   ,               18.5   ,                  11.2   ,                6.6   ,                  8.9   ,              12.3   ,               2.3   ,                12.1   ,           17.8   ,             12.2   ,                         4.5   ,              16   ,        0.8800   ,               41.0   ,                 17324   ,
2026-02-11 21:07:41 ,         210.0   ,             50.6   ,               29.7   ,        38.3   ,                  32.0   ,                30   ,                  2001   ,                30   ,                     0   ,            534   ,          0   ,                        0   ,                   0   ,                    0   ,               19.0   ,                  10.3   ,                6.5   ,                  8.7   ,              12.3   ,               2.2   ,                12.1   ,           16.8   ,             12.2   ,                         4.3   ,              16   ,        0.8800   ,               42.0   ,                 17317   ,
2026-02-11 21:07:42 ,         210.0   ,             50.6   ,               29.7   ,        38.2   ,                  32.0   ,                30   ,                  2001   ,                30   ,                     0   ,            534   ,          0   ,                        0   ,                   0   ,                    0   ,               19.3   ,                  10.7   ,                6.4   ,                  8.6   ,              12.3   ,               2.2   ,                12.2   ,           17.7   ,             12.2   ,                         4.4   ,              16   ,        0.8800   ,               41.0   ,                 17307   ,
2026-02-11 21:07:43 ,         210.0   ,             50.6   ,               29.7   ,        38.2   ,                  32.0   ,                30   ,                  2000   ,                30   ,                     0   ,            534   ,          0   ,                        0   ,                   0   ,                    0   ,               19.7   ,                  11.4   ,                6.2   ,                  8.3   ,              12.3   ,               2.2   ,                12.1   ,           17.5   ,             12.2   ,                         4.6   ,              16   ,        0.8800   ,               36.0   ,                 17316   ,
2026-02-11 21:07:44 ,         210.0   ,             50.6   ,               29.7   ,        38.2   ,                  32.0   ,                30   ,                  2001   ,                30   ,                     0   ,            534   ,          0   ,                        0   ,                   0   ,                    0   ,               19.1   ,                  10.6   ,                6.2   ,                  8.5   ,              12.3   ,               2.3   ,                12.1   ,           18.3   ,             12.2   ,                         4.6   ,              16   ,        0.8800   ,               41.0   ,                 17314   ,
2026-02-11 21:07:45 ,         210.0   ,             50.6   ,               29.7   ,        38.2   ,                  32.0   ,                30   ,                  2000   ,                30   ,                     0   ,            534   ,          0   ,                        0   ,                   0   ,                    0   ,               17.9   ,                  10.5   ,                6.7   ,                  9.0   ,              12.3   ,               2.3   ,                12.1   ,           17.2   ,             12.2   ,                         4.3   ,              16   ,        0.8800   ,               42.0   ,                 17303   ,
2026-02-11 21:07:46 ,         210.0   ,             50.6   ,               29.7   ,        38.3   ,                  32.0   ,                30   ,                  2001   ,                30   ,                     0   ,            534   ,          0   ,                        0   ,                   0   ,                    0   ,               19.1   ,                  10.8   ,                6.0   ,                  8.3   ,              12.3   ,               2.3   ,                12.1   ,           18.7   ,             12.2   ,                         4.7   ,              16   ,        0.8800   ,               35.0   ,                 17310   ,
2026-02-11 21:07:47 ,         210.0   ,             50.6   ,               29.7   ,        38.2   ,                  34.0   ,                30   ,                  2001   ,                30   ,                     0   ,            534   ,          0   ,                        0   ,                   0   ,                    0   ,               18.5   ,                  10.0   ,                6.5   ,                  8.8   ,              12.3   ,               2.3   ,                12.1   ,           17.3   ,             12.2   ,                         4.3   ,              16   ,        0.8800   ,               37.0   ,                 17308   ,
2026-02-11 21:07:48 ,         210.0   ,             50.6   ,               29.7   ,        38.3   ,                  32.0   ,                30   ,                  2000   ,                30   ,                     0   ,            534   ,          0   ,                        0   ,                   0   ,                    0   ,               18.8   ,                  10.4   ,                6.1   ,                  8.4   ,              12.3   ,               2.3   ,                12.1   ,           17.6   ,             12.2   ,                         4.4   ,              16   ,        0.8800   ,               40.0   ,                 17299   ,
2026-02-11 21:07:50 ,         210.0   ,             50.6   ,               29.7   ,        38.3   ,                  34.0   ,                30   ,                  2000   ,                30   ,                     0   ,            534   ,          0   ,                        0   ,                   0   ,                    0   ,               18.5   ,                  10.3   ,                6.2   ,                  8.5   ,              12.3   ,               2.3   ,                12.1   ,           16.6   ,             12.2   ,                         4.2   ,              16   ,        0.8800   ,               39.0   ,                 17314   ,
2026-02-11 21:07:51 ,         210.0   ,             50.6   ,               29.7   ,        38.3   ,                  32.0   ,                30   ,                  2003   ,                30   ,                     0   ,            534   ,          0   ,                        0   ,                   0   ,                    0   ,               18.7   ,                  10.1   ,                6.2   ,                  8.4   ,              12.3   ,               2.3   ,                12.1   ,           16.6   ,             12.2   ,                         4.2   ,              16   ,        0.8800   ,               38.0   ,                 17313   ,
2026-02-11 21:07:51 ,         210.0   ,             50.6   ,               29.7   ,        38.3   ,                  34.0   ,                30   ,                  2000   ,                30   ,                     0   ,            534   ,          0   ,                        0   ,                   0   ,                    0   ,               17.1   ,                  10.1   ,                6.6   ,                  9.0   ,              12.3   ,               2.3   ,                12.1   ,           16.7   ,             12.2   ,                         4.2   ,              16   ,        0.8800   ,               38.0   ,                 17304   ,
2026-02-11 21:07:52 ,         210.0   ,             50.6   ,               29.7   ,        38.3   ,                  34.0   ,                30   ,                  2000   ,                30   ,                     0   ,            534   ,          0   ,                        0   ,                   0   ,                    0   ,               17.0   ,                   9.1   ,                5.7   ,                  9.1   ,              12.3   ,               2.2   ,                12.2   ,           17.6   ,             12.2   ,                         4.4   ,              16   ,        0.8800   ,               39.0   ,                 17296   ,
2026-02-11 21:07:53 ,         210.0   ,             50.6   ,               29.7   ,        38.3   ,                  32.0   ,                30   ,                  1999   ,                30   ,                     0   ,            534   ,          0   ,                        0   ,                   0   ,                    0   ,               16.2   ,                   8.3   ,                5.7   ,                  9.1   ,              12.3   ,               2.3   ,                12.2   ,           17.7   ,             12.2   ,                         4.4   ,              16   ,        0.8800   ,               38.0   ,                 17296   ,
2026-02-11 21:07:54 ,         210.0   ,             50.6   ,               29.7   ,        38.3   ,                  32.0   ,                30   ,                  2000   ,                30   ,                     0   ,            534   ,          0   ,                        0   ,                   0   ,                    0   ,               19.1   ,                  10.4   ,                6.4   ,                  8.7   ,              12.3   ,               2.2   ,                12.1   ,           16.8   ,             12.2   ,                         4.2   ,              16   ,        0.8800   ,               36.0   ,                 17304   ,
2026-02-11 21:07:55 ,         210.0   ,             50.6   ,               29.7   ,        38.3   ,                  34.0   ,                30   ,                  2001   ,                30   ,                     0   ,            534   ,          0   ,                        0   ,                   0   ,                    0   ,               19.7   ,                  10.9   ,                6.6   ,                  8.9   ,              12.3   ,               2.3   ,                12.1   ,           17.4   ,             12.2   ,                         4.7   ,              16   ,        0.8800   ,               41.0   ,                 17305   ,
2026-02-11 21:07:56 ,         210.0   ,             50.6   ,               29.7   ,        38.3   ,                  34.0   ,                30   ,                  2001   ,                30   ,                     0   ,            534   ,          0   ,                        0   ,                   0   ,                    0   ,               18.5   ,                  10.1   ,                6.2   ,                  8.4   ,              12.3   ,               2.2   ,                12.1   ,           16.3   ,             12.2   ,                         4.1   ,              16   ,        0.8800   ,               38.0   ,                 17298   ,
2026-02-11 21:07:57 ,         210.0   ,             50.6   ,               29.7   ,        38.3   ,                  34.0   ,                30   ,                  2003   ,                30   ,                     0   ,            534   ,          0   ,                        0   ,                   0   ,                    0   ,               19.5   ,                  10.9   ,                6.4   ,                  8.7   ,              12.3   ,               2.3   ,                12.1   ,           17.9   ,             12.2   ,                         4.5   ,              16   ,        0.8800   ,               39.0   ,                 17310   ,
2026-02-11 21:07:58 ,         210.0   ,             50.6   ,               29.7   ,        38.3   ,                  32.0   ,                30   ,                  2002   ,                30   ,                     0   ,            534   ,          0   ,                        0   ,                   0   ,                    0   ,               18.5   ,                  10.0   ,                6.2   ,                  8.5   ,              12.3   ,               2.3   ,                12.1   ,           16.2   ,             12.2   ,                         4.1   ,              16   ,        0.8800   ,               41.0   ,                 17320   ,
2026-02-11 21:07:59 ,         210.0   ,             50.6   ,               29.7   ,        38.3   ,                  34.0   ,                30   ,                  2001   ,                30   ,                     0   ,            534   ,          0   ,                        0   ,                   0   ,                    0   ,               19.4   ,                  10.8   ,                6.3   ,                  8.5   ,              12.3   ,               2.3   ,                12.1   ,           17.1   ,             12.2   ,                         4.6   ,              16   ,        0.8800   ,               38.0   ,                 17317   ,
2026-02-11 21:08:00 ,         210.0   ,             50.6   ,               29.7   ,        38.3   ,                  34.0   ,                30   ,                  2001   ,                30   ,                     0   ,            534   ,          0   ,                        0   ,                   0   ,                    0   ,               19.1   ,                  10.8   ,                6.0   ,                  8.3   ,              12.3   ,               2.3   ,                12.1   ,           17.5   ,             12.2   ,                         4.4   ,              16   ,        0.8800   ,               42.0   ,                 17327   ,
2026-02-11 21:08:01 ,         210.0   ,             50.6   ,               29.7   ,        38.3   ,                  34.0   ,                30   ,                  1998   ,                30   ,                     0   ,            534   ,          0   ,                        0   ,                   0   ,                    0   ,               18.4   ,                  10.1   ,                6.0   ,                  8.3   ,              12.3   ,               2.3   ,                12.1   ,           17.7   ,             12.2   ,                         4.4   ,              16   ,        0.8800   ,               40.0   ,                 17322   ,
2026-02-11 21:08:02 ,         210.0   ,             50.6   ,               29.7   ,        38.3   ,                  34.0   ,                30   ,                  2001   ,                30   ,                     0   ,            534   ,          0   ,                        0   ,                   0   ,                    0   ,               18.2   ,                  10.0   ,                6.6   ,                  8.9   ,              12.3   ,               2.3   ,                12.1   ,           18.0   ,             12.2   ,                         4.5   ,              16   ,        0.8800   ,               42.0   ,                 17321   ,
2026-02-11 21:08:03 ,         210.0   ,             50.6   ,               29.7   ,        38.3   ,                  34.0   ,                30   ,                  2002   ,                30   ,                     0   ,            534   ,          0   ,                        0   ,                   0   ,                    0   ,               19.1   ,                  10.3   ,                6.5   ,                  8.8   ,              12.3   ,               2.3   ,                12.1   ,           16.9   ,             12.2   ,                         4.3   ,              16   ,        0.8800   ,               40.0   ,                 17318   ,
2026-02-11 21:08:04 ,         210.0   ,             50.6   ,               29.7   ,        38.3   ,                  32.0   ,                30   ,                  1997   ,                30   ,                     0   ,            534   ,          0   ,                        0   ,                   0   ,                    0   ,               18.1   ,                  10.9   ,                6.7   ,                  8.9   ,              12.3   ,               2.3   ,                12.1   ,           17.6   ,             12.2   ,                         4.4   ,              16   ,        0.8800   ,               42.0   ,                 17325   ,
2026-02-11 21:08:05 ,         210.0   ,             50.6   ,               29.7   ,        38.3   ,                  34.0   ,                30   ,                  2000   ,                30   ,                     0   ,            534   ,          0   ,                        0   ,                   0   ,                    0   ,               17.7   ,                   9.5   ,                6.8   ,                  9.1   ,              12.3   ,               2.2   ,                12.1   ,           17.3   ,             12.2   ,                         4.3   ,              16   ,        0.8800   ,               41.0   ,                 17325   ,
2026-02-11 21:08:06 ,         210.0   ,             50.6   ,               29.7   ,        38.2   ,                  34.0   ,                30   ,                  2002   ,                30   ,                     0   ,            534   ,          0   ,                        0   ,                   0   ,                    0   ,               19.5   ,                  10.5   ,                6.6   ,                  8.9   ,              12.3   ,               2.3   ,                12.1   ,           17.1   ,             12.2   ,                         4.3   ,              16   ,        0.8800   ,               41.0   ,                 17325   ,
2026-02-11 21:08:07 ,         210.0   ,             50.6   ,               29.7   ,        38.4   ,                  34.0   ,                30   ,                  2003   ,                30   ,                     0   ,            534   ,          0   ,                        0   ,                   0   ,                    0   ,               18.5   ,                  10.0   ,                6.2   ,                  8.6   ,              12.3   ,               2.3   ,                12.1   ,           16.2   ,             12.2   ,                         4.1   ,              16   ,        0.8800   ,               39.0   ,                 17324   ,
2026-02-11 21:08:08 ,         210.0   ,             50.6   ,               29.7   ,        38.3   ,                  34.0   ,                30   ,                  1997   ,                30   ,                     0   ,            534   ,          0   ,                        0   ,                   0   ,                    0   ,               18.9   ,                  10.3   ,                6.3   ,                  8.7   ,              12.3   ,               2.4   ,                12.1   ,           16.6   ,             12.2   ,                         4.2   ,              16   ,        0.8800   ,               42.0   ,                 17325   ,
2026-02-11 21:08:09 ,         210.0   ,             50.6   ,               29.7   ,        38.3   ,                  34.0   ,                30   ,                  2001   ,                30   ,                     0   ,            534   ,          0   ,                        0   ,                   0   ,                    0   ,               19.0   ,                  10.5   ,                6.2   ,                  8.4   ,              12.3   ,               2.2   ,                12.1   ,           16.7   ,             12.2   ,                         4.7   ,              16   ,        0.8800   ,               41.0   ,                 17323   ,
2026-02-11 21:08:10 ,         210.0   ,             50.6   ,               29.7   ,        38.3   ,                  34.0   ,                30   ,                  1999   ,                30   ,                     0   ,            534   ,          0   ,                        0   ,                   0   ,                    0   ,               18.6   ,                  10.2   ,                6.2   ,                  8.4   ,              12.3   ,               2.3   ,                12.1   ,           16.3   ,             12.2   ,                         4.4   ,              16   ,        0.8800   ,               39.0   ,                 17318   ,
2026-02-11 21:08:11 ,         210.0   ,             50.6   ,               29.7   ,        38.4   ,                  34.0   ,                30   ,                  1999   ,                30   ,                     0   ,            534   ,          0   ,                        0   ,                   0   ,                    0   ,               19.2   ,                  10.5   ,                6.4   ,                  8.7   ,              12.3   ,               2.3   ,                12.1   ,           16.9   ,             12.2   ,                         4.3   ,              16   ,        0.8800   ,               41.0   ,                 17326   ,
2026-02-11 21:08:12 ,         210.0   ,             50.6   ,               29.7   ,        38.3   ,                  32.0   ,                30   ,                  2000   ,                30   ,                     0   ,            534   ,          0   ,                        0   ,                   0   ,                    0   ,               18.0   ,                   9.7   ,                6.0   ,                  8.3   ,              12.3   ,               2.3   ,                12.1   ,           17.2   ,             12.2   ,                         4.3   ,              16   ,        0.8800   ,               38.0   ,                 17334   ,
2026-02-11 21:08:13 ,         210.0   ,             50.6   ,               29.7   ,        38.3   ,                  34.0   ,                30   ,                  2002   ,                30   ,                     0   ,            534   ,          0   ,                        0   ,                   0   ,                    0   ,               17.5   ,                   9.4   ,                6.7   ,                  8.9   ,              12.3   ,               2.2   ,                12.1   ,           17.6   ,             12.2   ,                         4.4   ,              16   ,        0.8800   ,               42.0   ,                 17349   ,
2026-02-11 21:08:14 ,         210.0   ,             50.6   ,               29.7   ,        38.3   ,                  32.0   ,                30   ,                  2002   ,                30   ,                     0   ,            534   ,          0   ,                        0   ,                   0   ,                    0   ,               17.9   ,                   9.9   ,                6.7   ,                  8.9   ,              12.3   ,               2.2   ,                12.1   ,           18.1   ,             12.2   ,                         4.5   ,              16   ,        0.8800   ,               39.0   ,                 17338   ,
2026-02-11 21:08:15 ,         210.0   ,             50.6   ,               29.7   ,        38.3   ,                  32.0   ,                30   ,                  2000   ,                30   ,                     0   ,            534   ,          0   ,                        0   ,                   0   ,                    0   ,               18.0   ,                  10.0   ,                5.8   ,                  8.1   ,              12.3   ,               2.3   ,                12.1   ,           18.1   ,             12.2   ,                         4.5   ,              16   ,        0.8800   ,               41.0   ,                 17337   ,
2026-02-11 21:08:16 ,         210.0   ,             50.6   ,               29.7   ,        38.3   ,                  32.0   ,                30   ,                  1999   ,                30   ,                     0   ,            534   ,          0   ,                        0   ,                   0   ,                    0   ,               17.8   ,                   9.7   ,                5.8   ,                  8.1   ,              12.3   ,               2.3   ,                12.1   ,           18.4   ,             12.2   ,                         4.6   ,              16   ,        0.8800   ,               39.0   ,                 17337   ,
2026-02-11 21:08:17 ,         210.0   ,             50.6   ,               29.7   ,        38.3   ,                  34.0   ,                30   ,                  2000   ,                30   ,                     0   ,            534   ,          0   ,                        0   ,                   0   ,                    0   ,               17.7   ,                   9.8   ,                5.7   ,                  7.9   ,              12.3   ,               2.3   ,                12.1   ,           18.9   ,             12.2   ,                         4.7   ,              16   ,        0.8800   ,               40.0   ,                 17327   ,
2026-02-11 21:08:18 ,         210.0   ,             50.6   ,               29.7   ,        38.3   ,                  34.0   ,                30   ,                  1999   ,                30   ,                     0   ,            534   ,          0   ,                        0   ,                   0   ,                    0   ,               17.4   ,                   9.4   ,                5.8   ,                  8.0   ,              12.3   ,               2.1   ,                12.1   ,           18.1   ,             12.2   ,                         4.5   ,              16   ,        0.8800   ,               37.0   ,                 17338   ,
2026-02-11 21:08:19 ,         210.0   ,             50.6   ,               29.7   ,        38.3   ,                  34.0   ,                30   ,                  2001   ,                30   ,                     0   ,            534   ,          0   ,                        0   ,                   0   ,                    0   ,               17.3   ,                   9.2   ,                5.8   ,                  8.1   ,              12.3   ,               2.3   ,                12.1   ,           17.9   ,             12.2   ,                         4.5   ,              16   ,        0.8800   ,               42.0   ,                 17326   ,
2026-02-11 21:08:20 ,         210.0   ,             50.6   ,               29.7   ,        38.3   ,                  32.0   ,                30   ,                  2000   ,                30   ,                     0   ,            534   ,          0   ,                        0   ,                   0   ,                    0   ,               18.9   ,                  10.2   ,                6.5   ,                  8.7   ,              12.3   ,               2.2   ,                12.1   ,           16.7   ,             12.2   ,                         4.2   ,              16   ,        0.8800   ,               42.0   ,                 17338   ,
2026-02-11 21:08:21 ,         210.0   ,             50.6   ,               29.7   ,        38.3   ,                  34.0   ,                30   ,                  2001   ,                30   ,                     0   ,            534   ,          0   ,                        0   ,                   0   ,                    0   ,               19.0   ,                  10.0   ,                6.7   ,                  9.0   ,              12.3   ,               2.3   ,                12.1   ,           16.7   ,             12.2   ,                         4.2   ,              16   ,        0.8800   ,               41.0   ,                 17338   ,
2026-02-11 21:08:22 ,         210.0   ,             50.6   ,               29.7   ,        38.3   ,                  34.0   ,                30   ,                  2001   ,                30   ,                     0   ,            534   ,          0   ,                        0   ,                   0   ,                    0   ,               19.1   ,                  10.3   ,                6.5   ,                  8.8   ,              12.3   ,               2.2   ,                12.1   ,           16.9   ,             12.2   ,                         4.2   ,              16   ,        0.8800   ,               42.0   ,                 17338   ,
2026-02-11 21:08:23 ,         210.0   ,             50.6   ,               29.7   ,        38.2   ,                  34.0   ,                30   ,                  1997   ,                30   ,                     0   ,            534   ,          0   ,                        0   ,                   0   ,                    0   ,               19.3   ,                  10.3   ,                6.7   ,                  9.0   ,              12.3   ,               2.3   ,                12.1   ,           17.1   ,             12.2   ,                         4.3   ,              16   ,        0.8800   ,               39.0   ,                 17337   ,
2026-02-11 21:08:24 ,         210.0   ,             50.6   ,               29.7   ,        38.3   ,                  34.0   ,                30   ,                  1995   ,                30   ,                     0   ,            534   ,          0   ,                        0   ,                   0   ,                    0   ,               18.5   ,                   9.7   ,                6.5   ,                  8.8   ,              12.3   ,               2.3   ,                12.1   ,           17.2   ,             12.2   ,                         4.3   ,              16   ,        0.8800   ,               40.0   ,                 17337   ,
2026-02-11 21:08:25 ,         210.0   ,             50.6   ,               29.7   ,        38.4   ,                  34.0   ,                30   ,                  2000   ,                30   ,                     0   ,            534   ,          0   ,                        0   ,                   0   ,                    0   ,               19.5   ,                  10.9   ,                6.4   ,                  8.7   ,              12.3   ,               2.3   ,                12.1   ,           18.3   ,             12.2   ,                         4.6   ,              16   ,        0.8800   ,               39.0   ,                 17336   ,
2026-02-11 21:08:26 ,         210.0   ,             50.6   ,               29.7   ,        38.4   ,                  32.0   ,                30   ,                  1999   ,                30   ,                     0   ,            534   ,          0   ,                        0   ,                   0   ,                    0   ,               19.2   ,                  10.6   ,                6.4   ,                  8.8   ,              12.3   ,               2.2   ,                12.1   ,           17.3   ,             12.2   ,                         4.3   ,              16   ,        0.8800   ,               36.0   ,                 17333   ,
2026-02-11 21:08:27 ,         210.0   ,             50.6   ,               29.7   ,        38.4   ,                  34.0   ,                30   ,                  2001   ,                30   ,                     0   ,            534   ,          0   ,                        0   ,                   0   ,                    0   ,               18.8   ,                  10.3   ,                6.3   ,                  8.5   ,              12.3   ,               2.2   ,                12.1   ,           17.4   ,             12.2   ,                         4.3   ,              16   ,        0.8800   ,               40.0   ,                 17334   ,
2026-02-11 21:08:28 ,         210.0   ,             50.6   ,               29.7   ,        38.3   ,                  34.0   ,                30   ,                  2001   ,                30   ,                     0   ,            534   ,          0   ,                        0   ,                   0   ,                    0   ,               19.0   ,                  10.7   ,                6.1   ,                  8.9   ,              12.3   ,               2.2   ,                12.1   ,           17.8   ,             12.2   ,                         4.4   ,              16   ,        0.8800   ,               41.0   ,                 17334   ,
2026-02-11 21:08:29 ,         210.0   ,             50.6   ,               29.7   ,        38.3   ,                  34.0   ,                30   ,                  1998   ,                30   ,                     0   ,            534   ,          0   ,                        0   ,                   0   ,                    0   ,               17.9   ,                   9.6   ,                6.1   ,                  8.3   ,              12.3   ,               2.3   ,                12.1   ,           17.6   ,             12.2   ,                         4.4   ,              16   ,        0.8800   ,               41.0   ,                 17334   ,
2026-02-11 21:08:30 ,         210.0   ,             50.6   ,               29.7   ,        38.4   ,                  34.0   ,                30   ,                  1999   ,                30   ,                     0   ,            534   ,          0   ,                        0   ,                   0   ,                    0   ,               18.1   ,                   9.8   ,                6.1   ,                  9.0   ,              12.3   ,               2.3   ,                12.1   ,           17.4   ,             12.2   ,                         4.4   ,              16   ,        0.8800   ,               39.0   ,                 17333   ,
2026-02-11 21:08:31 ,         210.0   ,             50.6   ,               29.7   ,        38.3   ,                  34.0   ,                30   ,                  2000   ,                30   ,                     0   ,            534   ,          0   ,                        0   ,                   0   ,                    0   ,               19.9   ,                  11.0   ,                6.7   ,                  8.9   ,              12.3   ,               2.2   ,                12.1   ,           17.0   ,             12.2   ,                         4.3   ,              16   ,        0.8800   ,               41.0   ,                 17332   ,
2026-02-11 21:08:32 ,         210.0   ,             50.6   ,               29.7   ,        38.4   ,                  34.0   ,                30   ,                  2000   ,                30   ,                     0   ,            534   ,          0   ,                        0   ,                   0   ,                    0   ,               19.2   ,                  10.4   ,                6.5   ,                  8.8   ,              12.3   ,               2.2   ,                12.1   ,           17.4   ,             12.2   ,                         4.3   ,              16   ,        0.8800   ,               41.0   ,                 17332   ,
2026-02-11 21:08:33 ,         210.0   ,             50.6   ,               29.7   ,        38.4   ,                  32.0   ,                30   ,                  2000   ,                30   ,                     0   ,            534   ,          0   ,                        0   ,                   0   ,                    0   ,               19.5   ,                  10.8   ,                6.6   ,                  8.7   ,              12.3   ,               2.2   ,                12.1   ,           17.4   ,             12.2   ,                         4.5   ,              16   ,        0.8800   ,               40.0   ,                 17332   ,
2026-02-11 21:08:34 ,         210.0   ,             50.6   ,               29.7   ,        38.3   ,                  34.0   ,                30   ,                  2001   ,                30   ,                     0   ,            534   ,          0   ,                        0   ,                   0   ,                    0   ,               19.3   ,                  10.6   ,                6.4   ,                  8.7   ,              12.3   ,               2.3   ,                12.1   ,           17.0   ,             12.2   ,                         4.6   ,              16   ,        0.8800   ,               41.0   ,                 17332   ,
2026-02-11 21:08:35 ,         210.0   ,             50.6   ,               29.7   ,        38.3   ,                  32.0   ,                30   ,                  2000   ,                30   ,                     0   ,            534   ,          0   ,                        0   ,                   0   ,                    0   ,               17.7   ,                   9.1   ,                6.4   ,                  8.6   ,              12.3   ,               2.2   ,                12.1   ,           17.0   ,             12.2   ,                         4.3   ,              16   ,        0.8800   ,               41.0   ,                 17331   ,
2026-02-11 21:08:37 ,         210.0   ,             50.6   ,               29.7   ,        38.3   ,                  34.0   ,                30   ,                  2000   ,                30   ,                     0   ,            534   ,          0   ,                        0   ,                   0   ,                    0   ,               18.3   ,                   9.8   ,                6.3   ,                  8.5   ,              12.3   ,               2.2   ,                12.1   ,           17.7   ,             12.2   ,                         4.4   ,              16   ,        0.8800   ,               41.0   ,                 17333   ,
2026-02-11 21:08:37 ,         210.0   ,             50.6   ,               29.7   ,        38.3   ,                  34.0   ,                30   ,                  2000   ,                30   ,                     0   ,            534   ,          0   ,                        0   ,                   0   ,                    0   ,               18.2   ,                   9.5   ,                6.6   ,                  8.8   ,              12.3   ,               2.2   ,                12.1   ,           16.1   ,             12.2   ,                         4.1   ,              16   ,        0.8800   ,               39.0   ,                 17332   ,
2026-02-11 21:08:38 ,         210.0   ,             50.6   ,               29.7   ,        38.3   ,                  32.0   ,                30   ,                  2001   ,                30   ,                     0   ,            534   ,          0   ,                        0   ,                   0   ,                    0   ,               18.6   ,                   9.7   ,                6.6   ,                  8.9   ,              12.3   ,               2.2   ,                12.1   ,           16.4   ,             12.2   ,                         4.1   ,              16   ,        0.8800   ,               38.0   ,                 17332   ,
2026-02-11 21:08:39 ,         210.0   ,             50.6   ,               29.7   ,        38.4   ,                  34.0   ,                30   ,                  2001   ,                30   ,                     0   ,            534   ,          0   ,                        0   ,                   0   ,                    0   ,               18.4   ,                   9.7   ,                6.4   ,                  8.7   ,              12.3   ,               2.3   ,                12.1   ,           16.1   ,             12.2   ,                         4.1   ,              16   ,        0.8800   ,               41.0   ,                 17334   ,
2026-02-11 21:08:40 ,         210.0   ,             50.6   ,               29.7   ,        38.4   ,                  34.0   ,                30   ,                  1998   ,                30   ,                     0   ,            534   ,          0   ,                        0   ,                   0   ,                    0   ,               18.5   ,                   9.7   ,                6.5   ,                  8.8   ,              12.3   ,               2.2   ,                12.1   ,           16.3   ,             12.2   ,                         4.1   ,              16   ,        0.8800   ,               39.0   ,                 17334   ,
2026-02-11 21:08:41 ,         210.0   ,             50.6   ,               29.7   ,        38.3   ,                  32.0   ,                30   ,                  1999   ,                30   ,                     0   ,            534   ,          0   ,                        0   ,                   0   ,                    0   ,               18.6   ,                  10.1   ,                6.2   ,                  8.5   ,              12.3   ,               2.3   ,                12.1   ,           16.3   ,             12.2   ,                         4.1   ,              16   ,        0.8800   ,               40.0   ,                 17334   ,
2026-02-11 21:08:42 ,         210.0   ,             50.6   ,               29.7   ,        38.3   ,                  34.0   ,                30   ,                  2000   ,                30   ,                     0   ,            534   ,          0   ,                        0   ,                   0   ,                    0   ,               18.3   ,                   9.6   ,                6.4   ,                  8.7   ,              12.3   ,               2.2   ,                12.1   ,           16.0   ,             12.2   ,                         4.1   ,              16   ,        0.8800   ,               41.0   ,                 17332   ,
2026-02-11 21:08:43 ,         210.0   ,             50.6   ,               29.7   ,        38.3   ,                  32.0   ,                30   ,                  2001   ,                30   ,                     0   ,            534   ,          0   ,                        0   ,                   0   ,                    0   ,               18.5   ,                   9.8   ,                6.4   ,                  8.7   ,              12.3   ,               2.3   ,                12.1   ,           16.2   ,             12.2   ,                         4.1   ,              16   ,        0.8800   ,               39.0   ,                 17334   ,
2026-02-11 21:08:44 ,         210.0   ,             50.6   ,               29.7   ,        38.4   ,                  34.0   ,                30   ,                  2001   ,                30   ,                     0   ,            534   ,          0   ,                        0   ,                   0   ,                    0   ,               19.1   ,                  10.3   ,                6.5   ,                  8.8   ,              12.3   ,               2.3   ,                12.1   ,           16.8   ,             12.2   ,                         4.2   ,              16   ,        0.8800   ,               39.0   ,                 17334   ,
2026-02-11 21:08:45 ,         210.0   ,             50.6   ,               29.7   ,        38.4   ,                  32.0   ,                30   ,                  2002   ,                30   ,                     0   ,            534   ,          0   ,                        0   ,                   0   ,                    0   ,               18.7   ,                  10.1   ,                6.4   ,                  8.6   ,              12.3   ,               2.2   ,                12.1   ,           16.5   ,             12.2   ,                         4.2   ,              16   ,        0.8800   ,               38.0   ,                 17334   ,
2026-02-11 21:08:46 ,         210.0   ,             50.6   ,               29.7   ,        38.3   ,                  32.0   ,                30   ,                  2001   ,                30   ,                     0   ,            534   ,          0   ,                        0   ,                   0   ,                    0   ,               19.4   ,                  10.7   ,                6.5   ,                  8.7   ,              12.3   ,               2.2   ,                12.1   ,           17.2   ,             12.2   ,                         4.3   ,              16   ,        0.8800   ,               41.0   ,                 17335   ,
2026-02-11 21:08:47 ,         210.0   ,             50.6   ,               29.7   ,        38.4   ,                  32.0   ,                30   ,                  2001   ,                30   ,                     0   ,            534   ,          0   ,                        0   ,                   0   ,                    0   ,               18.5   ,                   9.9   ,                6.4   ,                  8.6   ,              12.3   ,               2.2   ,                12.1   ,           16.2   ,             12.2   ,                         4.1   ,              16   ,        0.8800   ,               39.0   ,                 17334   ,
2026-02-11 21:08:48 ,         210.0   ,             50.6   ,               29.7   ,        38.4   ,                  32.0   ,                30   ,                  2001   ,                30   ,                     0   ,            534   ,          0   ,                        0   ,                   0   ,                    0   ,               17.7   ,                   9.4   ,                6.0   ,                  8.3   ,              12.3   ,               2.2   ,                12.1   ,           17.4   ,             12.2   ,                         4.4   ,              16   ,        0.8800   ,               41.0   ,                 17329   ,
2026-02-11 21:08:49 ,         210.0   ,             50.6   ,               29.7   ,        38.3   ,                  32.0   ,                30   ,                  2000   ,                30   ,                     0   ,            534   ,          0   ,                        0   ,                   0   ,                    0   ,               17.7   ,                   9.4   ,                6.1   ,                  8.3   ,              12.3   ,               2.2   ,                12.1   ,           17.7   ,             12.2   ,                         4.4   ,              16   ,        0.8800   ,               41.0   ,                 17329   ,
2026-02-11 21:08:50 ,         210.0   ,             50.6   ,               29.7   ,        38.3   ,                  34.0   ,                30   ,                  2001   ,                30   ,                     0   ,            534   ,          0   ,                        0   ,                   0   ,                    0   ,               17.2   ,                   9.2   ,                7.0   ,                  9.2   ,              12.3   ,               2.2   ,                12.1   ,           18.5   ,             12.2   ,                         4.6   ,              16   ,        0.8800   ,               40.0   ,                 17324   ,
2026-02-11 21:08:51 ,         210.0   ,             50.6   ,               29.7   ,        38.4   ,                  34.0   ,                30   ,                  2002   ,                30   ,                     0   ,            534   ,          0   ,                        0   ,                   0   ,                    0   ,               18.0   ,                   9.8   ,                5.9   ,                  8.1   ,              12.3   ,               2.2   ,                12.1   ,           15.8   ,             12.2   ,                         4.8   ,              16   ,        0.8800   ,               39.0   ,                 17323   ,
2026-02-11 21:08:52 ,         210.0   ,             50.6   ,               29.7   ,        38.4   ,                  34.0   ,                30   ,                  2001   ,                30   ,                     0   ,            534   ,          0   ,                        0   ,                   0   ,                    0   ,               17.8   ,                   9.5   ,                5.9   ,                  9.5   ,              12.3   ,               2.3   ,                12.1   ,           18.6   ,             12.2   ,                         4.7   ,              16   ,        0.8800   ,               41.0   ,                 17322   ,
2026-02-11 21:08:53 ,         210.0   ,             50.6   ,               29.7   ,        38.4   ,                  34.0   ,                30   ,                  1999   ,                30   ,                     0   ,            534   ,          0   ,                        0   ,                   0   ,                    0   ,               17.3   ,                   9.1   ,                5.8   ,                  8.1   ,              12.3   ,               2.4   ,                12.1   ,           18.4   ,             12.2   ,                         4.6   ,              16   ,        0.8800   ,               41.0   ,                 17322   ,
2026-02-11 21:08:54 ,         210.0   ,             50.6   ,               29.7   ,        38.4   ,                  34.0   ,                30   ,                  2000   ,                30   ,                     0   ,            534   ,          0   ,                        0   ,                   0   ,                    0   ,               17.4   ,                  11.3   ,                6.7   ,                  9.0   ,              12.3   ,               2.3   ,                12.1   ,           18.1   ,             12.2   ,                         4.5   ,              16   ,        0.8800   ,               40.0   ,                 17322   ,
2026-02-11 21:08:55 ,         210.0   ,             50.6   ,               29.7   ,        38.3   ,                  32.0   ,                30   ,                  2001   ,                30   ,                     0   ,            534   ,          0   ,                        0   ,                   0   ,                    0   ,               19.7   ,                  10.9   ,                6.6   ,                  8.8   ,              12.3   ,               2.2   ,                12.1   ,           17.5   ,             12.2   ,                         4.4   ,              16   ,        0.8800   ,               41.0   ,                 17322   ,
2026-02-11 21:08:57 ,         210.0   ,             50.6   ,               29.7   ,        38.4   ,                  32.0   ,                30   ,                  2000   ,                30   ,                     0   ,            534   ,          0   ,                        0   ,                   0   ,                    0   ,               19.9   ,                  11.1   ,                6.6   ,                  8.8   ,              12.3   ,               2.2   ,                12.1   ,           17.7   ,             12.2   ,                         4.5   ,              16   ,        0.8800   ,               41.0   ,                 17319   ,
2026-02-11 21:08:58 ,         210.0   ,             50.6   ,               29.7   ,        38.3   ,                  32.0   ,                30   ,                  1997   ,                30   ,                     0   ,            534   ,          0   ,                        0   ,                   0   ,                    0   ,               19.2   ,                  10.6   ,                6.4   ,                  8.7   ,              12.3   ,               2.3   ,                12.1   ,           17.0   ,             12.2   ,                         4.7   ,              16   ,        0.8800   ,               42.0   ,                 17319   ,
2026-02-11 21:08:59 ,         210.0   ,             50.6   ,               29.7   ,        38.3   ,                  34.0   ,                30   ,                  1999   ,                30   ,                     0   ,            534   ,          0   ,                        0   ,                   0   ,                    0   ,               18.4   ,                  10.0   ,                6.2   ,                  8.5   ,              12.3   ,               2.2   ,                12.1   ,           18.3   ,             12.2   ,                         4.6   ,              16   ,        0.8800   ,               41.0   ,                 17319   ,
2026-02-11 21:09:00 ,         210.0   ,             50.6   ,               29.7   ,        38.4   ,                  32.0   ,                30   ,                  2001   ,                30   ,                     0   ,            534   ,          0   ,                        0   ,                   0   ,                    0   ,               19.2   ,                  11.0   ,                6.6   ,                  8.8   ,              12.3   ,               2.3   ,                12.1   ,           17.6   ,             12.2   ,                         4.4   ,              16   ,        0.8800   ,               40.0   ,                 17319   ,
2026-02-11 21:09:01 ,         210.0   ,             50.6   ,               29.7   ,        38.3   ,                  32.0   ,                30   ,                  2002   ,                30   ,                     0   ,            534   ,          0   ,                        0   ,                   0   ,                    0   ,               18.6   ,                  10.9   ,                6.5   ,                  8.7   ,              12.3   ,               2.2   ,                12.1   ,           17.4   ,             12.2   ,                         4.4   ,              16   ,        0.8800   ,               41.0   ,                 17319   ,
2026-02-11 21:09:02 ,         210.0   ,             50.6   ,               29.7   ,        38.3   ,                  32.0   ,                30   ,                  1995   ,                30   ,                     0   ,            534   ,          0   ,                        0   ,                   0   ,                    0   ,               18.9   ,                  10.2   ,                6.5   ,                  8.8   ,              12.3   ,               2.2   ,                12.1   ,           16.7   ,             12.2   ,                         4.2   ,              16   ,        0.8800   ,               42.0   ,                 17319   ,
2026-02-11 21:09:03 ,         210.0   ,             50.6   ,               29.7   ,        38.3   ,                  32.0   ,                30   ,                  2000   ,                30   ,                     0   ,            534   ,          0   ,                        0   ,                   0   ,                    0   ,               19.1   ,                  10.2   ,                6.6   ,                  8.9   ,              12.3   ,               2.3   ,                12.1   ,           16.8   ,             12.2   ,                         4.2   ,              16   ,        0.8800   ,               38.0   ,                 17327   ,
2026-02-11 21:09:04 ,         210.0   ,             50.6   ,               29.7   ,        38.4   ,                  34.0   ,                30   ,                  2000   ,                30   ,                     0   ,            534   ,          0   ,                        0   ,                   0   ,                    0   ,               17.2   ,                   9.5   ,                6.6   ,                  8.9   ,              12.3   ,               2.3   ,                12.1   ,           16.1   ,             12.2   ,                         4.1   ,              16   ,        0.8800   ,               40.0   ,                 17330   ,
2026-02-11 21:09:05 ,         210.0   ,             50.6   ,               29.7   ,        38.4   ,                  34.0   ,                30   ,                  2001   ,                30   ,                     0   ,            534   ,          0   ,                        2   ,                   0   ,                    0   ,               17.6   ,                   9.0   ,                6.3   ,                  8.6   ,              12.3   ,               2.3   ,                12.1   ,           16.5   ,             12.2   ,                         4.2   ,              16   ,        0.8800   ,               39.0   ,                 17331   ,
2026-02-11 21:09:06 ,         210.0   ,             50.6   ,               29.7   ,        38.4   ,                  32.0   ,                30   ,                  2001   ,                30   ,                     0   ,            534   ,          0   ,                        3   ,                   0   ,                    0   ,               18.0   ,                   9.5   ,                6.3   ,                  8.4   ,              12.3   ,               2.2   ,                12.1   ,           16.5   ,             12.2   ,                         4.2   ,              16   ,        0.8800   ,               39.0   ,                 17327   ,
2026-02-11 21:09:07 ,         210.0   ,             50.6   ,               29.7   ,        38.4   ,                  32.0   ,                30   ,                  2002   ,                30   ,                     0   ,            534   ,          0   ,                        0   ,                   0   ,                    0   ,               17.0   ,                   8.6   ,                6.2   ,                  8.4   ,              12.3   ,               2.2   ,                12.1   ,           16.4   ,             12.2   ,                         4.1   ,              16   ,        0.8800   ,               38.0   ,                 17328   ,
2026-02-11 21:09:08 ,         210.0   ,             50.6   ,               29.7   ,        38.3   ,                  34.0   ,                30   ,                  2001   ,                30   ,                     0   ,            534   ,          0   ,                        0   ,                   0   ,                    0   ,               17.9   ,                   9.4   ,                6.2   ,                  8.5   ,              12.3   ,               2.2   ,                12.1   ,           17.3   ,             12.2   ,                         4.3   ,              16   ,        0.8800   ,               42.0   ,                 17328   ,
2026-02-11 21:09:09 ,         210.0   ,             50.6   ,               29.7   ,        38.3   ,                  32.0   ,                30   ,                  2000   ,                30   ,                     0   ,            534   ,          0   ,                        0   ,                   0   ,                    0   ,               17.7   ,                   9.3   ,                6.3   ,                  8.4   ,              12.3   ,               2.2   ,                12.1   ,           17.6   ,             12.2   ,                         4.4   ,              16   ,        0.8800   ,               40.0   ,                 17333   ,
2026-02-11 21:09:10 ,         210.0   ,             50.6   ,               29.7   ,        38.3   ,                  34.0   ,                30   ,                  2000   ,                30   ,                     0   ,            534   ,          0   ,                        0   ,                   0   ,                    0   ,               17.6   ,                   9.4   ,                6.0   ,                  9.0   ,              12.3   ,               2.2   ,                12.1   ,           16.5   ,             12.2   ,                         4.1   ,              16   ,        0.8800   ,               39.0   ,                 17333   ,
2026-02-11 21:09:11 ,         210.0   ,             50.6   ,               29.7   ,        38.3   ,                  34.0   ,                30   ,                  2001   ,                30   ,                     0   ,            534   ,          0   ,                        0   ,                   0   ,                    0   ,               17.7   ,                   9.5   ,                5.9   ,                  9.0   ,              12.3   ,               2.2   ,                12.1   ,           17.2   ,             12.2   ,                         4.3   ,              16   ,        0.8800   ,               40.0   ,                 17330   ,
2026-02-11 21:09:12 ,         210.0   ,             50.6   ,                  -   ,           -   ,                     -   ,                30   ,                  2001   ,                30   ,                     0   ,            534   ,          0   ,                        0   ,                   0   ,                    0   ,               17.4   ,                   9.2   ,                6.1   ,                  8.2   ,              12.3   ,               2.1   ,                12.1   ,           16.4   ,             12.2   ,                         4.1   ,              16   ,        0.8800   ,               40.0   ,                 17334   ,
2026-02-11 21:09:13 ,         210.0   ,             50.6   ,               29.7   ,        38.3   ,                  32.0   ,                30   ,                  1998   ,                30   ,                     0   ,            534   ,          0   ,                        0   ,                   0   ,                    0   ,               17.6   ,                   9.2   ,                6.2   ,                  8.4   ,              12.3   ,               2.2   ,                12.1   ,           16.5   ,             12.2   ,                         4.2   ,              16   ,        0.8800   ,               42.0   ,                 17334   ,
2026-02-11 21:09:14 ,         210.0   ,             50.6   ,               29.7   ,        38.3   ,                  34.0   ,                30   ,                  2001   ,                30   ,                     0   ,            534   ,          0   ,                        0   ,                   0   ,                    0   ,               16.9   ,                   8.7   ,                6.5   ,                  8.8   ,              12.3   ,               2.2   ,                12.1   ,           16.1   ,             12.2   ,                         4.1   ,              16   ,        0.8800   ,               39.0   ,                 17335   ,
2026-02-11 21:09:15 ,         210.0   ,             50.6   ,               29.7   ,        38.3   ,                  32.0   ,                30   ,                  2000   ,                30   ,                     0   ,            534   ,          0   ,                        0   ,                   0   ,                    0   ,               17.5   ,                   9.3   ,                6.0   ,                  8.2   ,              12.3   ,               2.2   ,                12.1   ,           17.7   ,             12.2   ,                         4.4   ,              16   ,        0.8800   ,               42.0   ,                 17333   ,
2026-02-11 21:09:16 ,         210.0   ,             50.6   ,               29.7   ,        38.4   ,                  32.0   ,                30   ,                  2001   ,                30   ,                     0   ,            534   ,          0   ,                        0   ,                   0   ,                    0   ,               17.8   ,                   9.7   ,                6.8   ,                  9.1   ,              12.3   ,               2.3   ,                12.1   ,           17.8   ,             12.2   ,                         4.5   ,              16   ,        0.8800   ,               40.0   ,                 17334   ,
2026-02-11 21:09:17 ,         210.0   ,             50.6   ,               29.7   ,        38.3   ,                     -   ,                30   ,                  2002   ,                30   ,                     0   ,            534   ,          0   ,                        0   ,                   0   ,                    0   ,               17.8   ,                   9.6   ,                6.1   ,                  9.2   ,              12.3   ,               2.3   ,                12.1   ,           17.7   ,             12.2   ,                         4.4   ,              16   ,        0.8800   ,               43.0   ,                 17333   ,
2026-02-11 21:09:18 ,         210.0   ,             50.6   ,               29.7   ,        38.3   ,                  32.0   ,                30   ,                  2003   ,                30   ,                     0   ,            534   ,          0   ,                        0   ,                   0   ,                    0   ,               17.3   ,                   9.2   ,                6.6   ,                  8.9   ,              12.3   ,               2.3   ,                12.1   ,           17.1   ,             12.2   ,                         4.3   ,              16   ,        0.8800   ,               38.0   ,                 17334   ,
2026-02-11 21:09:19 ,         210.0   ,             50.6   ,               29.7   ,        38.4   ,                  32.0   ,                30   ,                  2001   ,                30   ,                     0   ,            534   ,          0   ,                        0   ,                   0   ,                    0   ,               17.7   ,                   9.6   ,                5.9   ,                  8.2   ,              12.3   ,               2.2   ,                12.1   ,           18.2   ,             12.2   ,                         4.5   ,              16   ,        0.8800   ,               42.0   ,                 17333   ,
2026-02-11 21:09:20 ,         210.0   ,             50.6   ,               29.7   ,        38.4   ,                  32.0   ,                30   ,                  1999   ,                30   ,                     0   ,            534   ,          0   ,                        0   ,                   0   ,                    0   ,               17.1   ,                   9.0   ,                5.8   ,                  8.0   ,              12.3   ,               2.2   ,                12.1   ,           17.4   ,             12.2   ,                         4.4   ,              16   ,        0.8800   ,               40.0   ,                 17333   ,
2026-02-11 21:09:21 ,         210.0   ,             50.6   ,               29.7   ,        38.3   ,                  34.0   ,                30   ,                  2000   ,                30   ,                     0   ,            534   ,          0   ,                        0   ,                   0   ,                    0   ,               17.4   ,                   9.2   ,                6.0   ,                  8.2   ,              12.3   ,               2.2   ,                12.1   ,           17.2   ,             12.2   ,                         4.3   ,              16   ,        0.8800   ,               41.0   ,                 17332   ,
2026-02-11 21:09:22 ,         210.0   ,             50.6   ,               29.7   ,        38.3   ,                  34.0   ,                30   ,                  2001   ,                30   ,                     0   ,            534   ,          0   ,                        0   ,                   0   ,                    0   ,               17.2   ,                   9.2   ,                6.7   ,                  9.0   ,              12.3   ,               2.3   ,                12.1   ,           16.7   ,             12.2   ,                         4.2   ,              16   ,        0.8800   ,               42.0   ,                 17332   ,
2026-02-11 21:09:23 ,         210.0   ,             50.6   ,               29.7   ,        38.3   ,                  34.0   ,                30   ,                  2002   ,                30   ,                     0   ,            534   ,          0   ,                        0   ,                   0   ,                    0   ,               16.3   ,                   9.8   ,                6.6   ,                  8.8   ,              12.3   ,               2.2   ,                12.1   ,           16.3   ,             12.2   ,                         4.1   ,              16   ,        0.8800   ,               42.0   ,                 17333   ,
2026-02-11 21:09:24 ,         210.0   ,             50.6   ,               29.7   ,        38.4   ,                  32.0   ,                30   ,                  2002   ,                30   ,                     0   ,            534   ,          0   ,                        0   ,                   0   ,                    0   ,               16.1   ,                   8.1   ,                5.9   ,                  8.9   ,              12.3   ,               2.2   ,                12.1   ,           16.2   ,             12.2   ,                         4.1   ,              16   ,        0.8800   ,               40.0   ,                 17333   ,
2026-02-11 21:09:25 ,         210.0   ,             50.6   ,               29.7   ,        38.4   ,                  34.0   ,                30   ,                  2000   ,                30   ,                     0   ,            534   ,          0   ,                        0   ,                   0   ,                    0   ,               18.7   ,                   9.8   ,                6.6   ,                  8.8   ,              12.3   ,               2.2   ,                12.1   ,           16.4   ,             12.2   ,                         4.2   ,              16   ,        0.8800   ,               41.0   ,                 17333   ,
2026-02-11 21:09:26 ,         210.0   ,             50.6   ,               29.7   ,        38.4   ,                  32.0   ,                30   ,                  2002   ,                30   ,                     0   ,            534   ,          0   ,                        0   ,                   0   ,                    0   ,               18.0   ,                   9.3   ,                6.4   ,                  8.7   ,              12.3   ,               2.2   ,                12.1   ,           15.7   ,             12.2   ,                         4.4   ,              16   ,        0.8800   ,               40.0   ,                 17333   ,
2026-02-11 21:09:27 ,         210.0   ,             50.6   ,               29.7   ,        38.4   ,                  34.0   ,                30   ,                  1999   ,                30   ,                     0   ,            534   ,          0   ,                        0   ,                   0   ,                    0   ,               17.4   ,                   8.9   ,                7.0   ,                  9.2   ,              12.3   ,               2.2   ,                12.1   ,           16.7   ,             12.2   ,                         3.9   ,              16   ,        0.8800   ,               41.0   ,                 17332   ,
2026-02-11 21:09:28 ,         210.0   ,             50.6   ,               29.7   ,        38.3   ,                  34.0   ,                30   ,                  1998   ,                30   ,                     0   ,            534   ,          0   ,                        0   ,                   0   ,                    0   ,               17.2   ,                   8.9   ,                6.1   ,                  9.3   ,              12.3   ,               2.2   ,                12.1   ,           17.9   ,             12.2   ,                         4.5   ,              16   ,        0.8800   ,               41.0   ,                 17333   ,
2026-02-11 21:09:29 ,         210.0   ,             50.6   ,               29.7   ,        38.4   ,                  32.0   ,                30   ,                  2001   ,                30   ,                     0   ,            534   ,          0   ,                        0   ,                   0   ,                    0   ,               19.5   ,                  10.3   ,                7.0   ,                  9.2   ,              12.3   ,               2.2   ,                12.1   ,           17.3   ,             12.2   ,                         4.3   ,              16   ,        0.8800   ,               41.0   ,                 17332   ,
2026-02-11 21:09:30 ,         210.0   ,             50.6   ,               29.7   ,        38.3   ,                  34.0   ,                30   ,                  1999   ,                30   ,                     0   ,            534   ,          0   ,                        0   ,                   0   ,                    0   ,               17.0   ,                   8.8   ,                5.9   ,                  9.5   ,              12.3   ,               2.3   ,                12.1   ,           17.6   ,             12.2   ,                         4.4   ,              16   ,        0.8800   ,               39.0   ,                 17333   ,
2026-02-11 21:09:31 ,         210.0   ,             50.6   ,               29.7   ,        38.3   ,                  34.0   ,                30   ,                  1999   ,                30   ,                     0   ,            534   ,          0   ,                        0   ,                   0   ,                    0   ,               18.4   ,                  11.4   ,                7.2   ,                  9.6   ,              12.3   ,               2.4   ,                12.1   ,           18.6   ,             12.2   ,                         4.2   ,              16   ,        0.8800   ,               37.0   ,                 17333   ,
2026-02-11 21:09:32 ,         210.0   ,             50.6   ,               29.7   ,        38.3   ,                  34.0   ,                30   ,                  2001   ,                30   ,                     0   ,            534   ,          0   ,                        0   ,                   0   ,                    0   ,               19.5   ,                  10.2   ,                7.0   ,                  9.3   ,              12.3   ,               2.3   ,                12.1   ,           17.2   ,             12.2   ,                         4.2   ,              16   ,        0.8800   ,               41.0   ,                 17332   ,
2026-02-11 21:09:33 ,         210.0   ,             50.6   ,               29.7   ,        38.3   ,                  32.0   ,                30   ,                  2000   ,                30   ,                     0   ,            534   ,          0   ,                        0   ,                   0   ,                    0   ,               19.9   ,                  10.7   ,                6.9   ,                  9.2   ,              12.3   ,               2.3   ,                12.1   ,           16.9   ,             12.2   ,                         4.3   ,              16   ,        0.8800   ,               41.0   ,                 17364   ,
2026-02-11 21:09:34 ,         210.0   ,             50.6   ,               29.7   ,        38.3   ,                  32.0   ,                30   ,                  2004   ,                30   ,                     0   ,            534   ,          0   ,                        0   ,                   0   ,                    0   ,               17.1   ,                  10.3   ,                7.1   ,                  9.4   ,              12.3   ,               2.3   ,                12.1   ,           17.4   ,             12.2   ,                         4.2   ,              16   ,        0.8800   ,               41.0   ,                 17364   ,
2026-02-11 21:09:35 ,         210.0   ,             50.6   ,               29.7   ,        38.4   ,                  34.0   ,                30   ,                  2001   ,                30   ,                     0   ,            534   ,          0   ,                        0   ,                   0   ,                    0   ,               19.5   ,                  10.1   ,                7.0   ,                  9.3   ,              12.3   ,               2.3   ,                12.1   ,           17.1   ,             12.2   ,                         4.2   ,              16   ,        0.8800   ,               39.0   ,                 17364   ,
2026-02-11 21:09:36 ,         210.0   ,             50.6   ,               29.7   ,        38.4   ,                  32.0   ,                30   ,                  2000   ,                30   ,                     0   ,            534   ,          0   ,                        2   ,                   0   ,                    0   ,               18.0   ,                   9.1   ,                6.6   ,                  8.9   ,              12.3   ,               2.2   ,                12.1   ,           16.1   ,             12.2   ,                         4.1   ,              16   ,        0.8800   ,               41.0   ,                 17358   ,
2026-02-11 21:09:37 ,         210.0   ,             50.6   ,               29.7   ,        38.4   ,                  34.0   ,                30   ,                  2001   ,                30   ,                     0   ,            534   ,          0   ,                        0   ,                   0   ,                    0   ,               18.1   ,                   9.3   ,                6.7   ,                  8.8   ,              12.3   ,               2.2   ,                12.1   ,           16.5   ,             12.2   ,                         4.1   ,              16   ,        0.8800   ,               40.0   ,                 17329   ,
2026-02-11 21:09:38 ,         210.0   ,             50.6   ,               29.8   ,        38.3   ,                  34.0   ,                30   ,                  1994   ,                30   ,                     0   ,            534   ,          0   ,                        0   ,                   0   ,                    0   ,               18.4   ,                   9.6   ,                6.6   ,                  8.8   ,              12.3   ,               2.2   ,                12.1   ,           15.9   ,             12.2   ,                         3.7   ,              16   ,        0.8800   ,               38.0   ,                 17337   ,
2026-02-11 21:09:39 ,         210.0   ,             50.6   ,               29.7   ,        38.3   ,                  32.0   ,                30   ,                  1997   ,                30   ,                     0   ,            534   ,          0   ,                        0   ,                   0   ,                    0   ,               18.3   ,                   9.8   ,                6.6   ,                  8.9   ,              12.3   ,               2.3   ,                12.1   ,           16.4   ,             12.2   ,                         4.0   ,              16   ,        0.8800   ,               39.0   ,                 17337   ,
2026-02-11 21:09:40 ,         210.0   ,             50.6   ,               29.8   ,        38.4   ,                  32.0   ,                30   ,                  2003   ,                30   ,                     0   ,            534   ,          0   ,                        0   ,                   0   ,                    0   ,               17.9   ,                   9.1   ,                6.6   ,                  8.8   ,              12.3   ,               2.2   ,                12.1   ,           15.9   ,             12.2   ,                         3.9   ,              16   ,        0.8800   ,               40.0   ,                 17337   ,
2026-02-11 21:09:41 ,         210.0   ,             50.6   ,               29.8   ,        38.3   ,                  32.0   ,                30   ,                  2002   ,                30   ,                     0   ,            534   ,          0   ,                        0   ,                   0   ,                    0   ,               18.0   ,                   9.3   ,                6.6   ,                  8.7   ,              12.3   ,               2.2   ,                12.1   ,           16.4   ,             12.2   ,                         4.1   ,              16   ,        0.8800   ,               40.0   ,                 17332   ,
2026-02-11 21:09:42 ,         210.0   ,             50.6   ,               29.7   ,        38.3   ,                  34.0   ,                30   ,                  2001   ,                30   ,                     0   ,            534   ,          0   ,                        0   ,                   0   ,                    0   ,               17.4   ,                   8.8   ,                6.8   ,                  9.0   ,              12.3   ,               2.2   ,                12.1   ,           16.3   ,             12.2   ,                         4.1   ,              16   ,        0.8800   ,               36.0   ,                 17332   ,
2026-02-11 21:09:43 ,         210.0   ,             50.6   ,               29.8   ,        38.4   ,                  32.0   ,                30   ,                  2001   ,                30   ,                     0   ,            534   ,          0   ,                        0   ,                   0   ,                    0   ,               18.7   ,                   9.9   ,                6.6   ,                  8.8   ,              12.3   ,               2.2   ,                12.1   ,           15.9   ,             12.2   ,                         4.0   ,              16   ,        0.8800   ,               41.0   ,                 17333   ,
2026-02-11 21:09:44 ,         210.0   ,             50.6   ,               29.8   ,        38.4   ,                  34.0   ,                30   ,                  2001   ,                30   ,                     0   ,            534   ,          0   ,                        0   ,                   0   ,                    0   ,               18.5   ,                   9.7   ,                6.6   ,                  8.8   ,              12.3   ,               2.2   ,                12.1   ,           16.0   ,             12.2   ,                         4.0   ,              16   ,        0.8800   ,               42.0   ,                 17333   ,
2026-02-11 21:09:45 ,         210.0   ,             50.6   ,               29.8   ,        38.3   ,                  32.0   ,                30   ,                  2000   ,                30   ,                     0   ,            534   ,          0   ,                        0   ,                   0   ,                    0   ,               18.1   ,                   9.6   ,                6.3   ,                  8.5   ,              12.3   ,               2.2   ,                12.1   ,           16.3   ,             12.2   ,                         4.0   ,              16   ,        0.8800   ,               41.0   ,                 17331   ,
2026-02-11 21:09:46 ,         210.0   ,             50.6   ,               29.7   ,        38.3   ,                  34.0   ,                30   ,                  2001   ,                30   ,                     0   ,            534   ,          0   ,                        0   ,                   0   ,                    0   ,               17.7   ,                   9.4   ,                6.2   ,                  8.3   ,              12.3   ,               2.1   ,                12.1   ,           16.9   ,             12.2   ,                         4.2   ,              16   ,        0.8800   ,               40.0   ,                 17329   ,
2026-02-11 21:09:47 ,         210.0   ,             50.6   ,               29.8   ,        38.4   ,                  34.0   ,                30   ,                  2000   ,                30   ,                     0   ,            534   ,          0   ,                        0   ,                   0   ,                    0   ,               18.3   ,                   9.8   ,                6.3   ,                  8.5   ,              12.3   ,               2.2   ,                12.1   ,           16.7   ,             12.2   ,                         4.0   ,              16   ,        0.8800   ,               39.0   ,                 17331   ,
2026-02-11 21:09:48 ,         210.0   ,             50.6   ,               29.8   ,        38.4   ,                  34.0   ,                30   ,                  1997   ,                30   ,                     0   ,            534   ,          0   ,                        0   ,                   0   ,                    0   ,               18.1   ,                   9.9   ,                6.1   ,                  8.2   ,              12.3   ,               2.2   ,                12.1   ,           16.7   ,             12.2   ,                         4.2   ,              16   ,        0.8800   ,               41.0   ,                 17332   ,
2026-02-11 21:09:49 ,         210.0   ,             50.6   ,               29.8   ,        38.4   ,                  32.0   ,                30   ,                  2002   ,                30   ,                     0   ,            534   ,          0   ,                        0   ,                   0   ,                    0   ,               17.4   ,                  10.1   ,                6.4   ,                  8.5   ,              12.3   ,               2.1   ,                12.1   ,           15.9   ,             12.2   ,                         4.0   ,              16   ,        0.8800   ,               42.0   ,                 17332   ,
2026-02-11 21:09:50 ,         210.0   ,             50.6   ,               29.8   ,        38.4   ,                  34.0   ,                30   ,                  1997   ,                30   ,                     0   ,            534   ,          0   ,                        0   ,                   0   ,                    0   ,               17.5   ,                   9.9   ,                6.4   ,                  8.6   ,              12.3   ,               2.2   ,                12.1   ,           16.2   ,             12.2   ,                         4.1   ,              16   ,        0.8800   ,               40.0   ,                 17331   ,
2026-02-11 21:09:51 ,         210.0   ,             50.6   ,               29.8   ,        38.4   ,                  34.0   ,                30   ,                  1997   ,                30   ,                     0   ,            534   ,          0   ,                        0   ,                   0   ,                    0   ,               17.9   ,                  10.0   ,                6.5   ,                  8.7   ,              12.3   ,               2.2   ,                12.1   ,           15.8   ,             12.2   ,                         4.0   ,              16   ,        0.8800   ,               38.0   ,                 17332   ,
2026-02-11 21:09:52 ,         210.0   ,             50.6   ,               29.8   ,        38.3   ,                  34.0   ,                30   ,                  2000   ,                30   ,                     0   ,            534   ,          0   ,                        0   ,                   0   ,                    0   ,               18.2   ,                  10.0   ,                6.4   ,                  8.6   ,              12.3   ,               2.1   ,                12.1   ,           16.7   ,             12.2   ,                         4.0   ,              16   ,        0.8800   ,               40.0   ,                 17333   ,
2026-02-11 21:09:53 ,         210.0   ,             50.6   ,               29.8   ,        38.3   ,                  34.0   ,                30   ,                  2000   ,                30   ,                     0   ,            534   ,          0   ,                        0   ,                   0   ,                    0   ,               17.9   ,                   9.6   ,                6.1   ,                  8.3   ,              12.3   ,               2.2   ,                12.1   ,           15.6   ,             12.2   ,                         4.4   ,              16   ,        0.8800   ,               42.0   ,                 17334   ,
2026-02-11 21:09:54 ,         210.0   ,             50.6   ,               29.8   ,        38.3   ,                  34.0   ,                30   ,                  2001   ,                30   ,                     0   ,            534   ,          0   ,                        0   ,                   0   ,                    0   ,               17.4   ,                   9.2   ,                6.1   ,                  8.3   ,              12.3   ,               2.2   ,                12.1   ,           17.0   ,             12.2   ,                         4.3   ,              16   ,        0.8800   ,               42.0   ,                 17334   ,
2026-02-11 21:09:55 ,         210.0   ,             50.6   ,               29.8   ,        38.4   ,                  32.0   ,                30   ,                  1999   ,                30   ,                     0   ,            534   ,          0   ,                        0   ,                   0   ,                    0   ,               17.8   ,                   9.7   ,                5.9   ,                  9.2   ,              12.3   ,               2.3   ,                12.1   ,           18.5   ,             12.2   ,                         4.6   ,              16   ,        0.8800   ,               42.0   ,                 17333   ,
2026-02-11 21:09:56 ,         210.0   ,             50.6   ,               29.8   ,        38.4   ,                  32.0   ,                30   ,                  2000   ,                30   ,                     0   ,            534   ,          0   ,                        0   ,                   0   ,                    0   ,               17.5   ,                  10.5   ,                6.9   ,                  9.1   ,              12.3   ,               2.3   ,                12.1   ,           17.4   ,             12.2   ,                         4.4   ,              16   ,        0.8800   ,               39.0   ,                 17333   ,
2026-02-11 21:09:57 ,         210.0   ,             50.6   ,               29.8   ,        38.4   ,                  34.0   ,                30   ,                  2001   ,                30   ,                     0   ,            534   ,          0   ,                        0   ,                   0   ,                    0   ,               19.9   ,                  11.0   ,                6.7   ,                  8.9   ,              12.3   ,               2.2   ,                12.1   ,           17.7   ,             12.2   ,                         4.4   ,              16   ,        0.8800   ,               41.0   ,                 17333   ,
2026-02-11 21:09:58 ,         210.0   ,             50.6   ,               29.8   ,        38.4   ,                  34.0   ,                30   ,                  2001   ,                30   ,                     0   ,            534   ,          0   ,                        0   ,                   0   ,                    0   ,               18.0   ,                   9.7   ,                6.0   ,                  8.2   ,              12.3   ,               2.2   ,                12.1   ,           15.7   ,             12.2   ,                         4.3   ,              16   ,        0.8800   ,               38.0   ,                 17333   ,
2026-02-11 21:09:59 ,         210.0   ,             50.6   ,               29.8   ,        38.3   ,                  34.0   ,                30   ,                  1997   ,                30   ,                     0   ,            534   ,          0   ,                        0   ,                   0   ,                    0   ,               19.1   ,                  10.7   ,                6.1   ,                  8.4   ,              12.3   ,               2.3   ,                12.1   ,           16.8   ,             12.2   ,                         4.7   ,              16   ,        0.8800   ,               40.0   ,                 17333   ,
2026-02-11 21:10:00 ,         210.0   ,             50.6   ,               29.8   ,        38.4   ,                  34.0   ,                30   ,                  2000   ,                30   ,                     0   ,            534   ,          0   ,                        0   ,                   0   ,                    0   ,               18.6   ,                  10.2   ,                6.1   ,                  8.4   ,              12.3   ,               2.3   ,                12.1   ,           17.9   ,             12.2   ,                         4.5   ,              16   ,        0.8800   ,               37.0   ,                 17333   ,
2026-02-11 21:10:01 ,         210.0   ,             50.6   ,               29.8   ,        38.4   ,                  32.0   ,                30   ,                  1997   ,                30   ,                     0   ,            534   ,          0   ,                        0   ,                   0   ,                    0   ,               17.5   ,                   9.1   ,                6.1   ,                  8.3   ,              12.3   ,               2.2   ,                12.1   ,           17.9   ,             12.2   ,                         4.5   ,              16   ,        0.8800   ,               41.0   ,                 17332   ,
2026-02-11 21:10:02 ,         210.0   ,             50.6   ,               29.8   ,        38.4   ,                  32.0   ,                30   ,                  2000   ,                30   ,                     0   ,            534   ,          0   ,                        0   ,                   0   ,                    0   ,               19.0   ,                  10.5   ,                6.3   ,                  8.5   ,              12.3   ,               2.3   ,                12.1   ,           16.8   ,             12.2   ,                         4.5   ,              16   ,        0.8800   ,               37.0   ,                 17332   ,
2026-02-11 21:10:03 ,         210.0   ,             50.6   ,               29.8   ,        38.4   ,                  34.0   ,                30   ,                  2000   ,                30   ,                     0   ,            534   ,          0   ,                        0   ,                   0   ,                    0   ,               18.4   ,                  10.0   ,                6.1   ,                  8.4   ,              12.3   ,               2.3   ,                12.1   ,           16.2   ,             12.2   ,                         4.1   ,              16   ,        0.8800   ,               36.0   ,                 17325   ,
2026-02-11 21:10:04 ,         210.0   ,             50.6   ,               29.8   ,        38.3   ,                  34.0   ,                30   ,                  2002   ,                30   ,                     0   ,            534   ,          0   ,                        0   ,                   0   ,                    0   ,               17.5   ,                   9.3   ,                5.9   ,                  9.1   ,              12.3   ,               2.3   ,                12.1   ,           17.7   ,             12.2   ,                         4.4   ,              16   ,        0.8800   ,               40.0   ,                 17331   ,
2026-02-11 21:10:05 ,         210.0   ,             50.6   ,               29.8   ,        38.5   ,                  34.0   ,                30   ,                  2003   ,                30   ,                     0   ,            534   ,          0   ,                        0   ,                   0   ,                    0   ,               17.5   ,                  10.5   ,                6.5   ,                  8.8   ,              12.3   ,               2.3   ,                12.1   ,           17.1   ,             12.2   ,                         4.3   ,              16   ,        0.8800   ,               42.0   ,                 17323   ,
2026-02-11 21:10:06 ,         210.0   ,             50.6   ,               29.8   ,        38.4   ,                  34.0   ,                30   ,                  1999   ,                30   ,                     0   ,            534   ,          0   ,                        0   ,                   0   ,                    0   ,               17.4   ,                   9.5   ,                6.7   ,                  9.0   ,              12.3   ,               2.3   ,                12.1   ,           18.0   ,             12.2   ,                         4.5   ,              16   ,        0.8800   ,               41.0   ,                 17329   ,
2026-02-11 21:10:07 ,         210.0   ,             50.6   ,               29.8   ,        38.4   ,                  34.0   ,                30   ,                  2001   ,                30   ,                     0   ,            534   ,          0   ,                        0   ,                   0   ,                    0   ,               17.7   ,                   9.6   ,                6.8   ,                  9.1   ,              12.3   ,               2.3   ,                12.1   ,           17.7   ,             12.2   ,                         4.4   ,              16   ,        0.8800   ,               39.0   ,                 17329   ,
2026-02-11 21:10:08 ,         210.0   ,             50.6   ,               29.8   ,        38.4   ,                  34.0   ,                30   ,                  2000   ,                30   ,                     0   ,            534   ,          0   ,                        0   ,                   0   ,                    0   ,               18.3   ,                  11.4   ,                6.7   ,                  9.0   ,              12.3   ,               2.3   ,                12.1   ,           18.1   ,             12.2   ,                         4.5   ,              16   ,        0.8800   ,               41.0   ,                 17328   ,
2026-02-11 21:10:09 ,         210.0   ,             50.6   ,               29.8   ,        38.5   ,                  34.0   ,                30   ,                  2001   ,                30   ,                     0   ,            534   ,          0   ,                        0   ,                   0   ,                    0   ,               17.6   ,                  10.5   ,                6.6   ,                  8.9   ,              12.3   ,               2.3   ,                12.1   ,           17.2   ,             12.2   ,                         4.3   ,              16   ,        0.8800   ,               41.0   ,                 17326   ,
2026-02-11 21:10:10 ,         210.0   ,             50.6   ,               29.8   ,        38.4   ,                  34.0   ,                30   ,                  2001   ,                30   ,                     0   ,            534   ,          0   ,                        0   ,                   0   ,                    0   ,               19.6   ,                  10.8   ,                6.5   ,                  8.8   ,              12.3   ,               2.3   ,                12.1   ,           17.3   ,             12.2   ,                         4.3   ,              16   ,        0.8800   ,               38.0   ,                 17328   ,
2026-02-11 21:10:11 ,         210.0   ,             50.6   ,               29.8   ,        38.4   ,                  34.0   ,                30   ,                  2004   ,                30   ,                     0   ,            534   ,          0   ,                        0   ,                   0   ,                    0   ,               17.9   ,                   9.6   ,                6.1   ,                  8.3   ,              12.3   ,               2.2   ,                12.1   ,           17.4   ,             12.2   ,                         4.3   ,              16   ,        0.8800   ,               42.0   ,                 17328   ,
2026-02-11 21:10:12 ,         210.0   ,             50.6   ,               29.8   ,        38.5   ,                  32.0   ,                30   ,                  2002   ,                30   ,                     0   ,            534   ,          0   ,                        0   ,                   0   ,                    0   ,               17.0   ,                   8.6   ,                6.2   ,                  8.4   ,              12.3   ,               2.2   ,                12.1   ,           15.8   ,             12.2   ,                         4.0   ,              16   ,        0.8800   ,               42.0   ,                 17329   ,
2026-02-11 21:10:13 ,         210.0   ,             50.6   ,               29.8   ,        38.4   ,                  34.0   ,                30   ,                  2000   ,                30   ,                     0   ,            534   ,          0   ,                        0   ,                   0   ,                    0   ,               18.0   ,                   9.7   ,                6.1   ,                  8.9   ,              12.3   ,               2.2   ,                12.1   ,           16.9   ,             12.2   ,                         4.3   ,              16   ,        0.8800   ,               41.0   ,                 17328   ,
2026-02-11 21:10:14 ,         210.0   ,             50.6   ,               29.8   ,        38.4   ,                  34.0   ,                30   ,                  2001   ,                30   ,                     0   ,            534   ,          0   ,                        0   ,                   0   ,                    0   ,               16.9   ,                   8.8   ,                5.9   ,                  8.9   ,              12.3   ,               2.2   ,                12.1   ,           16.5   ,             12.2   ,                         4.2   ,              16   ,        0.8800   ,               38.0   ,                 17329   ,
2026-02-11 21:10:15 ,         210.0   ,             50.6   ,               29.8   ,        38.4   ,                  34.0   ,                30   ,                  2000   ,                30   ,                     0   ,            534   ,          0   ,                        0   ,                   0   ,                    0   ,               16.4   ,                   8.4   ,                5.8   ,                  7.9   ,              12.3   ,               2.2   ,                12.1   ,           17.1   ,             12.2   ,                         4.3   ,              16   ,        0.8800   ,               38.0   ,                 17362   ,
2026-02-11 21:10:16 ,         210.0   ,             50.6   ,               29.8   ,        38.5   ,                  32.0   ,                30   ,                  2001   ,                30   ,                     0   ,            534   ,          0   ,                        0   ,                   0   ,                    0   ,               18.0   ,                   9.8   ,                6.0   ,                  8.2   ,              12.3   ,               2.2   ,                12.1   ,           15.8   ,             12.2   ,                         4.5   ,              16   ,        0.8800   ,               40.0   ,                 17359   ,
2026-02-11 21:10:17 ,         210.0   ,             50.6   ,               29.8   ,        38.4   ,                  34.0   ,                30   ,                  1999   ,                30   ,                     0   ,            534   ,          0   ,                        0   ,                   0   ,                    0   ,               17.4   ,                   9.4   ,                6.6   ,                  8.9   ,              12.3   ,               2.3   ,                12.1   ,           17.1   ,             12.2   ,                         4.3   ,              16   ,        0.8800   ,               41.0   ,                 17359   ,
2026-02-11 21:10:18 ,         210.0   ,             50.6   ,               29.8   ,        38.5   ,                  34.0   ,                30   ,                  2001   ,                30   ,                     0   ,            534   ,          0   ,                        0   ,                   0   ,                    0   ,               17.0   ,                   8.6   ,                6.2   ,                  8.4   ,              12.3   ,               2.2   ,                12.1   ,           14.9   ,             12.2   ,                         3.8   ,              16   ,        0.8800   ,               39.0   ,                 17359   ,
2026-02-11 21:10:19 ,         210.0   ,             50.6   ,               29.8   ,        38.5   ,                  32.0   ,                30   ,                  2000   ,                30   ,                     0   ,            534   ,          0   ,                        0   ,                   0   ,                    0   ,               19.2   ,                  10.2   ,                6.7   ,                  9.0   ,              12.3   ,               2.2   ,                12.1   ,           16.9   ,             12.2   ,                         4.3   ,              16   ,        0.8800   ,               41.0   ,                 17279   ,
2026-02-11 21:10:20 ,         210.0   ,             50.6   ,               29.8   ,        38.5   ,                  34.0   ,                30   ,                  2001   ,                30   ,                     0   ,            534   ,          0   ,                        0   ,                   0   ,                    0   ,               17.1   ,                   9.2   ,                5.7   ,                  7.9   ,              12.3   ,               2.1   ,                12.1   ,           14.9   ,             12.2   ,                         3.8   ,              16   ,        0.8800   ,               41.0   ,                 17122   ,
2026-02-11 21:10:21 ,         210.0   ,             50.6   ,               29.8   ,        38.3   ,                  34.0   ,                30   ,                  2000   ,                30   ,                     0   ,            534   ,          0   ,                        0   ,                   0   ,                    0   ,               18.2   ,                   9.7   ,                6.5   ,                  8.5   ,              12.3   ,               2.0   ,                12.1   ,           16.2   ,             12.2   ,                         4.0   ,              16   ,        0.8800   ,               41.0   ,                 17090   ,
2026-02-11 21:10:22 ,         210.0   ,             50.6   ,               29.9   ,        38.4   ,                  34.0   ,                30   ,                  1998   ,                30   ,                     0   ,            534   ,          0   ,                        0   ,                   0   ,                    0   ,               18.7   ,                  10.2   ,                6.4   ,                  8.5   ,              12.3   ,               2.1   ,                12.1   ,           16.5   ,             12.2   ,                         4.1   ,              16   ,        0.8800   ,               39.0   ,                 17162   ,
2026-02-11 21:10:23 ,         210.0   ,             50.6   ,               29.8   ,        38.4   ,                  34.0   ,                30   ,                  1996   ,                30   ,                     0   ,            534   ,          0   ,                        0   ,                   0   ,                    0   ,               18.5   ,                   9.9   ,                6.4   ,                  8.6   ,              12.3   ,               2.2   ,                12.1   ,           16.3   ,             12.2   ,                         4.1   ,              16   ,        0.8800   ,               41.0   ,                 17122   ,
2026-02-11 21:10:24 ,         210.0   ,             50.6   ,               29.9   ,        38.5   ,                  34.0   ,                30   ,                  2000   ,                30   ,                     0   ,            534   ,          0   ,                        0   ,                   0   ,                    0   ,               17.8   ,                   9.3   ,                6.3   ,                  8.5   ,              12.3   ,               2.1   ,                12.1   ,           15.7   ,             12.2   ,                         4.0   ,              16   ,        0.8800   ,               42.0   ,                 17088   ,
2026-02-11 21:10:25 ,         210.0   ,             50.6   ,               29.8   ,        38.4   ,                  34.0   ,                30   ,                  2001   ,                30   ,                     0   ,            534   ,          0   ,                        0   ,                   0   ,                    0   ,               17.3   ,                   8.9   ,                6.3   ,                  8.4   ,              12.3   ,               2.1   ,                12.1   ,           15.7   ,             12.2   ,                         4.0   ,              16   ,        0.8800   ,               37.0   ,                 17224   ,
2026-02-11 21:10:26 ,         210.0   ,             50.6   ,               29.9   ,        38.4   ,                  32.0   ,                30   ,                  2003   ,                30   ,                     0   ,            534   ,          0   ,                        0   ,                   0   ,                    0   ,               17.8   ,                   9.4   ,                6.4   ,                  8.5   ,              12.3   ,               2.1   ,                12.1   ,           15.8   ,             12.2   ,                         4.0   ,              16   ,        0.8800   ,               38.0   ,                 17270   ,
2026-02-11 21:10:27 ,         210.0   ,             50.6   ,               29.9   ,        38.5   ,                  34.0   ,                30   ,                  2006   ,                30   ,                     0   ,            534   ,          0   ,                        0   ,                   0   ,                    0   ,               17.4   ,                   8.9   ,                6.4   ,                  8.5   ,              12.3   ,               2.1   ,                12.1   ,           15.3   ,             12.2   ,                         3.9   ,              16   ,        0.8800   ,               41.0   ,                 17260   ,
2026-02-11 21:10:28 ,         210.0   ,             50.6   ,               29.9   ,        38.5   ,                  34.0   ,                30   ,                  2001   ,                30   ,                     0   ,            534   ,          0   ,                        0   ,                   0   ,                    0   ,               17.9   ,                   9.3   ,                6.4   ,                  8.6   ,              12.3   ,               2.2   ,                12.1   ,           15.7   ,             12.2   ,                         4.0   ,              16   ,        0.8800   ,               41.0   ,                 17264   ,
2026-02-11 21:10:29 ,         210.0   ,             50.6   ,               29.9   ,        38.5   ,                  32.0   ,                30   ,                  2002   ,                30   ,                     0   ,            534   ,          0   ,                        0   ,                   0   ,                    0   ,               15.9   ,                   8.0   ,                5.8   ,                  8.0   ,              12.3   ,               2.1   ,                12.1   ,           16.2   ,             12.2   ,                         4.1   ,              16   ,        0.8800   ,               41.0   ,                 17263   ,
2026-02-11 21:10:30 ,         210.0   ,             50.6   ,               29.9   ,        38.4   ,                  32.0   ,                30   ,                  2003   ,                30   ,                     0   ,            534   ,          0   ,                        0   ,                   0   ,                    0   ,               15.9   ,                   7.9   ,                5.9   ,                  8.1   ,              12.3   ,               2.2   ,                12.1   ,           16.1   ,             12.2   ,                         4.1   ,              16   ,        0.8800   ,               37.0   ,                 17264   ,
2026-02-11 21:10:31 ,         210.0   ,             50.6   ,               29.9   ,        38.5   ,                  32.0   ,                30   ,                  1998   ,                30   ,                     0   ,            534   ,          0   ,                        0   ,                   0   ,                    0   ,               15.9   ,                   9.4   ,                6.7   ,                  8.8   ,              12.3   ,               2.2   ,                12.1   ,           16.0   ,             12.2   ,                         4.0   ,              16   ,        0.8800   ,               41.0   ,                 17264   ,
2026-02-11 21:10:32 ,         210.0   ,             50.6   ,               29.9   ,        38.5   ,                  34.0   ,                30   ,                  2000   ,                30   ,                     0   ,            534   ,          0   ,                        0   ,                   0   ,                    0   ,               18.0   ,                   9.2   ,                6.5   ,                  8.7   ,              12.3   ,               2.2   ,                12.1   ,           15.8   ,             12.2   ,                         3.9   ,              16   ,        0.8800   ,               41.0   ,                 17198   ,
2026-02-11 21:10:33 ,         210.0   ,             50.6   ,               29.9   ,        38.5   ,                  32.0   ,                30   ,                  2000   ,                30   ,                     0   ,            534   ,          0   ,                        0   ,                   0   ,                    0   ,               18.0   ,                   9.3   ,                6.5   ,                  8.7   ,              12.3   ,               2.2   ,                12.1   ,           15.8   ,             12.2   ,                         4.1   ,              16   ,        0.8800   ,               39.0   ,                 17184   ,
2026-02-11 21:10:34 ,         210.0   ,             50.6   ,               29.9   ,        38.6   ,                  34.0   ,                30   ,                  2000   ,                30   ,                     0   ,            534   ,          0   ,                        0   ,                   0   ,                    0   ,               18.3   ,                   9.6   ,                6.4   ,                  8.7   ,              12.3   ,               2.2   ,                12.1   ,           16.1   ,             12.2   ,                         4.1   ,              16   ,        0.8800   ,               41.0   ,                 17174   ,
2026-02-11 21:10:35 ,         210.0   ,             50.6   ,               29.9   ,        38.6   ,                  34.0   ,                30   ,                  2001   ,                30   ,                     0   ,            534   ,          0   ,                        0   ,                   0   ,                    0   ,               18.0   ,                   9.5   ,                6.3   ,                  8.5   ,              12.3   ,               2.2   ,                12.1   ,           16.5   ,             12.2   ,                         4.1   ,              16   ,        0.8800   ,               39.0   ,                 17192   ,
2026-02-11 21:10:36 ,         210.0   ,             50.6   ,               29.9   ,        38.5   ,                  34.0   ,                30   ,                  2002   ,                30   ,                     0   ,            534   ,          0   ,                        0   ,                   0   ,                    0   ,               17.6   ,                   9.2   ,                6.2   ,                  8.3   ,              12.3   ,               2.2   ,                12.1   ,           15.4   ,             12.2   ,                         4.1   ,              16   ,        0.8800   ,               37.0   ,                 17186   ,
2026-02-11 21:10:37 ,         210.0   ,             50.6   ,               29.9   ,        38.6   ,                  34.0   ,                30   ,                  1997   ,                30   ,                     0   ,            534   ,          0   ,                        0   ,                   0   ,                    0   ,               16.3   ,                   8.4   ,                5.7   ,                  7.9   ,              12.3   ,               2.1   ,                12.1   ,           14.1   ,             12.2   ,                         3.6   ,              16   ,        0.8800   ,               38.0   ,                 17192   ,
2026-02-11 21:10:38 ,         210.0   ,             50.6   ,               29.9   ,        38.6   ,                  32.0   ,                30   ,                  2001   ,                30   ,                     0   ,            534   ,          0   ,                        0   ,                   0   ,                    0   ,               18.6   ,                   9.9   ,                6.4   ,                  8.7   ,              12.3   ,               2.3   ,                12.1   ,           16.3   ,             12.2   ,                         4.2   ,              16   ,        0.8800   ,               40.0   ,                 17203   ,
2026-02-11 21:10:39 ,         210.0   ,             50.6   ,               29.9   ,        38.6   ,                  34.0   ,                30   ,                  2000   ,                30   ,                     0   ,            534   ,          0   ,                        0   ,                   0   ,                    0   ,               17.9   ,                   9.5   ,                6.2   ,                  8.4   ,              12.3   ,               2.2   ,                12.1   ,           17.0   ,             12.2   ,                         4.3   ,              16   ,        0.8800   ,               37.0   ,                 17200   ,
2026-02-11 21:10:40 ,         210.0   ,             50.6   ,               29.9   ,        38.5   ,                  34.0   ,                30   ,                  2000   ,                30   ,                     0   ,            534   ,          0   ,                        0   ,                   0   ,                    0   ,               17.9   ,                   9.3   ,                6.4   ,                  8.6   ,              12.3   ,               2.2   ,                12.1   ,           15.7   ,             12.2   ,                         4.0   ,              16   ,        0.8800   ,               34.0   ,                 16397   ,
2026-02-11 21:10:41 ,         210.0   ,             50.6   ,               29.9   ,        38.6   ,                  34.0   ,                30   ,                  2002   ,                30   ,                     0   ,            534   ,          0   ,                        0   ,                   0   ,                    0   ,               18.5   ,                   9.9   ,                6.4   ,                  8.6   ,              12.3   ,               2.1   ,                12.1   ,           16.3   ,             12.2   ,                         4.1   ,              16   ,        0.8800   ,               33.0   ,                 16347   ,
2026-02-11 21:10:42 ,         210.0   ,             50.6   ,               29.9   ,        38.6   ,                  32.0   ,                30   ,                  2000   ,                30   ,                     0   ,            534   ,          0   ,                        0   ,                   0   ,                    0   ,               16.3   ,                   8.2   ,                5.8   ,                  8.0   ,              12.3   ,               2.2   ,                12.1   ,           14.1   ,             12.2   ,                         3.6   ,              16   ,        0.8800   ,               34.0   ,                 15893   ,
2026-02-11 21:10:43 ,         210.0   ,             50.6   ,               30.0   ,        38.7   ,                  34.0   ,                30   ,                  2001   ,                30   ,                     0   ,            534   ,          0   ,                        0   ,                   0   ,                    0   ,               18.4   ,                  11.6   ,                6.9   ,                  9.1   ,              12.3   ,               2.2   ,                12.1   ,           18.5   ,             12.2   ,                         4.6   ,              16   ,        0.8800   ,               33.0   ,                 14639   ,
2026-02-11 21:10:44 ,         210.0   ,             50.6   ,               30.0   ,        38.7   ,                  34.0   ,                30   ,                  2003   ,                30   ,                     0   ,            534   ,          0   ,                        0   ,                   0   ,                    0   ,               17.9   ,                   9.2   ,                6.6   ,                  8.8   ,              12.3   ,               2.2   ,                12.1   ,           15.8   ,             12.2   ,                         4.0   ,              16   ,        0.8800   ,               35.0   ,                 10923   ,
