# gpu    pwr  gtemp  mtemp     sm    mem    enc    dec    jpg    ofa   mclk   pclk     fb   bar1   ccpm 
# Idx      W      C      C      %      %      %      %      %      %    MHz    MHz     MB     MB     MB 
    0     35     37      -      0      0      0      0      0      0    405    210      1      2      0 
    1     20     42      -      0      0      0      0      0      0    405    210      1      2      0 
    0     50     38      -      3      0      0      0      0      0  10501   2520    396      5      0 
    1     25     43      -      2      0      0      0      0      0  10501   2520    396      5      0 
    0     76     38      -      0      0      0      0      0      0  10501   2520    396      5      0 
    1     63     43      -      0      0      0      0      0      0  10501   2520    396      5      0 
    0     75     38      -      0      0      0      0      0      0  10501   2520    396      5      0 
    1     62     43      -      0      0      0      0      0      0  10501   2520    396      5      0 
    0     75     38      -      0      0      0      0      0      0  10501   2520    396      5      0 
    1     61     43      -      0      0      0      0      0      0  10501   2520    396      5      0 
    0     76     38      -      0      0      0      0      0      0  10501   2520    396      5      0 
    1     61     43      -      0      0      0      0      0      0  10501   2520    396      5      0 
    0     75     38      -      0      0      0      0      0      0  10501   2520    396      5      0 
    1     61     43      -      0      0      0      0      0      0  10501   2520    396      5      0 
    0     76     38      -      0      0      0      0      0      0  10501   2520  35948      5      0 
    1     62     43      -      0      0      0      0      0      0  10501   2520  35280      5      0 
    0     77     38      -      8      0      0      0      0      0  10501   2520  35948      5      0 
    1     62     43      -      0      0      0      0      0      0  10501   2520  35280      5      0 
    0     76     38      -      7      0      0      0      0      0  10501   2520  35948      5      0 
    1     62     43      -      0      0      0      0      0      0  10501   2520  35280      5      0 
    0     77     38      -      8      0      0      0      0      0  10501   2520  35948      5      0 
    1     61     43      -      0      0      0      0      0      0  10501   2520  35280      5      0 
    0     76     38      -      8      0      0      0      0      0  10501   2520  35948      5      0 
    1     61     43      -      0      0      0      0      0      0  10501   2520  35280      5      0 
    0     77     38      -      7      0      0      0      0      0  10501   2520  35948      5      0 
    1     60     43      -      0      0      0      0      0      0  10501   2520  35280      5      0 
    0     76     38      -      7      0      0      0      0      0  10501   2520  35948      5      0 
    1     59     43      -      0      0      0      0      0      0  10501   2520  35280      5      0 
    0     77     38      -      8      0      0      0      0      0  10501   2520  35948      5      0 
    1     60     43      -      0      0      0      0      0      0  10501   2520  35280      5      0 
    0     77     39      -      7      0      0      0      0      0  10501   2520  35948      5      0 
    1     61     43      -      0      0      0      0      0      0  10501   2520  35280      5      0 
    0     76     38      -      7      0      0      0      0      0  10501   2520  35948      5      0 
    1     61     43      -      0      0      0      0      0      0  10501   2520  35280      5      0 
    0     77     38      -      8      0      0      0      0      0  10501   2520  35948      5      0 
    1     61     43      -      0      0      0      0      0      0  10501   2520  35280      5      0 
    0     76     38      -      9      0      0      0      0      0  10501   2520  35948      5      0 
    1     55     42      -      0      0      0      0      0      0    810    435  35280      5      0 
    0     77     38      -      9      0      0      0      0      0  10501   2520  35948      5      0 
    1     39     42      -      0      0      0      0      0      0    405    285  35280      5      0 
    0     76     38      -      8      0      0      0      0      0  10501   2520  35948      5      0 
    1     27     42      -      0      0      0      0      0      0    405    210  35280      5      0 
    0     77     38      -      7      0      0      0      0      0  10501   2520  35948      5      0 
    1     24     42      -      0      0      0      0      0      0    405    210  35280      5      0 
# gpu    pwr  gtemp  mtemp     sm    mem    enc    dec    jpg    ofa   mclk   pclk     fb   bar1   ccpm 
# Idx      W      C      C      %      %      %      %      %      %    MHz    MHz     MB     MB     MB 
    0     76     39      -      6      0      0      0      0      0  10501   2520  35948      5      0 
    1     24     42      -      0      0      0      0      0      0    405    210  35280      5      0 
    0     76     38      -      7      0      0      0      0      0  10501   2520  35948      5      0 
    1     24     42      -      0      0      0      0      0      0    405    210  35280      5      0 
    0     77     39      -      7      0      0      0      0      0  10501   2520  35948      5      0 
    1     24     42      -      0      0      0      0      0      0    405    210  35280      5      0 
    0     76     38      -      8      0      0      0      0      0  10501   2520  35948      5      0 
    1     24     42      -      0      0      0      0      0      0    405    210  35280      5      0 
    0     77     39      -      8      0      0      0      0      0  10501   2520  35948      5      0 
    1     24     42      -      0      0      0      0      0      0    405    210  35280      5      0 
    0     76     39      -      7      0      0      0      0      0  10501   2520  35948      5      0 
    1     24     42      -      0      0      0      0      0      0    405    210  35280      5      0 
    0     76     39      -      9      0      0      0      0      0  10501   2520  35948      5      0 
    1     24     42      -      0      0      0      0      0      0    405    210  35280      5      0 
    0     76     39      -      7      0      0      0      0      0  10501   2520  35948      5      0 
    1     24     41      -      0      0      0      0      0      0    405    210  35280      5      0 
    0     76     39      -      8      0      0      0      0      0  10501   2520  35948      5      0 
    1     23     41      -      0      0      0      0      0      0    405    210  35280      5      0 
    0     76     39      -      8      0      0      0      0      0  10501   2520  35948      5      0 
    1     23     41      -      0      0      0      0      0      0    405    210  35280      5      0 
    0     76     39      -      7      0      0      0      0      0  10501   2520  35948      5      0 
    1     24     41      -      0      0      0      0      0      0    405    210  35280      5      0 
    0     76     39      -      7      0      0      0      0      0  10501   2520  35948      5      0 
    1     24     41      -      0      0      0      0      0      0    405    210  35280      5      0 
    0     75     39      -      6      0      0      0      0      0  10501   2520  35948      5      0 
    1     24     41      -      0      0      0      0      0      0    405    210  35280      5      0 
    0     76     39      -      7      0      0      0      0      0  10501   2520  35948      5      0 
    1     24     41      -      0      0      0      0      0      0    405    210  35280      5      0 
    0     75     39      -      8      0      0      0      0      0  10501   2520  35948      5      0 
    1     24     41      -      0      0      0      0      0      0    405    210  35280      5      0 
    0     76     39      -      8      0      0      0      0      0  10501   2520  35948      5      0 
    1     25     41      -      0      0      0      0      0      0    405    210  35280      5      0 
    0     76     39      -      8      0      0      0      0      0  10501   2520  35948      5      0 
    1     25     41      -      0      0      0      0      0      0    405    210  35280      5      0 
    0     76     39      -      8      0      0      0      0      0  10501   2520  35948      5      0 
    1     24     41      -      0      0      0      0      0      0    405    210  35280      5      0 
    0     76     39      -      7      0      0      0      0      0  10501   2520  35948      5      0 
    1     25     41      -      0      0      0      0      0      0    405    210  35280      5      0 
    0     76     39      -      8      0      0      0      0      0  10501   2520  35948      5      0 
    1     25     41      -      0      0      0      0      0      0    405    210  35280      5      0 
    0     76     39      -      8      0      0      0      0      0  10501   2520  35948      5      0 
    1     24     41      -      0      0      0      0      0      0    405    210  35280      5      0 
    0     76     39      -      8      0      0      0      0      0  10501   2520  35948      5      0 
    1     24     41      -      0      0      0      0      0      0    405    210  35280      5      0 
# gpu    pwr  gtemp  mtemp     sm    mem    enc    dec    jpg    ofa   mclk   pclk     fb   bar1   ccpm 
# Idx      W      C      C      %      %      %      %      %      %    MHz    MHz     MB     MB     MB 
    0     76     39      -      7      0      0      0      0      0  10501   2520  35948      5      0 
    1     24     41      -      0      0      0      0      0      0  10501   2520  35280      5      0 
    0     75     39      -      0      0      0      0      0      0  10501   2520  35948      5      0 
    1     62     42      -      8      0      0      0      0      0  10501   2520  35280      5      0 
    0     75     39      -      0      0      0      0      0      0  10501   2520  35948      5      0 
    1     62     42      -      8      0      0      0      0      0  10501   2520  35280      5      0 
    0     75     38      -      0      0      0      0      0      0  10501   2520  35948      5      0 
    1     62     42      -      9      0      0      0      0      0  10501   2520  35280      5      0 
    0     75     39      -      0      0      0      0      0      0  10501   2520  35948      5      0 
    1     62     42      -      8      0      0      0      0      0  10501   2520  35280      5      0 
    0     74     38      -      0      0      0      0      0      0  10501   2520  35948      5      0 
    1     63     42      -      9      0      0      0      0      0  10501   2520  35280      5      0 
    0     75     39      -      0      0      0      0      0      0  10501   2520  35948      5      0 
    1     63     42      -      7      0      0      0      0      0  10501   2520  35280      5      0 
    0     74     38      -      0      0      0      0      0      0  10501   2520  35948      5      0 
    1     63     42      -      7      0      0      0      0      0  10501   2520  35280      5      0 
    0     74     38      -      0      0      0      0      0      0  10501   2520  35948      5      0 
    1     62     42      -      7      0      0      0      0      0  10501   2520  35280      5      0 
    0     75     39      -      0      0      0      0      0      0  10501   2520  35948      5      0 
    1     63     42      -      8      0      0      0      0      0  10501   2520  35280      5      0 
    0     74     38      -      0      0      0      0      0      0  10501   2520  35948      5      0 
    1     62     42      -      9      0      0      0      0      0  10501   2520  35280      5      0 
    0     74     38      -      0      0      0      0      0      0  10501   2520  35948      5      0 
    1     63     42      -      8      0      0      0      0      0  10501   2520  35280      5      0 
    0     75     39      -      0      0      0      0      0      0  10501   2520  35948      5      0 
    1     63     42      -      9      0      0      0      0      0  10501   2520  35280      5      0 
    0     74     38      -      0      0      0      0      0      0  10501   2520  35948      5      0 
    1     62     42      -      8      0      0      0      0      0  10501   2520  35280      5      0 
    0     74     38      -      0      0      0      0      0      0  10501   2520  35948      5      0 
    1     63     42      -      7      0      0      0      0      0  10501   2520  35280      5      0 
    0     74     38      -      0      0      0      0      0      0  10501   2520  35948      5      0 
    1     62     42      -      7      0      0      0      0      0  10501   2520  35280      5      0 
    0     74     38      -      0      0      0      0      0      0  10501   2520  35948      5      0 
    1     63     42      -      8      0      0      0      0      0  10501   2520  35280      5      0 
    0     65     38      -      0      0      0      0      0      0    810    420  35948      5      0 
    1     63     42      -      8      0      0      0      0      0  10501   2520  35280      5      0 
    0     46     37      -      0      0      0      0      0      0    405    270  35948      5      0 
    1     64     42      -      8      0      0      0      0      0  10501   2520  35280      5      0 
    0     35     37      -      0      0      0      0      0      0    405    210  35948      5      0 
    1     64     42      -      7      0      0      0      0      0  10501   2520  35280      5      0 
    0     35     37      -      0      0      0      0      0      0    405    210  35948      5      0 
    1     63     42      -      7      0      0      0      0      0  10501   2520  35280      5      0 
    0     35     37      -      0      0      0      0      0      0    405    210  35948      5      0 
    1     64     42      -      7      0      0      0      0      0  10501   2520  35280      5      0 
# gpu    pwr  gtemp  mtemp     sm    mem    enc    dec    jpg    ofa   mclk   pclk     fb   bar1   ccpm 
# Idx      W      C      C      %      %      %      %      %      %    MHz    MHz     MB     MB     MB 
    0     35     37      -      0      0      0      0      0      0    405    210  35948      5      0 
    1     62     42      -      8      0      0      0      0      0  10501   2520  35280      5      0 
    0     35     37      -      0      0      0      0      0      0    405    210  35948      5      0 
    1     62     42      -      8      0      0      0      0      0  10501   2520  35280      5      0 
    0     35     37      -      0      0      0      0      0      0    405    210  35948      5      0 
    1     62     42      -      8      0      0      0      0      0  10501   2520  35280      5      0 
    0     35     37      -      0      0      0      0      0      0    405    210  35948      5      0 
    1     64     42      -      9      0      0      0      0      0  10501   2520  35280      5      0 
    0     35     37      -      0      0      0      0      0      0    405    210  35948      5      0 
    1     62     42      -      8      0      0      0      0      0  10501   2520  35280      5      0 
    0     35     37      -      0      0      0      0      0      0    405    210  35948      5      0 
    1     64     42      -      8      0      0      0      0      0  10501   2520  35280      5      0 
    0     35     36      -      0      0      0      0      0      0    405    210  35948      5      0 
    1     64     42      -      8      0      0      0      0      0  10501   2520  35280      5      0 
    0     35     36      -      0      0      0      0      0      0    405    210  35948      5      0 
    1     63     42      -      7      0      0      0      0      0  10501   2520  35280      5      0 
    0     35     36      -      0      0      0      0      0      0    405    210  35948      5      0 
    1     64     42      -      8      0      0      0      0      0  10501   2520  35280      5      0 
    0     35     36      -      0      0      0      0      0      0    405    210  35948      5      0 
    1     64     42      -      8      0      0      0      0      0  10501   2520  35280      5      0 
    0     35     36      -      0      0      0      0      0      0    405    210  35948      5      0 
    1     64     42      -      8      0      0      0      0      0  10501   2520  35280      5      0 
    0     35     36      -      0      0      0      0      0      0    405    210  35948      5      0 
    1     63     42      -      8      0      0      0      0      0  10501   2520  35280      5      0 
    0     35     36      -      0      0      0      0      0      0    405    210  35948      5      0 
    1     64     42      -      9      0      0      0      0      0  10501   2520  35280      5      0 
    0     35     36      -      0      0      0      0      0      0    405    210  35948      5      0 
    1     62     43      -      8      0      0      0      0      0  10501   2520  35280      5      0 
    0     35     36      -      0      0      0      0      0      0    405    210  35948      5      0 
    1     63     42      -      6      0      0      0      0      0  10501   2520  35280      5      0 
    0    120     38      -      0      0      0      0      0      0  10501   2655  36374      5      0 
    1     90     52      -      0      0      0      0      0      0  10501   2520  35750      5      0 
    0    200     43      -    100     50      0      0      0      0  10501   1665  36374      5      0 
    1    190     44      -      0      0      0      0      0      0  10501   2730  35750      5      0 
    0    185     44      -     59     42      0      0      0      0  10501   1050  36634      5      0 
    1    187     47      -     60     33      0      0      0      0  10501   2520  35990      5      0 
    0    257     45      -    100     42      0      0      0      0  10501    900  36634      5      0 
    1    208     50      -     94     68      0      0      0      0  10501   1830  35990      5      0 
    0    211     46      -    100     50      0      0      0      0  10501   1050  36634      5      0 
    1    216     45      -     63     32      0      0      0      0  10501   2730  35990      5      0 
    0    257     46      -    100     43      0      0      0      0  10501    915  36634      5      0 
    1    197     51      -     98     52      0      0      0      0  10501   1110  35990      5      0 
    0    223     47      -    100     50      0      0      0      0  10501   1080  36634      5      0 
    1    202     52      -    100     65      0      0      0      0  10501   1080  35990      5      0 
# gpu    pwr  gtemp  mtemp     sm    mem    enc    dec    jpg    ofa   mclk   pclk     fb   bar1   ccpm 
# Idx      W      C      C      %      %      %      %      %      %    MHz    MHz     MB     MB     MB 
    0    251     43      -    100     48      0      0      0      0  10501   2460  36634      5      0 
    1    240     50      -    100     53      0      0      0      0  10501   1110  35990      5      0 
    0    220     48      -    100     50      0      0      0      0  10501   1005  36634      5      0 
    1    202     52      -     36     20      0      0      0      0  10501   1470  35990      5      0 
    0    219     41      -      0      0      0      0      0      0  10501   2520  36980      5      0 
    1    204     52      -     16     14      0      0      0      0  10501   1095  36310      5      0 
    0    249     47      -    100     42      0      0      0      0  10501    900  36980      5      0 
    1    235     52      -    100     46      0      0      0      0  10501   1080  36310      5      0 
    0    249     48      -    100     42      0      0      0      0  10501    915  36980      5      0 
    1    223     53      -     10      8      0      0      0      0  10501   1155  36310      5      0 
    0    249     48      -    100     41      0      0      0      0  10501    945  36980      5      0 
    1    236     53      -    100     48      0      0      0      0  10501   1155  36310      5      0 
    0    216     49      -    100     49      0      0      0      0  10501   1050  36980      5      0 
    1    202     54      -     82     43      0      0      0      0  10501   1125  36310      5      0 
    0    252     48      -    100     46      0      0      0      0  10501   1035  36980      5      0 
    1    225     52      -     68     45      0      0      0      0  10501   1110  36310      5      0 
    0    250     49      -    100     45      0      0      0      0  10501   1035  36980      5      0 
    1    235     54      -    100     50      0      0      0      0  10501   1125  36310      5      0 
    0    202     49      -     12     10      0      0      0      0  10501   2130  36980      5      0 
    1    200     54      -    100     55      0      0      0      0  10501   1095  36310      5      0 
    0    252     49      -    100     42      0      0      0      0  10501    900  36980      5      0 
    1    232     50      -      0      0      0      0      0      0  10501   2520  36310      5      0 
    0    248     49      -    100     42      0      0      0      0  10501    885  36980      5      0 
    1    223     54      -    100     50      0      0      0      0  10501   1125  36310      5      0 
    0    205     49      -    100     40      0      0      0      0  10501   1080  36980      5      0 
    1    239     55      -     99     51      0      0      0      0  10501   1155  36310      5      0 
    0    256     50      -    100     50      0      0      0      0  10501    885  36980      5      0 
    1    201     55      -     54     28      0      0      0      0  10501   2325  36310      5      0 
    0    249     50      -    100     45      0      0      0      0  10501    900  36980      5      0 
    1    217     56      -     80     52      0      0      0      0  10501   1125  36310      5      0 
    0    249     50      -    100     44      0      0      0      0  10501    900  36980      5      0 
    1    241     56      -    100     51      0      0      0      0  10501   1140  36310      5      0 
    0    192     44      -     18      3      0      0      0      0  10501   2520  37672      5      0 
    1    190     55      -     90     73      0      0      0      0  10501   1110  36950      5      0 
    0    251     51      -    100     42      0      0      0      0  10501   1065  37672      5      0 
    1    247     51      -     68     35      0      0      0      0  10501   2730  36950      5      0 
    0    251     51      -    100     41      0      0      0      0  10501   1020  37672      5      0 
    1    221     57      -     53     44      0      0      0      0  10501   1125  36950      5      0 
    0    251     52      -    100     40      0      0      0      0  10501   1005  37672      5      0 
    1    236     56      -    100     50      0      0      0      0  10501   1170  36950      5      0 
    0    250     52      -    100     40      0      0      0      0  10501   1005  37672      5      0 
    1    216     52      -      0      0      0      0      0      0  10501   2730  36950      5      0 
    0    249     52      -    100     39      0      0      0      0  10501    945  37672      5      0 
    1    222     58      -    100     59      0      0      0      0  10501   1185  36950      5      0 
# gpu    pwr  gtemp  mtemp     sm    mem    enc    dec    jpg    ofa   mclk   pclk     fb   bar1   ccpm 
# Idx      W      C      C      %      %      %      %      %      %    MHz    MHz     MB     MB     MB 
    0    250     52      -    100     38      0      0      0      0  10501    975  37672      5      0 
    1    241     57      -    100     48      0      0      0      0  10501   1170  36950      5      0 
    0    212     52      -     42     33      0      0      0      0  10501   1035  37672      5      0 
    1    194     56      -     74     51      0      0      0      0  10501   1095  36950      5      0 
    0    251     52      -    100     42      0      0      0      0  10501   1005  37672      5      0 
    1    245     57      -    100     52      0      0      0      0  10501   2025  36950      5      0 
    0    251     53      -    100     40      0      0      0      0  10501   1020  37672      5      0 
    1    222     58      -    100     55      0      0      0      0  10501   1140  36950      5      0 
    0    250     53      -    100     41      0      0      0      0  10501   1005  37672      5      0 
    1    238     58      -    100     51      0      0      0      0  10501   1155  36950      5      0 
    0    251     53      -    100     40      0      0      0      0  10501    990  37672      5      0 
    1    220     54      -      9      4      0      0      0      0  10501   2730  36950      5      0 
    0    250     53      -    100     39      0      0      0      0  10501    990  37672      5      0 
    1    219     56      -     68     44      0      0      0      0  10501   1155  36950      5      0 
    0    250     54      -    100     39      0      0      0      0  10501    990  37672      5      0 
    1    232     58      -    100     47      0      0      0      0  10501   1155  36950      5      0 
    0    211     53      -      0      0      0      0      0      0  10501   1050  37672      5      0 
    1    197     57      -    100     56      0      0      0      0  10501   1110  36950      5      0 
    0    253     53      -    100     42      0      0      0      0  10501    930  37672      5      0 
    1    230     59      -     60     31      0      0      0      0  10501   1380  36950      5      0 
    0    249     53      -    100     42      0      0      0      0  10501    960  37672      5      0 
    1    223     57      -     68     57      0      0      0      0  10501   1125  36950      5      0 
    0    250     54      -    100     41      0      0      0      0  10501    975  37672      5      0 
    1    237     59      -    100     50      0      0      0      0  10501   1155  36950      5      0 
    0    250     54      -    100     40      0      0      0      0  10501    960  37672      5      0 
    1    231     59      -     81     39      0      0      0      0  10501   2130  36950      5      0 
    0    250     54      -    100     39      0      0      0      0  10501   1035  37672      5      0 
    1    215     55      -      0      0      0      0      0      0  10501   2730  36950      5      0 
    0    249     55      -    100     39      0      0      0      0  10501    990  37672      5      0 
    1    219     58      -     71     44      0      0      0      0  10501   1140  36950      5      0 
    0    215     55      -     52     20      0      0      0      0  10501   1035  37672      5      0 
    1    203     53      -      0      0      0      0      0      0  10501   2520  36950      5      0 
    0    257     54      -    100     49      0      0      0      0  10501    885  37672      5      0 
    1    226     59      -    100     51      0      0      0      0  10501   1110  36950      5      0 
    0    249     55      -    100     45      0      0      0      0  10501    930  37672      5      0 
    1    226     58      -     33     17      0      0      0      0  10501   2520  36950      5      0 
    0    249     55      -    100     44      0      0      0      0  10501    960  37672      5      0 
    1    219     61      -     85     55      0      0      0      0  10501   1155  36950      5      0 
    0    250     55      -    100     42      0      0      0      0  10501    975  37672      5      0 
    1    246     60      -    100     49      0      0      0      0  10501   1140  36950      5      0 
    0    250     55      -    100     41      0      0      0      0  10501    975  37672      5      0 
    1    231     60      -     96     46      0      0      0      0  10501   2325  36950      5      0 
    0    249     55      -    100     41      0      0      0      0  10501    945  37672      5      0 
    1    219     56      -      0      0      0      0      0      0  10501   2520  36950      5      0 
# gpu    pwr  gtemp  mtemp     sm    mem    enc    dec    jpg    ofa   mclk   pclk     fb   bar1   ccpm 
# Idx      W      C      C      %      %      %      %      %      %    MHz    MHz     MB     MB     MB 
    0    198     55      -     44     17      0      0      0      0  10501   1035  39056      5      0 
    1    206     55      -      0      0      0      0      0      0  10501   2730  38230      5      0 
    0    259     55      -    100     49      0      0      0      0  10501    900  39056      5      0 
    1    193     56      -      0      0      0      0      0      0  10501   1140  38230      5      0 
    0    249     55      -    100     48      0      0      0      0  10501    885  39056      5      0 
    1    225     60      -    100     50      0      0      0      0  10501   1125  38230      5      0 
    0    250     56      -    100     43      0      0      0      0  10501    990  39056      5      0 
    1    226     56      -     91     45      0      0      0      0  10501   2400  38230      5      0 
    0    250     56      -    100     43      0      0      0      0  10501    990  39056      5      0 
    1    230     61      -      5      3      0      0      0      0  10501   1140  38230      5      0 
    0    250     57      -    100     42      0      0      0      0  10501    960  39056      5      0 
    1    232     61      -    100     52      0      0      0      0  10501   1140  38230      5      0 
    0    250     57      -    100     40      0      0      0      0  10501    990  39056      5      0 
    1    233     61      -    100     47      0      0      0      0  10501   1155  38230      5      0 
    0    250     57      -    100     40      0      0      0      0  10501    945  39056      5      0 
    1    236     60      -    100     47      0      0      0      0  10501   2400  38230      5      0 
    0    250     57      -    100     39      0      0      0      0  10501    960  39056      5      0 
    1    232     57      -     96     44      0      0      0      0  10501   2730  38230      5      0 
    0    249     56      -    100     38      0      0      0      0  10501   1050  39056      5      0 
    1    227     56      -     45     21      0      0      0      0  10501   2730  38230      5      0 
    0    249     57      -    100     36      0      0      0      0  10501   1080  39056      5      0 
    1    221     56      -     31     13      0      0      0      0  10501   2730  38230      5      0 
    0    249     57      -    100     36      0      0      0      0  10501   1050  39056      5      0 
    1    222     56      -     27     12      0      0      0      0  10501   2730  38230      5      0 
    0    249     57      -    100     36      0      0      0      0  10501   1065  39056      5      0 
    1    221     55      -     28     10      0      0      0      0  10501   2730  38230      5      0 
    0    249     58      -    100     36      0      0      0      0  10501    990  39056      5      0 
    1    220     56      -     37     16      0      0      0      0  10501   2715  38230      5      0 
    0    249     58      -    100     36      0      0      0      0  10501   1005  39056      5      0 
    1    237     56      -     70     28      0      0      0      0  10501   2430  38230      5      0 
    0    201     58      -    100     50      0      0      0      0  10501   1050  39056      5      0 
    1    193     60      -    100     40      0      0      0      0  10501   1080  38230      5      0 
    0    252     58      -    100     44      0      0      0      0  10501   1020  39056      5      0 
    1    230     61      -     45     22      0      0      0      0  10501   1110  38230      5      0 
    0    251     58      -    100     44      0      0      0      0  10501   1005  39056      5      0 
    1    235     61      -    100     67      0      0      0      0  10501   1125  38230      5      0 
    0    250     58      -    100     43      0      0      0      0  10501   1005  39056      5      0 
    1    237     56      -    100     50      0      0      0      0  10501   2655  38230      5      0 
    0    250     58      -    100     42      0      0      0      0  10501    990  39056      5      0 
    1    222     61      -     13      6      0      0      0      0  10501   1110  38230      5      0 
    0    250     58      -    100     40      0      0      0      0  10501   1020  39056      5      0 
    1    235     61      -     77     46      0      0      0      0  10501   1140  38230      5      0 
    0    250     59      -    100     40      0      0      0      0  10501    975  39056      5      0 
    1    236     61      -    100     46      0      0      0      0  10501   1155  38230      5      0 
# gpu    pwr  gtemp  mtemp     sm    mem    enc    dec    jpg    ofa   mclk   pclk     fb   bar1   ccpm 
# Idx      W      C      C      %      %      %      %      %      %    MHz    MHz     MB     MB     MB 
    0    250     59      -    100     40      0      0      0      0  10501    990  39056      5      0 
    1    226     61      -     94     44      0      0      0      0  10501   2505  38230      5      0 
    0    249     59      -    100     39      0      0      0      0  10501    975  39056      5      0 
    1    219     57      -     26     12      0      0      0      0  10501   2730  38230      5      0 
    0    249     59      -    100     37      0      0      0      0  10501    975  39056      5      0 
    1    215     56      -      0      0      0      0      0      0  10501   1140  38230      5      0 
    0    249     59      -    100     36      0      0      0      0  10501    975  39056      5      0 
    1    223     56      -     19     14      0      0      0      0  10501   1140  38230      5      0 
    0    249     59      -    100     36      0      0      0      0  10501    990  39056      5      0 
    1    230     56      -     40     26      0      0      0      0  10501   1170  38230      5      0 
    0    249     59      -    100     36      0      0      0      0  10501    990  39056      5      0 
    1    229     56      -     40     27      0      0      0      0  10501   1170  38230      5      0 
    0    249     59      -    100     36      0      0      0      0  10501   1005  39056      5      0 
    1    226     56      -     23     16      0      0      0      0  10501   1155  38230      5      0 
    0    249     59      -    100     35      0      0      0      0  10501    990  39056      5      0 
    1    220     57      -      0      0      0      0      0      0  10501   2715  38230      5      0 
    0    204     60      -    100     49      0      0      0      0  10501   1020  39056      5      0 
    1    193     61      -     25     11      0      0      0      0  10501   1095  38230      5      0 
    0    252     59      -    100     46      0      0      0      0  10501   1005  39056      5      0 
    1    223     57      -     31     16      0      0      0      0  10501   1080  38230      5      0 
    0    251     59      -    100     44      0      0      0      0  10501   1005  39056      5      0 
    1    229     61      -    100     76      0      0      0      0  10501   1125  38230      5      0 
    0    251     59      -    100     43      0      0      0      0  10501   1005  39056      5      0 
    1    237     61      -    100     49      0      0      0      0  10501   1140  38230      5      0 
    0    251     60      -    100     43      0      0      0      0  10501    975  39056      5      0 
    1    224     63      -     49     23      0      0      0      0  10501   1140  38230      5      0 
    0    250     60      -    100     41      0      0      0      0  10501    990  39056      5      0 
    1    236     61      -    100     52      0      0      0      0  10501   1140  38230      5      0 
    0    250     60      -    100     40      0      0      0      0  10501   1005  39056      5      0 
    1    233     61      -    100     46      0      0      0      0  10501   1140  38230      5      0 
    0    250     60      -    100     40      0      0      0      0  10501    990  39056      5      0 
    1    231     62      -    100     47      0      0      0      0  10501   1155  38230      5      0 
    0    249     60      -    100     40      0      0      0      0  10501    975  39056      5      0 
    1    233     62      -     98     45      0      0      0      0  10501   1725  38230      5      0 
    0    249     60      -    100     37      0      0      0      0  10501    960  39056      5      0 
    1    230     62      -     73     34      0      0      0      0  10501   2415  38230      5      0 
    0    249     60      -    100     37      0      0      0      0  10501    975  39056      5      0 
    1    226     62      -     51     22      0      0      0      0  10501   2520  38230      5      0 
    0    249     60      -    100     36      0      0      0      0  10501    960  39056      5      0 
    1    225     62      -     61     26      0      0      0      0  10501   2490  38230      5      0 
    0    249     60      -    100     36      0      0      0      0  10501    975  39056      5      0 
    1    230     62      -     45     19      0      0      0      0  10501   2520  38230      5      0 
    0    249     60      -    100     36      0      0      0      0  10501   1005  39056      5      0 
    1    232     62      -    100     41      0      0      0      0  10501   1140  38230      5      0 
# gpu    pwr  gtemp  mtemp     sm    mem    enc    dec    jpg    ofa   mclk   pclk     fb   bar1   ccpm 
# Idx      W      C      C      %      %      %      %      %      %    MHz    MHz     MB     MB     MB 
    0    223     54      -    100     35      0      0      0      0  10501   2520  39056      5      0 
    1    233     62      -    100     43      0      0      0      0  10501   1155  38230      5      0 
    0    221     60      -    100     49      0      0      0      0  10501    855  39056      5      0 
    1    208     62      -    100     50      0      0      0      0  10501   1065  38230      5      0 
    0    249     60      -    100     41      0      0      0      0  10501    870  39056      5      0 
    1    220     58      -      6      4      0      0      0      0  10501   2715  38230      5      0 
    0    249     60      -    100     41      0      0      0      0  10501    900  39056      5      0 
    1    229     62      -    100     47      0      0      0      0  10501   1095  38230      5      0 
    0    249     60      -    100     40      0      0      0      0  10501    900  39056      5      0 
    1    248     62      -    100     48      0      0      0      0  10501   1125  38230      5      0 
    0    249     60      -    100     41      0      0      0      0  10501    945  39056      5      0 
    1    223     62      -     49     22      0      0      0      0  10501   2670  38230      5      0 
    0    249     60      -    100     40      0      0      0      0  10501    915  39056      5      0 
    1    218     57      -     24     18      0      0      0      0  10501   2520  38230      5      0 
    0    249     60      -    100     40      0      0      0      0  10501   1005  39056      5      0 
    1    232     62      -    100     57      0      0      0      0  10501   1125  38230      5      0 
    0    249     60      -    100     39      0      0      0      0  10501    930  39056      5      0 
    1    243     62      -    100     45      0      0      0      0  10501   1155  38230      5      0 
    0    249     60      -    100     39      0      0      0      0  10501    930  39056      5      0 
    1    232     62      -    100     45      0      0      0      0  10501   1185  38230      5      0 
    0    249     60      -    100     38      0      0      0      0  10501    930  39056      5      0 
    1    242     62      -    100     44      0      0      0      0  10501   1170  38230      5      0 
    0    249     60      -    100     38      0      0      0      0  10501    930  39056      5      0 
    1    227     62      -    100     44      0      0      0      0  10501   1185  38230      5      0 
    0    249     60      -    100     36      0      0      0      0  10501    975  39056      5      0 
    1    231     62      -    100     43      0      0      0      0  10501   1365  38230      5      0 
    0    249     60      -    100     36      0      0      0      0  10501    945  39056      5      0 
    1    232     62      -    100     42      0      0      0      0  10501   1050  38230      5      0 
    0    249     60      -    100     36      0      0      0      0  10501    990  39056      5      0 
    1    232     62      -    100     42      0      0      0      0  10501   1185  38230      5      0 
    0    236     57      -    100     36      0      0      0      0  10501   2520  41792      5      0 
    1    230     62      -    100     42      0      0      0      0  10501   1185  40774      5      0 
    0    183     60      -     40     30      0      0      0      0  10501   1005  41808      5      0 
    1    180     63      -     33     17      0      0      0      0  10501   2220  40790      5      0 
    0    251     60      -    100     40      0      0      0      0  10501   1020  41808      5      0 
    1    236     62      -    100     51      0      0      0      0  10501   1110  40790      5      0 
    0    251     60      -    100     39      0      0      0      0  10501   1005  41808      5      0 
    1    226     62      -     42     20      0      0      0      0  10501   2685  40790      5      0 
    0    250     60      -    100     39      0      0      0      0  10501    990  41808      5      0 
    1    232     65      -     87     56      0      0      0      0  10501   1110  40790      5      0 
    0    250     60      -    100     39      0      0      0      0  10501    960  41808      5      0 
    1    240     62      -    100     46      0      0      0      0  10501   1140  40790      5      0 
    0    250     60      -    100     38      0      0      0      0  10501    990  41808      5      0 
    1    232     62      -    100     47      0      0      0      0  10501   1155  40790      5      0 
# gpu    pwr  gtemp  mtemp     sm    mem    enc    dec    jpg    ofa   mclk   pclk     fb   bar1   ccpm 
# Idx      W      C      C      %      %      %      %      %      %    MHz    MHz     MB     MB     MB 
    0    250     60      -    100     39      0      0      0      0  10501    975  41808      5      0 
    1    234     62      -     88     40      0      0      0      0  10501   2010  40790      5      0 
    0    249     60      -    100     39      0      0      0      0  10501    945  41808      5      0 
    1    223     58      -      7      3      0      0      0      0  10501   2715  40790      5      0 
    0    250     60      -    100     37      0      0      0      0  10501    975  41808      5      0 
    1    209     58      -      0      0      0      0      0      0  10501   2715  40790      5      0 
    0    249     60      -    100     37      0      0      0      0  10501    930  41808      5      0 
    1    214     58      -     10      6      0      0      0      0  10501   2145  40790      5      0 
    0    249     60      -    100     36      0      0      0      0  10501    960  41808      5      0 
    1    217     57      -     18     13      0      0      0      0  10501   1185  40790      5      0 
    0    249     60      -    100     36      0      0      0      0  10501    930  41808      5      0 
    1    218     57      -     12      8      0      0      0      0  10501   2520  40790      5      0 
    0    249     60      -    100     36      0      0      0      0  10501    975  41808      5      0 
    1    217     58      -      0      0      0      0      0      0  10501   2580  40790      5      0 
    0    249     60      -    100     36      0      0      0      0  10501    945  41808      5      0 
    1    233     58      -      9      2      0      0      0      0  10501   2640  40790      5      0 
    0    249     60      -    100     35      0      0      0      0  10501    990  41808      5      0 
    1    221     58      -     49     19      0      0      0      0  10501   2430  40790      5      0 
    0    249     60      -    100     35      0      0      0      0  10501   1005  41808      5      0 
    1    231     59      -    100     38      0      0      0      0  10501   1335  40790      5      0 
    0    249     60      -    100     35      0      0      0      0  10501    990  41808      5      0 
    1    227     62      -    100     41      0      0      0      0  10501   1080  40790      5      0 
    0    249     60      -    100     34      0      0      0      0  10501   1005  41808      5      0 
    1    239     62      -    100     41      0      0      0      0  10501   1200  40790      5      0 
    0    249     60      -    100     33      0      0      0      0  10501    975  41808      5      0 
    1    223     62      -    100     48      0      0      0      0  10501   1215  40790      5      0 
    0    249     60      -    100     34      0      0      0      0  10501   1035  41808      5      0 
    1    232     63      -      0      0      0      0      0      0  10501   1215  40790      5      0 
    0    249     60      -    100     34      0      0      0      0  10501   1005  41808      5      0 
    1    233     58      -    100     38      0      0      0      0  10501   2505  40790      5      0 
    0    249     60      -    100     33      0      0      0      0  10501   1005  41808      5      0 
    1    227     63      -    100     39      0      0      0      0  10501   1140  40790      5      0 
    0    249     60      -    100     33      0      0      0      0  10501   1065  41808      5      0 
    1    229     62      -    100     48      0      0      0      0  10501   1260  40790      5      0 
    0    249     60      -    100     32      0      0      0      0  10501   1020  41808      5      0 
    1    236     60      -     25     15      0      0      0      0  10501   2685  40790      5      0 
    0    249     60      -    100     32      0      0      0      0  10501   1035  41808      5      0 
    1    227     63      -    100     37      0      0      0      0  10501   1215  40790      5      0 
    0    249     59      -    100     31      0      0      0      0  10501   1125  41808      5      0 
    1    233     67      -    100     39      0      0      0      0  10501   1230  40790      5      0 
    0    249     60      -    100     31      0      0      0      0  10501    990  41808      5      0 
    1    241     63      -     20     11      0      0      0      0  10501   2325  40790      5      0 
    0    249     60      -    100     33      0      0      0      0  10501   1050  41808      5      0 
    1    239     62      -    100     36      0      0      0      0  10501   1245  40790      5      0 
# gpu    pwr  gtemp  mtemp     sm    mem    enc    dec    jpg    ofa   mclk   pclk     fb   bar1   ccpm 
# Idx      W      C      C      %      %      %      %      %      %    MHz    MHz     MB     MB     MB 
    0    249     60      -    100     32      0      0      0      0  10501   1125  41808      5      0 
    1    226     64      -    100     38      0      0      0      0  10501   1155  40790      5      0 
    0    249     60      -    100     33      0      0      0      0  10501   1035  41808      5      0 
    1    244     63      -     10      2      0      0      0      0  10501   2280  40790      5      0 
    0    249     60      -    100     30      0      0      0      0  10501   1050  41808      5      0 
    1    227     63      -    100     37      0      0      0      0  10501   1230  40790      5      0 
    0    249     60      -    100     31      0      0      0      0  10501   1050  41808      5      0 
    1    238     58      -     13      6      0      0      0      0  10501   2715  40790      5      0 
    0    249     60      -    100     29      0      0      0      0  10501   1065  41808      5      0 
    1    237     63      -    100     34      0      0      0      0  10501   1215  40790      5      0 
    0    182     59      -    100     61      0      0      0      0  10501    990  41808      5      0 
    1    217     57      -    100     38      0      0      0      0  10501   2730  40790      5      0 
    0    266     59      -    100     40      0      0      0      0  10501    840  41808      5      0 
    1    215     65      -     62     31      0      0      0      0  10501   1125  40790      5      0 
    0    249     59      -    100     39      0      0      0      0  10501    855  41808      5      0 
    1    230     62      -     91     59      0      0      0      0  10501   1080  40790      5      0 
    0    249     59      -    100     39      0      0      0      0  10501    855  41808      5      0 
    1    234     60      -    100     50      0      0      0      0  10501   2460  40790      5      0 
    0    249     59      -    100     38      0      0      0      0  10501    900  41808      5      0 
    1    214     57      -     91     45      0      0      0      0  10501   2520  40790      5      0 
    0    249     59      -    100     37      0      0      0      0  10501    900  41808      5      0 
    1    211     62      -      0      0      0      0      0      0  10501   1095  40790      5      0 
    0    249     60      -    100     37      0      0      0      0  10501    945  41808      5      0 
    1    230     62      -     66     53      0      0      0      0  10501   1125  40790      5      0 
    0    249     59      -    100     37      0      0      0      0  10501    900  41808      5      0 
    1    235     62      -    100     50      0      0      0      0  10501   1155  40790      5      0 
    0    249     59      -    100     36      0      0      0      0  10501    930  41808      5      0 
    1    237     63      -    100     46      0      0      0      0  10501   1155  40790      5      0 
    0    249     60      -    100     37      0      0      0      0  10501    960  41808      5      0 
    1    231     62      -    100     46      0      0      0      0  10501   1155  40790      5      0 
    0    249     59      -    100     37      0      0      0      0  10501    930  41808      5      0 
    1    227     63      -    100     44      0      0      0      0  10501   1170  40790      5      0 
    0    249     60      -    100     36      0      0      0      0  10501    945  41808      5      0 
    1    229     63      -    100     44      0      0      0      0  10501   1170  40790      5      0 
    0    249     60      -    100     36      0      0      0      0  10501   1005  41808      5      0 
    1    227     62      -    100     44      0      0      0      0  10501   1170  40790      5      0 
    0    250     60      -    100     36      0      0      0      0  10501    990  41808      5      0 
    1    227     63      -    100     42      0      0      0      0  10501   1095  40790      5      0 
    0    249     60      -    100     36      0      0      0      0  10501   1005  41808      5      0 
    1    236     62      -    100     43      0      0      0      0  10501   1200  40790      5      0 
    0    249     60      -    100     35      0      0      0      0  10501   1035  41808      5      0 
    1    224     62      -    100     41      0      0      0      0  10501   1185  40790      5      0 
    0    249     60      -    100     34      0      0      0      0  10501    960  41808      5      0 
    1    227     62      -    100     41      0      0      0      0  10501   1185  40790      5      0 
# gpu    pwr  gtemp  mtemp     sm    mem    enc    dec    jpg    ofa   mclk   pclk     fb   bar1   ccpm 
# Idx      W      C      C      %      %      %      %      %      %    MHz    MHz     MB     MB     MB 
    0    249     60      -    100     34      0      0      0      0  10501    975  41808      5      0 
    1    229     57      -    100     50      0      0      0      0  10501   1140  40790      5      0 
    0    249     60      -    100     33      0      0      0      0  10501    990  41808      5      0 
    1    229     59      -      0      0      0      0      0      0  10501   2715  40790      5      0 
    0    249     60      -    100     34      0      0      0      0  10501   1005  41808      5      0 
    1    227     62      -     76     29      0      0      0      0  10501   1170  40790      5      0 
    0    249     60      -    100     33      0      0      0      0  10501    960  41808      5      0 
    1    228     63      -    100     41      0      0      0      0  10501   1215  40790      5      0 
    0    249     60      -    100     32      0      0      0      0  10501   1005  41808      5      0 
    1    226     62      -    100     40      0      0      0      0  10501   1185  40790      5      0 
    0    249     60      -    100     33      0      0      0      0  10501   1020  41808      5      0 
    1    237     57      -      1      0      0      0      0      0  10501   2520  40790      5      0 
    0    249     60      -    100     33      0      0      0      0  10501   1065  41808      5      0 
    1    225     63      -    100     38      0      0      0      0  10501   1215  40790      5      0 
    0    249     60      -    100     32      0      0      0      0  10501   1005  41808      5      0 
    1    223     63      -    100     39      0      0      0      0  10501   1230  40790      5      0 
    0    249     60      -    100     30      0      0      0      0  10501   1020  41808      5      0 
    1    234     57      -     26     15      0      0      0      0  10501   2520  40790      5      0 
    0    249     60      -    100     31      0      0      0      0  10501   1020  41808      5      0 
    1    223     63      -    100     37      0      0      0      0  10501   1185  40790      5      0 
    0    249     60      -    100     31      0      0      0      0  10501   1050  41808      5      0 
    1    223     62      -    100     37      0      0      0      0  10501   1200  40790      5      0 
    0    249     60      -    100     33      0      0      0      0  10501   1005  41808      5      0 
    1    247     59      -      0      0      0      0      0      0  10501   2490  40790      5      0 
    0    249     60      -    100     31      0      0      0      0  10501    975  41808      5      0 
    1    221     63      -    100     37      0      0      0      0  10501   1230  40790      5      0 
    0    249     60      -    100     29      0      0      0      0  10501   1035  41808      5      0 
    1    248     63      -    100     35      0      0      0      0  10501   1875  40790      5      0 
    0    249     60      -    100     30      0      0      0      0  10501   1005  41808      5      0 
    1    224     62      -    100     34      0      0      0      0  10501   1245  40790      5      0 
    0    249     60      -    100     31      0      0      0      0  10501   1035  41808      5      0 
    1    242     58      -     94     34      0      0      0      0  10501   2715  40790      5      0 
    0    249     60      -    100     29      0      0      0      0  10501   1005  41808      5      0 
    1    220     63      -    100     37      0      0      0      0  10501   1230  40790      5      0 
    0    181     54      -    100     30      0      0      0      0  10501   2580  41808      5      0 
    1    220     63      -    100     37      0      0      0      0  10501   1245  40790      5      0 
    0    248     59      -    100     48      0      0      0      0  10501    840  41808      5      0 
    1    196     62      -      0      0      0      0      0      0  10501   2520  40790      5      0 
    0    249     59      -    100     43      0      0      0      0  10501    840  41808      5      0 
    1    220     62      -    100     54      0      0      0      0  10501   1080  40790      5      0 
    0    249     59      -    100     42      0      0      0      0  10501    885  41808      5      0 
    1    248     62      -    100     50      0      0      0      0  10501   1110  40790      5      0 
    0    249     59      -    100     41      0      0      0      0  10501    870  41808      5      0 
    1    225     58      -     73     35      0      0      0      0  10501   2520  40790      5      0 
# gpu    pwr  gtemp  mtemp     sm    mem    enc    dec    jpg    ofa   mclk   pclk     fb   bar1   ccpm 
# Idx      W      C      C      %      %      %      %      %      %    MHz    MHz     MB     MB     MB 
    0    249     59      -    100     40      0      0      0      0  10501    915  41808      5      0 
    1    215     61      -      0      0      0      0      0      0  10501   2520  40790      5      0 
    0    249     59      -    100     40      0      0      0      0  10501    885  41808      5      0 
    1    215     62      -     38     27      0      0      0      0  10501   1110  40790      5      0 
    0    249     59      -    100     39      0      0      0      0  10501    915  41808      5      0 
    1    227     62      -     89     53      0      0      0      0  10501   1140  40790      5      0 
    0    249     59      -    100     38      0      0      0      0  10501    900  41808      5      0 
    1    235     62      -    100     48      0      0      0      0  10501   1125  40790      5      0 
    0    249     59      -    100     39      0      0      0      0  10501    960  41808      5      0 
    1    239     62      -    100     47      0      0      0      0  10501   1155  40790      5      0 
    0    249     59      -    100     38      0      0      0      0  10501    930  41808      5      0 
    1    230     63      -    100     44      0      0      0      0  10501   1155  40790      5      0 
    0    249     59      -    100     38      0      0      0      0  10501    960  41808      5      0 
    1    233     63      -    100     44      0      0      0      0  10501   1170  40790      5      0 
    0    249     59      -    100     37      0      0      0      0  10501    975  41808      5      0 
    1    232     63      -    100     45      0      0      0      0  10501   1170  40790      5      0 
    0    249     59      -    100     36      0      0      0      0  10501    945  41808      5      0 
    1    230     62      -     90     49      0      0      0      0  10501   1155  40790      5      0 
    0    249     59      -    100     36      0      0      0      0  10501    915  41808      5      0 
    1    234     62      -     36     23      0      0      0      0  10501   1185  40790      5      0 
    0    249     59      -    100     34      0      0      0      0  10501    975  41808      5      0 
    1    224     60      -      0      0      0      0      0      0  10501   2310  40790      5      0 
    0    249     59      -    100     35      0      0      0      0  10501    990  41808      5      0 
    1    227     58      -     75     27      0      0      0      0  10501   2550  40790      5      0 
    0    249     59      -    100     35      0      0      0      0  10501    975  41808      5      0 
    1    243     62      -     83     30      0      0      0      0  10501   1155  40790      5      0 
    0    250     60      -    100     34      0      0      0      0  10501    960  41808      5      0 
    1    233     63      -    100     40      0      0      0      0  10501   1020  40790      5      0 
    0    249     60      -    100     34      0      0      0      0  10501    975  41808      5      0 
    1    231     63      -    100     41      0      0      0      0  10501   1185  40790      5      0 
    0    249     60      -    100     33      0      0      0      0  10501    990  41808      5      0 
    1    236     60      -     70     37      0      0      0      0  10501   2235  40790      5      0 
    0    249     60      -    100     33      0      0      0      0  10501   1005  41808      5      0 
    1    237     62      -     37     13      0      0      0      0  10501   2580  40790      5      0 
    0    249     59      -    100     33      0      0      0      0  10501    990  41808      5      0 
    1    228     63      -    100     37      0      0      0      0  10501    945  40790      5      0 
    0    249     59      -    100     32      0      0      0      0  10501    990  41808      5      0 
    1    232     62      -    100     38      0      0      0      0  10501   1170  40790      5      0 
    0    249     59      -    100     31      0      0      0      0  10501   1035  41808      5      0 
    1    230     58      -      0      0      0      0      0      0  10501   2715  40790      5      0 
    0    249     60      -    100     33      0      0      0      0  10501   1005  41808      5      0 
    1    227     63      -    100     37      0      0      0      0  10501   1200  40790      5      0 
    0    249     60      -    100     33      0      0      0      0  10501    990  41808      5      0 
    1    224     58      -    100     38      0      0      0      0  10501   2715  40790      5      0 
# gpu    pwr  gtemp  mtemp     sm    mem    enc    dec    jpg    ofa   mclk   pclk     fb   bar1   ccpm 
# Idx      W      C      C      %      %      %      %      %      %    MHz    MHz     MB     MB     MB 
    0    249     59      -    100     33      0      0      0      0  10501    990  41808      5      0 
    1    239     62      -     57     22      0      0      0      0  10501   1215  40790      5      0 
    0    249     59      -    100     30      0      0      0      0  10501   1095  41808      5      0 
    1    224     62      -    100     37      0      0      0      0  10501   1245  40790      5      0 
    0    249     60      -    100     29      0      0      0      0  10501   1035  41808      5      0 
    1    241     63      -     10      5      0      0      0      0  10501   2085  40790      5      0 
    0    249     59      -    100     31      0      0      0      0  10501   1050  41808      5      0 
    1    236     62      -    100     34      0      0      0      0  10501   1170  40790      5      0 
    0    249     60      -    100     31      0      0      0      0  10501   1020  41808      5      0 
    1    222     57      -    100     35      0      0      0      0  10501   2415  40790      5      0 
    0    249     60      -    100     30      0      0      0      0  10501   1020  41808      5      0 
    1    243     63      -     39     15      0      0      0      0  10501   1185  40790      5      0 
    0    249     59      -    100     30      0      0      0      0  10501   1035  41808      5      0 
    1    224     65      -    100     34      0      0      0      0  10501   1230  40790      5      0 
    0    211     54      -      0      0      0      0      0      0  10501   2520  41808      5      0 
    1    250     63      -      7      1      0      0      0      0  10501   1245  40790      5      0 
    0    216     59      -    100     47      0      0      0      0  10501    840  41808      5      0 
    1    210     62      -     67     49      0      0      0      0  10501   1080  40790      5      0 
    0    250     59      -    100     43      0      0      0      0  10501    900  41808      5      0 
    1    238     62      -    100     51      0      0      0      0  10501   1080  40790      5      0 
    0    250     59      -    100     42      0      0      0      0  10501    915  41808      5      0 
    1    222     57      -     19      9      0      0      0      0  10501   2520  40790      5      0 
    0    250     59      -    100     40      0      0      0      0  10501    900  41808      5      0 
    1    233     62      -     72     47      0      0      0      0  10501   1125  40790      5      0 
    0    249     59      -    100     39      0      0      0      0  10501    915  41808      5      0 
    1    241     62      -    100     48      0      0      0      0  10501   1110  40790      5      0 
    0    249     59      -    100     39      0      0      0      0  10501    900  41808      5      0 
    1    237     58      -    100     47      0      0      0      0  10501   2460  40790      5      0 
    0    249     59      -    100     39      0      0      0      0  10501    900  41808      5      0 
    1    230     57      -     32     14      0      0      0      0  10501   2715  40790      5      0 
    0    249     59      -    100     37      0      0      0      0  10501    945  41808      5      0 
    1    219     64      -     16      8      0      0      0      0  10501   1170  40790      5      0 
    0    249     59      -    100     36      0      0      0      0  10501    975  41808      5      0 
    1    223     63      -      0      0      0      0      0      0  10501   1140  40790      5      0 
    0    249     59      -    100     37      0      0      0      0  10501    900  41808      5      0 
    1    230     62      -     28     20      0      0      0      0  10501   1170  40790      5      0 
    0    249     59      -    100     36      0      0      0      0  10501   1005  41808      5      0 
    1    234     63      -     41     27      0      0      0      0  10501   1155  40790      5      0 
    0    249     59      -    100     37      0      0      0      0  10501    960  41808      5      0 
    1    231     62      -     40     26      0      0      0      0  10501   1170  40790      5      0 
    0    249     59      -    100     35      0      0      0      0  10501    990  41808      5      0 
    1    224     64      -     19     13      0      0      0      0  10501   1185  40790      5      0 
    0    249     59      -    100     36      0      0      0      0  10501    975  41808      5      0 
    1    226     57      -      0      0      0      0      0      0  10501   2715  40790      5      0 
# gpu    pwr  gtemp  mtemp     sm    mem    enc    dec    jpg    ofa   mclk   pclk     fb   bar1   ccpm 
# Idx      W      C      C      %      %      %      %      %      %    MHz    MHz     MB     MB     MB 
    0    249     59      -    100     35      0      0      0      0  10501    960  41808      5      0 
    1    231     58      -     44     15      0      0      0      0  10501   2670  40790      5      0 
    0    249     59      -    100     35      0      0      0      0  10501    960  41808      5      0 
    1    234     62      -    100     37      0      0      0      0  10501   1170  40790      5      0 
    0    249     59      -    100     35      0      0      0      0  10501    990  41808      5      0 
    1    232     63      -    100     40      0      0      0      0  10501   1050  40790      5      0 
    0    249     59      -    100     35      0      0      0      0  10501   1050  41808      5      0 
    1    234     62      -    100     40      0      0      0      0  10501   1170  40790      5      0 
    0    249     59      -    100     34      0      0      0      0  10501   1005  41808      5      0 
    1    228     63      -     86     44      0      0      0      0  10501   1185  40790      5      0 
    0    249     59      -    100     32      0      0      0      0  10501    975  41808      5      0 
    1    239     58      -      6      1      0      0      0      0  10501   2715  40790      5      0 
    0    249     59      -    100     32      0      0      0      0  10501    990  41808      5      0 
    1    234     62      -    100     36      0      0      0      0  10501   1185  40790      5      0 
    0    249     59      -    100     32      0      0      0      0  10501   1080  41808      5      0 
    1    227     62      -     58     28      0      0      0      0  10501   1215  40790      5      0 
    0    249     59      -    100     33      0      0      0      0  10501   1020  41808      5      0 
    1    244     58      -     86     31      0      0      0      0  10501   2640  40790      5      0 
    0    249     59      -    100     32      0      0      0      0  10501    975  41808      5      0 
    1    234     62      -    100     38      0      0      0      0  10501   1095  40790      5      0 
    0    249     59      -    100     32      0      0      0      0  10501   1095  41808      5      0 
    1    233     62      -     61     31      0      0      0      0  10501   1200  40790      5      0 
    0    249     59      -    100     32      0      0      0      0  10501   1050  41808      5      0 
    1    248     59      -    100     37      0      0      0      0  10501   2655  40790      5      0 
    0    249     59      -    100     32      0      0      0      0  10501    990  41808      5      0 
    1    228     62      -    100     37      0      0      0      0  10501   1215  40790      5      0 
    0    249     59      -    100     31      0      0      0      0  10501   1020  41808      5      0 
    1    229     60      -      0      0      0      0      0      0  10501   2685  40790      5      0 
    0    249     59      -    100     32      0      0      0      0  10501    990  41808      5      0 
    1    234     63      -    100     35      0      0      0      0  10501   1230  40790      5      0 
    0    249     59      -    100     29      0      0      0      0  10501   1020  41808      5      0 
    1    221     62      -     56     28      0      0      0      0  10501   1230  40790      5      0 
    0    249     59      -    100     29      0      0      0      0  10501   1050  41808      5      0 
    1    243     63      -    100     37      0      0      0      0  10501   1905  40790      5      0 
    0    249     59      -    100     29      0      0      0      0  10501   1065  41808      5      0 
    1    229     63      -    100     48      0      0      0      0  10501   1200  40790      5      0 
    0    249     59      -    100     29      0      0      0      0  10501   1005  41808      5      0 
    1    236     63      -    100     36      0      0      0      0  10501   2475  40790      5      0 
    0    238     54      -    100     30      0      0      0      0  10501   2520  41808      5      0 
    1    224     62      -    100     34      0      0      0      0  10501   1230  40790      5      0 
    0    148     56      -     40      3      0      0      0      0  10501   2475  36112      5      0 
    1    218     57      -     60     71      0      0      0      0  10501   2280  35454      5      0 
    0    212     57      -     60     71      0      0      0      0  10501   2145  36112      5      0 
    1    206     58      -     60     71      0      0      0      0  10501   2220  35454      5      0 
# gpu    pwr  gtemp  mtemp     sm    mem    enc    dec    jpg    ofa   mclk   pclk     fb   bar1   ccpm 
# Idx      W      C      C      %      %      %      %      %      %    MHz    MHz     MB     MB     MB 
    0    207     56      -     40     47      0      0      0      0  10501   2160  36112      5      0 
    1    206     60      -     56     66      0      0      0      0  10501   2715  35454      5      0 
    0    212     56      -     42     49      0      0      0      0  10501   2115  36112      5      0 
    1    206     59      -     39     46      0      0      0      0  10501   2565  35454      5      0 
    0    211     54      -     61     72      0      0      0      0  10501   2670  36112      5      0 
    1    207     60      -     43     51      0      0      0      0  10501   2700  35454      5      0 
    0    212     54      -     61     71      0      0      0      0  10501   2160  36112      5      0 
    1    208     57      -     42     49      0      0      0      0  10501   2220  35454      5      0 
    0    212     56      -     60     70      0      0      0      0  10501   2085  36112      5      0 
    1    206     57      -     60     71      0      0      0      0  10501   2220  35454      5      0 
    0    212     56      -     40     47      0      0      0      0  10501   2670  36112      5      0 
    1    207     59      -     56     66      0      0      0      0  10501   2730  35454      5      0 
    0    213     56      -     40     47      0      0      0      0  10501   2115  36112      5      0 
    1    205     59      -     39     46      0      0      0      0  10501   2565  35454      5      0 
    0    211     56      -     40     47      0      0      0      0  10501   2730  36112      5      0 
    1    204     59      -     39     46      0      0      0      0  10501   2595  35454      5      0 
    0    212     54      -     60     71      0      0      0      0  10501   2535  36112      5      0 
    1    205     57      -     42     49      0      0      0      0  10501   2295  35454      5      0 
    0    211     54      -     60     70      0      0      0      0  10501   2190  36112      5      0 
    1    203     57      -     60     71      0      0      0      0  10501   2220  35454      5      0 
    0    212     56      -     60     70      0      0      0      0  10501   2550  36112      5      0 
    1    204     57      -     60     71      0      0      0      0  10501   2220  35454      5      0 
    0    213     55      -     61     72      0      0      0      0  10501   2580  36112      5      0 
    1    201     59      -     57     68      0      0      0      0  10501   2235  35454      5      0 
    0    213     54      -     41     49      0      0      0      0  10501   2700  36112      5      0 
    1    207     58      -     39     46      0      0      0      0  10501   2520  35454      5      0 
    0    212     55      -     41     48      0      0      0      0  10501   2490  36112      5      0 
    1    199     56      -     42     49      0      0      0      0  10501   2580  35454      5      0 
    0    213     55      -     40     47      0      0      0      0  10501   2505  36112      5      0 
    1    206     56      -     41     48      0      0      0      0  10501   2625  35454      5      0 
    0    212     56      -     59     69      0      0      0      0  10501   2115  36112      5      0 
    1    202     57      -     60     71      0      0      0      0  10501   2340  35454      5      0 
    0    210     55      -     61     72      0      0      0      0  10501   2580  36112      5      0 
    1    205     58      -     57     67      0      0      0      0  10501   2220  35454      5      0 
    0    212     55      -     41     48      0      0      0      0  10501   2490  36112      5      0 
    1    198     59      -     39     46      0      0      0      0  10501   2310  35454      5      0 
    0    210     53      -     42     50      0      0      0      0  10501   2505  36112      5      0 
    1    206     58      -     42     50      0      0      0      0  10501   2325  35454      5      0 
    0    213     55      -     39     46      0      0      0      0  10501   2130  36112      5      0 
    1    202     56      -     60     71      0      0      0      0  10501   2235  35454      5      0 
    0    207     56      -     60     70      0      0      0      0  10501   2625  36112      5      0 
    1    205     57      -     55     65      0      0      0      0  10501   2640  35454      5      0 
    0    213     55      -     58     69      0      0      0      0  10501   2700  36112      5      0 
    1    201     57      -     56     66      0      0      0      0  10501   2610  35454      5      0 
# gpu    pwr  gtemp  mtemp     sm    mem    enc    dec    jpg    ofa   mclk   pclk     fb   bar1   ccpm 
# Idx      W      C      C      %      %      %      %      %      %    MHz    MHz     MB     MB     MB 
    0    209     53      -     61     72      0      0      0      0  10501   2520  36112      5      0 
    1    205     58      -     39     46      0      0      0      0  10501   2310  35454      5      0 
    0    213     55      -     41     49      0      0      0      0  10501   2175  36112      5      0 
    1    200     58      -     43     51      0      0      0      0  10501   2220  35454      5      0 
    0    209     55      -     40     47      0      0      0      0  10501   2580  36112      5      0 
    1    205     58      -     42     50      0      0      0      0  10501   2220  35454      5      0 
    0    213     56      -     39     46      0      0      0      0  10501   2580  36112      5      0 
    1    203     56      -     60     71      0      0      0      0  10501   2220  35454      5      0 
    0    210     54      -     59     69      0      0      0      0  10501   2700  36112      5      0 
    1    206     56      -     56     65      0      0      0      0  10501   2625  35454      5      0 
    0    212     53      -     61     71      0      0      0      0  10501   2490  36366      5      0 
    1    201     56      -     42     46      0      0      0      0  10501   2235  35742      5      0 
    0    205     55      -     40     47      0      0      0      0  10501   2685  36366      5      0 
    1    201     56      -     57     67      0      0      0      0  10501   2670  35742      5      0 
    0    210     55      -     54     63      0      0      0      0  10501   2460  36366      5      0 
    1    204     56      -     60     71      0      0      0      0  10501   2445  35742      5      0 
    0    206     53      -     61     72      0      0      0      0  10501   2025  36366      5      0 
    1    205     58      -     41     48      0      0      0      0  10501   2235  35742      5      0 
    0    211     53      -     47     55      0      0      0      0  10501   2235  36366      5      0 
    1    206     58      -     42     50      0      0      0      0  10501   2730  35742      5      0 
    0    207     54      -     48     57      0      0      0      0  10501   2220  36366      5      0 
    1    206     58      -     39     46      0      0      0      0  10501   2235  35742      5      0 
    0    210     55      -     39     46      0      0      0      0  10501   2610  36366      5      0 
    1    206     56      -     56     66      0      0      0      0  10501   2730  35742      5      0 
    0    206     55      -     53     62      0      0      0      0  10501   2460  36366      5      0 
    1    206     56      -     60     71      0      0      0      0  10501   2685  35742      5      0 
    0    210     55      -     51     60      0      0      0      0  10501   2460  36366      5      0 
    1    206     56      -     60     71      0      0      0      0  10501   2700  35742      5      0 
    0    206     53      -     61     72      0      0      0      0  10501   2025  36366      5      0 
    1    205     58      -     43     51      0      0      0      0  10501   2505  35742      5      0 
    0    210     53      -     49     58      0      0      0      0  10501   2145  36366      5      0 
    1    204     59      -     39     46      0      0      0      0  10501   2235  35742      5      0 
    0    207     53      -     40     47      0      0      0      0  10501   2145  36366      5      0 
    1    204     59      -     39     46      0      0      0      0  10501   2715  35742      5      0 
    0    210     55      -     39     46      0      0      0      0  10501   2115  36366      5      0 
    1    205     57      -     54     64      0      0      0      0  10501   2730  35742      5      0 
    0    206     55      -     51     60      0      0      0      0  10501   2685  36366      5      0 
    1    203     56      -     60     71      0      0      0      0  10501   2565  35742      5      0 
    0    210     53      -     61     72      0      0      0      0  10501   2475  36366      5      0 
    1    202     58      -     43     51      0      0      0      0  10501   2505  35742      5      0 
    0    207     52      -     61     72      0      0      0      0  10501   2550  36366      5      0 
    1    206     58      -     44     52      0      0      0      0  10501   2670  35742      5      0 
    0    208     53      -     50     59      0      0      0      0  10501   2205  36366      5      0 
    1    204     59      -     39     46      0      0      0      0  10501   2535  35742      5      0 
# gpu    pwr  gtemp  mtemp     sm    mem    enc    dec    jpg    ofa   mclk   pclk     fb   bar1   ccpm 
# Idx      W      C      C      %      %      %      %      %      %    MHz    MHz     MB     MB     MB 
    0    209     55      -     39     47      0      0      0      0  10501   2160  36366      5      0 
    1    206     57      -     54     64      0      0      0      0  10501   2235  35742      5      0 
    0    208     55      -     51     60      0      0      0      0  10501   2100  36366      5      0 
    1    204     58      -     54     64      0      0      0      0  10501   2580  35742      5      0 
    0    208     55      -     49     58      0      0      0      0  10501   2160  36366      5      0 
    1    203     56      -     60     71      0      0      0      0  10501   2625  35742      5      0 
    0    213     53      -     61     72      0      0      0      0  10501   2685  36366      5      0 
    1    200     58      -     40     46      0      0      0      0  10501   2640  35742      5      0 
    0    209     54      -     44     52      0      0      0      0  10501   2520  36366      5      0 
    1    205     58      -     42     50      0      0      0      0  10501   2325  35742      5      0 
    0    210     53      -     42     50      0      0      0      0  10501   2505  36366      5      0 
    1    205     56      -     42     50      0      0      0      0  10501   2670  35742      5      0 
    0    209     54      -     42     49      0      0      0      0  10501   2160  36366      5      0 
    1    204     58      -     39     46      0      0      0      0  10501   2235  35742      5      0 
    0    211     55      -     61     71      0      0      0      0  10501   2730  36366      5      0 
    1    202     58      -     45     53      0      0      0      0  10501   2625  35742      5      0 
    0    209     52      -     52     62      0      0      0      0  10501   2175  36366      5      0 
    1    202     56      -     60     71      0      0      0      0  10501   2610  35742      5      0 
    0    208     53      -     50     59      0      0      0      0  10501   2175  36366      5      0 
    1    201     58      -     39     46      0      0      0      0  10501   2235  35742      5      0 
    0    211     55      -     40     46      0      0      0      0  10501   2700  36366      5      0 
    1    201     56      -     59     70      0      0      0      0  10501   2730  35742      5      0 
    0    206     54      -     57     67      0      0      0      0  10501   2520  36366      5      0 
    1    204     56      -     56     65      0      0      0      0  10501   2595  35742      5      0 
    0    210     54      -     59     69      0      0      0      0  10501   2460  36366      5      0 
    1    204     59      -     56     65      0      0      0      0  10501   2715  35742      5      0 
    0    205     53      -     58     69      0      0      0      0  10501   2085  36366      5      0 
    1    205     56      -     54     63      0      0      0      0  10501   2730  35742      5      0 
    0    208     55      -     40     47      0      0      0      0  10501   2730  36366      5      0 
    1    204     56      -     39     46      0      0      0      0  10501   2640  35742      5      0 
    0    211     54      -     51     60      0      0      0      0  10501   2460  36366      5      0 
    1    203     56      -     60     71      0      0      0      0  10501   2685  35742      5      0 
    0    208     53      -     61     72      0      0      0      0  10501   2100  36366      5      0 
    1    205     58      -     39     46      0      0      0      0  10501   2385  35742      5      0 
    0    209     55      -     43     50      0      0      0      0  10501   2670  36366      5      0 
    1    202     58      -     44     52      0      0      0      0  10501   2235  35742      5      0 
    0    209     55      -     42     49      0      0      0      0  10501   2655  36366      5      0 
    1    205     56      -     60     71      0      0      0      0  10501   2730  35742      5      0 
    0    211     53      -     61     71      0      0      0      0  10501   2310  36366      5      0 
    1    197     57      -     47     56      0      0      0      0  10501   2565  35742      5      0 
    0    210     53      -     52     61      0      0      0      0  10501   2145  36366      5      0 
    1    204     58      -     39     46      0      0      0      0  10501   2235  35742      5      0 
    0    210     53      -     40     47      0      0      0      0  10501   2040  36366      5      0 
    1    201     56      -     39     46      0      0      0      0  10501   2685  35742      5      0 
# gpu    pwr  gtemp  mtemp     sm    mem    enc    dec    jpg    ofa   mclk   pclk     fb   bar1   ccpm 
# Idx      W      C      C      %      %      %      %      %      %    MHz    MHz     MB     MB     MB 
    0    210     55      -     55     65      0      0      0      0  10501   2475  36366      5      0 
    1    201     56      -     59     70      0      0      0      0  10501   2370  35742      5      0 
    0    208     54      -     59     69      0      0      0      0  10501   2685  36366      5      0 
    1    205     58      -     55     64      0      0      0      0  10501   2235  35742      5      0 
    0    210     53      -     40     47      0      0      0      0  10501   2430  36366      5      0 
    1    200     56      -     55     65      0      0      0      0  10501   2235  35742      5      0 
    0    210     55      -     44     51      0      0      0      0  10501   2190  36366      5      0 
    1    204     58      -     39     46      0      0      0      0  10501   2235  35742      5      0 
    0    210     55      -     61     72      0      0      0      0  10501   2175  36366      5      0 
    1    198     57      -     46     54      0      0      0      0  10501   2700  35742      5      0 
    0    210     53      -     55     64      0      0      0      0  10501   2730  36366      5      0 
    1    203     56      -     60     71      0      0      0      0  10501   2535  35742      5      0 
    0    210     53      -     40     47      0      0      0      0  10501   2610  36366      5      0 
    1    197     56      -     60     71      0      0      0      0  10501   2715  35742      5      0 
    0    209     55      -     48     57      0      0      0      0  10501   2280  36366      5      0 
    1    203     57      -     51     60      0      0      0      0  10501   2550  35742      5      0 
    0    209     55      -     47     56      0      0      0      0  10501   2565  36366      5      0 
    1    198     58      -     39     46      0      0      0      0  10501   2220  35742      5      0 
    0    208     53      -     61     72      0      0      0      0  10501   2235  36366      5      0 
    1    199     56      -     39     46      0      0      0      0  10501   2655  35742      5      0 
    0    210     53      -     51     60      0      0      0      0  10501   2145  36366      5      0 
    1    199     57      -     49     58      0      0      0      0  10501   2505  35742      5      0 
    0    210     54      -     39     46      0      0      0      0  10501   2130  36366      5      0 
    1    204     56      -     60     71      0      0      0      0  10501   2730  35742      5      0 
    0    210     55      -     40     47      0      0      0      0  10501   2145  36366      5      0 
    1    199     57      -     47     56      0      0      0      0  10501   2565  35742      5      0 
    0    210     55      -     52     61      0      0      0      0  10501   2550  36366      5      0 
    1    202     58      -     47     56      0      0      0      0  10501   2235  35742      5      0 
    0    206     53      -     61     72      0      0      0      0  10501   2460  36366      5      0 
    1    202     55      -     48     56      0      0      0      0  10501   2235  35742      5      0 
    0    210     54      -     47     55      0      0      0      0  10501   2025  36366      5      0 
    1    199     56      -     39     46      0      0      0      0  10501   2730  35742      5      0 
    0    206     56      -     40     47      0      0      0      0  10501   2430  36366      5      0 
    1    203     58      -     53     63      0      0      0      0  10501   2565  35742      5      0 
    0    211     55      -     57     67      0      0      0      0  10501   2715  36366      5      0 
    1    197     58      -     53     62      0      0      0      0  10501   2580  35742      5      0 
    0    207     54      -     61     72      0      0      0      0  10501   2520  36366      5      0 
    1    203     57      -     60     71      0      0      0      0  10501   2250  35742      5      0 
    0    210     55      -     41     48      0      0      0      0  10501   2160  36366      5      0 
    1    197     56      -     43     51      0      0      0      0  10501   2295  35742      5      0 
    0    209     55      -     41     48      0      0      0      0  10501   2175  36366      5      0 
    1    203     56      -     39     46      0      0      0      0  10501   2235  35742      5      0 
    0    210     55      -     61     71      0      0      0      0  10501   2730  36366      5      0 
    1    194     58      -     40     47      0      0      0      0  10501   2670  35742      5      0 
# gpu    pwr  gtemp  mtemp     sm    mem    enc    dec    jpg    ofa   mclk   pclk     fb   bar1   ccpm 
# Idx      W      C      C      %      %      %      %      %      %    MHz    MHz     MB     MB     MB 
    0    209     53      -     51     60      0      0      0      0  10501   2505  36366      5      0 
    1    202     58      -     42     50      0      0      0      0  10501   2700  35742      5      0 
    0    207     54      -     40     47      0      0      0      0  10501   2040  36366      5      0 
    1    203     56      -     60     71      0      0      0      0  10501   2445  35742      5      0 
    0    210     54      -     39     46      0      0      0      0  10501   2505  36366      5      0 
    1    204     56      -     60     71      0      0      0      0  10501   2250  35742      5      0 
    0    205     56      -     59     69      0      0      0      0  10501   2175  36366      5      0 
    1    204     58      -     39     46      0      0      0      0  10501   2700  35742      5      0 
    0    211     54      -     59     69      0      0      0      0  10501   2715  36366      5      0 
    1    204     58      -     56     66      0      0      0      0  10501   2565  35742      5      0 
    0    206     54      -     40     46      0      0      0      0  10501   2175  36366      5      0 
    1    203     56      -     59     70      0      0      0      0  10501   2235  35742      5      0 
    0    210     54      -     40     47      0      0      0      0  10501   2730  36366      5      0 
    1    203     58      -     39     46      0      0      0      0  10501   2730  35742      5      0 
    0    211     55      -     50     59      0      0      0      0  10501   2520  36366      5      0 
    1    199     59      -     46     54      0      0      0      0  10501   2730  35742      5      0 
    0    206     55      -     61     71      0      0      0      0  10501   2025  36366      5      0 
    1    204     58      -     60     71      0      0      0      0  10501   2235  35742      5      0 
    0    210     54      -     44     52      0      0      0      0  10501   2520  36366      5      0 
    1    204     56      -     46     54      0      0      0      0  10501   2730  35742      5      0 
    0    204     55      -     40     47      0      0      0      0  10501   2700  36366      5      0 
    1    203     57      -     39     46      0      0      0      0  10501   2565  35742      5      0 
    0    210     56      -     61     71      0      0      0      0  10501   2400  36366      5      0 
    1    203     56      -     56     66      0      0      0      0  10501   2595  35742      5      0 
    0    208     53      -     54     63      0      0      0      0  10501   2175  36366      5      0 
    1    205     58      -     39     46      0      0      0      0  10501   2190  35742      5      0 
    0    207     54      -     40     47      0      0      0      0  10501   2670  36366      5      0 
    1    203     58      -     50     59      0      0      0      0  10501   2595  35742      5      0 
    0    210     56      -     54     64      0      0      0      0  10501   2295  36366      5      0 
    1    202     56      -     60     71      0      0      0      0  10501   2715  35742      5      0 
    0    209     55      -     56     66      0      0      0      0  10501   2715  36366      5      0 
    1    202     58      -     42     49      0      0      0      0  10501   2490  35742      5      0 
    0    210     54      -     61     72      0      0      0      0  10501   2685  36366      5      0 
    1    203     58      -     40     47      0      0      0      0  10501   2640  35742      5      0 
    0    209     55      -     40     46      0      0      0      0  10501   2400  36366      5      0 
    1    203     56      -     41     49      0      0      0      0  10501   2310  35742      5      0 
    0    210     56      -     40     47      0      0      0      0  10501   2175  36366      5      0 
    1    205     57      -     60     71      0      0      0      0  10501   2565  35742      5      0 
    0    211     56      -     50     59      0      0      0      0  10501   2550  36366      5      0 
    1    204     56      -     60     71      0      0      0      0  10501   2385  35742      5      0 
    0    207     54      -     61     72      0      0      0      0  10501   2460  36366      5      0 
    1    197     59      -     39     46      0      0      0      0  10501   2235  35742      5      0 
    0    211     54      -     48     56      0      0      0      0  10501   2160  36366      5      0 
    1    205     57      -     52     61      0      0      0      0  10501   2685  35742      5      0 
# gpu    pwr  gtemp  mtemp     sm    mem    enc    dec    jpg    ofa   mclk   pclk     fb   bar1   ccpm 
# Idx      W      C      C      %      %      %      %      %      %    MHz    MHz     MB     MB     MB 
    0    208     54      -     48     57      0      0      0      0  10501   2250  36366      5      0 
    1    199     56      -     60     71      0      0      0      0  10501   2565  35742      5      0 
    0    211     56      -     39     46      0      0      0      0  10501   2685  36366      5      0 
    1    197     59      -     60     71      0      0      0      0  10501   2235  35742      5      0 
    0    206     56      -     55     65      0      0      0      0  10501   2490  36366      5      0 
    1    204     58      -     60     71      0      0      0      0  10501   2235  35742      5      0 
    0    211     56      -     54     63      0      0      0      0  10501   2460  36366      5      0 
    1    204     56      -     45     53      0      0      0      0  10501   2730  35742      5      0 
    0    204     54      -     61     72      0      0      0      0  10501   2085  36366      5      0 
    1    203     57      -     39     46      0      0      0      0  10501   2520  35742      5      0 
    0    211     55      -     44     52      0      0      0      0  10501   2505  36366      5      0 
    1    201     57      -     39     45      0      0      0      0  10501   2565  35742      5      0 
    0    206     55      -     40     47      0      0      0      0  10501   2445  36366      5      0 
    1    203     58      -     55     65      0      0      0      0  10501   2160  35742      5      0 
    0    211     57      -     39     46      0      0      0      0  10501   2520  36366      5      0 
    1    201     58      -     60     71      0      0      0      0  10501   2400  35742      5      0 
    0    206     55      -     58     68      0      0      0      0  10501   2715  36366      5      0 
    1    204     58      -     41     48      0      0      0      0  10501   2340  35742      5      0 
    0    210     54      -     61     72      0      0      0      0  10501   2520  36366      5      0 
    1    202     56      -     41     49      0      0      0      0  10501   2400  35742      5      0 
    0    210     54      -     61     72      0      0      0      0  10501   2700  36366      5      0 
    1    204     57      -     39     46      0      0      0      0  10501   2730  35742      5      0 
    0    210     56      -     41     49      0      0      0      0  10501   2505  36366      5      0 
    1    199     59      -     59     70      0      0      0      0  10501   2565  35742      5      0 
    0    211     57      -     41     48      0      0      0      0  10501   2175  36366      5      0 
    1    204     59      -     58     69      0      0      0      0  10501   2730  35742      5      0 
    0    210     57      -     61     72      0      0      0      0  10501   2670  36366      5      0 
    1    199     57      -     59     69      0      0      0      0  10501   2565  35742      5      0 
    0    210     55      -     61     72      0      0      0      0  10501   2685  36366      5      0 
    1    204     57      -     39     46      0      0      0      0  10501   2235  35742      5      0 
    0    210     54      -     59     69      0      0      0      0  10501   2670  36366      5      0 
    1    203     57      -     42     49      0      0      0      0  10501   2595  35742      5      0 
    0    209     56      -     40     46      0      0      0      0  10501   2340  36366      5      0 
    1    203     58      -     39     46      0      0      0      0  10501   2730  35742      5      0 
    0    210     56      -     40     47      0      0      0      0  10501   2190  36366      5      0 
    1    203     59      -     44     51      0      0      0      0  10501   2685  35742      5      0 
    0    211     56      -     49     58      0      0      0      0  10501   2550  36366      5      0 
    1    204     56      -     60     71      0      0      0      0  10501   2385  35742      5      0 
    0    208     54      -     61     71      0      0      0      0  10501   2475  36366      5      0 
    1    203     56      -     48     56      0      0      0      0  10501   2235  35742      5      0 
    0    211     55      -     44     52      0      0      0      0  10501   2085  36366      5      0 
    1    199     57      -     39     46      0      0      0      0  10501   2715  35742      5      0 
    0    205     56      -     42     50      0      0      0      0  10501   2160  36366      5      0 
    1    204     59      -     58     68      0      0      0      0  10501   2565  35742      5      0 
# gpu    pwr  gtemp  mtemp     sm    mem    enc    dec    jpg    ofa   mclk   pclk     fb   bar1   ccpm 
# Idx      W      C      C      %      %      %      %      %      %    MHz    MHz     MB     MB     MB 
    0    210     57      -     42     50      0      0      0      0  10501   2730  36366      5      0 
    1    196     59      -     57     67      0      0      0      0  10501   2670  35742      5      0 
    0    209     54      -     61     72      0      0      0      0  10501   2595  36366      5      0 
    1    203     57      -     55     65      0      0      0      0  10501   2730  35742      5      0 
    0    209     54      -     61     71      0      0      0      0  10501   2565  36366      5      0 
    1    202     57      -     39     46      0      0      0      0  10501   2565  35742      5      0 
    0    209     55      -     50     58      0      0      0      0  10501   1995  36366      5      0 
    1    199     59      -     51     59      0      0      0      0  10501   2325  35742      5      0 
    0    210     57      -     40     47      0      0      0      0  10501   2445  36366      5      0 
    1    205     58      -     52     61      0      0      0      0  10501   2580  35742      5      0 
    0    211     55      -     58     68      0      0      0      0  10501   2265  36366      5      0 
    1    201     58      -     60     71      0      0      0      0  10501   2160  35742      5      0 
    0    210     56      -     60     70      0      0      0      0  10501   2685  36366      5      0 
    1    203     57      -     40     46      0      0      0      0  10501   2610  35742      5      0 
    0    211     55      -     58     68      0      0      0      0  10501   2370  36366      5      0 
    1    204     57      -     42     50      0      0      0      0  10501   2685  35742      5      0 
    0    210     57      -     40     46      0      0      0      0  10501   2145  36366      5      0 
    1    203     59      -     60     71      0      0      0      0  10501   2475  35742      5      0 
    0    212     57      -     49     58      0      0      0      0  10501   2670  36366      5      0 
    1    201     56      -     50     58      0      0      0      0  10501   2265  35742      5      0 
    0    211     55      -     61     72      0      0      0      0  10501   2685  36366      5      0 
    1    199     57      -     39     46      0      0      0      0  10501   2730  35742      5      0 
    0    210     56      -     44     52      0      0      0      0  10501   2520  36366      5      0 
    1    204     59      -     56     66      0      0      0      0  10501   2565  35742      5      0 
    0    209     57      -     40     47      0      0      0      0  10501   2160  36366      5      0 
    1    197     58      -     59     69      0      0      0      0  10501   2235  35742      5      0 
    0    208     55      -     61     71      0      0      0      0  10501   2730  36366      5      0 
    1    201     57      -     39     46      0      0      0      0  10501   2730  35742      5      0 
    0    161     54      -     46     47      0      0      0      0  10501   2730      1      2      0 
    1    181     56      -     47     55      0      0      0      0  10501   2730      1      2      0 
    0    103     52      -      0      0      0      0      0      0  10501   2730      1      2      0 
    1     95     55      -      0      0      0      0      0      0  10501   2730      1      2      0 
    0    101     52      -      0      0      0      0      0      0  10501   2730      1      2      0 
    1     90     55      -      0      0      0      0      0      0  10501   2730      1      2      0 
    0     92     51      -      0      0      0      0      0      0   5001    645      1      2      0 
    1     85     54      -      0      0      0      0      0      0   5001   1500      1      2      0 
    0     73     50      -      0      0      0      0      0      0   5001    405      1      2      0 
    1     66     53      -      0      0      0      0      0      0   5001    360      1      2      0 
    0     54     50      -      0      0      0      0      0      0   5001    285      1      2      0 
    1     46     53      -      0      0      0      0      0      0   5001    255      1      2      0 
    0     54     50      -      0      0      0      0      0      0   5001    210      1      2      0 
    1     45     52      -      0      0      0      0      0      0   5001    210      1      2      0 
    0     49     50      -      0      0      0      0      0      0    810    210      1      2      0 
    1     44     52      -      0      0      0      0      0      0    810    210      1      2      0 
# gpu    pwr  gtemp  mtemp     sm    mem    enc    dec    jpg    ofa   mclk   pclk     fb   bar1   ccpm 
# Idx      W      C      C      %      %      %      %      %      %    MHz    MHz     MB     MB     MB 
    0     43     49      -      0      0      0      0      0      0    810    240      1      2      0 
    1     40     52      -      0      0      0      0      0      0    810    285      1      2      0 
    0     39     49      -      0      0      0      0      0      0    405    210      1      2      0 
    1     35     51      -      0      0      0      0      0      0    405    210      1      2      0 
    0     37     49      -      0      0      0      0      0      0    405    210      1      2      0 
    1     31     51      -      0      0      0      0      0      0    405    210      1      2      0 
    0     37     48      -      0      0      0      0      0      0    405    210      1      2      0 
    1     29     51      -      0      0      0      0      0      0    405    210      1      2      0 
    0     37     48      -      0      0      0      0      0      0    405    210      1      2      0 
    1     28     51      -      0      0      0      0      0      0    405    210      1      2      0 
    0     36     48      -      0      0      0      0      0      0    405    210      1      2      0 
    1     28     50      -      0      0      0      0      0      0    405    210      1      2      0 
    0     36     48      -      0      0      0      0      0      0    405    210      1      2      0 
    1     27     50      -      0      0      0      0      0      0    405    210      1      2      0 
    0     36     47      -      0      0      0      0      0      0    405    210      1      2      0 
    1     26     50      -      0      0      0      0      0      0    405    210      1      2      0 
    0     36     47      -      0      0      0      0      0      0    405    210      1      2      0 
    1     27     50      -      0      0      0      0      0      0    405    210      1      2      0 
    0     36     47      -      0      0      0      0      0      0    405    210      1      2      0 
    1     26     50      -      0      0      0      0      0      0    405    210      1      2      0 
    0     36     47      -      0      0      0      0      0      0    405    210      1      2      0 
    1     26     49      -      0      0      0      0      0      0    405    210      1      2      0 
    0     36     47      -      0      0      0      0      0      0    405    210      1      2      0 
    1     25     49      -      0      0      0      0      0      0    405    210      1      2      0 
    0     36     46      -      0      0      0      0      0      0    405    210      1      2      0 
    1     23     49      -      0      0      0      0      0      0    405    210      1      2      0 
    0     36     46      -      0      0      0      0      0      0    405    210      1      2      0 
    1     21     49      -      0      0      0      0      0      0    405    210      1      2      0 
    0     35     46      -      0      0      0      0      0      0    405    210      1      2      0 
    1     21     48      -      0      0      0      0      0      0    405    210      1      2      0 
    0     35     46      -      0      0      0      0      0      0    405    210      1      2      0 
    1     21     48      -      0      0      0      0      0      0    405    210      1      2      0 
    0     35     46      -      0      0      0      0      0      0    405    210      1      2      0 
    1     21     48      -      0      0      0      0      0      0    405    210      1      2      0 
    0     35     46      -      0      0      0      0      0      0    405    210      1      2      0 
    1     21     48      -      0      0      0      0      0      0    405    210      1      2      0 
    0     35     45      -      0      0      0      0      0      0    405    210      1      2      0 
    1     21     48      -      0      0      0      0      0      0    405    210      1      2      0 
    0     35     45      -      0      0      0      0      0      0    405    210      1      2      0 
    1     21     48      -      0      0      0      0      0      0    405    210      1      2      0 
    0     35     45      -      0      0      0      0      0      0    405    210      1      2      0 
    1     21     48      -      0      0      0      0      0      0    405    210      1      2      0 
    0     35     45      -      0      0      0      0      0      0    405    210      1      2      0 
    1     21     48      -      0      0      0      0      0      0    405    210      1      2      0 
# gpu    pwr  gtemp  mtemp     sm    mem    enc    dec    jpg    ofa   mclk   pclk     fb   bar1   ccpm 
# Idx      W      C      C      %      %      %      %      %      %    MHz    MHz     MB     MB     MB 
    0     35     45      -      0      0      0      0      0      0    405    210      1      2      0 
    1     20     47      -      0      0      0      0      0      0    405    210      1      2      0 
    0     35     45      -      0      0      0      0      0      0    405    210      1      2      0 
    1     20     47      -      0      0      0      0      0      0    405    210      1      2      0 
    0     35     44      -      0      0      0      0      0      0    405    210      1      2      0 
    1     20     47      -      0      0      0      0      0      0    405    210      1      2      0 
    0     35     44      -      0      0      0      0      0      0    405    210      1      2      0 
    1     20     47      -      0      0      0      0      0      0    405    210      1      2      0 
    0     35     44      -      0      0      0      0      0      0    405    210      1      2      0 
    1     20     47      -      0      0      0      0      0      0    405    210      1      2      0 
    0     35     44      -      0      0      0      0      0      0    405    210      1      2      0 
    1     20     47      -      0      0      0      0      0      0    405    210      1      2      0 
    0     35     44      -      0      0      0      0      0      0    405    210      1      2      0 
    1     20     47      -      0      0      0      0      0      0    405    210      1      2      0 
    0     35     44      -      0      0      0      0      0      0    405    210      1      2      0 
    1     20     47      -      0      0      0      0      0      0    405    210      1      2      0 
    0     35     44      -      0      0      0      0      0      0    405    210      1      2      0 
    1     20     47      -      0      0      0      0      0      0    405    210      1      2      0 
    0     35     44      -      0      0      0      0      0      0    405    210      1      2      0 
    1     20     47      -      0      0      0      0      0      0    405    210      1      2      0 
    0     35     43      -      0      0      0      0      0      0    405    210      1      2      0 
    1     20     47      -      0      0      0      0      0      0    405    210      1      2      0 
    0     35     43      -      0      0      0      0      0      0    405    210      1      2      0 
    1     20     47      -      0      0      0      0      0      0    405    210      1      2      0 
    0     35     43      -      0      0      0      0      0      0    405    210      1      2      0 
    1     20     46      -      0      0      0      0      0      0    405    210      1      2      0 
    0     35     43      -      0      0      0      0      0      0    405    210      1      2      0 
    1     20     46      -      0      0      0      0      0      0    405    210      1      2      0 
    0     35     43      -      0      0      0      0      0      0    405    210      1      2      0 
    1     20     46      -      0      0      0      0      0      0    405    210      1      2      0 
    0     35     43      -      0      0      0      0      0      0    405    210      1      2      0 
    1     20     46      -      0      0      0      0      0      0    405    210      1      2      0 
    0     35     43      -      0      0      0      0      0      0    405    210      1      2      0 
    1     20     46      -      0      0      0      0      0      0    405    210      1      2      0 
    0     35     43      -      0      0      0      0      0      0    405    210      1      2      0 
    1     20     46      -      0      0      0      0      0      0    405    210      1      2      0 
    0     35     42      -      0      0      0      0      0      0    405    210      1      2      0 
    1     20     46      -      0      0      0      0      0      0    405    210      1      2      0 
    0     35     42      -      0      0      0      0      0      0    405    210      1      2      0 
    1     20     46      -      0      0      0      0      0      0    405    210      1      2      0 
    0     35     42      -      0      0      0      0      0      0    405    210      1      2      0 
    1     20     46      -      0      0      0      0      0      0    405    210      1      2      0 
    0     35     42      -      0      0      0      0      0      0    405    210      1      2      0 
    1     20     46      -      0      0      0      0      0      0    405    210      1      2      0 
# gpu    pwr  gtemp  mtemp     sm    mem    enc    dec    jpg    ofa   mclk   pclk     fb   bar1   ccpm 
# Idx      W      C      C      %      %      %      %      %      %    MHz    MHz     MB     MB     MB 
    0     35     42      -      0      0      0      0      0      0    405    210      1      2      0 
    1     20     46      -      0      0      0      0      0      0    405    210      1      2      0 
    0     35     42      -      0      0      0      0      0      0    405    210      1      2      0 
    1     20     46      -      0      0      0      0      0      0    405    210      1      2      0 
    0     35     42      -      0      0      0      0      0      0    405    210      1      2      0 
    1     20     46      -      0      0      0      0      0      0    405    210      1      2      0 
    0     35     42      -      0      0      0      0      0      0    405    210      1      2      0 
    1     20     46      -      0      0      0      0      0      0    405    210      1      2      0 
    0     35     42      -      0      0      0      0      0      0    405    210      1      2      0 
    1     20     45      -      0      0      0      0      0      0    405    210      1      2      0 
    0     35     41      -      0      0      0      0      0      0    405    210      1      2      0 
    1     20     45      -      0      0      0      0      0      0    405    210      1      2      0 
    0     35     41      -      0      0      0      0      0      0    405    210      1      2      0 
    1     20     45      -      0      0      0      0      0      0    405    210      1      2      0 
    0     35     41      -      0      0      0      0      0      0    405    210      1      2      0 
    1     20     45      -      0      0      0      0      0      0    405    210      1      2      0 
    0     35     41      -      0      0      0      0      0      0    405    210      1      2      0 
    1     20     45      -      0      0      0      0      0      0    405    210      1      2      0 
    0     35     41      -      0      0      0      0      0      0    405    210      1      2      0 
    1     20     45      -      0      0      0      0      0      0    405    210      1      2      0 
    0     35     41      -      0      0      0      0      0      0    405    210      1      2      0 
    1     20     45      -      0      0      0      0      0      0    405    210      1      2      0 
    0     35     41      -      0      0      0      0      0      0    405    210      1      2      0 
    1     20     45      -      0      0      0      0      0      0    405    210      1      2      0 
    0     35     41      -      0      0      0      0      0      0    405    210      1      2      0 
    1     20     45      -      0      0      0      0      0      0    405    210      1      2      0 
    0     35     41      -      0      0      0      0      0      0    405    210      1      2      0 
    1     20     45      -      0      0      0      0      0      0    405    210      1      2      0 
    0     35     41      -      0      0      0      0      0      0    405    210      1      2      0 
    1     20     45      -      0      0      0      0      0      0    405    210      1      2      0 
    0     35     40      -      0      0      0      0      0      0    405    210      1      2      0 
    1     20     45      -      0      0      0      0      0      0    405    210      1      2      0 
    0     35     40      -      0      0      0      0      0      0    405    210      1      2      0 
    1     20     45      -      0      0      0      0      0      0    405    210      1      2      0 
    0     35     40      -      0      0      0      0      0      0    405    210      1      2      0 
    1     20     44      -      0      0      0      0      0      0    405    210      1      2      0 
    0     35     40      -      0      0      0      0      0      0    405    210      1      2      0 
    1     20     44      -      0      0      0      0      0      0    405    210      1      2      0 
    0     35     40      -      0      0      0      0      0      0    405    210      1      2      0 
    1     20     44      -      0      0      0      0      0      0    405    210      1      2      0 
    0     35     40      -      0      0      0      0      0      0    405    210      1      2      0 
    1     20     44      -      0      0      0      0      0      0    405    210      1      2      0 
    0     35     40      -      0      0      0      0      0      0    405    210      1      2      0 
    1     20     44      -      0      0      0      0      0      0    405    210      1      2      0 
# gpu    pwr  gtemp  mtemp     sm    mem    enc    dec    jpg    ofa   mclk   pclk     fb   bar1   ccpm 
# Idx      W      C      C      %      %      %      %      %      %    MHz    MHz     MB     MB     MB 
    0     35     40      -      0      0      0      0      0      0    405    210      1      2      0 
    1     20     44      -      0      0      0      0      0      0    405    210      1      2      0 
    0     35     40      -      0      0      0      0      0      0    405    210      1      2      0 
    1     20     44      -      0      0      0      0      0      0    405    210      1      2      0 
    0     35     40      -      0      0      0      0      0      0    405    210      1      2      0 
    1     20     44      -      0      0      0      0      0      0    405    210      1      2      0 
    0     35     40      -      0      0      0      0      0      0    405    210      1      2      0 
    1     20     44      -      0      0      0      0      0      0    405    210      1      2      0 
    0     35     39      -      0      0      0      0      0      0    405    210      1      2      0 
    1     20     44      -      0      0      0      0      0      0    405    210      1      2      0 
    0     35     39      -      0      0      0      0      0      0    405    210      1      2      0 
    1     20     44      -      0      0      0      0      0      0    405    210      1      2      0 
    0     35     39      -      0      0      0      0      0      0    405    210      1      2      0 
    1     20     44      -      0      0      0      0      0      0    405    210      1      2      0 
    0     35     39      -      0      0      0      0      0      0    405    210      1      2      0 
    1     20     44      -      0      0      0      0      0      0    405    210      1      2      0 
    0     35     39      -      0      0      0      0      0      0    405    210      1      2      0 
    1     20     44      -      0      0      0      0      0      0    405    210      1      2      0 
    0     35     39      -      0      0      0      0      0      0    405    210      1      2      0 
    1     20     44      -      0      0      0      0      0      0    405    210      1      2      0 
    0     35     39      -      0      0      0      0      0      0    405    210      1      2      0 
    1     20     43      -      0      0      0      0      0      0    405    210      1      2      0 
    0     35     39      -      0      0      0      0      0      0    405    210      1      2      0 
    1     20     43      -      0      0      0      0      0      0    405    210      1      2      0 
    0     35     39      -      0      0      0      0      0      0    405    210      1      2      0 
    1     20     43      -      0      0      0      0      0      0    405    210      1      2      0 
    0     35     39      -      0      0      0      0      0      0    405    210      1      2      0 
    1     20     43      -      0      0      0      0      0      0    405    210      1      2      0 
    0     35     39      -      0      0      0      0      0      0    405    210      1      2      0 
    1     20     43      -      0      0      0      0      0      0    405    210      1      2      0 
    0     35     39      -      0      0      0      0      0      0    405    210      1      2      0 
    1     20     43      -      0      0      0      0      0      0    405    210      1      2      0 
    0     35     38      -      0      0      0      0      0      0    405    210      1      2      0 
    1     20     43      -      0      0      0      0      0      0    405    210      1      2      0 
    0     35     38      -      0      0      0      0      0      0    405    210      1      2      0 
    1     20     43      -      0      0      0      0      0      0    405    210      1      2      0 
    0     35     38      -      0      0      0      0      0      0    405    210      1      2      0 
    1     20     43      -      0      0      0      0      0      0    405    210      1      2      0 
    0     35     38      -      0      0      0      0      0      0    405    210      1      2      0 
    1     20     43      -      0      0      0      0      0      0    405    210      1      2      0 
    0     35     38      -      0      0      0      0      0      0    405    210      1      2      0 
    1     20     43      -      0      0      0      0      0      0    405    210      1      2      0 
    0     35     38      -      0      0      0      0      0      0    405    210      1      2      0 
    1     20     43      -      0      0      0      0      0      0    405    210      1      2      0 
# gpu    pwr  gtemp  mtemp     sm    mem    enc    dec    jpg    ofa   mclk   pclk     fb   bar1   ccpm 
# Idx      W      C      C      %      %      %      %      %      %    MHz    MHz     MB     MB     MB 
    0     35     38      -      0      0      0      0      0      0    405    210      1      2      0 
    1     20     43      -      0      0      0      0      0      0    405    210      1      2      0 
    0     35     38      -      0      0      0      0      0      0    405    210      1      2      0 
    1     20     43      -      0      0      0      0      0      0    405    210      1      2      0 
    0     35     38      -      0      0      0      0      0      0    405    210      1      2      0 
    1     20     43      -      0      0      0      0      0      0    405    210      1      2      0 
    0     35     38      -      0      0      0      0      0      0    405    210      1      2      0 
    1     20     43      -      0      0      0      0      0      0    405    210      1      2      0 
    0     35     38      -      0      0      0      0      0      0    405    210      1      2      0 
    1     20     42      -      0      0      0      0      0      0    405    210      1      2      0 
    0     35     38      -      0      0      0      0      0      0    405    210      1      2      0 
    1     20     42      -      0      0      0      0      0      0    405    210      1      2      0 
    0     35     38      -      0      0      0      0      0      0    405    210      1      2      0 
    1     20     42      -      0      0      0      0      0      0    405    210      1      2      0 
    0     35     38      -      0      0      0      0      0      0    405    210      1      2      0 
    1     20     42      -      0      0      0      0      0      0    405    210      1      2      0 
    0     35     38      -      0      0      0      0      0      0    405    210      1      2      0 
    1     20     42      -      0      0      0      0      0      0    405    210      1      2      0 
    0     35     37      -      0      0      0      0      0      0    405    210      1      2      0 
    1     20     42      -      0      0      0      0      0      0    405    210      1      2      0 
    0     35     37      -      0      0      0      0      0      0    405    210      1      2      0 
    1     20     42      -      0      0      0      0      0      0    405    210      1      2      0 
    0     35     37      -      0      0      0      0      0      0    405    210      1      2      0 
    1     20     42      -      0      0      0      0      0      0    405    210      1      2      0 
    0     35     37      -      0      0      0      0      0      0    405    210      1      2      0 
    1     20     42      -      0      0      0      0      0      0    405    210      1      2      0 
    0     35     37      -      0      0      0      0      0      0    405    210      1      2      0 
    1     20     42      -      0      0      0      0      0      0    405    210      1      2      0 
    0     35     37      -      0      0      0      0      0      0    405    210      1      2      0 
    1     20     42      -      0      0      0      0      0      0    405    210      1      2      0 
    0     35     37      -      0      0      0      0      0      0    405    210      1      2      0 
    1     20     42      -      0      0      0      0      0      0    405    210      1      2      0 
    0     35     37      -      0      0      0      0      0      0    405    210      1      2      0 
    1     20     42      -      0      0      0      0      0      0    405    210      1      2      0 
    0     35     37      -      0      0      0      0      0      0    405    210      1      2      0 
    1     20     42      -      0      0      0      0      0      0    405    210      1      2      0 
    0     35     37      -      0      0      0      0      0      0    405    210      1      2      0 
    1     20     42      -      0      0      0      0      0      0    405    210      1      2      0 
    0     35     37      -      0      0      0      0      0      0    405    210      1      2      0 
    1     20     42      -      0      0      0      0      0      0    405    210      1      2      0 
    0     35     37      -      0      0      0      0      0      0    405    210      1      2      0 
    1     20     41      -      0      0      0      0      0      0    405    210      1      2      0 
    0     35     37      -      0      0      0      0      0      0    405    210      1      2      0 
    1     20     41      -      0      0      0      0      0      0    405    210      1      2      0 
# gpu    pwr  gtemp  mtemp     sm    mem    enc    dec    jpg    ofa   mclk   pclk     fb   bar1   ccpm 
# Idx      W      C      C      %      %      %      %      %      %    MHz    MHz     MB     MB     MB 
    0     35     37      -      0      0      0      0      0      0    405    210      1      2      0 
    1     20     41      -      0      0      0      0      0      0    405    210      1      2      0 
    0     35     37      -      0      0      0      0      0      0    405    210      1      2      0 
    1     20     41      -      0      0      0      0      0      0    405    210      1      2      0 
    0     35     37      -      0      0      0      0      0      0    405    210      1      2      0 
    1     20     41      -      0      0      0      0      0      0    405    210      1      2      0 
    0     35     37      -      0      0      0      0      0      0    405    210      1      2      0 
    1     20     41      -      0      0      0      0      0      0    405    210      1      2      0 
    0     35     36      -      0      0      0      0      0      0    405    210      1      2      0 
    1     20     41      -      0      0      0      0      0      0    405    210      1      2      0 
    0     35     36      -      0      0      0      0      0      0    405    210      1      2      0 
    1     20     41      -      0      0      0      0      0      0    405    210      1      2      0 
    0     35     36      -      0      0      0      0      0      0    405    210      1      2      0 
    1     20     41      -      0      0      0      0      0      0    405    210      1      2      0 
    0     35     36      -      0      0      0      0      0      0    405    210      1      2      0 
    1     20     41      -      0      0      0      0      0      0    405    210      1      2      0 
    0     35     36      -      0      0      0      0      0      0    405    210      1      2      0 
    1     20     41      -      0      0      0      0      0      0    405    210      1      2      0 
    0     35     36      -      0      0      0      0      0      0    405    210      1      2      0 
    1     20     41      -      0      0      0      0      0      0    405    210      1      2      0 
    0     35     36      -      0      0      0      0      0      0    405    210      1      2      0 
    1     20     41      -      0      0      0      0      0      0    405    210      1      2      0 
    0     35     36      -      0      0      0      0      0      0    405    210      1      2      0 
    1     20     41      -      0      0      0      0      0      0    405    210      1      2      0 
    0     35     36      -      0      0      0      0      0      0    405    210      1      2      0 
    1     20     41      -      0      0      0      0      0      0    405    210      1      2      0 
    0     35     36      -      0      0      0      0      0      0    405    210      1      2      0 
    1     20     41      -      0      0      0      0      0      0    405    210      1      2      0 
    0     35     36      -      0      0      0      0      0      0    405    210      1      2      0 
    1     20     41      -      0      0      0      0      0      0    405    210      1      2      0 
    0     35     36      -      0      0      0      0      0      0    405    210      1      2      0 
    1     20     41      -      0      0      0      0      0      0    405    210      1      2      0 
    0     35     36      -      0      0      0      0      0      0    405    210      1      2      0 
    1     20     40      -      0      0      0      0      0      0    405    210      1      2      0 
    0     35     36      -      0      0      0      0      0      0    405    210      1      2      0 
    1     20     40      -      0      0      0      0      0      0    405    210      1      2      0 
    0     35     36      -      0      0      0      0      0      0    405    210      1      2      0 
    1     20     40      -      0      0      0      0      0      0    405    210      1      2      0 
    0     35     36      -      0      0      0      0      0      0    405    210      1      2      0 
    1     20     40      -      0      0      0      0      0      0    405    210      1      2      0 
    0     35     36      -      0      0      0      0      0      0    405    210      1      2      0 
    1     20     40      -      0      0      0      0      0      0    405    210      1      2      0 
    0     35     36      -      0      0      0      0      0      0    405    210      1      2      0 
    1     20     40      -      0      0      0      0      0      0    405    210      1      2      0 
# gpu    pwr  gtemp  mtemp     sm    mem    enc    dec    jpg    ofa   mclk   pclk     fb   bar1   ccpm 
# Idx      W      C      C      %      %      %      %      %      %    MHz    MHz     MB     MB     MB 
    0     35     36      -      0      0      0      0      0      0    405    210      1      2      0 
    1     20     40      -      0      0      0      0      0      0    405    210      1      2      0 
    0     35     36      -      0      0      0      0      0      0    405    210      1      2      0 
    1     20     40      -      0      0      0      0      0      0    405    210      1      2      0 
    0     35     36      -      0      0      0      0      0      0    405    210      1      2      0 
    1     20     40      -      0      0      0      0      0      0    405    210      1      2      0 
    0     35     35      -      0      0      0      0      0      0    405    210      1      2      0 
    1     20     40      -      0      0      0      0      0      0    405    210      1      2      0 
    0     35     35      -      0      0      0      0      0      0    405    210      1      2      0 
    1     20     40      -      0      0      0      0      0      0    405    210      1      2      0 
    0     35     35      -      0      0      0      0      0      0    405    210      1      2      0 
    1     20     40      -      0      0      0      0      0      0    405    210      1      2      0 
    0     35     35      -      0      0      0      0      0      0    405    210      1      2      0 
    1     20     40      -      0      0      0      0      0      0    405    210      1      2      0 
    0     35     35      -      0      0      0      0      0      0    405    210      1      2      0 
    1     20     40      -      0      0      0      0      0      0    405    210      1      2      0 
    0     35     35      -      0      0      0      0      0      0    405    210      1      2      0 
    1     20     40      -      0      0      0      0      0      0    405    210      1      2      0 
    0     35     35      -      0      0      0      0      0      0    405    210      1      2      0 
    1     20     40      -      0      0      0      0      0      0    405    210      1      2      0 
    0     35     35      -      0      0      0      0      0      0    405    210      1      2      0 
    1     20     40      -      0      0      0      0      0      0    405    210      1      2      0 
    0     35     35      -      0      0      0      0      0      0    405    210      1      2      0 
    1     20     40      -      0      0      0      0      0      0    405    210      1      2      0 
    0     35     35      -      0      0      0      0      0      0    405    210      1      2      0 
    1     20     40      -      0      0      0      0      0      0    405    210      1      2      0 
    0     35     35      -      0      0      0      0      0      0    405    210      1      2      0 
    1     20     40      -      0      0      0      0      0      0    405    210      1      2      0 
    0     35     35      -      0      0      0      0      0      0    405    210      1      2      0 
    1     20     39      -      0      0      0      0      0      0    405    210      1      2      0 
    0     35     35      -      0      0      0      0      0      0    405    210      1      2      0 
    1     20     39      -      0      0      0      0      0      0    405    210      1      2      0 
    0     35     35      -      0      0      0      0      0      0    405    210      1      2      0 
    1     20     39      -      0      0      0      0      0      0    405    210      1      2      0 
