# gpu    pwr  gtemp  mtemp     sm    mem    enc    dec    jpg    ofa   mclk   pclk     fb   bar1   ccpm 
# Idx      W      C      C      %      %      %      %      %      %    MHz    MHz     MB     MB     MB 
    0     34     30      -      0      0      0      0      0      0    405    210      1      2      0 
    1     22     32      -      0      0      0      0      0      0    405    210      1      2      0 
    0     42     31      -      0      0      0      0      0      0  10501   2520    396      5      0 
    1     33     33      -      0      0      0      0      0      0  10501   2520    396      5      0 
    0     73     32      -      0      0      0      0      0      0  10501   2520    396      5      0 
    1     62     33      -      0      0      0      0      0      0  10501   2520    396      5      0 
    0     72     32      -      0      0      0      0      0      0  10501   2520    396      5      0 
    1     60     33      -      0      0      0      0      0      0  10501   2520    396      5      0 
    0     72     32      -      0      0      0      0      0      0  10501   2520    396      5      0 
    1     60     34      -      0      0      0      0      0      0  10501   2520    396      5      0 
    0     72     32      -      0      0      0      0      0      0  10501   2520    396      5      0 
    1     61     34      -      0      0      0      0      0      0  10501   2520    396      5      0 
    0     72     32      -      0      0      0      0      0      0  10501   2520  35948      5      0 
    1     59     34      -      0      0      0      0      0      0  10501   2520  35280      5      0 
    0     73     32      -      4      0      0      0      0      0  10501   2520  35948      5      0 
    1     62     34      -      0      0      0      0      0      0  10501   2520  35280      5      0 
    0     73     32      -      7      0      0      0      0      0  10501   2520  35948      5      0 
    1     61     34      -      0      0      0      0      0      0  10501   2520  35280      5      0 
    0     73     32      -      7      0      0      0      0      0  10501   2520  35948      5      0 
    1     60     34      -      0      0      0      0      0      0  10501   2520  35280      5      0 
    0     73     32      -      9      0      0      0      0      0  10501   2520  35948      5      0 
    1     60     34      -      0      0      0      0      0      0  10501   2520  35280      5      0 
    0     73     32      -      7      0      0      0      0      0  10501   2520  35948      5      0 
    1     60     34      -      0      0      0      0      0      0  10501   2520  35280      5      0 
    0     73     33      -      8      0      0      0      0      0  10501   2520  35948      5      0 
    1     60     34      -      0      0      0      0      0      0  10501   2520  35280      5      0 
    0     74     33      -      9      0      0      0      0      0  10501   2520  35948      5      0 
    1     60     34      -      0      0      0      0      0      0  10501   2520  35280      5      0 
    0     73     33      -      7      0      0      0      0      0  10501   2520  35948      5      0 
    1     60     34      -      0      0      0      0      0      0  10501   2520  35280      5      0 
    0     73     33      -      7      0      0      0      0      0  10501   2520  35948      5      0 
    1     59     34      -      0      0      0      0      0      0  10501   2520  35280      5      0 
    0     72     33      -      8      0      0      0      0      0  10501   2520  35948      5      0 
    1     59     34      -      0      0      0      0      0      0  10501   2520  35280      5      0 
    0     73     33      -      7      0      0      0      0      0  10501   2520  35948      5      0 
    1     58     34      -      0      0      0      0      0      0  10501   2520  35280      5      0 
    0     73     33      -      8      0      0      0      0      0  10501   2520  35948      5      0 
    1     58     34      -      0      0      0      0      0      0  10501   2520  35280      5      0 
    0     73     33      -      9      0      0      0      0      0  10501   2520  35948      5      0 
    1     38     34      -      0      0      0      0      0      0    405    285  35280      5      0 
    0     73     33      -      9      0      0      0      0      0  10501   2520  35948      5      0 
    1     22     33      -      0      0      0      0      0      0    405    210  35280      5      0 
    0     72     33      -      7      0      0      0      0      0  10501   2520  35948      5      0 
    1     19     33      -      0      0      0      0      0      0    405    210  35280      5      0 
# gpu    pwr  gtemp  mtemp     sm    mem    enc    dec    jpg    ofa   mclk   pclk     fb   bar1   ccpm 
# Idx      W      C      C      %      %      %      %      %      %    MHz    MHz     MB     MB     MB 
    0     73     33      -      7      0      0      0      0      0  10501   2520  35948      5      0 
    1     19     33      -      0      0      0      0      0      0    405    210  35280      5      0 
    0     72     33      -      6      0      0      0      0      0  10501   2520  35948      5      0 
    1     19     33      -      0      0      0      0      0      0    405    210  35280      5      0 
    0     73     33      -      7      0      0      0      0      0  10501   2520  35948      5      0 
    1     19     33      -      0      0      0      0      0      0    405    210  35280      5      0 
    0     72     33      -      8      0      0      0      0      0  10501   2520  35948      5      0 
    1     19     33      -      0      0      0      0      0      0    405    210  35280      5      0 
    0     73     33      -      9      0      0      0      0      0  10501   2520  35948      5      0 
    1     19     33      -      0      0      0      0      0      0    405    210  35280      5      0 
    0     74     33      -      8      0      0      0      0      0  10501   2520  35948      5      0 
    1     19     33      -      0      0      0      0      0      0    405    210  35280      5      0 
    0     73     33      -      8      0      0      0      0      0  10501   2520  35948      5      0 
    1     19     33      -      0      0      0      0      0      0    405    210  35280      5      0 
    0     74     33      -      7      0      0      0      0      0  10501   2520  35948      5      0 
    1     19     33      -      0      0      0      0      0      0    405    210  35280      5      0 
    0     72     33      -      7      0      0      0      0      0  10501   2520  35948      5      0 
    1     19     33      -      0      0      0      0      0      0    405    210  35280      5      0 
    0     73     34      -      8      0      0      0      0      0  10501   2520  35948      5      0 
    1     19     33      -      0      0      0      0      0      0    405    210  35280      5      0 
    0     73     34      -      9      0      0      0      0      0  10501   2520  35948      5      0 
    1     19     33      -      0      0      0      0      0      0    405    210  35280      5      0 
    0     74     34      -      8      0      0      0      0      0  10501   2520  35948      5      0 
    1     19     33      -      0      0      0      0      0      0    405    210  35280      5      0 
    0     73     34      -      8      0      0      0      0      0  10501   2520  35948      5      0 
    1     19     33      -      0      0      0      0      0      0    405    210  35280      5      0 
    0     73     34      -      8      0      0      0      0      0  10501   2520  35948      5      0 
    1     19     33      -      0      0      0      0      0      0    405    210  35280      5      0 
    0     73     34      -      8      0      0      0      0      0  10501   2520  35948      5      0 
    1     19     33      -      0      0      0      0      0      0    405    210  35280      5      0 
    0     73     34      -      7      0      0      0      0      0  10501   2520  35948      5      0 
    1     19     33      -      0      0      0      0      0      0    405    210  35280      5      0 
    0     73     34      -      7      0      0      0      0      0  10501   2520  35948      5      0 
    1     19     33      -      0      0      0      0      0      0    405    210  35280      5      0 
    0     72     34      -      7      0      0      0      0      0  10501   2520  35948      5      0 
    1     19     33      -      0      0      0      0      0      0    405    210  35280      5      0 
    0     73     34      -      9      0      0      0      0      0  10501   2520  35948      5      0 
    1     19     33      -      0      0      0      0      0      0    405    210  35280      5      0 
    0     73     34      -      8      0      0      0      0      0  10501   2520  35948      5      0 
    1     19     33      -      0      0      0      0      0      0    405    210  35280      5      0 
    0     73     34      -      8      0      0      0      0      0  10501   2520  35948      5      0 
    1     19     33      -      0      0      0      0      0      0    405    210  35280      5      0 
    0     73     34      -      0      0      0      0      0      0  10501   2520  35948      5      0 
    1     46     34      -      9      0      0      0      0      0  10501   2520  35280      5      0 
# gpu    pwr  gtemp  mtemp     sm    mem    enc    dec    jpg    ofa   mclk   pclk     fb   bar1   ccpm 
# Idx      W      C      C      %      %      %      %      %      %    MHz    MHz     MB     MB     MB 
    0     71     34      -      0      0      0      0      0      0  10501   2520  35948      5      0 
    1     63     34      -      8      0      0      0      0      0  10501   2520  35280      5      0 
    0     72     34      -      0      0      0      0      0      0  10501   2520  35948      5      0 
    1     63     34      -      6      0      0      0      0      0  10501   2520  35280      5      0 
    0     72     34      -      0      0      0      0      0      0  10501   2520  35948      5      0 
    1     61     34      -      7      0      0      0      0      0  10501   2520  35280      5      0 
    0     72     34      -      0      0      0      0      0      0  10501   2520  35948      5      0 
    1     63     34      -      9      0      0      0      0      0  10501   2520  35280      5      0 
    0     73     34      -      0      0      0      0      0      0  10501   2520  35948      5      0 
    1     62     35      -      8      0      0      0      0      0  10501   2520  35280      5      0 
    0     73     34      -      0      0      0      0      0      0  10501   2520  35948      5      0 
    1     63     35      -      9      0      0      0      0      0  10501   2520  35280      5      0 
    0     73     34      -      0      0      0      0      0      0  10501   2520  35948      5      0 
    1     62     35      -      8      0      0      0      0      0  10501   2520  35280      5      0 
    0     72     34      -      0      0      0      0      0      0  10501   2520  35948      5      0 
    1     63     35      -      7      0      0      0      0      0  10501   2520  35280      5      0 
    0     73     34      -      0      0      0      0      0      0  10501   2520  35948      5      0 
    1     62     35      -      7      0      0      0      0      0  10501   2520  35280      5      0 
    0     73     34      -      0      0      0      0      0      0  10501   2520  35948      5      0 
    1     62     35      -      7      0      0      0      0      0  10501   2520  35280      5      0 
    0     72     34      -      0      0      0      0      0      0  10501   2520  35948      5      0 
    1     63     35      -      8      0      0      0      0      0  10501   2520  35280      5      0 
    0     72     34      -      0      0      0      0      0      0  10501   2520  35948      5      0 
    1     63     35      -      8      0      0      0      0      0  10501   2520  35280      5      0 
    0     72     34      -      0      0      0      0      0      0  10501   2520  35948      5      0 
    1     62     35      -      8      0      0      0      0      0  10501   2520  35280      5      0 
    0     73     35      -      0      0      0      0      0      0  10501   2520  35948      5      0 
    1     63     35      -      9      0      0      0      0      0  10501   2520  35280      5      0 
    0     72     34      -      0      0      0      0      0      0  10501   2520  35948      5      0 
    1     62     35      -      8      0      0      0      0      0  10501   2520  35280      5      0 
    0     72     35      -      0      0      0      0      0      0  10501   2520  35948      5      0 
    1     63     35      -      8      0      0      0      0      0  10501   2520  35280      5      0 
    0     60     34      -      0      0      0      0      0      0    810    390  35948      5      0 
    1     62     35      -      8      0      0      0      0      0  10501   2520  35280      5      0 
    0     42     33      -      0      0      0      0      0      0    405    240  35948      5      0 
    1     63     35      -      7      0      0      0      0      0  10501   2520  35280      5      0 
    0     35     33      -      0      0      0      0      0      0    405    210  35948      5      0 
    1     63     35      -      8      0      0      0      0      0  10501   2520  35280      5      0 
    0     35     33      -      0      0      0      0      0      0    405    210  35948      5      0 
    1     63     35      -      8      0      0      0      0      0  10501   2520  35280      5      0 
    0     35     33      -      0      0      0      0      0      0    405    210  35948      5      0 
    1     62     35      -      9      0      0      0      0      0  10501   2520  35280      5      0 
    0     35     33      -      0      0      0      0      0      0    405    210  35948      5      0 
    1     62     36      -      8      0      0      0      0      0  10501   2520  35280      5      0 
# gpu    pwr  gtemp  mtemp     sm    mem    enc    dec    jpg    ofa   mclk   pclk     fb   bar1   ccpm 
# Idx      W      C      C      %      %      %      %      %      %    MHz    MHz     MB     MB     MB 
    0     35     33      -      0      0      0      0      0      0    405    210  35948      5      0 
    1     63     36      -      7      0      0      0      0      0  10501   2520  35280      5      0 
    0     35     33      -      0      0      0      0      0      0    405    210  35948      5      0 
    1     62     36      -      7      0      0      0      0      0  10501   2520  35280      5      0 
    0     35     33      -      0      0      0      0      0      0    405    210  35948      5      0 
    1     63     36      -      7      0      0      0      0      0  10501   2520  35280      5      0 
    0     35     33      -      0      0      0      0      0      0    405    210  35948      5      0 
    1     62     36      -      8      0      0      0      0      0  10501   2520  35280      5      0 
    0     35     33      -      0      0      0      0      0      0    405    210  35948      5      0 
    1     64     36      -      8      0      0      0      0      0  10501   2520  35280      5      0 
    0     35     33      -      0      0      0      0      0      0    405    210  35948      5      0 
    1     62     36      -      9      0      0      0      0      0  10501   2520  35280      5      0 
    0     35     33      -      0      0      0      0      0      0    405    210  35948      5      0 
    1     62     36      -      8      0      0      0      0      0  10501   2520  35280      5      0 
    0     35     33      -      0      0      0      0      0      0    405    210  35948      5      0 
    1     62     36      -      8      0      0      0      0      0  10501   2520  35280      5      0 
    0     35     33      -      0      0      0      0      0      0    405    210  35948      5      0 
    1     62     36      -      6      0      0      0      0      0  10501   2520  35280      5      0 
    0     35     33      -      0      0      0      0      0      0    405    210  35948      5      0 
    1     62     36      -      7      0      0      0      0      0  10501   2520  35280      5      0 
    0     35     33      -      0      0      0      0      0      0    405    210  35948      5      0 
    1     62     36      -      7      0      0      0      0      0  10501   2520  35280      5      0 
    0     35     33      -      0      0      0      0      0      0    405    210  35948      5      0 
    1     63     36      -     10      0      0      0      0      0  10501   2520  35280      5      0 
    0     35     33      -      0      0      0      0      0      0    405    210  36374      5      0 
    1     62     36      -      0      0      0      0      0      0  10501   2520  35694      5      0 
    0    125     35      -    100     22      0      0      0      0  10501   2520  36374      5      0 
    1     98     40      -      0      0      0      0      0      0  10501    495  35750      5      0 
    0    129     37      -    100     21      0      0      0      0  10501    450  36374      5      0 
    1    123     37      -      0      0      0      0      0      0  10501   2520  35750      5      0 
    0    125     37      -      0      0      0      0      0      0  10501    450  36374      5      0 
    1    124     37      -    100     25      0      0      0      0  10501   2520  35750      5      0 
    0    128     38      -    100     22      0      0      0      0  10501    435  36374      5      0 
    1    124     37      -      0      0      0      0      0      0  10501   2520  35750      5      0 
    0    118     38      -    100     22      0      0      0      0  10501    435  36634      5      0 
    1    124     37      -      0      0      0      0      0      0  10501   2520  35990      5      0 
    0    151     37      -    100     18      0      0      0      0  10501    405  36634      5      0 
    1    108     41      -    100     25      0      0      0      0  10501    495  35990      5      0 
    0    149     38      -    100     20      0      0      0      0  10501    390  36634      5      0 
    1    139     41      -    100     25      0      0      0      0  10501    495  35990      5      0 
    0    149     38      -    100     19      0      0      0      0  10501    405  36634      5      0 
    1    133     41      -    100     24      0      0      0      0  10501    510  35990      5      0 
    0    111     35      -     19     17      0      0      0      0  10501   2520  36634      5      0 
    1    138     40      -    100     24      0      0      0      0  10501   2325  35990      5      0 
# gpu    pwr  gtemp  mtemp     sm    mem    enc    dec    jpg    ofa   mclk   pclk     fb   bar1   ccpm 
# Idx      W      C      C      %      %      %      %      %      %    MHz    MHz     MB     MB     MB 
    0    154     38      -    100     17      0      0      0      0  10501    360  36634      5      0 
    1    109     41      -    100     25      0      0      0      0  10501    510  35990      5      0 
    0    148     38      -    100     18      0      0      0      0  10501    360  36634      5      0 
    1    125     41      -    100     25      0      0      0      0  10501    525  35990      5      0 
    0    148     38      -    100     17      0      0      0      0  10501    360  36634      5      0 
    1    137     42      -    100     24      0      0      0      0  10501    525  35990      5      0 
    0    121     37      -      0      0      0      0      0      0  10501   2520  36634      5      0 
    1    134     42      -    100     24      0      0      0      0  10501    510  35990      5      0 
    0    142     39      -    100     18      0      0      0      0  10501    360  36634      5      0 
    1     96     42      -      9      8      0      0      0      0  10501    495  35990      5      0 
    0    148     39      -    100     17      0      0      0      0  10501    345  36634      5      0 
    1    134     42      -     62     31      0      0      0      0  10501    495  35990      5      0 
    0    148     39      -    100     17      0      0      0      0  10501    330  36634      5      0 
    1    138     42      -    100     37      0      0      0      0  10501    510  35990      5      0 
    0    129     37      -      0      0      0      0      0      0  10501   2520  36634      5      0 
    1    140     42      -    100     22      0      0      0      0  10501    510  35990      5      0 
    0    131     40      -    100     22      0      0      0      0  10501    420  36634      5      0 
    1    113     39      -      0      0      0      0      0      0  10501   2520  35990      5      0 
    0    150     40      -    100     21      0      0      0      0  10501    360  36634      5      0 
    1    123     40      -      0      0      0      0      0      0  10501   2520  35990      5      0 
    0    150     40      -    100     21      0      0      0      0  10501    345  36634      5      0 
    1    122     40      -      0      0      0      0      0      0  10501   2520  35990      5      0 
    0    150     40      -    100     20      0      0      0      0  10501    360  36634      5      0 
    1    122     40      -      0      0      0      0      0      0  10501   2520  35990      5      0 
    0    111     40      -    100     22      0      0      0      0  10501    435  36980      5      0 
    1    123     40      -      0      0      0      0      0      0  10501   2520  36310      5      0 
    0    151     40      -    100     18      0      0      0      0  10501    390  36980      5      0 
    1    110     43      -    100     25      0      0      0      0  10501    510  36310      5      0 
    0    149     40      -    100     19      0      0      0      0  10501    420  36980      5      0 
    1    135     43      -    100     26      0      0      0      0  10501    510  36310      5      0 
    0    149     40      -    100     19      0      0      0      0  10501    420  36980      5      0 
    1    137     43      -    100     25      0      0      0      0  10501    510  36310      5      0 
    0    149     40      -    100     18      0      0      0      0  10501    420  36980      5      0 
    1    134     43      -    100     25      0      0      0      0  10501    495  36310      5      0 
    0    149     41      -    100     18      0      0      0      0  10501    420  36980      5      0 
    1    131     43      -    100     24      0      0      0      0  10501   2370  36310      5      0 
    0    149     41      -    100     19      0      0      0      0  10501    390  36980      5      0 
    1    128     41      -     16      4      0      0      0      0  10501   2520  36310      5      0 
    0    149     41      -    100     19      0      0      0      0  10501    405  36980      5      0 
    1    126     41      -      0      0      0      0      0      0  10501   2520  36310      5      0 
    0    112     41      -    100     20      0      0      0      0  10501    435  36980      5      0 
    1    126     41      -      0      0      0      0      0      0  10501   2520  36310      5      0 
    0    152     40      -    100     18      0      0      0      0  10501    345  36980      5      0 
    1    101     44      -    100     24      0      0      0      0  10501    495  36310      5      0 
# gpu    pwr  gtemp  mtemp     sm    mem    enc    dec    jpg    ofa   mclk   pclk     fb   bar1   ccpm 
# Idx      W      C      C      %      %      %      %      %      %    MHz    MHz     MB     MB     MB 
    0    148     41      -    100     18      0      0      0      0  10501    390  36980      5      0 
    1    137     44      -    100     25      0      0      0      0  10501    510  36310      5      0 
    0    149     41      -    100     18      0      0      0      0  10501    375  36980      5      0 
    1    135     44      -    100     24      0      0      0      0  10501    495  36310      5      0 
    0    149     41      -    100     18      0      0      0      0  10501    390  36980      5      0 
    1    146     43      -    100     25      0      0      0      0  10501    600  36310      5      0 
    0    149     41      -    100     18      0      0      0      0  10501    405  36980      5      0 
    1    134     42      -     69     16      0      0      0      0  10501   2490  36310      5      0 
    0    149     41      -    100     18      0      0      0      0  10501    405  36980      5      0 
    1    125     44      -    100     24      0      0      0      0  10501    510  36310      5      0 
    0    149     41      -    100     18      0      0      0      0  10501    375  36980      5      0 
    1    136     45      -    100     24      0      0      0      0  10501    510  36310      5      0 
    0    122     42      -    100     22      0      0      0      0  10501    435  36980      5      0 
    1    132     42      -      0      0      0      0      0      0  10501   2520  36310      5      0 
    0    151     41      -    100     18      0      0      0      0  10501    360  36980      5      0 
    1    106     45      -    100     24      0      0      0      0  10501    495  36310      5      0 
    0    149     42      -    100     18      0      0      0      0  10501    405  36980      5      0 
    1    135     45      -    100     25      0      0      0      0  10501    495  36310      5      0 
    0    149     42      -    100     19      0      0      0      0  10501    375  36980      5      0 
    1    135     45      -    100     24      0      0      0      0  10501    495  36310      5      0 
    0    149     42      -    100     18      0      0      0      0  10501    390  36980      5      0 
    1    138     45      -    100     23      0      0      0      0  10501    495  36310      5      0 
    0    149     42      -    100     18      0      0      0      0  10501    405  36980      5      0 
    1    135     45      -    100     24      0      0      0      0  10501    510  36310      5      0 
    0    149     42      -    100     18      0      0      0      0  10501    390  36980      5      0 
    1    134     45      -    100     24      0      0      0      0  10501    510  36310      5      0 
    0    150     42      -    100     18      0      0      0      0  10501    420  36980      5      0 
    1    145     43      -     94     22      0      0      0      0  10501   2370  36310      5      0 
    0    112     40      -     31     23      0      0      0      0  10501    405  36980      5      0 
    1    126     45      -    100     24      0      0      0      0  10501    510  36310      5      0 
    0    155     42      -    100     17      0      0      0      0  10501    360  36980      5      0 
    1     99     45      -    100     37      0      0      0      0  10501    510  36310      5      0 
    0    149     42      -    100     17      0      0      0      0  10501    375  36980      5      0 
    1    132     45      -    100     24      0      0      0      0  10501    510  36310      5      0 
    0    149     42      -    100     17      0      0      0      0  10501    375  36980      5      0 
    1    136     45      -    100     24      0      0      0      0  10501    525  36310      5      0 
    0    149     42      -    100     17      0      0      0      0  10501    345  36980      5      0 
    1    136     46      -    100     25      0      0      0      0  10501    510  36310      5      0 
    0    149     43      -    100     17      0      0      0      0  10501    375  36980      5      0 
    1    134     46      -    100     23      0      0      0      0  10501    510  36310      5      0 
    0    149     43      -    100     17      0      0      0      0  10501    405  36980      5      0 
    1    134     46      -    100     24      0      0      0      0  10501    540  36310      5      0 
    0    149     43      -    100     18      0      0      0      0  10501    390  36980      5      0 
    1    134     46      -    100     24      0      0      0      0  10501    510  36310      5      0 
# gpu    pwr  gtemp  mtemp     sm    mem    enc    dec    jpg    ofa   mclk   pclk     fb   bar1   ccpm 
# Idx      W      C      C      %      %      %      %      %      %    MHz    MHz     MB     MB     MB 
    0    126     40      -      0      0      0      0      0      0  10501   2520  37656      5      0 
    1    133     46      -    100     23      0      0      0      0  10501    525  36934      5      0 
    0    136     43      -    100     21      0      0      0      0  10501    360  37672      5      0 
    1    103     43      -      0      0      0      0      0      0  10501   2520  36950      5      0 
    0    149     43      -    100     19      0      0      0      0  10501    375  37672      5      0 
    1    121     43      -      0      0      0      0      0      0  10501   2520  36950      5      0 
    0    149     43      -    100     19      0      0      0      0  10501    390  37672      5      0 
    1    122     43      -      0      0      0      0      0      0  10501   2520  36950      5      0 
    0    149     43      -    100     19      0      0      0      0  10501    405  37672      5      0 
    1    123     44      -      0      0      0      0      0      0  10501   2520  36950      5      0 
    0    149     43      -    100     19      0      0      0      0  10501    390  37672      5      0 
    1    125     43      -      0      0      0      0      0      0  10501   2520  36950      5      0 
    0    149     44      -    100     18      0      0      0      0  10501    390  37672      5      0 
    1    124     43      -      0      0      0      0      0      0  10501   2520  36950      5      0 
    0    149     43      -    100     19      0      0      0      0  10501    360  37672      5      0 
    1    125     46      -      0      0      0      0      0      0  10501    270  36950      5      0 
    0    149     44      -    100     19      0      0      0      0  10501    390  37672      5      0 
    1    124     44      -      0      0      0      0      0      0  10501   2520  36950      5      0 
    0    149     44      -    100     18      0      0      0      0  10501    405  37672      5      0 
    1    138     47      -     55     29      0      0      0      0  10501    450  36950      5      0 
    0    149     44      -    100     17      0      0      0      0  10501    390  37672      5      0 
    1    137     47      -     36     22      0      0      0      0  10501    525  36950      5      0 
    0    149     44      -    100     18      0      0      0      0  10501    375  37672      5      0 
    1    132     47      -     15     11      0      0      0      0  10501    420  36950      5      0 
    0    149     44      -    100     18      0      0      0      0  10501    375  37672      5      0 
    1    127     50      -      0      0      0      0      0      0  10501   2430  36950      5      0 
    0    149     44      -    100     18      0      0      0      0  10501    420  37672      5      0 
    1    129     44      -      0      0      0      0      0      0  10501   2520  36950      5      0 
    0    149     44      -    100     18      0      0      0      0  10501    450  37672      5      0 
    1    131     44      -      0      0      0      0      0      0  10501   2520  36950      5      0 
    0    149     44      -    100     17      0      0      0      0  10501    390  37672      5      0 
    1    131     44      -      0      0      0      0      0      0  10501   2520  36950      5      0 
    0    149     44      -    100     17      0      0      0      0  10501    420  37672      5      0 
    1    133     44      -      0      0      0      0      0      0  10501   2520  36950      5      0 
    0    110     44      -    100     22      0      0      0      0  10501    435  37672      5      0 
    1    132     45      -     27      7      0      0      0      0  10501   2520  36950      5      0 
    0    151     44      -    100     17      0      0      0      0  10501    345  37672      5      0 
    1     98     47      -    100     25      0      0      0      0  10501    510  36950      5      0 
    0    149     44      -    100     18      0      0      0      0  10501    375  37672      5      0 
    1    136     47      -    100     25      0      0      0      0  10501    495  36950      5      0 
    0    149     44      -    100     19      0      0      0      0  10501    375  37672      5      0 
    1    135     48      -    100     25      0      0      0      0  10501    510  36950      5      0 
    0    149     44      -    100     18      0      0      0      0  10501    375  37672      5      0 
    1    135     48      -    100     25      0      0      0      0  10501    510  36950      5      0 
# gpu    pwr  gtemp  mtemp     sm    mem    enc    dec    jpg    ofa   mclk   pclk     fb   bar1   ccpm 
# Idx      W      C      C      %      %      %      %      %      %    MHz    MHz     MB     MB     MB 
    0    149     44      -    100     18      0      0      0      0  10501    405  37672      5      0 
    1    135     48      -    100     24      0      0      0      0  10501    510  36950      5      0 
    0    149     45      -    100     18      0      0      0      0  10501    375  37672      5      0 
    1    147     48      -     83     20      0      0      0      0  10501   1725  36950      5      0 
    0    149     45      -    100     18      0      0      0      0  10501    390  37672      5      0 
    1    123     48      -    100     24      0      0      0      0  10501    510  36950      5      0 
    0    149     45      -    100     18      0      0      0      0  10501    420  37672      5      0 
    1    134     48      -    100     24      0      0      0      0  10501    525  36950      5      0 
    0    149     45      -    100     18      0      0      0      0  10501    390  37672      5      0 
    1    135     48      -    100     24      0      0      0      0  10501    525  36950      5      0 
    0    149     45      -    100     18      0      0      0      0  10501    405  37672      5      0 
    1    134     48      -    100     23      0      0      0      0  10501    525  36950      5      0 
    0    149     45      -    100     18      0      0      0      0  10501    420  37672      5      0 
    1    137     48      -    100     23      0      0      0      0  10501    525  36950      5      0 
    0    149     45      -    100     18      0      0      0      0  10501    390  37672      5      0 
    1    132     48      -    100     23      0      0      0      0  10501    525  36950      5      0 
    0    149     45      -    100     18      0      0      0      0  10501    420  37672      5      0 
    1    134     48      -    100     23      0      0      0      0  10501    525  36950      5      0 
    0    149     45      -    100     17      0      0      0      0  10501    405  37672      5      0 
    1    133     49      -    100     22      0      0      0      0  10501    540  36950      5      0 
    0    149     45      -    100     17      0      0      0      0  10501    435  37672      5      0 
    1    132     49      -    100     23      0      0      0      0  10501    540  36950      5      0 
    0    127     43      -      0      0      0      0      0      0  10501   2520  37672      5      0 
    1    133     49      -    100     22      0      0      0      0  10501    540  36950      5      0 
    0    130     46      -    100     22      0      0      0      0  10501    435  37672      5      0 
    1    110     46      -      0      0      0      0      0      0  10501   2520  36950      5      0 
    0    150     45      -    100     21      0      0      0      0  10501    390  37672      5      0 
    1    124     46      -      0      0      0      0      0      0  10501   2520  36950      5      0 
    0    150     45      -    100     21      0      0      0      0  10501    360  37672      5      0 
    1    124     46      -      0      0      0      0      0      0  10501   2520  36950      5      0 
    0    150     45      -    100     19      0      0      0      0  10501    345  37672      5      0 
    1    124     46      -      0      0      0      0      0      0  10501   2520  36950      5      0 
    0    149     45      -    100     19      0      0      0      0  10501    375  37672      5      0 
    1    125     46      -      0      0      0      0      0      0  10501   2520  36950      5      0 
    0    149     45      -    100     18      0      0      0      0  10501    345  37672      5      0 
    1    126     46      -      0      0      0      0      0      0  10501   2520  36950      5      0 
    0    149     45      -    100     18      0      0      0      0  10501    360  37672      5      0 
    1    126     46      -      0      0      0      0      0      0  10501   2520  36950      5      0 
    0    149     45      -    100     17      0      0      0      0  10501    390  37672      5      0 
    1    127     46      -      0      0      0      0      0      0  10501   2520  36950      5      0 
    0    149     46      -    100     17      0      0      0      0  10501    360  37672      5      0 
    1    127     47      -      0      0      0      0      0      0  10501   2520  36950      5      0 
    0    149     45      -    100     17      0      0      0      0  10501    360  37672      5      0 
    1    130     47      -      0      0      0      0      0      0  10501   2520  36950      5      0 
# gpu    pwr  gtemp  mtemp     sm    mem    enc    dec    jpg    ofa   mclk   pclk     fb   bar1   ccpm 
# Idx      W      C      C      %      %      %      %      %      %    MHz    MHz     MB     MB     MB 
    0    149     46      -    100     17      0      0      0      0  10501    360  37672      5      0 
    1    129     47      -      0      0      0      0      0      0  10501   2520  36950      5      0 
    0    149     46      -    100     16      0      0      0      0  10501    360  37672      5      0 
    1    130     50      -     41      9      0      0      0      0  10501   2520  36950      5      0 
    0    149     46      -    100     17      0      0      0      0  10501    360  37672      5      0 
    1    131     50      -    100     23      0      0      0      0  10501   1005  36950      5      0 
    0    149     46      -    100     17      0      0      0      0  10501    375  37672      5      0 
    1    132     50      -    100     22      0      0      0      0  10501    525  36950      5      0 
    0    149     46      -    100     17      0      0      0      0  10501    375  37672      5      0 
    1    133     50      -    100     22      0      0      0      0  10501    525  36950      5      0 
    0    149     46      -    100     17      0      0      0      0  10501    390  37672      5      0 
    1    130     50      -    100     23      0      0      0      0  10501    525  36950      5      0 
    0    123     43      -      0      0      0      0      0      0  10501   2520  37672      5      0 
    1    131     50      -    100     22      0      0      0      0  10501    540  36950      5      0 
    0    142     46      -    100     17      0      0      0      0  10501    360  37672      5      0 
    1    105     47      -      0      0      0      0      0      0  10501   2520  36950      5      0 
    0    148     46      -    100     18      0      0      0      0  10501    330  37672      5      0 
    1    124     47      -      0      0      0      0      0      0  10501   2520  36950      5      0 
    0    149     46      -    100     18      0      0      0      0  10501    375  37672      5      0 
    1    124     47      -      0      0      0      0      0      0  10501   2520  36950      5      0 
    0    149     46      -    100     18      0      0      0      0  10501    375  37672      5      0 
    1    127     47      -      0      0      0      0      0      0  10501   2520  36950      5      0 
    0    149     46      -    100     17      0      0      0      0  10501    390  37672      5      0 
    1    126     47      -      0      0      0      0      0      0  10501   2520  36950      5      0 
    0    149     46      -    100     18      0      0      0      0  10501    375  37672      5      0 
    1    125     47      -      0      0      0      0      0      0  10501   2520  36950      5      0 
    0    149     46      -    100     18      0      0      0      0  10501    390  37672      5      0 
    1    125     47      -      0      0      0      0      0      0  10501   2520  36950      5      0 
    0    149     46      -    100     17      0      0      0      0  10501    405  37672      5      0 
    1    125     47      -      0      0      0      0      0      0  10501   2520  36950      5      0 
    0    149     46      -    100     17      0      0      0      0  10501    420  37672      5      0 
    1    127     47      -      0      0      0      0      0      0  10501   2520  36950      5      0 
    0    149     46      -    100     17      0      0      0      0  10501    390  37672      5      0 
    1    129     48      -      0      0      0      0      0      0  10501   2520  36950      5      0 
    0    149     46      -    100     17      0      0      0      0  10501    405  37672      5      0 
    1    128     48      -      0      0      0      0      0      0  10501   2520  36950      5      0 
    0    149     46      -    100     18      0      0      0      0  10501    390  37672      5      0 
    1    128     48      -      0      0      0      0      0      0  10501   2520  36950      5      0 
    0    149     46      -    100     18      0      0      0      0  10501    420  37672      5      0 
    1    129     48      -      0      0      0      0      0      0  10501   2520  36950      5      0 
    0    149     47      -    100     16      0      0      0      0  10501    420  37672      5      0 
    1    128     48      -     16      3      0      0      0      0  10501   2520  36950      5      0 
    0    149     47      -    100     18      0      0      0      0  10501    390  37672      5      0 
    1    133     49      -     86     18      0      0      0      0  10501   2520  36950      5      0 
# gpu    pwr  gtemp  mtemp     sm    mem    enc    dec    jpg    ofa   mclk   pclk     fb   bar1   ccpm 
# Idx      W      C      C      %      %      %      %      %      %    MHz    MHz     MB     MB     MB 
    0    149     47      -    100     17      0      0      0      0  10501    420  37672      5      0 
    1    134     51      -    100     23      0      0      0      0  10501   1065  36950      5      0 
    0    103     44      -      3      0      0      0      0      0  10501   2520  39056      5      0 
    1    132     51      -    100     22      0      0      0      0  10501    525  38230      5      0 
    0    160     47      -    100     17      0      0      0      0  10501    360  39056      5      0 
    1    107     50      -    100     23      0      0      0      0  10501    495  38230      5      0 
    0    149     47      -    100     18      0      0      0      0  10501    360  39056      5      0 
    1    136     51      -    100     24      0      0      0      0  10501    495  38230      5      0 
    0    149     47      -    100     17      0      0      0      0  10501    360  39056      5      0 
    1    136     51      -    100     25      0      0      0      0  10501    495  38230      5      0 
    0    148     47      -    100     17      0      0      0      0  10501    375  39056      5      0 
    1    137     51      -    100     24      0      0      0      0  10501    495  38230      5      0 
    0    149     47      -    100     17      0      0      0      0  10501    345  39056      5      0 
    1    136     51      -    100     24      0      0      0      0  10501    495  38230      5      0 
    0    149     47      -    100     17      0      0      0      0  10501    360  39056      5      0 
    1    136     51      -    100     24      0      0      0      0  10501    510  38230      5      0 
    0    149     47      -    100     16      0      0      0      0  10501    375  39056      5      0 
    1    150     51      -    100     24      0      0      0      0  10501    510  38230      5      0 
    0    149     47      -    100     17      0      0      0      0  10501    390  39056      5      0 
    1    124     51      -    100     23      0      0      0      0  10501    510  38230      5      0 
    0    149     47      -    100     17      0      0      0      0  10501    405  39056      5      0 
    1    135     51      -    100     24      0      0      0      0  10501    510  38230      5      0 
    0    149     47      -    100     17      0      0      0      0  10501    375  39056      5      0 
    1    136     51      -    100     23      0      0      0      0  10501    510  38230      5      0 
    0    149     47      -    100     17      0      0      0      0  10501    390  39056      5      0 
    1    138     51      -    100     23      0      0      0      0  10501    510  38230      5      0 
    0    149     47      -    100     17      0      0      0      0  10501    405  39056      5      0 
    1    134     51      -    100     22      0      0      0      0  10501    510  38230      5      0 
    0    149     47      -    100     17      0      0      0      0  10501    375  39056      5      0 
    1    148     52      -    100     23      0      0      0      0  10501    540  38230      5      0 
    0    149     47      -    100     16      0      0      0      0  10501    390  39056      5      0 
    1    125     52      -    100     22      0      0      0      0  10501    525  38230      5      0 
    0    149     47      -    100     18      0      0      0      0  10501    420  39056      5      0 
    1    135     52      -    100     22      0      0      0      0  10501    525  38230      5      0 
    0    149     47      -    100     17      0      0      0      0  10501    390  39056      5      0 
    1    135     52      -    100     19      0      0      0      0  10501    525  38230      5      0 
    0    149     47      -    100     16      0      0      0      0  10501    390  39056      5      0 
    1    134     52      -     75     30      0      0      0      0  10501    525  38230      5      0 
    0    149     48      -    100     16      0      0      0      0  10501    390  39056      5      0 
    1    133     53      -      0      0      0      0      0      0  10501    525  38230      5      0 
    0    149     48      -    100     18      0      0      0      0  10501    450  39056      5      0 
    1    136     49      -      9      6      0      0      0      0  10501   2520  38230      5      0 
    0    149     47      -    100     17      0      0      0      0  10501    390  39056      5      0 
    1    134     49      -      0      0      0      0      0      0  10501   2520  38230      5      0 
# gpu    pwr  gtemp  mtemp     sm    mem    enc    dec    jpg    ofa   mclk   pclk     fb   bar1   ccpm 
# Idx      W      C      C      %      %      %      %      %      %    MHz    MHz     MB     MB     MB 
    0    149     48      -    100     17      0      0      0      0  10501    420  39056      5      0 
    1    135     50      -      0      0      0      0      0      0  10501   2520  38230      5      0 
    0    149     48      -    100     17      0      0      0      0  10501    435  39056      5      0 
    1    135     50      -     38      5      0      0      0      0  10501   2520  38230      5      0 
    0    149     48      -    100     17      0      0      0      0  10501    405  39056      5      0 
    1    136     51      -    100     21      0      0      0      0  10501    525  38230      5      0 
    0    149     48      -    100     17      0      0      0      0  10501    390  39056      5      0 
    1    133     52      -    100     22      0      0      0      0  10501    540  38230      5      0 
    0    149     48      -    100     15      0      0      0      0  10501    435  39056      5      0 
    1    132     52      -    100     20      0      0      0      0  10501    555  38230      5      0 
    0    149     48      -    100     16      0      0      0      0  10501    465  39056      5      0 
    1    136     52      -    100     21      0      0      0      0  10501    525  38230      5      0 
    0    149     48      -    100     15      0      0      0      0  10501    420  39056      5      0 
    1    133     53      -    100     20      0      0      0      0  10501    525  38230      5      0 
    0    149     48      -    100     17      0      0      0      0  10501    390  39056      5      0 
    1    132     52      -     51     23      0      0      0      0  10501    555  38230      5      0 
    0    149     48      -    100     15      0      0      0      0  10501    465  39056      5      0 
    1    127     49      -      0      0      0      0      0      0  10501   2520  38230      5      0 
    0    149     48      -    100     16      0      0      0      0  10501    405  39056      5      0 
    1    138     50      -     17      3      0      0      0      0  10501   2520  38230      5      0 
    0    149     48      -    100     16      0      0      0      0  10501    405  39056      5      0 
    1    138     51      -    100     19      0      0      0      0  10501   2505  38230      5      0 
    0    149     48      -    100     14      0      0      0      0  10501    465  39056      5      0 
    1    130     53      -    100     21      0      0      0      0  10501    525  38230      5      0 
    0    149     48      -    100     15      0      0      0      0  10501    420  39056      5      0 
    1    132     53      -    100     20      0      0      0      0  10501    570  38230      5      0 
    0    128     45      -      0      0      0      0      0      0  10501   2520  39056      5      0 
    1    132     53      -    100     22      0      0      0      0  10501    555  38230      5      0 
    0    121     48      -    100     22      0      0      0      0  10501    435  39056      5      0 
    1    119     50      -      0      0      0      0      0      0  10501   2520  38230      5      0 
    0    150     48      -    100     22      0      0      0      0  10501    435  39056      5      0 
    1    125     53      -     43     10      0      0      0      0  10501   2520  38230      5      0 
    0    150     48      -    100     20      0      0      0      0  10501    420  39056      5      0 
    1    131     51      -     15      4      0      0      0      0  10501   2520  38230      5      0 
    0    150     48      -    100     20      0      0      0      0  10501    420  39056      5      0 
    1    128     50      -      3      0      0      0      0      0  10501   2520  38230      5      0 
    0    150     48      -    100     20      0      0      0      0  10501    375  39056      5      0 
    1    126     50      -      0      0      0      0      0      0  10501   2520  38230      5      0 
    0    150     48      -    100     19      0      0      0      0  10501    390  39056      5      0 
    1    125     50      -      0      0      0      0      0      0  10501   2520  38230      5      0 
    0    150     48      -    100     18      0      0      0      0  10501    375  39056      5      0 
    1    126     50      -      0      0      0      0      0      0  10501   2520  38230      5      0 
    0    149     48      -    100     18      0      0      0      0  10501    390  39056      5      0 
    1    128     51      -      0      0      0      0      0      0  10501   2520  38230      5      0 
# gpu    pwr  gtemp  mtemp     sm    mem    enc    dec    jpg    ofa   mclk   pclk     fb   bar1   ccpm 
# Idx      W      C      C      %      %      %      %      %      %    MHz    MHz     MB     MB     MB 
    0    149     48      -    100     18      0      0      0      0  10501    390  39056      5      0 
    1    129     51      -     15      5      0      0      0      0  10501   2520  38230      5      0 
    0    149     48      -    100     18      0      0      0      0  10501    405  39056      5      0 
    1    130     51      -     43      9      0      0      0      0  10501   2520  38230      5      0 
    0    149     48      -    100     17      0      0      0      0  10501    375  39056      5      0 
    1    133     51      -     75     18      0      0      0      0  10501   1815  38230      5      0 
    0    149     48      -    100     17      0      0      0      0  10501    375  39056      5      0 
    1    136     51      -    100     23      0      0      0      0  10501   2250  38230      5      0 
    0    149     48      -    100     17      0      0      0      0  10501    375  39056      5      0 
    1    130     53      -     79     20      0      0      0      0  10501    540  38230      5      0 
    0    149     48      -    100     17      0      0      0      0  10501    375  39056      5      0 
    1    135     53      -    100     23      0      0      0      0  10501    525  38230      5      0 
    0    149     48      -    100     17      0      0      0      0  10501    435  39056      5      0 
    1    135     53      -    100     22      0      0      0      0  10501    525  38230      5      0 
    0    149     48      -    100     17      0      0      0      0  10501    390  39056      5      0 
    1    148     54      -    100     22      0      0      0      0  10501    450  38230      5      0 
    0    149     49      -    100     17      0      0      0      0  10501    420  39056      5      0 
    1    125     53      -    100     22      0      0      0      0  10501    525  38230      5      0 
    0    149     49      -    100     17      0      0      0      0  10501    375  39056      5      0 
    1    136     54      -    100     22      0      0      0      0  10501    525  38230      5      0 
    0    149     48      -    100     17      0      0      0      0  10501    390  39056      5      0 
    1    148     54      -    100     21      0      0      0      0  10501    525  38230      5      0 
    0    149     49      -    100     16      0      0      0      0  10501    390  39056      5      0 
    1    124     54      -    100     22      0      0      0      0  10501    525  38230      5      0 
    0    149     49      -    100     17      0      0      0      0  10501    405  39056      5      0 
    1    134     54      -    100     21      0      0      0      0  10501    540  38230      5      0 
    0    149     49      -    100     18      0      0      0      0  10501    435  39056      5      0 
    1    134     55      -     32     18      0      0      0      0  10501    960  38230      5      0 
    0    149     48      -    100     16      0      0      0      0  10501    390  39056      5      0 
    1    135     51      -      0      0      0      0      0      0  10501   2520  38230      5      0 
    0    149     49      -    100     16      0      0      0      0  10501    435  39056      5      0 
    1    135     51      -      0      0      0      0      0      0  10501   2520  38230      5      0 
    0    149     49      -    100     15      0      0      0      0  10501    390  39056      5      0 
    1    134     51      -     38      8      0      0      0      0  10501   2325  38230      5      0 
    0    149     49      -    100     15      0      0      0      0  10501    405  39056      5      0 
    1    132     54      -    100     22      0      0      0      0  10501    420  38230      5      0 
    0    149     49      -    100     16      0      0      0      0  10501    405  39056      5      0 
    1    135     54      -    100     20      0      0      0      0  10501    555  38230      5      0 
    0    149     49      -    100     15      0      0      0      0  10501    450  39056      5      0 
    1    132     54      -    100     21      0      0      0      0  10501    540  38230      5      0 
    0    149     49      -    100     17      0      0      0      0  10501    450  39056      5      0 
    1    133     54      -    100     21      0      0      0      0  10501    555  38230      5      0 
    0    149     49      -    100     17      0      0      0      0  10501    390  39056      5      0 
    1    132     54      -    100     19      0      0      0      0  10501    570  38230      5      0 
# gpu    pwr  gtemp  mtemp     sm    mem    enc    dec    jpg    ofa   mclk   pclk     fb   bar1   ccpm 
# Idx      W      C      C      %      %      %      %      %      %    MHz    MHz     MB     MB     MB 
    0    149     49      -    100     16      0      0      0      0  10501    420  39056      5      0 
    1    128     51      -      0      0      0      0      0      0  10501   2520  38230      5      0 
    0    149     49      -    100     17      0      0      0      0  10501    375  39056      5      0 
    1    139     52      -      0      0      0      0      0      0  10501   2520  38230      5      0 
    0    149     49      -    100     16      0      0      0      0  10501    435  39056      5      0 
    1    140     52      -    100     18      0      0      0      0  10501    825  38230      5      0 
    0    149     49      -    100     16      0      0      0      0  10501    450  39056      5      0 
    1    130     54      -    100     20      0      0      0      0  10501    570  38230      5      0 
    0    114     46      -      0      0      0      0      0      0  10501   2520  39056      5      0 
    1    128     54      -    100     20      0      0      0      0  10501    570  38230      5      0 
    0    137     49      -    100     19      0      0      0      0  10501    330  39056      5      0 
    1    110     51      -      0      0      0      0      0      0  10501   2520  38230      5      0 
    0    149     49      -    100     18      0      0      0      0  10501    360  39056      5      0 
    1    127     51      -      0      0      0      0      0      0  10501   2520  38230      5      0 
    0    149     49      -    100     18      0      0      0      0  10501    375  39056      5      0 
    1    126     51      -      0      0      0      0      0      0  10501   2520  38230      5      0 
    0    149     49      -    100     19      0      0      0      0  10501    345  39056      5      0 
    1    126     51      -      0      0      0      0      0      0  10501   2520  38230      5      0 
    0    149     49      -    100     18      0      0      0      0  10501    375  39056      5      0 
    1    129     51      -      0      0      0      0      0      0  10501   2520  38230      5      0 
    0    149     49      -    100     17      0      0      0      0  10501    360  39056      5      0 
    1    127     52      -      0      0      0      0      0      0  10501   2520  38230      5      0 
    0    149     49      -    100     17      0      0      0      0  10501    375  39056      5      0 
    1    127     52      -      0      0      0      0      0      0  10501   2520  38230      5      0 
    0    149     49      -    100     17      0      0      0      0  10501    375  39056      5      0 
    1    128     52      -      0      0      0      0      0      0  10501   2520  38230      5      0 
    0    149     49      -    100     17      0      0      0      0  10501    345  39056      5      0 
    1    128     51      -      0      0      0      0      0      0  10501   2520  38230      5      0 
    0    149     49      -    100     16      0      0      0      0  10501    375  39056      5      0 
    1    129     52      -      0      0      0      0      0      0  10501   2520  38230      5      0 
    0    149     49      -    100     16      0      0      0      0  10501    375  39056      5      0 
    1    130     52      -      0      0      0      0      0      0  10501   2520  38230      5      0 
    0    149     49      -    100     17      0      0      0      0  10501    375  39056      5      0 
    1    130     52      -     17      3      0      0      0      0  10501   2520  38230      5      0 
    0    149     49      -    100     17      0      0      0      0  10501    375  39056      5      0 
    1    132     52      -      0      0      0      0      0      0  10501   2520  38230      5      0 
    0    149     49      -    100     16      0      0      0      0  10501    390  39056      5      0 
    1    132     52      -     18      4      0      0      0      0  10501   2520  38230      5      0 
    0    149     49      -    100     17      0      0      0      0  10501    405  39056      5      0 
    1    135     53      -     89     18      0      0      0      0  10501   1965  38230      5      0 
    0    149     49      -    100     17      0      0      0      0  10501    435  39056      5      0 
    1    133     55      -    100     22      0      0      0      0  10501    525  38230      5      0 
    0    149     49      -    100     17      0      0      0      0  10501    405  39056      5      0 
    1    133     55      -    100     22      0      0      0      0  10501    525  38230      5      0 
# gpu    pwr  gtemp  mtemp     sm    mem    enc    dec    jpg    ofa   mclk   pclk     fb   bar1   ccpm 
# Idx      W      C      C      %      %      %      %      %      %    MHz    MHz     MB     MB     MB 
    0    149     49      -    100     16      0      0      0      0  10501    405  39056      5      0 
    1    134     55      -    100     22      0      0      0      0  10501    525  38230      5      0 
    0    149     49      -    100     16      0      0      0      0  10501    375  39056      5      0 
    1    133     55      -    100     22      0      0      0      0  10501    525  38230      5      0 
    0    149     49      -    100     15      0      0      0      0  10501    405  39056      5      0 
    1    135     55      -    100     22      0      0      0      0  10501    525  38230      5      0 
    0    149     49      -    100     17      0      0      0      0  10501    435  39056      5      0 
    1    132     55      -    100     21      0      0      0      0  10501    540  38230      5      0 
    0    149     49      -    100     16      0      0      0      0  10501    390  39056      5      0 
    1    133     55      -     37     21      0      0      0      0  10501    540  38230      5      0 
    0    149     49      -    100     16      0      0      0      0  10501    450  39056      5      0 
    1    130     52      -     12      8      0      0      0      0  10501    855  38230      5      0 
    0    149     49      -    100     15      0      0      0      0  10501    420  39056      5      0 
    1    137     52      -      0      0      0      0      0      0  10501   2520  38230      5      0 
    0    149     49      -    100     16      0      0      0      0  10501    405  39056      5      0 
    1    137     53      -      0      0      0      0      0      0  10501   2520  38230      5      0 
    0    149     49      -    100     17      0      0      0      0  10501    435  39056      5      0 
    1    134     55      -    100     20      0      0      0      0  10501    480  38230      5      0 
    0    149     50      -    100     15      0      0      0      0  10501    390  39056      5      0 
    1    135     55      -    100     21      0      0      0      0  10501    555  38230      5      0 
    0    149     49      -    100     17      0      0      0      0  10501    450  39056      5      0 
    1    131     55      -    100     20      0      0      0      0  10501    555  38230      5      0 
    0    149     50      -    100     16      0      0      0      0  10501    390  39056      5      0 
    1    132     55      -    100     22      0      0      0      0  10501    540  38230      5      0 
    0    149     50      -    100     16      0      0      0      0  10501    405  39056      5      0 
    1    149     57      -    100     59      0      0      0      0  10501    540  38230      5      0 
    0    149     49      -    100     15      0      0      0      0  10501    450  39056      5      0 
    1    141     52      -      0      0      0      0      0      0  10501   2520  38230      5      0 
    0    149     49      -    100     15      0      0      0      0  10501    405  39056      5      0 
    1    137     53      -      0      0      0      0      0      0  10501   2520  38230      5      0 
    0    149     49      -    100     15      0      0      0      0  10501    420  39056      5      0 
    1    142     53      -      0      0      0      0      0      0  10501   2520  38230      5      0 
    0    149     49      -    100     15      0      0      0      0  10501    420  39056      5      0 
    1    125     56      -    100     20      0      0      0      0  10501    555  38230      5      0 
    0    120     47      -      0      0      0      0      0      0  10501   2520  39056      5      0 
    1    132     56      -    100     20      0      0      0      0  10501    540  38230      5      0 
    0    132     50      -    100     22      0      0      0      0  10501    390  39056      5      0 
    1    108     52      -      0      0      0      0      0      0  10501   2520  38230      5      0 
    0    150     49      -    100     21      0      0      0      0  10501    375  39056      5      0 
    1    125     53      -      0      0      0      0      0      0  10501   2520  38230      5      0 
    0    150     49      -    100     21      0      0      0      0  10501    360  39056      5      0 
    1    125     53      -      0      0      0      0      0      0  10501   2520  38230      5      0 
    0    150     49      -    100     20      0      0      0      0  10501    360  39056      5      0 
    1    128     53      -      0      0      0      0      0      0  10501   2520  38230      5      0 
# gpu    pwr  gtemp  mtemp     sm    mem    enc    dec    jpg    ofa   mclk   pclk     fb   bar1   ccpm 
# Idx      W      C      C      %      %      %      %      %      %    MHz    MHz     MB     MB     MB 
    0    149     49      -    100     18      0      0      0      0  10501    375  39056      5      0 
    1    126     52      -      0      0      0      0      0      0  10501   2520  38230      5      0 
    0    149     49      -    100     17      0      0      0      0  10501    345  39056      5      0 
    1    128     53      -      0      0      0      0      0      0  10501   2520  38230      5      0 
    0    149     49      -    100     17      0      0      0      0  10501    360  39056      5      0 
    1    128     53      -      0      0      0      0      0      0  10501   2520  38230      5      0 
    0    149     49      -    100     17      0      0      0      0  10501    360  39056      5      0 
    1    128     53      -      0      0      0      0      0      0  10501   2520  38230      5      0 
    0    149     49      -    100     17      0      0      0      0  10501    390  39056      5      0 
    1    132     53      -      0      0      0      0      0      0  10501   2520  38230      5      0 
    0    149     49      -    100     17      0      0      0      0  10501    390  39056      5      0 
    1    129     53      -     62     14      0      0      0      0  10501   2520  38230      5      0 
    0    149     49      -    100     17      0      0      0      0  10501    390  39056      5      0 
    1    134     54      -    100     23      0      0      0      0  10501   2370  38230      5      0 
    0    149     49      -    100     17      0      0      0      0  10501    375  39056      5      0 
    1    133     56      -    100     23      0      0      0      0  10501    525  38230      5      0 
    0    149     50      -    100     16      0      0      0      0  10501    390  39056      5      0 
    1    149     54      -    100     24      0      0      0      0  10501    435  38230      5      0 
    0    149     50      -    100     17      0      0      0      0  10501    375  39056      5      0 
    1    124     56      -    100     22      0      0      0      0  10501    510  38230      5      0 
    0    149     50      -    100     16      0      0      0      0  10501    390  39056      5      0 
    1    135     56      -    100     22      0      0      0      0  10501    510  38230      5      0 
    0    149     50      -    100     16      0      0      0      0  10501    420  39056      5      0 
    1    148     56      -    100     22      0      0      0      0  10501    525  38230      5      0 
    0    149     50      -    100     18      0      0      0      0  10501    435  39056      5      0 
    1    124     56      -    100     22      0      0      0      0  10501    525  38230      5      0 
    0    149     50      -    100     17      0      0      0      0  10501    390  39056      5      0 
    1    135     56      -    100     20      0      0      0      0  10501    525  38230      5      0 
    0    149     50      -    100     18      0      0      0      0  10501    420  39056      5      0 
    1    135     56      -     75     28      0      0      0      0  10501    525  38230      5      0 
    0    149     50      -    100     16      0      0      0      0  10501    390  39056      5      0 
    1    136     58      -      0      0      0      0      0      0  10501    390  38230      5      0 
    0    149     50      -    100     17      0      0      0      0  10501    375  39056      5      0 
    1    135     53      -      0      0      0      0      0      0  10501   2520  38230      5      0 
    0    149     50      -    100     15      0      0      0      0  10501    390  39056      5      0 
    1    132     56      -      0      0      0      0      0      0  10501    525  38230      5      0 
    0    149     50      -    100     16      0      0      0      0  10501    390  39056      5      0 
    1    136     56      -    100     19      0      0      0      0  10501    525  38230      5      0 
    0    149     50      -    100     16      0      0      0      0  10501    375  39056      5      0 
    1    137     53      -    100     21      0      0      0      0  10501    330  38230      5      0 
    0    149     50      -    100     16      0      0      0      0  10501    435  39056      5      0 
    1    137     53      -    100     22      0      0      0      0  10501   2520  38230      5      0 
    0    149     50      -    100     16      0      0      0      0  10501    375  39056      5      0 
    1    140     54      -    100     20      0      0      0      0  10501   2520  38230      5      0 
# gpu    pwr  gtemp  mtemp     sm    mem    enc    dec    jpg    ofa   mclk   pclk     fb   bar1   ccpm 
# Idx      W      C      C      %      %      %      %      %      %    MHz    MHz     MB     MB     MB 
    0    149     50      -    100     17      0      0      0      0  10501    450  39056      5      0 
    1    138     56      -    100     21      0      0      0      0  10501    435  38230      5      0 
    0    149     50      -    100     16      0      0      0      0  10501    450  39056      5      0 
    1    133     56      -    100     32      0      0      0      0  10501    555  38230      5      0 
    0    149     50      -    100     15      0      0      0      0  10501    435  39056      5      0 
    1    134     56      -      0      0      0      0      0      0  10501    540  38230      5      0 
    0    149     50      -    100     15      0      0      0      0  10501    450  39056      5      0 
    1    129     56      -      0      0      0      0      0      0  10501    525  38230      5      0 
    0    149     50      -    100     15      0      0      0      0  10501    450  39056      5      0 
    1    136     57      -    100     18      0      0      0      0  10501    465  38230      5      0 
    0    149     50      -    100     17      0      0      0      0  10501    390  39056      5      0 
    1    139     53      -    100     21      0      0      0      0  10501   2520  38230      5      0 
    0    149     50      -    100     17      0      0      0      0  10501    420  39056      5      0 
    1    143     54      -    100     19      0      0      0      0  10501   2520  38230      5      0 
    0    149     50      -    100     16      0      0      0      0  10501    450  39056      5      0 
    1    128     57      -    100     18      0      0      0      0  10501    480  38230      5      0 
    0    130     48      -      0      0      0      0      0      0  10501   2520  39056      5      0 
    1    133     57      -      0      0      0      0      0      0  10501    540  38230      5      0 
    0    108     50      -    100     21      0      0      0      0  10501    420  41808      5      0 
    1    108     53      -     65     13      0      0      0      0  10501   2520  40790      5      0 
    0    151     50      -    100     18      0      0      0      0  10501    390  41808      5      0 
    1    127     54      -    100     22      0      0      0      0  10501   2520  40790      5      0 
    0    149     50      -    100     18      0      0      0      0  10501    405  41808      5      0 
    1    132     54      -    100     24      0      0      0      0  10501   2520  40790      5      0 
    0    150     50      -    100     19      0      0      0      0  10501    405  41808      5      0 
    1    132     54      -    100     23      0      0      0      0  10501   2520  40790      5      0 
    0    150     50      -    100     19      0      0      0      0  10501    405  41808      5      0 
    1    133     54      -    100     24      0      0      0      0  10501   2520  40790      5      0 
    0    149     50      -    100     19      0      0      0      0  10501    420  41808      5      0 
    1    127     54      -    100     23      0      0      0      0  10501   2520  40790      5      0 
    0    150     50      -    100     19      0      0      0      0  10501    405  41808      5      0 
    1    130     55      -    100     23      0      0      0      0  10501   2520  40790      5      0 
    0    150     50      -    100     19      0      0      0      0  10501    420  41808      5      0 
    1    129     56      -    100     23      0      0      0      0  10501   2520  40790      5      0 
    0    150     50      -    100     19      0      0      0      0  10501    390  41808      5      0 
    1    132     57      -    100     23      0      0      0      0  10501   1545  40790      5      0 
    0    149     50      -    100     18      0      0      0      0  10501    405  41808      5      0 
    1    136     55      -    100     21      0      0      0      0  10501    570  40790      5      0 
    0    149     50      -    100     18      0      0      0      0  10501    375  41808      5      0 
    1    134     57      -    100     33      0      0      0      0  10501    525  40790      5      0 
    0    149     50      -    100     17      0      0      0      0  10501    390  41808      5      0 
    1    134     57      -     54     26      0      0      0      0  10501    510  40790      5      0 
    0    149     50      -    100     17      0      0      0      0  10501    390  41808      5      0 
    1    133     57      -      0      0      0      0      0      0  10501    510  40790      5      0 
# gpu    pwr  gtemp  mtemp     sm    mem    enc    dec    jpg    ofa   mclk   pclk     fb   bar1   ccpm 
# Idx      W      C      C      %      %      %      %      %      %    MHz    MHz     MB     MB     MB 
    0    149     50      -    100     18      0      0      0      0  10501    420  41808      5      0 
    1    135     57      -      0      0      0      0      0      0  10501    510  40790      5      0 
    0    149     50      -    100     17      0      0      0      0  10501    420  41808      5      0 
    1    135     57      -      0      0      0      0      0      0  10501    510  40790      5      0 
    0    149     50      -    100     17      0      0      0      0  10501    375  41808      5      0 
    1    135     57      -      0      0      0      0      0      0  10501    525  40790      5      0 
    0    149     50      -    100     17      0      0      0      0  10501    375  41808      5      0 
    1    135     57      -     40      7      0      0      0      0  10501    525  40790      5      0 
    0    149     50      -    100     17      0      0      0      0  10501    420  41808      5      0 
    1    134     57      -    100     22      0      0      0      0  10501    540  40790      5      0 
    0    149     50      -    100     17      0      0      0      0  10501    405  41808      5      0 
    1    133     60      -    100     22      0      0      0      0  10501   2130  40790      5      0 
    0    149     50      -    100     15      0      0      0      0  10501    375  41808      5      0 
    1    133     54      -    100     21      0      0      0      0  10501   2520  40790      5      0 
    0    149     50      -    100     17      0      0      0      0  10501    420  41808      5      0 
    1    135     54      -    100     21      0      0      0      0  10501   2520  40790      5      0 
    0    149     50      -    100     17      0      0      0      0  10501    390  41808      5      0 
    1    136     55      -    100     22      0      0      0      0  10501   2295  40790      5      0 
    0    149     50      -    100     17      0      0      0      0  10501    420  41808      5      0 
    1    133     57      -    100     22      0      0      0      0  10501    540  40790      5      0 
    0    149     50      -    100     16      0      0      0      0  10501    435  41808      5      0 
    1    148     57      -      4      1      0      0      0      0  10501    450  40790      5      0 
    0    149     50      -    100     16      0      0      0      0  10501    375  41808      5      0 
    1    123     57      -      0      0      0      0      0      0  10501    510  40790      5      0 
    0    149     50      -    100     16      0      0      0      0  10501    435  41808      5      0 
    1    131     57      -      1      0      0      0      0      0  10501    540  40790      5      0 
    0    149     50      -    100     16      0      0      0      0  10501    405  41808      5      0 
    1    133     57      -    100     21      0      0      0      0  10501    525  40790      5      0 
    0    149     50      -    100     15      0      0      0      0  10501    405  41808      5      0 
    1    138     54      -    100     22      0      0      0      0  10501   2520  40790      5      0 
    0    149     50      -    100     14      0      0      0      0  10501    435  41808      5      0 
    1    139     54      -    100     20      0      0      0      0  10501   2520  40790      5      0 
    0    149     50      -    100     15      0      0      0      0  10501    405  41808      5      0 
    1    139     57      -    100     21      0      0      0      0  10501   1425  40790      5      0 
    0    149     50      -    100     17      0      0      0      0  10501    450  41808      5      0 
    1    133     57      -    100     18      0      0      0      0  10501    555  40790      5      0 
    0    149     50      -    100     16      0      0      0      0  10501    435  41808      5      0 
    1    132     57      -      0      0      0      0      0      0  10501    540  40790      5      0 
    0    149     50      -    100     15      0      0      0      0  10501    450  41808      5      0 
    1    131     57      -      0      0      0      0      0      0  10501    540  40790      5      0 
    0    149     50      -    100     15      0      0      0      0  10501    420  41808      5      0 
    1    131     54      -    100     18      0      0      0      0  10501   2520  40790      5      0 
    0    149     50      -    100     15      0      0      0      0  10501    450  41808      5      0 
    1    139     54      -    100     20      0      0      0      0  10501   2520  40790      5      0 
# gpu    pwr  gtemp  mtemp     sm    mem    enc    dec    jpg    ofa   mclk   pclk     fb   bar1   ccpm 
# Idx      W      C      C      %      %      %      %      %      %    MHz    MHz     MB     MB     MB 
    0    149     50      -    100     16      0      0      0      0  10501    390  41808      5      0 
    1    140     55      -    100     19      0      0      0      0  10501   2325  40790      5      0 
    0    149     50      -    100     15      0      0      0      0  10501    435  41808      5      0 
    1    132     58      -     95     29      0      0      0      0  10501    540  40790      5      0 
    0    149     50      -    100     14      0      0      0      0  10501    450  41808      5      0 
    1    131     57      -      0      0      0      0      0      0  10501    570  40790      5      0 
    0    149     50      -    100     14      0      0      0      0  10501    465  41808      5      0 
    1    131     57      -     85     14      0      0      0      0  10501    570  40790      5      0 
    0    149     50      -    100     15      0      0      0      0  10501    420  41808      5      0 
    1    127     57      -    100     18      0      0      0      0  10501   2520  40790      5      0 
    0    149     50      -    100     15      0      0      0      0  10501    435  41808      5      0 
    1    144     55      -    100     18      0      0      0      0  10501   2520  40790      5      0 
    0    149     50      -    100     15      0      0      0      0  10501    420  41808      5      0 
    1    141     57      -    100     19      0      0      0      0  10501    465  40790      5      0 
    0    149     50      -    100     14      0      0      0      0  10501    375  41808      5      0 
    1    122     58      -      0      0      0      0      0      0  10501    585  40790      5      0 
    0    149     51      -    100     14      0      0      0      0  10501    390  41808      5      0 
    1    129     57      -     61      9      0      0      0      0  10501    585  40790      5      0 
    0    149     50      -    100     14      0      0      0      0  10501    420  41808      5      0 
    1    134     54      -    100     19      0      0      0      0  10501   2520  40790      5      0 
    0    149     51      -    100     15      0      0      0      0  10501    420  41808      5      0 
    1    143     55      -    100     19      0      0      0      0  10501   2520  40790      5      0 
    0    149     50      -    100     14      0      0      0      0  10501    465  41808      5      0 
    1    121     58      -     73     24      0      0      0      0  10501    585  40790      5      0 
    0    149     51      -    100     15      0      0      0      0  10501    420  41808      5      0 
    1    131     58      -      0      0      0      0      0      0  10501    585  40790      5      0 
    0    149     51      -    100     14      0      0      0      0  10501    465  41808      5      0 
    1    123     59      -    100     17      0      0      0      0  10501    360  40790      5      0 
    0    149     51      -    100     15      0      0      0      0  10501    495  41808      5      0 
    1    146     55      -    100     20      0      0      0      0  10501   2520  40790      5      0 
    0    149     51      -    100     15      0      0      0      0  10501    480  41808      5      0 
    1    135     58      -    100     19      0      0      0      0  10501    495  40790      5      0 
    0    149     51      -    100     14      0      0      0      0  10501    450  41808      5      0 
    1    129     58      -      0      0      0      0      0      0  10501    525  40790      5      0 
    0    149     51      -    100     14      0      0      0      0  10501    420  41808      5      0 
    1    129     60      -    100     15      0      0      0      0  10501    600  40790      5      0 
    0    149     51      -    100     14      0      0      0      0  10501    435  41808      5      0 
    1    149     55      -    100     19      0      0      0      0  10501   2520  40790      5      0 
    0    149     51      -    100     14      0      0      0      0  10501    480  41808      5      0 
    1    133     58      -    100     19      0      0      0      0  10501    465  40790      5      0 
    0    149     51      -    100     14      0      0      0      0  10501    435  41808      5      0 
    1    128     58      -      0      0      0      0      0      0  10501    600  40790      5      0 
    0    149     51      -    100     14      0      0      0      0  10501    390  41808      5      0 
    1    124     58      -    100     14      0      0      0      0  10501    540  40790      5      0 
# gpu    pwr  gtemp  mtemp     sm    mem    enc    dec    jpg    ofa   mclk   pclk     fb   bar1   ccpm 
# Idx      W      C      C      %      %      %      %      %      %    MHz    MHz     MB     MB     MB 
    0    149     51      -    100     14      0      0      0      0  10501    420  41808      5      0 
    1    149     55      -    100     19      0      0      0      0  10501   2520  40790      5      0 
    0    149     50      -    100     14      0      0      0      0  10501    480  41808      5      0 
    1    130     58      -    100     16      0      0      0      0  10501    555  40790      5      0 
    0    149     51      -    100     14      0      0      0      0  10501    405  41808      5      0 
    1    129     58      -      0      0      0      0      0      0  10501    585  40790      5      0 
    0    149     51      -    100     14      0      0      0      0  10501    450  41808      5      0 
    1    122     55      -    100     14      0      0      0      0  10501   2520  40790      5      0 
    0    149     51      -    100     13      0      0      0      0  10501    390  41808      5      0 
    1    156     55      -    100     18      0      0      0      0  10501   2520  40790      5      0 
    0    149     51      -    100     14      0      0      0      0  10501    450  41808      5      0 
    1    134     58      -     63     38      0      0      0      0  10501    450  40790      5      0 
    0    149     51      -    100     14      0      0      0      0  10501    480  41808      5      0 
    1    127     60      -      0      0      0      0      0      0  10501    615  40790      5      0 
    0    149     51      -    100     14      0      0      0      0  10501    405  41808      5      0 
    1    135     55      -    100     16      0      0      0      0  10501   2520  40790      5      0 
    0    149     51      -    100     13      0      0      0      0  10501    390  41808      5      0 
    1    135     58      -    100     19      0      0      0      0  10501    435  40790      5      0 
    0    149     51      -    100     14      0      0      0      0  10501    480  41808      5      0 
    1    124     58      -      0      0      0      0      0      0  10501    525  40790      5      0 
    0    149     51      -    100     14      0      0      0      0  10501    390  41808      5      0 
    1    130     55      -    100     15      0      0      0      0  10501   2520  40790      5      0 
    0    149     51      -    100     14      0      0      0      0  10501    465  41808      5      0 
    1    143     58      -    100     19      0      0      0      0  10501    480  40790      5      0 
    0    149     51      -    100     13      0      0      0      0  10501    495  41808      5      0 
    1    143     58      -     23     13      0      0      0      0  10501    540  40790      5      0 
    0    149     51      -    100     13      0      0      0      0  10501    390  41808      5      0 
    1    114     60      -      0      0      0      0      0      0  10501    555  40790      5      0 
    0    149     51      -    100     14      0      0      0      0  10501    390  41808      5      0 
    1    153     58      -    100     19      0      0      0      0  10501   2115  40790      5      0 
    0    149     51      -    100     13      0      0      0      0  10501    375  41808      5      0 
    1    127     58      -    100     25      0      0      0      0  10501    570  40790      5      0 
    0    148     51      -    100     12      0      0      0      0  10501    480  41808      5      0 
    1    123     58      -     31      5      0      0      0      0  10501    540  40790      5      0 
    0    149     51      -    100     13      0      0      0      0  10501    390  41808      5      0 
    1    144     55      -    100     17      0      0      0      0  10501   2520  40790      5      0 
    0    149     51      -    100     14      0      0      0      0  10501    480  41808      5      0 
    1    141     58      -    100     33      0      0      0      0  10501    480  40790      5      0 
    0    149     51      -    100     12      0      0      0      0  10501    420  41808      5      0 
    1    112     58      -      0      0      0      0      0      0  10501    615  40790      5      0 
    0    149     51      -    100     14      0      0      0      0  10501    390  41808      5      0 
    1    144     56      -    100     16      0      0      0      0  10501   2520  40790      5      0 
    0    112     48      -      0      0      0      0      0      0  10501   2520  41808      5      0 
    1    127     59      -    100     16      0      0      0      0  10501    495  40790      5      0 
# gpu    pwr  gtemp  mtemp     sm    mem    enc    dec    jpg    ofa   mclk   pclk     fb   bar1   ccpm 
# Idx      W      C      C      %      %      %      %      %      %    MHz    MHz     MB     MB     MB 
    0    130     51      -    100     21      0      0      0      0  10501    420  41808      5      0 
    1     98     55      -      0      0      0      0      0      0  10501   2520  40790      5      0 
    0    150     51      -    100     20      0      0      0      0  10501    405  41808      5      0 
    1    125     55      -    100     25      0      0      0      0  10501   2520  40790      5      0 
    0    150     51      -    100     19      0      0      0      0  10501    405  41808      5      0 
    1    125     55      -    100     24      0      0      0      0  10501   2520  40790      5      0 
    0    150     51      -    100     20      0      0      0      0  10501    375  41808      5      0 
    1    128     55      -    100     23      0      0      0      0  10501   2520  40790      5      0 
    0    149     51      -    100     18      0      0      0      0  10501    360  41808      5      0 
    1    127     55      -    100     24      0      0      0      0  10501   2520  40790      5      0 
    0    149     50      -    100     18      0      0      0      0  10501    360  41808      5      0 
    1    128     55      -    100     23      0      0      0      0  10501   2520  40790      5      0 
    0    149     50      -    100     18      0      0      0      0  10501    345  41808      5      0 
    1    128     55      -    100     24      0      0      0      0  10501   2520  40790      5      0 
    0    149     50      -    100     17      0      0      0      0  10501    360  41808      5      0 
    1    129     55      -    100     24      0      0      0      0  10501   2520  40790      5      0 
    0    149     51      -    100     17      0      0      0      0  10501    390  41808      5      0 
    1    129     55      -    100     24      0      0      0      0  10501   2520  40790      5      0 
    0    149     51      -    100     17      0      0      0      0  10501    390  41808      5      0 
    1    129     56      -    100     23      0      0      0      0  10501   2520  40790      5      0 
    0    149     50      -    100     18      0      0      0      0  10501    375  41808      5      0 
    1    130     56      -    100     23      0      0      0      0  10501   2520  40790      5      0 
    0    149     51      -    100     17      0      0      0      0  10501    375  41808      5      0 
    1    130     56      -    100     23      0      0      0      0  10501   2520  40790      5      0 
    0    149     51      -    100     18      0      0      0      0  10501    390  41808      5      0 
    1    132     58      -    100     23      0      0      0      0  10501   2520  40790      5      0 
    0    149     50      -    100     17      0      0      0      0  10501    420  41808      5      0 
    1    136     58      -    100     22      0      0      0      0  10501   1710  40790      5      0 
    0    149     51      -    100     16      0      0      0      0  10501    375  41808      5      0 
    1    134     58      -    100     22      0      0      0      0  10501    525  40790      5      0 
    0    149     51      -    100     17      0      0      0      0  10501    390  41808      5      0 
    1    134     58      -     70     28      0      0      0      0  10501    525  40790      5      0 
    0    149     50      -    100     17      0      0      0      0  10501    390  41808      5      0 
    1    135     58      -      0      0      0      0      0      0  10501    525  40790      5      0 
    0    149     51      -    100     17      0      0      0      0  10501    375  41808      5      0 
    1    135     58      -      0      0      0      0      0      0  10501    525  40790      5      0 
    0    149     51      -    100     16      0      0      0      0  10501    420  41808      5      0 
    1    134     58      -      0      0      0      0      0      0  10501    525  40790      5      0 
    0    149     51      -    100     16      0      0      0      0  10501    405  41808      5      0 
    1    133     58      -      0      0      0      0      0      0  10501    525  40790      5      0 
    0    149     51      -    100     15      0      0      0      0  10501    390  41808      5      0 
    1    134     58      -      2      0      0      0      0      0  10501    540  40790      5      0 
    0    149     51      -    100     17      0      0      0      0  10501    465  41808      5      0 
    1    133     59      -    100     20      0      0      0      0  10501    555  40790      5      0 
# gpu    pwr  gtemp  mtemp     sm    mem    enc    dec    jpg    ofa   mclk   pclk     fb   bar1   ccpm 
# Idx      W      C      C      %      %      %      %      %      %    MHz    MHz     MB     MB     MB 
    0    149     51      -    100     16      0      0      0      0  10501    390  41808      5      0 
    1    135     55      -    100     21      0      0      0      0  10501   2520  40790      5      0 
    0    149     51      -    100     17      0      0      0      0  10501    420  41808      5      0 
    1    136     56      -    100     22      0      0      0      0  10501   2520  40790      5      0 
    0    149     51      -    100     17      0      0      0      0  10501    435  41808      5      0 
    1    137     57      -    100     20      0      0      0      0  10501   2520  40790      5      0 
    0    149     51      -    100     15      0      0      0      0  10501    405  41808      5      0 
    1    133     58      -    100     21      0      0      0      0  10501    465  40790      5      0 
    0    149     51      -    100     16      0      0      0      0  10501    450  41808      5      0 
    1    147     58      -     64     46      0      0      0      0  10501    420  40790      5      0 
    0    149     51      -    100     15      0      0      0      0  10501    420  41808      5      0 
    1    122     58      -      0      0      0      0      0      0  10501    555  40790      5      0 
    0    149     51      -    100     17      0      0      0      0  10501    375  41808      5      0 
    1    132     58      -      0      0      0      0      0      0  10501    555  40790      5      0 
    0    148     51      -    100     15      0      0      0      0  10501    450  41808      5      0 
    1    132     58      -    100     20      0      0      0      0  10501    525  40790      5      0 
    0    149     51      -    100     16      0      0      0      0  10501    390  41808      5      0 
    1    126     55      -    100     19      0      0      0      0  10501   2520  40790      5      0 
    0    149     51      -    100     15      0      0      0      0  10501    405  41808      5      0 
    1    139     56      -    100     21      0      0      0      0  10501   2520  40790      5      0 
    0    149     51      -    100     16      0      0      0      0  10501    405  41808      5      0 
    1    141     57      -    100     21      0      0      0      0  10501   2520  40790      5      0 
    0    149     51      -    100     17      0      0      0      0  10501    390  41808      5      0 
    1    123     59      -     89     29      0      0      0      0  10501    555  40790      5      0 
    0    149     51      -    100     15      0      0      0      0  10501    420  41808      5      0 
    1    132     59      -      0      0      0      0      0      0  10501    540  40790      5      0 
    0    149     51      -    100     15      0      0      0      0  10501    405  41808      5      0 
    1    133     59      -     81     14      0      0      0      0  10501    525  40790      5      0 
    0    149     51      -    100     16      0      0      0      0  10501    390  41808      5      0 
    1    132     56      -    100     20      0      0      0      0  10501   2520  40790      5      0 
    0    149     51      -    100     15      0      0      0      0  10501    450  41808      5      0 
    1    141     56      -    100     19      0      0      0      0  10501   2520  40790      5      0 
    0    149     51      -    100     14      0      0      0      0  10501    465  41808      5      0 
    1    133     59      -    100     21      0      0      0      0  10501    420  40790      5      0 
    0    149     51      -    100     14      0      0      0      0  10501    450  41808      5      0 
    1    131     59      -      0      0      0      0      0      0  10501    555  40790      5      0 
    0    149     51      -    100     14      0      0      0      0  10501    450  41808      5      0 
    1    132     59      -      0      0      0      0      0      0  10501    570  40790      5      0 
    0    149     51      -    100     14      0      0      0      0  10501    420  41808      5      0 
    1    133     56      -    100     17      0      0      0      0  10501    555  40790      5      0 
    0    149     51      -    100     15      0      0      0      0  10501    405  41808      5      0 
    1    144     56      -    100     19      0      0      0      0  10501   2520  40790      5      0 
    0    149     51      -    100     14      0      0      0      0  10501    390  41808      5      0 
    1    140     58      -    100     19      0      0      0      0  10501    480  40790      5      0 
# gpu    pwr  gtemp  mtemp     sm    mem    enc    dec    jpg    ofa   mclk   pclk     fb   bar1   ccpm 
# Idx      W      C      C      %      %      %      %      %      %    MHz    MHz     MB     MB     MB 
    0    149     51      -    100     14      0      0      0      0  10501    405  41808      5      0 
    1    129     59      -     30     16      0      0      0      0  10501    525  40790      5      0 
    0    149     51      -    100     15      0      0      0      0  10501    405  41808      5      0 
    1    131     59      -      0      0      0      0      0      0  10501    540  40790      5      0 
    0    149     51      -    100     15      0      0      0      0  10501    405  41808      5      0 
    1    127     56      -    100     19      0      0      0      0  10501    855  40790      5      0 
    0    149     51      -    100     14      0      0      0      0  10501    435  41808      5      0 
    1    146     56      -    100     19      0      0      0      0  10501   2520  40790      5      0 
    0    149     51      -    100     15      0      0      0      0  10501    420  41808      5      0 
    1    132     59      -    100     18      0      0      0      0  10501    525  40790      5      0 
    0    149     51      -    100     14      0      0      0      0  10501    390  41808      5      0 
    1    129     59      -      0      0      0      0      0      0  10501    570  40790      5      0 
    0    149     51      -    100     15      0      0      0      0  10501    495  41808      5      0 
    1    130     59      -     99     17      0      0      0      0  10501    585  40790      5      0 
    0    149     51      -    100     14      0      0      0      0  10501    480  41808      5      0 
    1    140     56      -    100     19      0      0      0      0  10501   2520  40790      5      0 
    0    149     51      -    100     14      0      0      0      0  10501    390  41808      5      0 
    1    141     58      -    100     18      0      0      0      0  10501    420  40790      5      0 
    0    149     51      -    100     15      0      0      0      0  10501    420  41808      5      0 
    1    129     59      -      0      0      0      0      0      0  10501    585  40790      5      0 
    0    149     51      -    100     15      0      0      0      0  10501    495  41808      5      0 
    1    129     59      -     97     14      0      0      0      0  10501    525  40790      5      0 
    0    149     51      -    100     14      0      0      0      0  10501    465  41808      5      0 
    1    134     56      -    100     17      0      0      0      0  10501   2520  40790      5      0 
    0    149     51      -    100     14      0      0      0      0  10501    390  41808      5      0 
    1    145     58      -    100     17      0      0      0      0  10501    435  40790      5      0 
    0    149     51      -    100     14      0      0      0      0  10501    435  41808      5      0 
    1    132     59      -     32     15      0      0      0      0  10501    540  40790      5      0 
    0    148     51      -    100     14      0      0      0      0  10501    390  41808      5      0 
    1    127     59      -     17      1      0      0      0      0  10501    525  40790      5      0 
    0    149     51      -    100     15      0      0      0      0  10501    495  41808      5      0 
    1    140     56      -    100     16      0      0      0      0  10501   2520  40790      5      0 
    0    149     51      -    100     14      0      0      0      0  10501    390  41808      5      0 
    1    139     59      -    100     19      0      0      0      0  10501    510  40790      5      0 
    0    149     51      -    100     14      0      0      0      0  10501    465  41808      5      0 
    1    128     59      -      0      0      0      0      0      0  10501    570  40790      5      0 
    0    149     51      -    100     14      0      0      0      0  10501    465  41808      5      0 
    1    129     56      -    100     14      0      0      0      0  10501    510  40790      5      0 
    0    148     51      -    100     14      0      0      0      0  10501    435  41808      5      0 
    1    153     58      -    100     18      0      0      0      0  10501   2340  40790      5      0 
    0    148     51      -    100     14      0      0      0      0  10501    390  41808      5      0 
    1    133     59      -    100     18      0      0      0      0  10501    540  40790      5      0 
    0    149     51      -    100     14      0      0      0      0  10501    420  41808      5      0 
    1    130     59      -      0      0      0      0      0      0  10501    600  40790      5      0 
# gpu    pwr  gtemp  mtemp     sm    mem    enc    dec    jpg    ofa   mclk   pclk     fb   bar1   ccpm 
# Idx      W      C      C      %      %      %      %      %      %    MHz    MHz     MB     MB     MB 
    0    148     51      -    100     13      0      0      0      0  10501    435  41808      5      0 
    1    128     56      -    100     15      0      0      0      0  10501   2520  40790      5      0 
    0    148     51      -    100     13      0      0      0      0  10501    510  41808      5      0 
    1    148     58      -    100     19      0      0      0      0  10501    525  40790      5      0 
    0    149     51      -    100     13      0      0      0      0  10501    480  41808      5      0 
    1    130     59      -     19     10      0      0      0      0  10501    615  40790      5      0 
    0    149     51      -    100     14      0      0      0      0  10501    495  41808      5      0 
    1    128     62      -    100     15      0      0      0      0  10501    495  40790      5      0 
    0    148     51      -    100     14      0      0      0      0  10501    465  41808      5      0 
    1    155     56      -    100     19      0      0      0      0  10501   2520  40790      5      0 
    0    149     51      -    100     14      0      0      0      0  10501    390  41808      5      0 
    1    130     59      -    100     15      0      0      0      0  10501    570  40790      5      0 
    0    149     51      -    100     14      0      0      0      0  10501    480  41808      5      0 
    1    128     59      -     13      3      0      0      0      0  10501    615  40790      5      0 
    0    149     51      -    100     13      0      0      0      0  10501    465  41808      5      0 
    1    141     56      -    100     18      0      0      0      0  10501   2520  40790      5      0 
    0    149     51      -    100     13      0      0      0      0  10501    435  41808      5      0 
    1    144     58      -    100     19      0      0      0      0  10501    420  40790      5      0 
    0    148     51      -    100     12      0      0      0      0  10501    510  41808      5      0 
    1    122     58      -      0      0      0      0      0      0  10501    555  40790      5      0 
    0    149     51      -    100     13      0      0      0      0  10501    480  41808      5      0 
    1    129     56      -    100     14      0      0      0      0  10501   2520  40790      5      0 
    0    100     48      -      0      0      0      0      0      0  10501   2520  41808      5      0 
    1    146     58      -    100     17      0      0      0      0  10501    480  40790      5      0 
    0    133     51      -    100     21      0      0      0      0  10501    330  41808      5      0 
    1     87     55      -      0      0      0      0      0      0  10501   2340  40790      5      0 
    0    150     51      -    100     19      0      0      0      0  10501    330  41808      5      0 
    1    137     55      -    100     24      0      0      0      0  10501    435  40790      5      0 
    0    148     51      -    100     17      0      0      0      0  10501    345  41808      5      0 
    1    140     58      -    100     23      0      0      0      0  10501    480  40790      5      0 
    0    149     51      -    100     17      0      0      0      0  10501    360  41808      5      0 
    1    141     58      -    100     24      0      0      0      0  10501    495  40790      5      0 
    0    148     51      -    100     17      0      0      0      0  10501    375  41808      5      0 
    1    140     58      -    100     23      0      0      0      0  10501    495  40790      5      0 
    0    149     51      -    100     17      0      0      0      0  10501    345  41808      5      0 
    1    140     58      -    100     23      0      0      0      0  10501    465  40790      5      0 
    0    148     51      -    100     17      0      0      0      0  10501    345  41808      5      0 
    1    139     58      -    100     23      0      0      0      0  10501    450  40790      5      0 
    0    149     51      -    100     17      0      0      0      0  10501    345  41808      5      0 
    1    133     59      -    100     23      0      0      0      0  10501    420  40790      5      0 
    0    149     51      -    100     17      0      0      0      0  10501    375  41808      5      0 
    1    131     61      -    100     22      0      0      0      0  10501   2520  40790      5      0 
    0    149     51      -    100     16      0      0      0      0  10501    360  41808      5      0 
    1    133     55      -    100     23      0      0      0      0  10501   2520  40790      5      0 
# gpu    pwr  gtemp  mtemp     sm    mem    enc    dec    jpg    ofa   mclk   pclk     fb   bar1   ccpm 
# Idx      W      C      C      %      %      %      %      %      %    MHz    MHz     MB     MB     MB 
    0    149     51      -    100     17      0      0      0      0  10501    360  41808      5      0 
    1    133     55      -    100     22      0      0      0      0  10501   2520  40790      5      0 
    0    149     51      -    100     17      0      0      0      0  10501    360  41808      5      0 
    1    132     55      -    100     22      0      0      0      0  10501   2520  40790      5      0 
    0    149     51      -    100     16      0      0      0      0  10501    390  41808      5      0 
    1    133     56      -    100     22      0      0      0      0  10501   2520  40790      5      0 
    0    149     51      -    100     17      0      0      0      0  10501    360  41808      5      0 
    1    132     56      -    100     22      0      0      0      0  10501   2520  40790      5      0 
    0    149     51      -    100     16      0      0      0      0  10501    405  41808      5      0 
    1    137     57      -    100     22      0      0      0      0  10501   2340  40790      5      0 
    0    149     51      -    100     17      0      0      0      0  10501    405  41808      5      0 
    1    136     58      -    100     19      0      0      0      0  10501    390  40790      5      0 
    0    149     51      -    100     16      0      0      0      0  10501    390  41808      5      0 
    1    137     58      -     67     30      0      0      0      0  10501    525  40790      5      0 
    0    149     51      -    100     16      0      0      0      0  10501    420  41808      5      0 
    1    136     58      -     87     34      0      0      0      0  10501    525  40790      5      0 
    0    149     51      -    100     17      0      0      0      0  10501    420  41808      5      0 
    1    135     58      -      0      0      0      0      0      0  10501    525  40790      5      0 
    0    149     51      -    100     18      0      0      0      0  10501    375  41808      5      0 
    1    133     58      -      0      0      0      0      0      0  10501    525  40790      5      0 
    0    149     51      -    100     17      0      0      0      0  10501    390  41808      5      0 
    1    136     58      -      0      0      0      0      0      0  10501    525  40790      5      0 
    0    149     51      -    100     16      0      0      0      0  10501    435  41808      5      0 
    1    135     58      -     79     16      0      0      0      0  10501    525  40790      5      0 
    0    149     51      -    100     17      0      0      0      0  10501    435  41808      5      0 
    1    136     58      -    100     21      0      0      0      0  10501    525  40790      5      0 
    0    149     51      -    100     17      0      0      0      0  10501    390  41808      5      0 
    1    137     55      -    100     21      0      0      0      0  10501   2520  40790      5      0 
    0    149     51      -    100     15      0      0      0      0  10501    390  41808      5      0 
    1    137     56      -    100     22      0      0      0      0  10501   2520  40790      5      0 
    0    149     51      -    100     16      0      0      0      0  10501    375  41808      5      0 
    1    136     58      -    100     21      0      0      0      0  10501    450  40790      5      0 
    0    149     51      -    100     16      0      0      0      0  10501    405  41808      5      0 
    1    133     58      -     88     31      0      0      0      0  10501    540  40790      5      0 
    0    149     51      -    100     17      0      0      0      0  10501    390  41808      5      0 
    1    134     58      -      0      0      0      0      0      0  10501    555  40790      5      0 
    0    149     51      -    100     15      0      0      0      0  10501    450  41808      5      0 
    1    132     58      -      0      0      0      0      0      0  10501    510  40790      5      0 
    0    149     51      -    100     16      0      0      0      0  10501    390  41808      5      0 
    1    134     58      -    100     18      0      0      0      0  10501    540  40790      5      0 
    0    149     51      -    100     16      0      0      0      0  10501    450  41808      5      0 
    1    142     55      -    100     19      0      0      0      0  10501   2520  40790      5      0 
    0    149     51      -    100     17      0      0      0      0  10501    405  41808      5      0 
    1    140     56      -    100     20      0      0      0      0  10501   2520  40790      5      0 
# gpu    pwr  gtemp  mtemp     sm    mem    enc    dec    jpg    ofa   mclk   pclk     fb   bar1   ccpm 
# Idx      W      C      C      %      %      %      %      %      %    MHz    MHz     MB     MB     MB 
    0    149     51      -    100     16      0      0      0      0  10501    390  41808      5      0 
    1    138     58      -    100     21      0      0      0      0  10501    435  40790      5      0 
    0    149     51      -    100     16      0      0      0      0  10501    390  41808      5      0 
    1    130     58      -     57     23      0      0      0      0  10501    570  40790      5      0 
    0    149     51      -    100     16      0      0      0      0  10501    390  41808      5      0 
    1    131     58      -      0      0      0      0      0      0  10501    540  40790      5      0 
    0    149     51      -    100     15      0      0      0      0  10501    405  41808      5      0 
    1    133     58      -     87     16      0      0      0      0  10501    540  40790      5      0 
    0    149     51      -    100     16      0      0      0      0  10501    465  41808      5      0 
    1    134     55      -    100     20      0      0      0      0  10501   2520  40790      5      0 
    0    149     51      -    100     14      0      0      0      0  10501    450  41808      5      0 
    1    141     55      -    100     21      0      0      0      0  10501   2520  40790      5      0 
    0    149     51      -    100     14      0      0      0      0  10501    450  41808      5      0 
    1    130     58      -    100     20      0      0      0      0  10501    450  40790      5      0 
    0    149     51      -    100     14      0      0      0      0  10501    435  41808      5      0 
    1    133     58      -      0      0      0      0      0      0  10501    525  40790      5      0 
    0    149     51      -    100     15      0      0      0      0  10501    390  41808      5      0 
    1    132     58      -     44      7      0      0      0      0  10501    540  40790      5      0 
    0    149     51      -    100     16      0      0      0      0  10501    405  41808      5      0 
    1    131     55      -    100     19      0      0      0      0  10501   2520  40790      5      0 
    0    149     51      -    100     15      0      0      0      0  10501    390  41808      5      0 
    1    146     56      -    100     19      0      0      0      0  10501   2520  40790      5      0 
    0    148     51      -    100     14      0      0      0      0  10501    420  41808      5      0 
    1    134     58      -    100     18      0      0      0      0  10501    480  40790      5      0 
    0    149     51      -    100     14      0      0      0      0  10501    480  41808      5      0 
    1    129     58      -      0      0      0      0      0      0  10501    585  40790      5      0 
    0    149     51      -    100     15      0      0      0      0  10501    465  41808      5      0 
    1    139     59      -    100     16      0      0      0      0  10501    585  40790      5      0 
    0    149     51      -    100     16      0      0      0      0  10501    405  41808      5      0 
    1    122     55      -    100     19      0      0      0      0  10501   2520  40790      5      0 
    0    149     51      -    100     15      0      0      0      0  10501    420  41808      5      0 
    1    145     58      -    100     19      0      0      0      0  10501    465  40790      5      0 
    0    149     51      -    100     14      0      0      0      0  10501    375  41808      5      0 
    1    130     58      -     69     24      0      0      0      0  10501    540  40790      5      0 
    0    148     51      -    100     14      0      0      0      0  10501    420  41808      5      0 
    1    143     59      -      0      0      0      0      0      0  10501    540  40790      5      0 
    0    148     51      -    100     14      0      0      0      0  10501    435  41808      5      0 
    1    119     55      -    100     15      0      0      0      0  10501   2520  40790      5      0 
    0    149     51      -    100     14      0      0      0      0  10501    390  41808      5      0 
    1    148     56      -    100     19      0      0      0      0  10501    510  40790      5      0 
    0    149     51      -    100     15      0      0      0      0  10501    405  41808      5      0 
    1    145     58      -    100     51      0      0      0      0  10501    435  40790      5      0 
    0    149     51      -    100     14      0      0      0      0  10501    450  41808      5      0 
    1    118     58      -      0      0      0      0      0      0  10501    540  40790      5      0 
# gpu    pwr  gtemp  mtemp     sm    mem    enc    dec    jpg    ofa   mclk   pclk     fb   bar1   ccpm 
# Idx      W      C      C      %      %      %      %      %      %    MHz    MHz     MB     MB     MB 
    0    149     51      -    100     14      0      0      0      0  10501    420  41808      5      0 
    1    128     55      -    100     17      0      0      0      0  10501   2520  40790      5      0 
    0    149     51      -    100     14      0      0      0      0  10501    435  41808      5      0 
    1    147     58      -    100     17      0      0      0      0  10501    495  40790      5      0 
    0    149     51      -    100     14      0      0      0      0  10501    405  41808      5      0 
    1    132     58      -     70     24      0      0      0      0  10501    570  40790      5      0 
    0    149     51      -    100     14      0      0      0      0  10501    510  41808      5      0 
    1    131     58      -      0      0      0      0      0      0  10501    525  40790      5      0 
    0    149     51      -    100     14      0      0      0      0  10501    450  41808      5      0 
    1    128     55      -    100     14      0      0      0      0  10501   2520  40790      5      0 
    0    149     51      -    100     14      0      0      0      0  10501    435  41808      5      0 
    1    147     58      -    100     18      0      0      0      0  10501    450  40790      5      0 
    0    149     51      -    100     14      0      0      0      0  10501    405  41808      5      0 
    1    126     58      -     35     15      0      0      0      0  10501    615  40790      5      0 
    0    149     51      -    100     14      0      0      0      0  10501    495  41808      5      0 
    1    127     58      -     74     12      0      0      0      0  10501    600  40790      5      0 
    0    149     51      -    100     14      0      0      0      0  10501    390  41808      5      0 
    1    143     55      -    100     19      0      0      0      0  10501   2520  40790      5      0 
    0    149     51      -    100     14      0      0      0      0  10501    405  41808      5      0 
    1    134     58      -    100     19      0      0      0      0  10501    525  40790      5      0 
    0    149     51      -    100     14      0      0      0      0  10501    420  41808      5      0 
    1    128     58      -      0      0      0      0      0      0  10501    525  40790      5      0 
    0    149     51      -    100     14      0      0      0      0  10501    390  41808      5      0 
    1    129     55      -    100     14      0      0      0      0  10501   2520  40790      5      0 
    0    148     51      -    100     13      0      0      0      0  10501    405  41808      5      0 
    1    146     58      -    100     17      0      0      0      0  10501    495  40790      5      0 
    0    149     51      -    100     14      0      0      0      0  10501    405  41808      5      0 
    1    132     58      -     86     29      0      0      0      0  10501    600  40790      5      0 
    0    149     51      -    100     14      0      0      0      0  10501    450  41808      5      0 
    1    125     58      -     48      5      0      0      0      0  10501    600  40790      5      0 
    0    149     51      -    100     14      0      0      0      0  10501    375  41808      5      0 
    1    143     56      -    100     19      0      0      0      0  10501   2520  40790      5      0 
    0    148     51      -    100     12      0      0      0      0  10501    495  41808      5      0 
    1    132     58      -    100     19      0      0      0      0  10501    480  40790      5      0 
    0    149     51      -    100     14      0      0      0      0  10501    450  41808      5      0 
    1    125     58      -      0      0      0      0      0      0  10501    525  40790      5      0 
    0    149     51      -    100     14      0      0      0      0  10501    405  41808      5      0 
    1    137     55      -    100     16      0      0      0      0  10501   2520  40790      5      0 
    0    149     51      -    100     14      0      0      0      0  10501    465  41808      5      0 
    1    149     58      -    100     15      0      0      0      0  10501    480  40790      5      0 
    0    149     51      -    100     14      0      0      0      0  10501    465  41808      5      0 
    1    119     58      -      0      0      0      0      0      0  10501    585  40790      5      0 
    0    149     51      -    100     14      0      0      0      0  10501    465  41808      5      0 
    1    130     55      -    100     13      0      0      0      0  10501   2520  40790      5      0 
# gpu    pwr  gtemp  mtemp     sm    mem    enc    dec    jpg    ofa   mclk   pclk     fb   bar1   ccpm 
# Idx      W      C      C      %      %      %      %      %      %    MHz    MHz     MB     MB     MB 
    0    149     51      -    100     14      0      0      0      0  10501    450  41808      5      0 
    1    143     58      -    100     15      0      0      0      0  10501    420  40790      5      0 
    0    120     49      -      0      0      0      0      0      0  10501   2520  41808      5      0 
    1    130     58      -      7      2      0      0      0      0  10501    570  40790      5      0 
    0    112     51      -    100     21      0      0      0      0  10501    420  41808      5      0 
    1    115     55      -    100     14      0      0      0      0  10501   2520  40790      5      0 
    0    150     51      -    100     19      0      0      0      0  10501    405  41808      5      0 
    1    124     57      -     85     37      0      0      0      0  10501    480  40790      5      0 
    0    150     51      -    100     19      0      0      0      0  10501    405  41808      5      0 
    1    133     58      -     90     35      0      0      0      0  10501    495  40790      5      0 
    0    150     51      -    100     19      0      0      0      0  10501    420  41808      5      0 
    1    134     57      -     85     37      0      0      0      0  10501    495  40790      5      0 
    0    150     51      -    100     20      0      0      0      0  10501    405  41808      5      0 
    1    133     57      -     72     31      0      0      0      0  10501    495  40790      5      0 
    0    150     51      -    100     20      0      0      0      0  10501    405  41808      5      0 
    1    134     57      -     46     30      0      0      0      0  10501    495  40790      5      0 
    0    150     51      -    100     19      0      0      0      0  10501    390  41808      5      0 
    1    133     57      -     14     12      0      0      0      0  10501    495  40790      5      0 
    0    150     51      -    100     19      0      0      0      0  10501    390  41808      5      0 
    1    132     58      -      0      0      0      0      0      0  10501    495  40790      5      0 
    0    150     51      -    100     18      0      0      0      0  10501    390  41808      5      0 
    1    132     57      -      0      0      0      0      0      0  10501    510  40790      5      0 
    0    149     51      -    100     18      0      0      0      0  10501    405  41808      5      0 
    1    135     57      -      0      0      0      0      0      0  10501    510  40790      5      0 
    0    149     51      -    100     17      0      0      0      0  10501    360  41808      5      0 
    1    132     57      -      0      0      0      0      0      0  10501    510  40790      5      0 
    0    149     51      -    100     17      0      0      0      0  10501    375  41808      5      0 
    1    134     57      -      0      0      0      0      0      0  10501    525  40790      5      0 
    0    149     51      -    100     17      0      0      0      0  10501    375  41808      5      0 
    1    134     57      -      0      0      0      0      0      0  10501    510  40790      5      0 
    0    149     51      -    100     17      0      0      0      0  10501    405  41808      5      0 
    1    133     57      -     12      3      0      0      0      0  10501    510  40790      5      0 
    0    149     51      -    100     16      0      0      0      0  10501    390  41808      5      0 
    1    132     57      -     96     20      0      0      0      0  10501    525  40790      5      0 
    0    149     51      -    100     17      0      0      0      0  10501    360  41808      5      0 
    1    133     57      -    100     22      0      0      0      0  10501    525  40790      5      0 
    0    149     51      -    100     17      0      0      0      0  10501    405  41808      5      0 
    1    133     54      -    100     22      0      0      0      0  10501   2520  40790      5      0 
    0    149     51      -    100     16      0      0      0      0  10501    420  41808      5      0 
    1    134     55      -    100     22      0      0      0      0  10501   2520  40790      5      0 
    0    149     51      -    100     16      0      0      0      0  10501    420  41808      5      0 
    1    134     55      -    100     22      0      0      0      0  10501   2520  40790      5      0 
    0    149     51      -    100     17      0      0      0      0  10501    420  41808      5      0 
    1    134     56      -    100     22      0      0      0      0  10501   2520  40790      5      0 
# gpu    pwr  gtemp  mtemp     sm    mem    enc    dec    jpg    ofa   mclk   pclk     fb   bar1   ccpm 
# Idx      W      C      C      %      %      %      %      %      %    MHz    MHz     MB     MB     MB 
    0    149     51      -    100     16      0      0      0      0  10501    375  41808      5      0 
    1    131     57      -    100     22      0      0      0      0  10501    450  40790      5      0 
    0    149     51      -    100     17      0      0      0      0  10501    435  41808      5      0 
    1    134     57      -     63     27      0      0      0      0  10501    540  40790      5      0 
    0    149     51      -    100     16      0      0      0      0  10501    420  41808      5      0 
    1    132     57      -      0      0      0      0      0      0  10501    540  40790      5      0 
    0    149     51      -    100     16      0      0      0      0  10501    435  41808      5      0 
    1    132     57      -      0      0      0      0      0      0  10501    540  40790      5      0 
    0    149     51      -    100     16      0      0      0      0  10501    405  41808      5      0 
    1    133     57      -     66     11      0      0      0      0  10501    555  40790      5      0 
    0    149     51      -    100     15      0      0      0      0  10501    390  41808      5      0 
    1    125     60      -    100     21      0      0      0      0  10501    390  40790      5      0 
    0    149     51      -    100     16      0      0      0      0  10501    435  41808      5      0 
    1    137     54      -    100     21      0      0      0      0  10501   2520  40790      5      0 
    0    149     51      -    100     15      0      0      0      0  10501    390  41808      5      0 
    1    137     55      -    100     22      0      0      0      0  10501   2520  40790      5      0 
    0    149     51      -    100     14      0      0      0      0  10501    375  41808      5      0 
    1    131     58      -    100     21      0      0      0      0  10501    420  40790      5      0 
    0    149     51      -    100     14      0      0      0      0  10501    375  41808      5      0 
    1    131     57      -     53     26      0      0      0      0  10501    540  40790      5      0 
    0    149     51      -    100     15      0      0      0      0  10501    450  41808      5      0 
    1    131     57      -      0      0      0      0      0      0  10501    555  40790      5      0 
    0    149     51      -    100     15      0      0      0      0  10501    450  41808      5      0 
    1    128     57      -     28      7      0      0      0      0  10501    555  40790      5      0 
    0    149     51      -    100     15      0      0      0      0  10501    450  41808      5      0 
    1    129     54      -    100     20      0      0      0      0  10501   2520  40790      5      0 
    0    149     51      -    100     15      0      0      0      0  10501    375  41808      5      0 
    1    139     55      -    100     21      0      0      0      0  10501   2520  40790      5      0 
    0    149     51      -    100     15      0      0      0      0  10501    450  41808      5      0 
    1    140     57      -    100     20      0      0      0      0  10501    495  40790      5      0 
    0    149     51      -    100     16      0      0      0      0  10501    435  41808      5      0 
    1    128     57      -     95     29      0      0      0      0  10501    540  40790      5      0 
    0    149     51      -    100     15      0      0      0      0  10501    405  41808      5      0 
    1    131     57      -      0      0      0      0      0      0  10501    540  40790      5      0 
    0    149     51      -    100     15      0      0      0      0  10501    390  41808      5      0 
    1    129     57      -     67     10      0      0      0      0  10501    495  40790      5      0 
    0    149     51      -    100     15      0      0      0      0  10501    405  41808      5      0 
    1    134     54      -    100     19      0      0      0      0  10501   2520  40790      5      0 
    0    149     51      -    100     15      0      0      0      0  10501    390  41808      5      0 
    1    141     55      -    100     19      0      0      0      0  10501   2325  40790      5      0 
    0    149     51      -    100     16      0      0      0      0  10501    450  41808      5      0 
    1    131     58      -    100     21      0      0      0      0  10501    525  40790      5      0 
    0    149     51      -    100     15      0      0      0      0  10501    450  41808      5      0 
    1    127     57      -      0      0      0      0      0      0  10501    555  40790      5      0 
# gpu    pwr  gtemp  mtemp     sm    mem    enc    dec    jpg    ofa   mclk   pclk     fb   bar1   ccpm 
# Idx      W      C      C      %      %      %      %      %      %    MHz    MHz     MB     MB     MB 
    0    149     51      -    100     14      0      0      0      0  10501    465  41808      5      0 
    1    128     57      -    100     17      0      0      0      0  10501    585  40790      5      0 
    0    149     51      -    100     14      0      0      0      0  10501    420  41808      5      0 
    1    142     54      -    100     19      0      0      0      0  10501   2520  40790      5      0 
    0    149     51      -    100     15      0      0      0      0  10501    375  41808      5      0 
    1    143     57      -    100     19      0      0      0      0  10501    495  40790      5      0 
    0    149     51      -    100     14      0      0      0      0  10501    420  41808      5      0 
    1    128     57      -     67     26      0      0      0      0  10501    540  40790      5      0 
    0    149     51      -    100     14      0      0      0      0  10501    390  41808      5      0 
    1    124     57      -      0      0      0      0      0      0  10501    555  40790      5      0 
    0    149     51      -    100     14      0      0      0      0  10501    405  41808      5      0 
    1    127     54      -    100     18      0      0      0      0  10501   2520  40790      5      0 
    0    149     51      -    100     15      0      0      0      0  10501    420  41808      5      0 
    1    150     55      -    100     19      0      0      0      0  10501   2520  40790      5      0 
    0    149     51      -    100     14      0      0      0      0  10501    465  41808      5      0 
    1    122     58      -     91     28      0      0      0      0  10501    540  40790      5      0 
    0    149     51      -    100     14      0      0      0      0  10501    375  41808      5      0 
    1    125     57      -      0      0      0      0      0      0  10501    540  40790      5      0 
    0    149     51      -    100     14      0      0      0      0  10501    480  41808      5      0 
    1    128     54      -    100     18      0      0      0      0  10501   2520  40790      5      0 
    0    149     51      -    100     14      0      0      0      0  10501    390  41808      5      0 
    1    145     56      -    100     19      0      0      0      0  10501   1275  40790      5      0 
    0    149     51      -    100     14      0      0      0      0  10501    450  41808      5      0 
    1    127     58      -     51     20      0      0      0      0  10501    540  40790      5      0 
    0    149     51      -    100     14      0      0      0      0  10501    480  41808      5      0 
    1    126     57      -      0      0      0      0      0      0  10501    540  40790      5      0 
    0    149     51      -    100     14      0      0      0      0  10501    405  41808      5      0 
    1    125     54      -    100     15      0      0      0      0  10501   2520  40790      5      0 
    0    149     51      -    100     14      0      0      0      0  10501    420  41808      5      0 
    1    146     57      -    100     19      0      0      0      0  10501    435  40790      5      0 
    0    149     51      -    100     14      0      0      0      0  10501    480  41808      5      0 
    1    127     57      -     40     19      0      0      0      0  10501    600  40790      5      0 
    0    149     51      -    100     14      0      0      0      0  10501    495  41808      5      0 
    1    126     57      -     30      5      0      0      0      0  10501    630  40790      5      0 
    0    149     51      -    100     14      0      0      0      0  10501    420  41808      5      0 
    1    138     54      -    100     18      0      0      0      0  10501   2520  40790      5      0 
    0    149     51      -    100     14      0      0      0      0  10501    420  41808      5      0 
    1    136     57      -    100     19      0      0      0      0  10501    510  40790      5      0 
    0    149     51      -    100     14      0      0      0      0  10501    480  41808      5      0 
    1    124     57      -      0      0      0      0      0      0  10501    615  40790      5      0 
    0    149     51      -    100     14      0      0      0      0  10501    435  41808      5      0 
    1    123     54      -    100     16      0      0      0      0  10501    465  40790      5      0 
    0    149     51      -    100     14      0      0      0      0  10501    480  41808      5      0 
    1    150     56      -    100     19      0      0      0      0  10501   2355  40790      5      0 
# gpu    pwr  gtemp  mtemp     sm    mem    enc    dec    jpg    ofa   mclk   pclk     fb   bar1   ccpm 
# Idx      W      C      C      %      %      %      %      %      %    MHz    MHz     MB     MB     MB 
    0    149     51      -    100     14      0      0      0      0  10501    435  41808      5      0 
    1    129     57      -    100     18      0      0      0      0  10501    540  40790      5      0 
    0    149     51      -    100     14      0      0      0      0  10501    405  41808      5      0 
    1    124     57      -      0      0      0      0      0      0  10501    630  40790      5      0 
    0    148     51      -    100     13      0      0      0      0  10501    495  41808      5      0 
    1    134     54      -    100     16      0      0      0      0  10501   2520  40790      5      0 
    0    149     51      -    100     14      0      0      0      0  10501    405  41808      5      0 
    1    138     57      -    100     18      0      0      0      0  10501    510  40790      5      0 
    0    149     51      -    100     13      0      0      0      0  10501    480  41808      5      0 
    1    123     57      -      0      0      0      0      0      0  10501    615  40790      5      0 
    0    149     51      -    100     12      0      0      0      0  10501    465  41808      5      0 
    1    118     54      -    100     15      0      0      0      0  10501   2520  40790      5      0 
    0    149     51      -    100     13      0      0      0      0  10501    450  41808      5      0 
    1    150     57      -    100     17      0      0      0      0  10501    480  40790      5      0 
    0    149     51      -    100     13      0      0      0      0  10501    465  41808      5      0 
    1    128     57      -     26     15      0      0      0      0  10501    555  40790      5      0 
    0    149     51      -    100     13      0      0      0      0  10501    450  41808      5      0 
    1    124     54      -    100     14      0      0      0      0  10501    570  40790      5      0 
    0    149     51      -    100     14      0      0      0      0  10501    390  41808      5      0 
    1    155     57      -    100     17      0      0      0      0  10501    660  40790      5      0 
    0    148     51      -    100     12      0      0      0      0  10501    420  41808      5      0 
    1    128     57      -     86     26      0      0      0      0  10501    555  40790      5      0 
    0    148     51      -    100     14      0      0      0      0  10501    390  41808      5      0 
    1    121     57      -     71     10      0      0      0      0  10501    540  40790      5      0 
    0    148     51      -    100     14      0      0      0      0  10501    495  41808      5      0 
    1    154     55      -    100     17      0      0      0      0  10501   2520  40790      5      0 
    0    149     51      -    100     11      0      0      0      0  10501    405  41808      5      0 
    1    126     57      -     90     25      0      0      0      0  10501    555  40790      5      0 
    0    147     51      -     73     10      0      0      0      0  10501   1845  41808      5      0 
    1    122     57      -     84     10      0      0      0      0  10501    555  40790      5      0 
    0     82     48      -      0      0      0      0      0      0  10501   2520  36112      5      0 
    1    144     55      -    100     19      0      0      0      0  10501   2520  35454      5      0 
    0    143     50      -     54     47      0      0      0      0  10501    210  36112      5      0 
    1    138     56      -     50     46      0      0      0      0  10501   1710  35454      5      0 
    0    154     50      -     55     47      0      0      0      0  10501    210  36112      5      0 
    1    142     56      -     53     46      0      0      0      0  10501   1680  35454      5      0 
    0    155     49      -     60     51      0      0      0      0  10501   1320  36112      5      0 
    1    144     55      -     41     46      0      0      0      0  10501    210  35454      5      0 
    0    152     50      -     60     60      0      0      0      0  10501    255  36112      5      0 
    1    140     55      -     41     39      0      0      0      0  10501    210  35454      5      0 
    0    154     50      -     65     47      0      0      0      0  10501    210  36112      5      0 
    1    142     56      -     40     44      0      0      0      0  10501   1740  35454      5      0 
    0    154     50      -     55     47      0      0      0      0  10501    210  36112      5      0 
    1    143     56      -     42     46      0      0      0      0  10501   1725  35454      5      0 
# gpu    pwr  gtemp  mtemp     sm    mem    enc    dec    jpg    ofa   mclk   pclk     fb   bar1   ccpm 
# Idx      W      C      C      %      %      %      %      %      %    MHz    MHz     MB     MB     MB 
    0    154     50      -     53     47      0      0      0      0  10501    210  36112      5      0 
    1    142     56      -     40     46      0      0      0      0  10501   1740  35454      5      0 
    0    153     49      -     60     48      0      0      0      0  10501    720  36112      5      0 
    1    141     55      -     43     46      0      0      0      0  10501    210  35454      5      0 
    0    149     50      -     46     31      0      0      0      0  10501    210  36112      5      0 
    1    140     56      -     40     46      0      0      0      0  10501   2355  35454      5      0 
    0    155     50      -     57     47      0      0      0      0  10501    210  36112      5      0 
    1    143     56      -     44     46      0      0      0      0  10501   2295  35454      5      0 
    0    154     49      -     47     47      0      0      0      0  10501    990  36112      5      0 
    1    143     55      -     50     49      0      0      0      0  10501    330  35454      5      0 
    0    154     49      -     56     47      0      0      0      0  10501   1680  36112      5      0 
    1    143     54      -     43     46      0      0      0      0  10501    525  35454      5      0 
    0    153     49      -     54     47      0      0      0      0  10501    690  36112      5      0 
    1    142     55      -     46     48      0      0      0      0  10501    285  35454      5      0 
    0    150     50      -     53     41      0      0      0      0  10501    210  36112      5      0 
    1    139     56      -     40     46      0      0      0      0  10501   2340  35454      5      0 
    0    154     50      -     50     44      0      0      0      0  10501    210  36112      5      0 
    1    142     56      -     46     46      0      0      0      0  10501   2310  35454      5      0 
    0    154     50      -     59     51      0      0      0      0  10501    210  36112      5      0 
    1    142     56      -     53     46      0      0      0      0  10501   2295  35454      5      0 
    0    155     50      -     57     47      0      0      0      0  10501    210  36112      5      0 
    1    144     56      -     53     46      0      0      0      0  10501   1680  35454      5      0 
    0    153     49      -     62     47      0      0      0      0  10501    690  36112      5      0 
    1    143     55      -     53     51      0      0      0      0  10501    210  35454      5      0 
    0    153     49      -     59     49      0      0      0      0  10501    720  36112      5      0 
    1    143     55      -     39     41      0      0      0      0  10501    210  35454      5      0 
    0    153     50      -     55     42      0      0      0      0  10501    375  36112      5      0 
    1    139     56      -     39     28      0      0      0      0  10501   2520  35454      5      0 
    0    151     50      -     50     45      0      0      0      0  10501    210  36112      5      0 
    1    140     56      -     39     46      0      0      0      0  10501   2355  35454      5      0 
    0    155     49      -     63     47      0      0      0      0  10501   1320  36112      5      0 
    1    144     54      -     52     46      0      0      0      0  10501    570  35454      5      0 
    0    154     49      -     53     47      0      0      0      0  10501   1410  36112      5      0 
    1    142     55      -     48     42      0      0      0      0  10501    330  35454      5      0 
    0    150     50      -     52     37      0      0      0      0  10501    210  36112      5      0 
    1    140     55      -     47     55      0      0      0      0  10501    210  35454      5      0 
    0    153     50      -     58     51      0      0      0      0  10501    210  36112      5      0 
    1    141     56      -     41     46      0      0      0      0  10501   2325  35454      5      0 
    0    155     50      -     54     47      0      0      0      0  10501    210  36112      5      0 
    1    142     57      -     50     46      0      0      0      0  10501   2055  35454      5      0 
    0    155     49      -     51     47      0      0      0      0  10501   1950  36112      5      0 
    1    144     55      -     51     46      0      0      0      0  10501    900  35454      5      0 
    0    154     49      -     57     47      0      0      0      0  10501    210  36112      5      0 
    1    142     54      -     52     46      0      0      0      0  10501    465  35454      5      0 
# gpu    pwr  gtemp  mtemp     sm    mem    enc    dec    jpg    ofa   mclk   pclk     fb   bar1   ccpm 
# Idx      W      C      C      %      %      %      %      %      %    MHz    MHz     MB     MB     MB 
    0    152     49      -     54     42      0      0      0      0  10501    360  36112      5      0 
    1    138     56      -     45     46      0      0      0      0  10501   2070  35454      5      0 
    0    151     50      -     59     47      0      0      0      0  10501    210  36112      5      0 
    1    143     55      -     46     46      0      0      0      0  10501   1215  35454      5      0 
    0    153     50      -     54     41      0      0      0      0  10501    330  36112      5      0 
    1    141     55      -     39     38      0      0      0      0  10501    210  35454      5      0 
    0    152     49      -     50     39      0      0      0      0  10501    735  36112      5      0 
    1    144     55      -     47     47      0      0      0      0  10501    345  35454      5      0 
    0    150     50      -     51     36      0      0      0      0  10501    210  36112      5      0 
    1    142     56      -     47     46      0      0      0      0  10501    210  35454      5      0 
    0    152     50      -     57     40      0      0      0      0  10501    210  36112      5      0 
    1    142     56      -     44     36      0      0      0      0  10501    210  35454      5      0 
    0    154     50      -     49     44      0      0      0      0  10501    210  36112      5      0 
    1    142     56      -     53     46      0      0      0      0  10501    210  35454      5      0 
    0    155     49      -     52     47      0      0      0      0  10501   1830  36112      5      0 
    1    145     55      -     45     46      0      0      0      0  10501   1725  35454      5      0 
    0    153     49      -     47     41      0      0      0      0  10501    720  36112      5      0 
    1    141     55      -     53     46      0      0      0      0  10501    345  35454      5      0 
    0    150     50      -     46     40      0      0      0      0  10501    210  36366      5      0 
    1    137     56      -     46     53      0      0      0      0  10501    210  35742      5      0 
    0    151     50      -     53     47      0      0      0      0  10501    210  36366      5      0 
    1    144     55      -     48     46      0      0      0      0  10501    330  35742      5      0 
    0    154     50      -     54     47      0      0      0      0  10501    210  36366      5      0 
    1    141     56      -     40     46      0      0      0      0  10501    660  35742      5      0 
    0    154     50      -     57     47      0      0      0      0  10501    210  36366      5      0 
    1    141     56      -     52     46      0      0      0      0  10501    810  35742      5      0 
    0    154     49      -     49     47      0      0      0      0  10501    645  36366      5      0 
    1    142     55      -     52     46      0      0      0      0  10501    210  35742      5      0 
    0    153     49      -     55     45      0      0      0      0  10501   1635  36366      5      0 
    1    141     55      -     39     46      0      0      0      0  10501    675  35742      5      0 
    0    153     49      -     47     44      0      0      0      0  10501    945  36366      5      0 
    1    142     55      -     49     47      0      0      0      0  10501    210  35742      5      0 
    0    149     50      -     58     51      0      0      0      0  10501    210  36366      5      0 
    1    138     56      -     46     53      0      0      0      0  10501   1635  35742      5      0 
    0    155     49      -     59     47      0      0      0      0  10501    300  36366      5      0 
    1    144     57      -     49     49      0      0      0      0  10501   1755  35742      5      0 
    0    151     49      -     56     46      0      0      0      0  10501    465  36366      5      0 
    1    144     55      -     51     46      0      0      0      0  10501    345  35742      5      0 
    0    155     50      -     59     51      0      0      0      0  10501   1170  36366      5      0 
    1    140     55      -     47     41      0      0      0      0  10501    210  35742      5      0 
    0    152     50      -     59     52      0      0      0      0  10501    285  36366      5      0 
    1    140     56      -     39     29      0      0      0      0  10501   2310  35742      5      0 
    0    154     50      -     53     42      0      0      0      0  10501    240  36366      5      0 
    1    142     56      -     39     46      0      0      0      0  10501   1785  35742      5      0 
# gpu    pwr  gtemp  mtemp     sm    mem    enc    dec    jpg    ofa   mclk   pclk     fb   bar1   ccpm 
# Idx      W      C      C      %      %      %      %      %      %    MHz    MHz     MB     MB     MB 
    0    154     49      -     60     47      0      0      0      0  10501    435  36366      5      0 
    1    143     55      -     46     46      0      0      0      0  10501    330  35742      5      0 
    0    154     49      -     48     36      0      0      0      0  10501    210  36366      5      0 
    1    142     55      -     41     46      0      0      0      0  10501    210  35742      5      0 
    0    153     50      -     47     39      0      0      0      0  10501    210  36366      5      0 
    1    139     56      -     42     33      0      0      0      0  10501   2145  35742      5      0 
    0    152     50      -     57     47      0      0      0      0  10501    210  36366      5      0 
    1    140     57      -     43     46      0      0      0      0  10501    330  35742      5      0 
    0    155     50      -     57     47      0      0      0      0  10501   1050  36366      5      0 
    1    143     56      -     41     46      0      0      0      0  10501    210  35742      5      0 
    0    155     49      -     55     47      0      0      0      0  10501   1185  36366      5      0 
    1    143     55      -     54     46      0      0      0      0  10501    210  35742      5      0 
    0    152     49      -     51     45      0      0      0      0  10501    210  36366      5      0 
    1    141     56      -     39     36      0      0      0      0  10501   2265  35742      5      0 
    0    150     50      -     60     43      0      0      0      0  10501    210  36366      5      0 
    1    138     57      -     37     38      0      0      0      0  10501   1680  35742      5      0 
    0    153     50      -     58     51      0      0      0      0  10501   1800  36366      5      0 
    1    143     56      -     52     46      0      0      0      0  10501    810  35742      5      0 
    0    153     50      -     56     47      0      0      0      0  10501   1800  36366      5      0 
    1    142     56      -     52     46      0      0      0      0  10501    840  35742      5      0 
    0    154     50      -     62     47      0      0      0      0  10501    750  36366      5      0 
    1    142     57      -     44     46      0      0      0      0  10501    765  35742      5      0 
    0    151     49      -     60     42      0      0      0      0  10501    210  36366      5      0 
    1    144     55      -     43     46      0      0      0      0  10501    210  35742      5      0 
    0    151     50      -     51     47      0      0      0      0  10501   1455  36366      5      0 
    1    138     57      -     53     46      0      0      0      0  10501   1680  35742      5      0 
    0    154     49      -     55     45      0      0      0      0  10501   1605  36366      5      0 
    1    145     56      -     41     46      0      0      0      0  10501    315  35742      5      0 
    0    153     49      -     55     45      0      0      0      0  10501    900  36366      5      0 
    1    140     56      -     43     50      0      0      0      0  10501   2355  35742      5      0 
    0    151     50      -     56     47      0      0      0      0  10501   1905  36366      5      0 
    1    141     57      -     50     44      0      0      0      0  10501    465  35742      5      0 
    0    154     49      -     54     45      0      0      0      0  10501    435  36366      5      0 
    1    144     55      -     51     46      0      0      0      0  10501    210  35742      5      0 
    0    151     50      -     50     44      0      0      0      0  10501    210  36366      5      0 
    1    138     56      -     41     39      0      0      0      0  10501   2295  35742      5      0 
    0    152     50      -     52     38      0      0      0      0  10501    210  36366      5      0 
    1    142     57      -     54     52      0      0      0      0  10501   2220  35742      5      0 
    0    153     49      -     53     49      0      0      0      0  10501    945  36366      5      0 
    1    146     55      -     44     46      0      0      0      0  10501    210  35742      5      0 
    0    154     49      -     57     49      0      0      0      0  10501   1470  36366      5      0 
    1    142     55      -     36     40      0      0      0      0  10501    210  35742      5      0 
    0    151     50      -     59     48      0      0      0      0  10501    285  36366      5      0 
    1    140     56      -     40     43      0      0      0      0  10501   2340  35742      5      0 
# gpu    pwr  gtemp  mtemp     sm    mem    enc    dec    jpg    ofa   mclk   pclk     fb   bar1   ccpm 
# Idx      W      C      C      %      %      %      %      %      %    MHz    MHz     MB     MB     MB 
    0    152     50      -     49     46      0      0      0      0  10501    210  36366      5      0 
    1    142     57      -     51     48      0      0      0      0  10501   1860  35742      5      0 
    0    155     50      -     58     47      0      0      0      0  10501    210  36366      5      0 
    1    144     55      -     53     46      0      0      0      0  10501    330  35742      5      0 
    0    153     49      -     58     46      0      0      0      0  10501    735  36366      5      0 
    1    141     56      -     43     42      0      0      0      0  10501   2520  35742      5      0 
    0    152     50      -     59     47      0      0      0      0  10501    225  36366      5      0 
    1    141     56      -     45     52      0      0      0      0  10501   2325  35742      5      0 
    0    153     50      -     54     40      0      0      0      0  10501    210  36366      5      0 
    1    141     57      -     53     52      0      0      0      0  10501   1785  35742      5      0 
    0    153     50      -     55     47      0      0      0      0  10501    210  36366      5      0 
    1    144     57      -     54     46      0      0      0      0  10501    465  35742      5      0 
    0    154     49      -     56     43      0      0      0      0  10501   1350  36366      5      0 
    1    142     56      -     46     46      0      0      0      0  10501   1875  35742      5      0 
    0    150     50      -     49     41      0      0      0      0  10501    255  36366      5      0 
    1    139     56      -     41     39      0      0      0      0  10501   2355  35742      5      0 
    0    151     50      -     60     47      0      0      0      0  10501    210  36366      5      0 
    1    143     57      -     47     46      0      0      0      0  10501    645  35742      5      0 
    0    154     49      -     60     49      0      0      0      0  10501   1305  36366      5      0 
    1    142     56      -     40     46      0      0      0      0  10501   2280  35742      5      0 
    0    149     50      -     49     40      0      0      0      0  10501    210  36366      5      0 
    1    139     57      -     47     46      0      0      0      0  10501   1800  35742      5      0 
    0    154     50      -     55     47      0      0      0      0  10501    210  36366      5      0 
    1    143     56      -     53     46      0      0      0      0  10501    570  35742      5      0 
    0    155     49      -     52     47      0      0      0      0  10501   1695  36366      5      0 
    1    143     55      -     41     46      0      0      0      0  10501    210  35742      5      0 
    0    153     49      -     60     45      0      0      0      0  10501    720  36366      5      0 
    1    141     56      -     39     37      0      0      0      0  10501    660  35742      5      0 
    0    155     49      -     60     50      0      0      0      0  10501   1245  36366      5      0 
    1    141     56      -     42     48      0      0      0      0  10501   1710  35742      5      0 
    0    154     49      -     59     53      0      0      0      0  10501    705  36366      5      0 
    1    140     56      -     50     57      0      0      0      0  10501   2520  35742      5      0 
    0    151     51      -     61     47      0      0      0      0  10501    210  36366      5      0 
    1    140     57      -     50     45      0      0      0      0  10501   1680  35742      5      0 
    0    154     49      -     46     40      0      0      0      0  10501    720  36366      5      0 
    1    143     56      -     53     46      0      0      0      0  10501    210  35742      5      0 
    0    150     50      -     59     50      0      0      0      0  10501    405  36366      5      0 
    1    140     57      -     44     51      0      0      0      0  10501    900  35742      5      0 
    0    155     50      -     51     47      0      0      0      0  10501   1305  36366      5      0 
    1    144     56      -     47     46      0      0      0      0  10501    600  35742      5      0 
    0    155     49      -     58     47      0      0      0      0  10501    330  36366      5      0 
    1    143     55      -     46     46      0      0      0      0  10501    330  35742      5      0 
    0    148     50      -     52     37      0      0      0      0  10501    570  36366      5      0 
    1    139     57      -     44     42      0      0      0      0  10501   2325  35742      5      0 
# gpu    pwr  gtemp  mtemp     sm    mem    enc    dec    jpg    ofa   mclk   pclk     fb   bar1   ccpm 
# Idx      W      C      C      %      %      %      %      %      %    MHz    MHz     MB     MB     MB 
    0    151     51      -     51     47      0      0      0      0  10501   1635  36366      5      0 
    1    142     57      -     45     38      0      0      0      0  10501   1665  35742      5      0 
    0    154     49      -     51     47      0      0      0      0  10501    750  36366      5      0 
    1    143     56      -     48     46      0      0      0      0  10501    555  35742      5      0 
    0    155     49      -     53     47      0      0      0      0  10501    390  36366      5      0 
    1    143     56      -     47     46      0      0      0      0  10501    210  35742      5      0 
    0    153     49      -     60     45      0      0      0      0  10501    210  36366      5      0 
    1    142     56      -     54     46      0      0      0      0  10501    675  35742      5      0 
    0    151     50      -     54     41      0      0      0      0  10501    930  36366      5      0 
    1    141     57      -     40     46      0      0      0      0  10501    480  35742      5      0 
    0    155     49      -     53     47      0      0      0      0  10501    270  36366      5      0 
    1    144     56      -     39     46      0      0      0      0  10501    330  35742      5      0 
    0    154     49      -     56     47      0      0      0      0  10501    375  36366      5      0 
    1    143     56      -     50     46      0      0      0      0  10501    210  35742      5      0 
    0    152     49      -     48     44      0      0      0      0  10501    210  36366      5      0 
    1    138     56      -     36     34      0      0      0      0  10501   2520  35742      5      0 
    0    149     50      -     55     41      0      0      0      0  10501   1275  36366      5      0 
    1    139     58      -     42     46      0      0      0      0  10501   1725  35742      5      0 
    0    155     49      -     65     47      0      0      0      0  10501    345  36366      5      0 
    1    145     56      -     51     46      0      0      0      0  10501    315  35742      5      0 
    0    153     49      -     55     47      0      0      0      0  10501    405  36366      5      0 
    1    143     56      -     43     43      0      0      0      0  10501    210  35742      5      0 
    0    151     49      -     59     49      0      0      0      0  10501    210  36366      5      0 
    1    142     56      -     43     46      0      0      0      0  10501   2160  35742      5      0 
    0    156     49      -     49     47      0      0      0      0  10501    210  36366      5      0 
    1    143     56      -     43     44      0      0      0      0  10501    270  35742      5      0 
    0    152     50      -     47     43      0      0      0      0  10501    210  36366      5      0 
    1    141     57      -     47     52      0      0      0      0  10501   2340  35742      5      0 
    0    153     50      -     60     52      0      0      0      0  10501    210  36366      5      0 
    1    141     57      -     39     42      0      0      0      0  10501   2310  35742      5      0 
    0    153     50      -     58     50      0      0      0      0  10501    795  36366      5      0 
    1    142     58      -     40     46      0      0      0      0  10501    735  35742      5      0 
    0    153     50      -     58     52      0      0      0      0  10501   1410  36366      5      0 
    1    142     58      -     52     45      0      0      0      0  10501    795  35742      5      0 
    0    154     50      -     57     47      0      0      0      0  10501    720  36366      5      0 
    1    143     57      -     46     46      0      0      0      0  10501    210  35742      5      0 
    0    156     50      -     55     47      0      0      0      0  10501    210  36366      5      0 
    1    145     56      -     39     45      0      0      0      0  10501    465  35742      5      0 
    0    153     49      -     54     47      0      0      0      0  10501    210  36366      5      0 
    1    141     56      -     42     41      0      0      0      0  10501   2340  35742      5      0 
    0    155     49      -     60     47      0      0      0      0  10501    210  36366      5      0 
    1    142     56      -     42     44      0      0      0      0  10501   2295  35742      5      0 
    0    152     50      -     60     49      0      0      0      0  10501   1590  36366      5      0 
    1    138     57      -     42     37      0      0      0      0  10501   1740  35742      5      0 
# gpu    pwr  gtemp  mtemp     sm    mem    enc    dec    jpg    ofa   mclk   pclk     fb   bar1   ccpm 
# Idx      W      C      C      %      %      %      %      %      %    MHz    MHz     MB     MB     MB 
    0    154     49      -     57     47      0      0      0      0  10501    210  36366      5      0 
    1    142     58      -     51     46      0      0      0      0  10501    330  35742      5      0 
    0    154     49      -     49     47      0      0      0      0  10501    210  36366      5      0 
    1    144     56      -     37     39      0      0      0      0  10501   2085  35742      5      0 
    0    154     49      -     49     43      0      0      0      0  10501    210  36366      5      0 
    1    142     56      -     46     45      0      0      0      0  10501   2385  35742      5      0 
    0    154     49      -     45     39      0      0      0      0  10501    210  36366      5      0 
    1    142     56      -     43     44      0      0      0      0  10501   2295  35742      5      0 
    0    152     50      -     45     39      0      0      0      0  10501   1500  36366      5      0 
    1    138     57      -     43     37      0      0      0      0  10501   1740  35742      5      0 
    0    154     50      -     46     39      0      0      0      0  10501   1935  36366      5      0 
    1    140     58      -     44     51      0      0      0      0  10501    330  35742      5      0 
    0    153     49      -     59     47      0      0      0      0  10501    210  36366      5      0 
    1    143     56      -     45     46      0      0      0      0  10501   2370  35742      5      0 
    0    152     49      -     50     38      0      0      0      0  10501    975  36366      5      0 
    1    141     57      -     45     46      0      0      0      0  10501   2145  35742      5      0 
    0    152     50      -     59     47      0      0      0      0  10501    960  36366      5      0 
    1    142     57      -     41     47      0      0      0      0  10501   1725  35742      5      0 
    0    153     51      -     54     47      0      0      0      0  10501    435  36366      5      0 
    1    143     57      -     48     46      0      0      0      0  10501    210  35742      5      0 
    0    155     49      -     56     45      0      0      0      0  10501    210  36366      5      0 
    1    144     56      -     52     46      0      0      0      0  10501   2520  35742      5      0 
    0    149     50      -     60     47      0      0      0      0  10501    270  36366      5      0 
    1    138     58      -     40     30      0      0      0      0  10501    330  35742      5      0 
    0    154     49      -     55     42      0      0      0      0  10501    210  36366      5      0 
    1    144     56      -     44     43      0      0      0      0  10501   2280  35742      5      0 
    0    150     50      -     46     38      0      0      0      0  10501   1980  36366      5      0 
    1    137     58      -     46     46      0      0      0      0  10501   1470  35742      5      0 
    0    152     50      -     60     47      0      0      0      0  10501    210  36366      5      0 
    1    142     56      -     40     46      0      0      0      0  10501    525  35742      5      0 
    0    152     50      -     60     51      0      0      0      0  10501    510  36366      5      0 
    1    141     57      -     42     39      0      0      0      0  10501   1665  35742      5      0 
    0    152     51      -     47     47      0      0      0      0  10501    720  36366      5      0 
    1    142     58      -     54     46      0      0      0      0  10501    465  35742      5      0 
    0    156     49      -     55     47      0      0      0      0  10501    210  36366      5      0 
    1    144     56      -     49     46      0      0      0      0  10501    210  35742      5      0 
    0    151     50      -     60     48      0      0      0      0  10501    915  36366      5      0 
    1    139     57      -     43     42      0      0      0      0  10501   1740  35742      5      0 
    0    153     51      -     61     47      0      0      0      0  10501    570  36366      5      0 
    1    144     58      -     53     46      0      0      0      0  10501    330  35742      5      0 
    0    155     49      -     54     47      0      0      0      0  10501    210  36366      5      0 
    1    144     56      -     40     46      0      0      0      0  10501   2340  35742      5      0 
    0    151     50      -     54     40      0      0      0      0  10501    840  36366      5      0 
    1    139     57      -     54     46      0      0      0      0  10501    405  35742      5      0 
# gpu    pwr  gtemp  mtemp     sm    mem    enc    dec    jpg    ofa   mclk   pclk     fb   bar1   ccpm 
# Idx      W      C      C      %      %      %      %      %      %    MHz    MHz     MB     MB     MB 
    0    151     50      -     59     49      0      0      0      0  10501    405  36366      5      0 
    1    142     58      -     52     45      0      0      0      0  10501    210  35742      5      0 
    0    154     49      -     47     42      0      0      0      0  10501    705  36366      5      0 
    1    145     56      -     53     46      0      0      0      0  10501    855  35742      5      0 
    0    152     50      -     60     62      0      0      0      0  10501    945  36366      5      0 
    1    143     57      -     39     28      0      0      0      0  10501    435  35742      5      0 
    0    152     51      -     50     45      0      0      0      0  10501    255  36366      5      0 
    1    141     58      -     38     38      0      0      0      0  10501    450  35742      5      0 
    0    154     51      -     52     42      0      0      0      0  10501    210  36366      5      0 
    1    143     58      -     43     46      0      0      0      0  10501    330  35742      5      0 
    0    151     50      -     50     48      0      0      0      0  10501   1440  36366      5      0 
    1    145     56      -     40     45      0      0      0      0  10501   2265  35742      5      0 
    0    152     51      -     57     45      0      0      0      0  10501    210  36366      5      0 
    1    138     58      -     48     41      0      0      0      0  10501   1575  35742      5      0 
    0    154     51      -     56     47      0      0      0      0  10501    210  36366      5      0 
    1    143     58      -     50     46      0      0      0      0  10501    795  35742      5      0 
    0    155     51      -     62     44      0      0      0      0  10501    270  36366      5      0 
    1    143     58      -     47     46      0      0      0      0  10501    570  35742      5      0 
    0    155     49      -     54     47      0      0      0      0  10501    210  36366      5      0 
    1    145     56      -     48     46      0      0      0      0  10501    765  35742      5      0 
    0    153     49      -     56     43      0      0      0      0  10501   1875  36366      5      0 
    1    140     57      -     42     40      0      0      0      0  10501   2310  35742      5      0 
    0    149     51      -     55     42      0      0      0      0  10501    210  36366      5      0 
    1    139     58      -     43     46      0      0      0      0  10501    330  35742      5      0 
    0    154     50      -     46     47      0      0      0      0  10501    210  36366      5      0 
    1    143     57      -     54     46      0      0      0      0  10501    210  35742      5      0 
    0    154     49      -     54     47      0      0      0      0  10501    645  36366      5      0 
    1    144     56      -     49     48      0      0      0      0  10501   2295  35742      5      0 
    0    153     49      -     54     47      0      0      0      0  10501    210  36366      5      0 
    1    143     56      -     40     46      0      0      0      0  10501   1845  35742      5      0 
    0    153     49      -     60     49      0      0      0      0  10501   1620  36366      5      0 
    1    142     57      -     53     50      0      0      0      0  10501   1635  35742      5      0 
    0    151     51      -     57     45      0      0      0      0  10501    660  36366      5      0 
    1    141     58      -     38     38      0      0      0      0  10501    705  35742      5      0 
    0    155     49      -     64     47      0      0      0      0  10501    495  36366      5      0 
    1    144     57      -     45     45      0      0      0      0  10501   1650  35742      5      0 
    0    154     49      -     58     49      0      0      0      0  10501   1875  36366      5      0 
    1    143     57      -     43     41      0      0      0      0  10501   1740  35742      5      0 
    0    149     51      -     56     43      0      0      0      0  10501    420  36366      5      0 
    1    138     58      -     54     46      0      0      0      0  10501    210  35742      5      0 
    0    155     49      -     54     47      0      0      0      0  10501    210  36366      5      0 
    1    146     56      -     40     46      0      0      0      0  10501   2325  35742      5      0 
    0    154     49      -     53     47      0      0      0      0  10501    705  36366      5      0 
    1    141     57      -     46     47      0      0      0      0  10501   1635  35742      5      0 
# gpu    pwr  gtemp  mtemp     sm    mem    enc    dec    jpg    ofa   mclk   pclk     fb   bar1   ccpm 
# Idx      W      C      C      %      %      %      %      %      %    MHz    MHz     MB     MB     MB 
    0    153     50      -     51     45      0      0      0      0  10501    825  36366      5      0 
    1    143     57      -     45     52      0      0      0      0  10501    285  35742      5      0 
    0    151     50      -     67     47      0      0      0      0  10501    210  36366      5      0 
    1    143     58      -     39     46      0      0      0      0  10501    375  35742      5      0 
    0    154     49      -     48     47      0      0      0      0  10501    210  36366      5      0 
    1    144     56      -     45     45      0      0      0      0  10501   2250  35742      5      0 
    0    153     49      -     50     44      0      0      0      0  10501   1950  36366      5      0 
    1    141     57      -     40     36      0      0      0      0  10501   1305  35742      5      0 
    0    149     50      -     47     42      0      0      0      0  10501    705  36366      5      0 
    1    139     58      -     44     42      0      0      0      0  10501    330  35742      5      0 
    0    153     50      -     44     47      0      0      0      0  10501    495  36366      5      0 
    1    143     58      -     52     45      0      0      0      0  10501    210  35742      5      0 
    0    155     49      -     55     47      0      0      0      0  10501    210  36366      5      0 
    1    144     56      -     41     46      0      0      0      0  10501   2370  35742      5      0 
    0    151     50      -     49     37      0      0      0      0  10501   1530  36366      5      0 
    1    140     57      -     40     37      0      0      0      0  10501   1365  35742      5      0 
    0    150     51      -     64     47      0      0      0      0  10501    210  36366      5      0 
    1    141     57      -     47     41      0      0      0      0  10501   1665  35742      5      0 
    0    155     49      -     55     47      0      0      0      0  10501    210  36366      5      0 
    1    142     56      -     46     47      0      0      0      0  10501   2175  35742      5      0 
    0    148     50      -     50     38      0      0      0      0  10501    480  36366      5      0 
    1    142     57      -     40     38      0      0      0      0  10501   2250  35742      5      0 
    0    155     50      -     65     47      0      0      0      0  10501    210  36366      5      0 
    1    138     58      -     40     46      0      0      0      0  10501    360  35742      5      0 
    0    155     49      -     52     47      0      0      0      0  10501    465  36366      5      0 
    1    144     56      -     40     46      0      0      0      0  10501    585  35742      5      0 
    0    153     49      -     47     42      0      0      0      0  10501   1770  36366      5      0 
    1    141     56      -     44     45      0      0      0      0  10501   2280  35742      5      0 
    0    153     50      -     55     49      0      0      0      0  10501   1620  36366      5      0 
    1    143     57      -     44     51      0      0      0      0  10501   2355  35742      5      0 
    0    151     50      -     60     40      0      0      0      0  10501    300  36366      5      0 
    1    142     57      -     46     53      0      0      0      0  10501   1680  35742      5      0 
    0    154     49      -     55     47      0      0      0      0  10501    210  36366      5      0 
    1    145     56      -     40     46      0      0      0      0  10501   2235  35742      5      0 
    0    150     49      -     48     36      0      0      0      0  10501   1485  36366      5      0 
    1    140     57      -     33     38      0      0      0      0  10501   1665  35742      5      0 
    0    150     51      -     53     46      0      0      0      0  10501    360  36366      5      0 
    1    140     58      -     51     45      0      0      0      0  10501    435  35742      5      0 
    0    154     51      -     56     47      0      0      0      0  10501    210  36366      5      0 
    1    145     58      -     51     46      0      0      0      0  10501    300  35742      5      0 
    0    154     49      -     46     41      0      0      0      0  10501   1890  36366      5      0 
    1    143     57      -     43     43      0      0      0      0  10501   2295  35742      5      0 
    0    148     51      -     49     46      0      0      0      0  10501    630  36366      5      0 
    1    139     58      -     44     40      0      0      0      0  10501    540  35742      5      0 
# gpu    pwr  gtemp  mtemp     sm    mem    enc    dec    jpg    ofa   mclk   pclk     fb   bar1   ccpm 
# Idx      W      C      C      %      %      %      %      %      %    MHz    MHz     MB     MB     MB 
    0    155     51      -     60     47      0      0      0      0  10501    210  36366      5      0 
    1    143     58      -     40     46      0      0      0      0  10501    525  35742      5      0 
    0    155     49      -     55     43      0      0      0      0  10501    210  36366      5      0 
    1    144     57      -     40     46      0      0      0      0  10501   2265  35742      5      0 
    0    155     49      -     56     49      0      0      0      0  10501    210  36366      5      0 
    1    142     56      -     43     44      0      0      0      0  10501   2325  35742      5      0 
    0    155     49      -     60     48      0      0      0      0  10501    210  36366      5      0 
    1    142     56      -     43     43      0      0      0      0  10501   2370  35742      5      0 
    0    152     50      -     51     44      0      0      0      0  10501    210  36366      5      0 
    1    140     57      -     43     50      0      0      0      0  10501   1770  35742      5      0 
    0    152     51      -     61     47      0      0      0      0  10501    675  36366      5      0 
    1    144     58      -     54     46      0      0      0      0  10501    330  35742      5      0 
    0    154     49      -     51     45      0      0      0      0  10501    210  36366      5      0 
    1    143     56      -     53     46      0      0      0      0  10501   2280  35742      5      0 
    0    150     50      -     46     39      0      0      0      0  10501   1950  36366      5      0 
    1    140     58      -     40     37      0      0      0      0  10501    390  35742      5      0 
    0    153     51      -     55     47      0      0      0      0  10501    285  36366      5      0 
    1    144     58      -     40     46      0      0      0      0  10501    210  35742      5      0 
    0    155     49      -     49     47      0      0      0      0  10501    210    446      5      0 
    1    144     56      -     41     46      0      0      0      0  10501   1020    446      5      0 
    0    102     49      -      7      1      0      0      0      0  10501   2745      1      2      0 
    1    101     56      -    100      8      0      0      0      0  10501   2730      1      2      0 
    0     96     49      -      0      0      0      0      0      0  10501   2745      1      2      0 
    1     87     56      -      0      0      0      0      0      0  10501   2730      1      2      0 
    0     91     48      -      0      0      0      0      0      0   5001   1500      1      2      0 
    1     78     55      -      0      0      0      0      0      0   5001   1470      1      2      0 
    0     72     47      -      0      0      0      0      0      0   5001    360      1      2      0 
    1     61     54      -      0      0      0      0      0      0   5001    450      1      2      0 
    0     53     47      -      0      0      0      0      0      0   5001    255      1      2      0 
    1     45     54      -      0      0      0      0      0      0   5001    300      1      2      0 
    0     53     47      -      0      0      0      0      0      0   5001    210      1      2      0 
    1     44     54      -      0      0      0      0      0      0   5001    210      1      2      0 
    0     50     46      -      0      0      0      0      0      0    810    210      1      2      0 
    1     41     53      -      0      0      0      0      0      0    810    225      1      2      0 
