# gpu    pwr  gtemp  mtemp     sm    mem    enc    dec    jpg    ofa   mclk   pclk     fb   bar1   ccpm 
# Idx      W      C      C      %      %      %      %      %      %    MHz    MHz     MB     MB     MB 
    0     35     43      -      0      0      0      0      0      0    405    210      1      2      0 
    1     26     50      -      0      0      0      0      0      0    405    210      1      2      0 
    0     51     45      -      1      0      0      0      0      0  10501   2520  22684      5      0 
    1     33     51      -      0      0      0      0      0      0  10501   2520  22656      5      0 
    0     79     44      -      0      0      0      0      0      0  10501   2520  22684      5      0 
    1     68     51      -      0      0      0      0      0      0  10501   2520  22656      5      0 
    0     80     44      -      8      0      0      0      0      0  10501   2520  22684      5      0 
    1     67     52      -      0      0      0      0      0      0  10501   2520  22656      5      0 
    0     79     44      -      8      0      0      0      0      0  10501   2520  22684      5      0 
    1     68     51      -      0      0      0      0      0      0  10501   2520  22656      5      0 
    0     80     44      -      7      0      0      0      0      0  10501   2520  22684      5      0 
    1     68     51      -      0      0      0      0      0      0  10501   2520  22656      5      0 
    0     79     44      -      8      0      0      0      0      0  10501   2520  22684      5      0 
    1     67     51      -      0      0      0      0      0      0  10501   2520  22656      5      0 
    0     80     44      -      7      0      0      0      0      0  10501   2520  22684      5      0 
    1     66     51      -      0      0      0      0      0      0  10501   2520  22656      5      0 
    0     79     44      -      8      0      0      0      0      0  10501   2520  22684      5      0 
    1     66     51      -      0      0      0      0      0      0  10501   2520  22656      5      0 
    0     79     44      -      9      0      0      0      0      0  10501   2520  22684      5      0 
    1     66     51      -      0      0      0      0      0      0  10501   2520  22656      5      0 
    0     79     44      -      7      0      0      0      0      0  10501   2520  22684      5      0 
    1     66     51      -      0      0      0      0      0      0  10501   2520  22656      5      0 
    0     79     44      -      7      0      0      0      0      0  10501   2520  22684      5      0 
    1     67     51      -      0      0      0      0      0      0  10501   2520  22656      5      0 
    0     80     44      -      8      0      0      0      0      0  10501   2520  22684      5      0 
    1     67     51      -      0      0      0      0      0      0  10501   2520  22656      5      0 
    0     79     44      -      8      0      0      0      0      0  10501   2520  22684      5      0 
    1     65     51      -      0      0      0      0      0      0  10501   2520  22656      5      0 
    0     80     44      -      7      0      0      0      0      0  10501   2520  22684      5      0 
    1     65     51      -      0      0      0      0      0      0  10501   2520  22656      5      0 
    0     79     44      -      7      0      0      0      0      0  10501   2520  22684      5      0 
    1     67     51      -      0      0      0      0      0      0  10501   2520  22656      5      0 
    0     80     44      -      9      0      0      0      0      0  10501   2520  22684      5      0 
    1     66     51      -      0      0      0      0      0      0  10501   2520  22656      5      0 
    0     79     44      -      8      0      0      0      0      0  10501   2520  22684      5      0 
    1     66     51      -      0      0      0      0      0      0  10501   2520  22656      5      0 
    0     79     43      -      9      0      0      0      0      0  10501   2520  22684      5      0 
    1     58     50      -      0      0      0      0      0      0    810    405  22656      5      0 
    0     79     43      -      7      0      0      0      0      0  10501   2520  22684      5      0 
    1     39     49      -      0      0      0      0      0      0    405    255  22656      5      0 
    0     78     43      -      7      0      0      0      0      0  10501   2520  22684      5      0 
    1     24     49      -      0      0      0      0      0      0    405    210  22656      5      0 
    0     79     43      -      8      0      0      0      0      0  10501   2520  22684      5      0 
    1     20     49      -      0      0      0      0      0      0    405    210  22656      5      0 
# gpu    pwr  gtemp  mtemp     sm    mem    enc    dec    jpg    ofa   mclk   pclk     fb   bar1   ccpm 
# Idx      W      C      C      %      %      %      %      %      %    MHz    MHz     MB     MB     MB 
    0     78     43      -      8      0      0      0      0      0  10501   2520  22684      5      0 
    1     20     49      -      0      0      0      0      0      0    405    210  22656      5      0 
    0     79     43      -      8      0      0      0      0      0  10501   2520  22684      5      0 
    1     20     49      -      0      0      0      0      0      0    405    210  22656      5      0 
    0     79     44      -      6      0      0      0      0      0  10501   2520  22684      5      0 
    1     20     49      -      0      0      0      0      0      0    405    210  22656      5      0 
    0     79     43      -      7      0      0      0      0      0  10501   2520  22684      5      0 
    1     20     49      -      0      0      0      0      0      0    405    210  22656      5      0 
    0     79     43      -      7      0      0      0      0      0  10501   2520  22684      5      0 
    1     43     50      -      8      0      0      0      0      0  10501   2520  22656      5      0 
    0     79     43      -      0      0      0      0      0      0  10501   2520  22684      5      0 
    1     66     50      -      7      0      0      0      0      0  10501   2520  22656      5      0 
    0     78     43      -      0      0      0      0      0      0  10501   2520  22684      5      0 
    1     67     50      -      7      0      0      0      0      0  10501   2520  22656      5      0 
    0     78     43      -      0      0      0      0      0      0  10501   2520  22684      5      0 
    1     66     50      -      8      0      0      0      0      0  10501   2520  22656      5      0 
    0     78     43      -      0      0      0      0      0      0  10501   2520  22684      5      0 
    1     67     50      -      8      0      0      0      0      0  10501   2520  22656      5      0 
    0     78     43      -      0      0      0      0      0      0  10501   2520  22684      5      0 
    1     69     50      -      9      0      0      0      0      0  10501   2520  22656      5      0 
    0     78     43      -      0      0      0      0      0      0  10501   2520  22684      5      0 
    1     67     50      -      8      0      0      0      0      0  10501   2520  22656      5      0 
    0     78     43      -      0      0      0      0      0      0  10501   2520  22684      5      0 
    1     67     50      -      9      0      0      0      0      0  10501   2520  22656      5      0 
    0     78     43      -      0      0      0      0      0      0  10501   2520  22684      5      0 
    1     66     50      -      6      0      0      0      0      0  10501   2520  22656      5      0 
    0     78     43      -      0      0      0      0      0      0  10501   2520  22684      5      0 
    1     67     50      -      7      0      0      0      0      0  10501   2520  22656      5      0 
    0     77     43      -      0      0      0      0      0      0  10501   2520  22684      5      0 
    1     67     49      -      9      0      0      0      0      0  10501   2520  22656      5      0 
    0     78     43      -      0      0      0      0      0      0  10501   2520  22684      5      0 
    1     67     49      -     10      0      0      0      0      0  10501   2520  22656      5      0 
    0     77     43      -      0      0      0      0      0      0  10501   2520  22684      5      0 
    1     67     49      -     10      0      0      0      0      0  10501   2520  22656      5      0 
    0     78     43      -      0      0      0      0      0      0  10501   2520  22684      5      0 
    1     67     49      -      9      0      0      0      0      0  10501   2520  22656      5      0 
    0     78     42      -      0      0      0      0      0      0  10501   2520  22684      5      0 
    1     67     49      -      7      0      0      0      0      0  10501   2520  22656      5      0 
    0     77     42      -      0      0      0      0      0      0  10501   2520  22684      5      0 
    1     66     49      -      8      0      0      0      0      0  10501   2520  22656      5      0 
    0     78     42      -      0      0      0      0      0      0  10501   2520  22684      5      0 
    1     67     49      -      8      0      0      0      0      0  10501   2520  22656      5      0 
    0     71     42      -      0      0      0      0      0      0    810    435  22684      5      0 
    1     66     49      -      7      0      0      0      0      0  10501   2520  22656      5      0 
# gpu    pwr  gtemp  mtemp     sm    mem    enc    dec    jpg    ofa   mclk   pclk     fb   bar1   ccpm 
# Idx      W      C      C      %      %      %      %      %      %    MHz    MHz     MB     MB     MB 
    0     51     41      -      0      0      0      0      0      0    405    270  22684      5      0 
    1     68     49      -      7      0      0      0      0      0  10501   2520  22656      5      0 
    0     36     41      -      0      0      0      0      0      0    405    210  22684      5      0 
    1     67     49      -      8      0      0      0      0      0  10501   2520  22656      5      0 
    0     35     41      -      0      0      0      0      0      0    405    210  22684      5      0 
    1     68     49      -      7      0      0      0      0      0  10501   2520  22656      5      0 
    0     35     41      -      0      0      0      0      0      0    405    210  22684      5      0 
    1     66     49      -      8      0      0      0      0      0  10501   2520  22656      5      0 
    0     35     41      -      0      0      0      0      0      0    405    210  22684      5      0 
    1     66     49      -      7      0      0      0      0      0  10501   2520  22656      5      0 
    0     35     41      -      0      0      0      0      0      0    405    210  23116      5      0 
    1     68     49      -      8      0      0      0      0      0  10501   2520  23116      5      0 
    0     90     43      -     99     15      0      0      0      0  10501   2040  23116      5      0 
    1     85     53      -     55     18      0      0      0      0  10501    645  23174      5      0 
    0    135     42      -      0      0      0      0      0      0  10501   2520  23116      5      0 
    1    106     53      -      0      0      0      0      0      0  10501    645  23174      5      0 
    0    135     44      -    100     14      0      0      0      0  10501    570  23116      5      0 
    1    107     53      -      0      0      0      0      0      0  10501    615  23174      5      0 
    0    123     46      -    100     14      0      0      0      0  10501    540  23116      5      0 
    1    120     50      -    100     17      0      0      0      0  10501   2520  23174      5      0 
    0    120     45      -    100     16      0      0      0      0  10501    540  23376      5      0 
    1    121     50      -    100     17      0      0      0      0  10501   2520  23414      5      0 
    0    154     45      -    100     12      0      0      0      0  10501    450  23376      5      0 
    1    114     53      -      0      0      0      0      0      0  10501    600  23414      5      0 
    0    149     45      -    100     12      0      0      0      0  10501    480  23376      5      0 
    1    135     51      -    100     16      0      0      0      0  10501   2520  23414      5      0 
    0    149     46      -    100     12      0      0      0      0  10501    465  23376      5      0 
    1    123     50      -    100     16      0      0      0      0  10501   2520  23414      5      0 
    0    118     46      -    100     14      0      0      0      0  10501    540  23376      5      0 
    1    121     50      -    100     16      0      0      0      0  10501   2520  23414      5      0 
    0    152     46      -    100     12      0      0      0      0  10501    480  23376      5      0 
    1    120     51      -    100     15      0      0      0      0  10501   2520  23414      5      0 
    0    149     46      -    100     13      0      0      0      0  10501    495  23376      5      0 
    1    122     50      -    100     16      0      0      0      0  10501   2520  23414      5      0 
    0    148     44      -     78     10      0      0      0      0  10501   2265  23376      5      0 
    1    132     54      -    100     17      0      0      0      0  10501    630  23414      5      0 
    0    121     46      -    100     14      0      0      0      0  10501    540  23376      5      0 
    1    123     50      -    100     17      0      0      0      0  10501   2520  23414      5      0 
    0    151     46      -    100     14      0      0      0      0  10501    540  23376      5      0 
    1    121     51      -    100     17      0      0      0      0  10501   2520  23414      5      0 
    0    149     48      -     78     10      0      0      0      0  10501    465  23376      5      0 
    1    151     55      -    100     17      0      0      0      0  10501    585  23414      5      0 
    0    139     44      -      0      0      0      0      0      0  10501   2520  23376      5      0 
    1    131     54      -      0      0      0      0      0      0  10501    615  23414      5      0 
# gpu    pwr  gtemp  mtemp     sm    mem    enc    dec    jpg    ofa   mclk   pclk     fb   bar1   ccpm 
# Idx      W      C      C      %      %      %      %      %      %    MHz    MHz     MB     MB     MB 
    0    128     47      -    100     15      0      0      0      0  10501    555  23376      5      0 
    1    109     50      -      0      0      0      0      0      0  10501    495  23414      5      0 
    0    150     47      -     76     15      0      0      0      0  10501    510  23376      5      0 
    1    144     54      -    100     17      0      0      0      0  10501    615  23414      5      0 
    0    150     47      -    100     15      0      0      0      0  10501    510  23376      5      0 
    1    141     54      -      0      0      0      0      0      0  10501    615  23414      5      0 
    0    118     44      -      0      0      0      0      0      0  10501   2520  23722      5      0 
    1    144     54      -     10      5      0      0      0      0  10501    555  23734      5      0 
    0    145     47      -    100     13      0      0      0      0  10501    435  23722      5      0 
    1    104     54      -      0      0      0      0      0      0  10501    630  23734      5      0 
    0    149     47      -    100     13      0      0      0      0  10501    465  23722      5      0 
    1    141     54      -      0      0      0      0      0      0  10501    615  23734      5      0 
    0    149     47      -    100     12      0      0      0      0  10501    480  23722      5      0 
    1    150     53      -      0      0      0      0      0      0  10501   1080  23734      5      0 
    0    149     47      -    100     13      0      0      0      0  10501    465  23722      5      0 
    1    130     52      -    100     16      0      0      0      0  10501   2520  23734      5      0 
    0    149     47      -    100     12      0      0      0      0  10501    480  23722      5      0 
    1    123     56      -    100     16      0      0      0      0  10501   1005  23734      5      0 
    0    150     47      -     71     14      0      0      0      0  10501    465  23722      5      0 
    1    136     55      -    100     17      0      0      0      0  10501    630  23734      5      0 
    0    138     45      -      0      0      0      0      0      0  10501   2520  23722      5      0 
    1    147     55      -     90     15      0      0      0      0  10501    630  23734      5      0 
    0    128     47      -    100     15      0      0      0      0  10501    555  23722      5      0 
    1    109     51      -      0      0      0      0      0      0  10501    405  23734      5      0 
    0    150     47      -     76     14      0      0      0      0  10501    465  23722      5      0 
    1    135     55      -    100     17      0      0      0      0  10501    615  23734      5      0 
    0    150     47      -    100     13      0      0      0      0  10501    495  23722      5      0 
    1    142     55      -      0      0      0      0      0      0  10501    630  23734      5      0 
    0    149     47      -    100     12      0      0      0      0  10501    480  23722      5      0 
    1    140     55      -      0      0      0      0      0      0  10501    600  23734      5      0 
    0    149     47      -    100     13      0      0      0      0  10501    495  23722      5      0 
    1    141     55      -     96     24      0      0      0      0  10501   1410  23734      5      0 
    0    149     47      -    100     12      0      0      0      0  10501    495  23722      5      0 
    1    130     53      -    100     16      0      0      0      0  10501   2520  23734      5      0 
    0    149     47      -    100     12      0      0      0      0  10501    480  23722      5      0 
    1    122     52      -    100     16      0      0      0      0  10501   2520  23734      5      0 
    0    120     48      -    100     15      0      0      0      0  10501    540  23722      5      0 
    1    125     52      -    100     15      0      0      0      0  10501   2520  23734      5      0 
    0    151     47      -    100     12      0      0      0      0  10501    525  23722      5      0 
    1    123     52      -    100     20      0      0      0      0  10501   2520  23734      5      0 
    0    149     47      -    100     13      0      0      0      0  10501    510  23722      5      0 
    1    121     52      -    100     16      0      0      0      0  10501   2520  23734      5      0 
    0    149     48      -     86     11      0      0      0      0  10501    495  23722      5      0 
    1    144     56      -    100     16      0      0      0      0  10501    555  23734      5      0 
# gpu    pwr  gtemp  mtemp     sm    mem    enc    dec    jpg    ofa   mclk   pclk     fb   bar1   ccpm 
# Idx      W      C      C      %      %      %      %      %      %    MHz    MHz     MB     MB     MB 
    0    150     48      -    100     16      0      0      0      0  10501    495  23722      5      0 
    1    147     55      -     48     10      0      0      0      0  10501    630  23734      5      0 
    0    151     48      -    100     13      0      0      0      0  10501    525  23722      5      0 
    1    150     55      -      0      0      0      0      0      0  10501    600  23734      5      0 
    0    150     48      -    100     13      0      0      0      0  10501    510  23722      5      0 
    1    135     56      -     37     15      0      0      0      0  10501    615  23734      5      0 
    0    117     45      -      0      0      0      0      0      0  10501   2520  23722      5      0 
    1    138     56      -    100     14      0      0      0      0  10501   1905  23734      5      0 
    0    156     48      -    100     12      0      0      0      0  10501    450  23722      5      0 
    1    115     55      -      0      0      0      0      0      0  10501    615  23734      5      0 
    0    149     48      -    100     13      0      0      0      0  10501    465  23722      5      0 
    1    139     56      -    100     25      0      0      0      0  10501   1800  23734      5      0 
    0    149     48      -    100     12      0      0      0      0  10501    480  23722      5      0 
    1    126     52      -    100     16      0      0      0      0  10501   2520  23734      5      0 
    0    148     48      -    100     12      0      0      0      0  10501    465  23722      5      0 
    1    135     55      -    100     16      0      0      0      0  10501    585  23734      5      0 
    0    150     48      -     73     14      0      0      0      0  10501    465  23722      5      0 
    1    150     56      -    100     17      0      0      0      0  10501    615  23734      5      0 
    0    149     48      -    100     13      0      0      0      0  10501    480  23722      5      0 
    1    137     56      -      0      0      0      0      0      0  10501    630  23734      5      0 
    0    122     45      -      0      0      0      0      0      0  10501   2520  24414      5      0 
    1    151     56      -      0      0      0      0      0      0  10501    600  24374      5      0 
    0    143     48      -    100     16      0      0      0      0  10501    435  24414      5      0 
    1    104     56      -      0      0      0      0      0      0  10501    630  24374      5      0 
    0    150     48      -    100     13      0      0      0      0  10501    465  24414      5      0 
    1    141     56      -      0      0      0      0      0      0  10501    600  24374      5      0 
    0    148     48      -    100     12      0      0      0      0  10501    465  24414      5      0 
    1    141     56      -      0      0      0      0      0      0  10501    615  24374      5      0 
    0    149     48      -    100     12      0      0      0      0  10501    465  24414      5      0 
    1    139     54      -     77     21      0      0      0      0  10501   2415  24374      5      0 
    0    149     48      -    100     12      0      0      0      0  10501    450  24414      5      0 
    1    134     53      -    100     12      0      0      0      0  10501   2520  24374      5      0 
    0    149     48      -    100     12      0      0      0      0  10501    480  24414      5      0 
    1    132     56      -    100     16      0      0      0      0  10501    615  24374      5      0 
    0    150     47      -     70     14      0      0      0      0  10501    420  24414      5      0 
    1    153     56      -    100     16      0      0      0      0  10501    540  24374      5      0 
    0    150     49      -    100     12      0      0      0      0  10501    465  24414      5      0 
    1    141     56      -      0      0      0      0      0      0  10501    630  24374      5      0 
    0    149     48      -    100     12      0      0      0      0  10501    480  24414      5      0 
    1    139     56      -      0      0      0      0      0      0  10501    630  24374      5      0 
    0    149     49      -    100     11      0      0      0      0  10501    495  24414      5      0 
    1    140     56      -      0      0      0      0      0      0  10501    630  24374      5      0 
    0    149     49      -    100     11      0      0      0      0  10501    495  24414      5      0 
    1    140     56      -     57     18      0      0      0      0  10501    615  24374      5      0 
# gpu    pwr  gtemp  mtemp     sm    mem    enc    dec    jpg    ofa   mclk   pclk     fb   bar1   ccpm 
# Idx      W      C      C      %      %      %      %      %      %    MHz    MHz     MB     MB     MB 
    0    149     49      -    100     12      0      0      0      0  10501    480  24414      5      0 
    1    142     53      -    100     32      0      0      0      0  10501   2520  24374      5      0 
    0    149     49      -    100     12      0      0      0      0  10501    450  24414      5      0 
    1    130     54      -    100     14      0      0      0      0  10501   2520  24374      5      0 
    0    149     49      -    100     11      0      0      0      0  10501    495  24414      5      0 
    1    134     54      -    100     14      0      0      0      0  10501   2520  24374      5      0 
    0    110     46      -      0      0      0      0      0      0  10501   2520  24414      5      0 
    1    133     53      -    100     14      0      0      0      0  10501   2520  24374      5      0 
    0    152     48      -    100     12      0      0      0      0  10501    435  24414      5      0 
    1    109     56      -      0      0      0      0      0      0  10501    600  24374      5      0 
    0    148     49      -    100     12      0      0      0      0  10501    450  24414      5      0 
    1    141     55      -     42     18      0      0      0      0  10501   2325  24374      5      0 
    0    148     48      -    100     12      0      0      0      0  10501    465  24414      5      0 
    1    132     53      -    100     15      0      0      0      0  10501   2520  24374      5      0 
    0    149     49      -    100     12      0      0      0      0  10501    465  24414      5      0 
    1    123     53      -    100     16      0      0      0      0  10501    405  24374      5      0 
    0    149     49      -    100     12      0      0      0      0  10501    465  24414      5      0 
    1    137     56      -    100     16      0      0      0      0  10501    630  24374      5      0 
    0    150     49      -     72     14      0      0      0      0  10501    450  24414      5      0 
    1    146     57      -    100     17      0      0      0      0  10501    615  24374      5      0 
    0    150     49      -    100     12      0      0      0      0  10501    480  24414      5      0 
    1    144     57      -      0      0      0      0      0      0  10501    615  24374      5      0 
    0    148     49      -    100     12      0      0      0      0  10501    450  24414      5      0 
    1    150     57      -      0      0      0      0      0      0  10501    615  24374      5      0 
    0    149     49      -    100     12      0      0      0      0  10501    465  24414      5      0 
    1    132     57      -     17      8      0      0      0      0  10501    630  24374      5      0 
    0    149     49      -    100     11      0      0      0      0  10501    495  24414      5      0 
    1    145     54      -     99     41      0      0      0      0  10501   2520  24374      5      0 
    0    149     49      -    100     11      0      0      0      0  10501    495  24414      5      0 
    1    126     54      -    100     15      0      0      0      0  10501   2520  24374      5      0 
    0    149     49      -    100     11      0      0      0      0  10501    495  24414      5      0 
    1    128     54      -    100     15      0      0      0      0  10501   2520  24374      5      0 
    0    149     49      -    100     12      0      0      0      0  10501    480  24414      5      0 
    1    128     53      -    100     16      0      0      0      0  10501   2520  24374      5      0 
    0    149     49      -    100     12      0      0      0      0  10501    465  24414      5      0 
    1    131     60      -    100     15      0      0      0      0  10501   2520  24374      5      0 
    0    117     49      -    100     14      0      0      0      0  10501    540  24414      5      0 
    1    128     53      -    100     16      0      0      0      0  10501   2520  24374      5      0 
    0    154     49      -    100     12      0      0      0      0  10501    435  24414      5      0 
    1    122     54      -    100     16      0      0      0      0  10501   2520  24374      5      0 
    0    149     49      -    100     11      0      0      0      0  10501    450  24414      5      0 
    1    124     53      -    100     15      0      0      0      0  10501   2520  24374      5      0 
    0    149     49      -    100     11      0      0      0      0  10501    465  24414      5      0 
    1    137     57      -    100     17      0      0      0      0  10501    615  24374      5      0 
# gpu    pwr  gtemp  mtemp     sm    mem    enc    dec    jpg    ofa   mclk   pclk     fb   bar1   ccpm 
# Idx      W      C      C      %      %      %      %      %      %    MHz    MHz     MB     MB     MB 
    0    149     49      -    100     12      0      0      0      0  10501   1440  24414      5      0 
    1    147     57      -     92     17      0      0      0      0  10501    630  24374      5      0 
    0    150     49      -     75     14      0      0      0      0  10501    480  24414      5      0 
    1    141     57      -      0      0      0      0      0      0  10501    615  24374      5      0 
    0    149     49      -    100     12      0      0      0      0  10501    495  24414      5      0 
    1    148     57      -     26     13      0      0      0      0  10501   1935  24374      5      0 
    0    149     49      -    100     12      0      0      0      0  10501    495  24414      5      0 
    1    133     55      -    100     34      0      0      0      0  10501   2520  24374      5      0 
    0    149     49      -    100     12      0      0      0      0  10501    480  24414      5      0 
    1    126     55      -    100     15      0      0      0      0  10501   2520  24374      5      0 
    0    149     49      -    100     11      0      0      0      0  10501    495  24414      5      0 
    1    126     55      -    100     15      0      0      0      0  10501   2520  24374      5      0 
    0    149     49      -    100     12      0      0      0      0  10501    480  24414      5      0 
    1    127     54      -    100     15      0      0      0      0  10501   2520  24374      5      0 
    0    149     49      -    100     11      0      0      0      0  10501    480  24414      5      0 
    1    128     54      -    100     15      0      0      0      0  10501   2520  24374      5      0 
    0    149     49      -    100     11      0      0      0      0  10501    495  24414      5      0 
    1    127     59      -    100     15      0      0      0      0  10501    495  24374      5      0 
    0    149     49      -    100     12      0      0      0      0  10501    465  24414      5      0 
    1    135     57      -    100     15      0      0      0      0  10501    600  24374      5      0 
    0    149     50      -    100     11      0      0      0      0  10501    435  24414      5      0 
    1    148     60      -    100     15      0      0      0      0  10501    420  24374      5      0 
    0    120     50      -    100     14      0      0      0      0  10501    525  24414      5      0 
    1    132     54      -    100     15      0      0      0      0  10501   2520  24374      5      0 
    0    152     49      -    100     12      0      0      0      0  10501    495  24414      5      0 
    1    121     54      -    100     17      0      0      0      0  10501   2520  24374      5      0 
    0    149     49      -    100     12      0      0      0      0  10501    480  24414      5      0 
    1    128     57      -    100     16      0      0      0      0  10501    615  24374      5      0 
    0    149     50      -    100     12      0      0      0      0  10501    495  24414      5      0 
    1    152     58      -    100     17      0      0      0      0  10501    555  24374      5      0 
    0    152     52      -     92     20      0      0      0      0  10501    495  24414      5      0 
    1    131     57      -      0      0      0      0      0      0  10501    600  24374      5      0 
    0    153     50      -    100     13      0      0      0      0  10501    495  24414      5      0 
    1    145     58      -      0      0      0      0      0      0  10501    615  24374      5      0 
    0    150     50      -    100     13      0      0      0      0  10501    510  24414      5      0 
    1    140     55      -    100     15      0      0      0      0  10501   2520  24374      5      0 
    0    149     50      -    100     12      0      0      0      0  10501    495  24414      5      0 
    1    134     54      -    100     12      0      0      0      0  10501   2520  24374      5      0 
    0    150     50      -    100     12      0      0      0      0  10501    510  24414      5      0 
    1    125     54      -    100     16      0      0      0      0  10501   2520  24374      5      0 
    0    149     50      -    100     12      0      0      0      0  10501    465  24414      5      0 
    1    135     57      -    100     15      0      0      0      0  10501    390  24374      5      0 
    0    149     50      -    100     12      0      0      0      0  10501    495  24414      5      0 
    1    152     58      -    100     17      0      0      0      0  10501    585  24374      5      0 
# gpu    pwr  gtemp  mtemp     sm    mem    enc    dec    jpg    ofa   mclk   pclk     fb   bar1   ccpm 
# Idx      W      C      C      %      %      %      %      %      %    MHz    MHz     MB     MB     MB 
    0    147     50      -     76      8      0      0      0      0  10501    510  24414      5      0 
    1    131     58      -      0      0      0      0      0      0  10501    630  24374      5      0 
    0    150     48      -     69     14      0      0      0      0  10501    615  24414      5      0 
    1    141     58      -      0      0      0      0      0      0  10501    630  24374      5      0 
    0    150     51      -    100     17      0      0      0      0  10501    465  24414      5      0 
    1    143     58      -      0      0      0      0      0      0  10501    630  24374      5      0 
    0    136     47      -      0      0      0      0      0      0  10501   2520  25798      5      0 
    1    150     58      -      0      0      0      0      0      0  10501    615  25636      5      0 
    0    125     50      -    100     14      0      0      0      0  10501    540  25798      5      0 
    1     98     58      -      0      0      0      0      0      0  10501    585  25654      5      0 
    0    150     50      -    100     14      0      0      0      0  10501    525  25798      5      0 
    1    144     58      -    100     17      0      0      0      0  10501    600  25654      5      0 
    0    151     50      -     76     15      0      0      0      0  10501    495  25798      5      0 
    1    141     58      -      0      0      0      0      0      0  10501    600  25654      5      0 
    0    150     50      -    100     13      0      0      0      0  10501    495  25798      5      0 
    1    140     58      -      0      0      0      0      0      0  10501    600  25654      5      0 
    0    150     50      -    100     12      0      0      0      0  10501    495  25798      5      0 
    1    143     58      -     55     17      0      0      0      0  10501   1755  25654      5      0 
    0    149     50      -    100     12      0      0      0      0  10501    495  25798      5      0 
    1    135     55      -    100     16      0      0      0      0  10501   2520  25654      5      0 
    0    149     50      -    100     12      0      0      0      0  10501    465  25798      5      0 
    1    124     54      -    100     16      0      0      0      0  10501   2520  25654      5      0 
    0    149     50      -    100     12      0      0      0      0  10501    480  25798      5      0 
    1    139     58      -    100     16      0      0      0      0  10501    630  25654      5      0 
    0    149     50      -    100     12      0      0      0      0  10501    465  25798      5      0 
    1    141     58      -    100     16      0      0      0      0  10501    615  25654      5      0 
    0    149     50      -    100     11      0      0      0      0  10501    630  25798      5      0 
    1    145     58      -    100     16      0      0      0      0  10501    615  25654      5      0 
    0    149     49      -     96     11      0      0      0      0  10501    435  25798      5      0 
    1    141     58      -     44      6      0      0      0      0  10501    645  25654      5      0 
    0    150     50      -     69     14      0      0      0      0  10501    480  25798      5      0 
    1    139     58      -      0      0      0      0      0      0  10501    615  25654      5      0 
    0    150     50      -     88     17      0      0      0      0  10501    480  25798      5      0 
    1    149     58      -      0      0      0      0      0      0  10501    615  25654      5      0 
    0    151     50      -    100     13      0      0      0      0  10501    495  25798      5      0 
    1    131     58      -     11      5      0      0      0      0  10501    630  25654      5      0 
    0    149     50      -    100     12      0      0      0      0  10501    480  25798      5      0 
    1    141     58      -     52     15      0      0      0      0  10501    615  25654      5      0 
    0    149     50      -    100     11      0      0      0      0  10501    480  25798      5      0 
    1    141     58      -     88     20      0      0      0      0  10501    630  25654      5      0 
    0    149     50      -    100     11      0      0      0      0  10501    465  25798      5      0 
    1    139     58      -    100     18      0      0      0      0  10501   1020  25654      5      0 
    0    149     50      -    100     11      0      0      0      0  10501    495  25798      5      0 
    1    140     57      -    100     18      0      0      0      0  10501   2280  25654      5      0 
# gpu    pwr  gtemp  mtemp     sm    mem    enc    dec    jpg    ofa   mclk   pclk     fb   bar1   ccpm 
# Idx      W      C      C      %      %      %      %      %      %    MHz    MHz     MB     MB     MB 
    0    149     50      -    100     11      0      0      0      0  10501    480  25798      5      0 
    1    145     56      -    100     18      0      0      0      0  10501   2520  25654      5      0 
    0    149     50      -    100     11      0      0      0      0  10501    510  25798      5      0 
    1    133     58      -    100     13      0      0      0      0  10501   1260  25654      5      0 
    0    149     50      -    100     11      0      0      0      0  10501    465  25798      5      0 
    1    141     58      -    100     12      0      0      0      0  10501   1485  25654      5      0 
    0    149     50      -    100     11      0      0      0      0  10501    465  25798      5      0 
    1    138     56      -    100     14      0      0      0      0  10501   2520  25654      5      0 
    0    149     50      -    100     10      0      0      0      0  10501    480  25798      5      0 
    1    133     59      -    100     13      0      0      0      0  10501    495  25654      5      0 
    0    149     50      -    100     11      0      0      0      0  10501    510  25798      5      0 
    1    140     59      -    100     14      0      0      0      0  10501    525  25654      5      0 
    0    150     50      -    100     11      0      0      0      0  10501    465  25798      5      0 
    1    139     59      -    100     14      0      0      0      0  10501    630  25654      5      0 
    0    149     50      -    100     10      0      0      0      0  10501    465  25798      5      0 
    1    140     59      -     85     20      0      0      0      0  10501    630  25654      5      0 
    0    149     50      -    100     11      0      0      0      0  10501    465  25798      5      0 
    1    138     59      -     30     11      0      0      0      0  10501    630  25654      5      0 
    0    149     50      -    100     10      0      0      0      0  10501    480  25798      5      0 
    1    140     59      -      0      0      0      0      0      0  10501    645  25654      5      0 
    0    149     50      -    100     18      0      0      0      0  10501    435  25798      5      0 
    1    137     59      -      0      0      0      0      0      0  10501    645  25654      5      0 
    0    150     51      -    100     13      0      0      0      0  10501    435  25798      5      0 
    1    138     59      -      0      0      0      0      0      0  10501    645  25654      5      0 
    0    145     49      -     28      3      0      0      0      0  10501   2520  25798      5      0 
    1    151     59      -     58      6      0      0      0      0  10501    645  25654      5      0 
    0    124     51      -    100     14      0      0      0      0  10501    540  25798      5      0 
    1    122     55      -      0      0      0      0      0      0  10501    375  25654      5      0 
    0    151     50      -    100     13      0      0      0      0  10501    510  25798      5      0 
    1    147     58      -      0      0      0      0      0      0  10501    615  25654      5      0 
    0    150     50      -     76     14      0      0      0      0  10501    495  25798      5      0 
    1    143     59      -      0      0      0      0      0      0  10501    600  25654      5      0 
    0    152     50      -    100     11      0      0      0      0  10501    495  25798      5      0 
    1    144     59      -      0      0      0      0      0      0  10501    615  25654      5      0 
    0    150     50      -    100     12      0      0      0      0  10501    495  25798      5      0 
    1    140     59      -    100     17      0      0      0      0  10501   2520  25654      5      0 
    0    149     50      -    100     12      0      0      0      0  10501    465  25798      5      0 
    1    123     56      -    100     16      0      0      0      0  10501   2520  25654      5      0 
    0    149     50      -    100     12      0      0      0      0  10501    465  25798      5      0 
    1    126     55      -    100     15      0      0      0      0  10501    495  25654      5      0 
    0    149     50      -    100     12      0      0      0      0  10501    495  25798      5      0 
    1    137     61      -    100     16      0      0      0      0  10501    630  25654      5      0 
    0    149     50      -    100     12      0      0      0      0  10501    450  25798      5      0 
    1    144     58      -    100     16      0      0      0      0  10501    630  25654      5      0 
# gpu    pwr  gtemp  mtemp     sm    mem    enc    dec    jpg    ofa   mclk   pclk     fb   bar1   ccpm 
# Idx      W      C      C      %      %      %      %      %      %    MHz    MHz     MB     MB     MB 
    0    149     50      -    100     11      0      0      0      0  10501    510  25798      5      0 
    1    137     58      -     69     11      0      0      0      0  10501    615  25654      5      0 
    0    148     52      -     86     10      0      0      0      0  10501    420  25798      5      0 
    1    141     59      -     21      3      0      0      0      0  10501    630  25654      5      0 
    0    150     51      -     69     14      0      0      0      0  10501    450  25798      5      0 
    1    142     59      -      0      0      0      0      0      0  10501    645  25654      5      0 
    0    150     51      -     69     14      0      0      0      0  10501    480  25798      5      0 
    1    135     59      -      0      0      0      0      0      0  10501    630  25654      5      0 
    0    149     51      -    100     12      0      0      0      0  10501    480  25798      5      0 
    1    138     59      -      0      0      0      0      0      0  10501    615  25654      5      0 
    0    149     51      -    100     11      0      0      0      0  10501    480  25798      5      0 
    1    139     59      -      0      0      0      0      0      0  10501    630  25654      5      0 
    0    149     51      -    100     11      0      0      0      0  10501    480  25798      5      0 
    1    138     59      -      0      0      0      0      0      0  10501    630  25654      5      0 
    0    149     50      -    100     11      0      0      0      0  10501    465  25798      5      0 
    1    137     59      -      0      0      0      0      0      0  10501    630  25654      5      0 
    0    149     51      -    100     11      0      0      0      0  10501    480  25798      5      0 
    1    137     59      -      0      0      0      0      0      0  10501    645  25654      5      0 
    0    149     51      -    100     11      0      0      0      0  10501    480  25798      5      0 
    1    137     59      -      0      0      0      0      0      0  10501    630  25654      5      0 
    0    149     51      -    100     10      0      0      0      0  10501    480  25798      5      0 
    1    138     59      -      0      0      0      0      0      0  10501    630  25654      5      0 
    0    149     51      -    100     11      0      0      0      0  10501    480  25798      5      0 
    1    138     59      -      0      0      0      0      0      0  10501    630  25654      5      0 
    0    149     51      -    100     11      0      0      0      0  10501    510  25798      5      0 
    1    136     59      -      0      0      0      0      0      0  10501    630  25654      5      0 
    0    150     51      -    100     11      0      0      0      0  10501    405  25798      5      0 
    1    137     59      -      0      0      0      0      0      0  10501    645  25654      5      0 
    0    149     51      -    100     11      0      0      0      0  10501    495  25798      5      0 
    1    138     59      -      0      0      0      0      0      0  10501    630  25654      5      0 
    0    149     51      -    100      9      0      0      0      0  10501    450  25798      5      0 
    1    137     59      -      0      0      0      0      0      0  10501    645  25654      5      0 
    0    149     51      -     85     15      0      0      0      0  10501    450  25798      5      0 
    1    138     59      -      0      0      0      0      0      0  10501    645  25654      5      0 
    0    152     51      -     63     14      0      0      0      0  10501    480  25798      5      0 
    1    150     60      -     48      6      0      0      0      0  10501    630  25654      5      0 
    0    150     49      -    100     12      0      0      0      0  10501    345  25798      5      0 
    1    129     59      -     28      5      0      0      0      0  10501    645  25654      5      0 
    0    146     51      -     72      8      0      0      0      0  10501   1125  25798      5      0 
    1    137     59      -    100     15      0      0      0      0  10501    630  25654      5      0 
    0    149     51      -    100     11      0      0      0      0  10501    525  25798      5      0 
    1    136     61      -    100     14      0      0      0      0  10501    540  25654      5      0 
    0    149     51      -    100     10      0      0      0      0  10501    450  25798      5      0 
    1    136     56      -    100     13      0      0      0      0  10501   2520  25654      5      0 
# gpu    pwr  gtemp  mtemp     sm    mem    enc    dec    jpg    ofa   mclk   pclk     fb   bar1   ccpm 
# Idx      W      C      C      %      %      %      %      %      %    MHz    MHz     MB     MB     MB 
    0    107     53      -     84     23      0      0      0      0  10501    495  25798      5      0 
    1    137     56      -    100     13      0      0      0      0  10501   2520  25654      5      0 
    0    159     50      -    100     12      0      0      0      0  10501    450  25798      5      0 
    1    111     59      -      0      0      0      0      0      0  10501    600  25654      5      0 
    0    149     51      -    100     12      0      0      0      0  10501    450  25798      5      0 
    1    140     57      -     57     18      0      0      0      0  10501   1875  25654      5      0 
    0    149     51      -    100     11      0      0      0      0  10501    450  25798      5      0 
    1    131     56      -    100     16      0      0      0      0  10501   2520  25654      5      0 
    0    149     51      -    100     12      0      0      0      0  10501    465  25798      5      0 
    1    123     55      -    100     16      0      0      0      0  10501   2520  25654      5      0 
    0    149     51      -    100     11      0      0      0      0  10501    465  25798      5      0 
    1    123     61      -    100     16      0      0      0      0  10501    555  25654      5      0 
    0    147     51      -     74      9      0      0      0      0  10501    435  25798      5      0 
    1    135     59      -    100     16      0      0      0      0  10501    630  25654      5      0 
    0    152     51      -    100     12      0      0      0      0  10501    465  25798      5      0 
    1    138     59      -    100     16      0      0      0      0  10501    645  25654      5      0 
    0    149     51      -    100     12      0      0      0      0  10501    480  25798      5      0 
    1    139     59      -      0      0      0      0      0      0  10501    615  25654      5      0 
    0    149     51      -    100     12      0      0      0      0  10501    480  25798      5      0 
    1    139     59      -      0      0      0      0      0      0  10501    630  25654      5      0 
    0    149     51      -    100     11      0      0      0      0  10501    495  25798      5      0 
    1    138     59      -      0      0      0      0      0      0  10501    600  25654      5      0 
    0    149     51      -    100     11      0      0      0      0  10501    480  25798      5      0 
    1    138     59      -     13      6      0      0      0      0  10501    615  25654      5      0 
    0    149     51      -    100     12      0      0      0      0  10501    450  25798      5      0 
    1    138     59      -     52     16      0      0      0      0  10501    615  25654      5      0 
    0    149     51      -    100     12      0      0      0      0  10501    450  25798      5      0 
    1    139     59      -     84     22      0      0      0      0  10501   2130  25654      5      0 
    0    149     51      -    100     11      0      0      0      0  10501    480  25798      5      0 
    1    136     59      -    100     20      0      0      0      0  10501   2340  25654      5      0 
    0    149     51      -    100     11      0      0      0      0  10501    450  25798      5      0 
    1    138     57      -    100     16      0      0      0      0  10501   2520  25654      5      0 
    0    149     51      -    100     11      0      0      0      0  10501    450  25798      5      0 
    1    137     58      -    100     15      0      0      0      0  10501   2400  25654      5      0 
    0    149     51      -    100     11      0      0      0      0  10501    480  25798      5      0 
    1    132     56      -    100     14      0      0      0      0  10501   2520  25654      5      0 
    0    149     51      -    100     11      0      0      0      0  10501    495  25798      5      0 
    1    134     56      -    100     15      0      0      0      0  10501   2520  25654      5      0 
    0    149     51      -    100     10      0      0      0      0  10501    465  25798      5      0 
    1    134     56      -    100     14      0      0      0      0  10501   2520  25654      5      0 
    0    149     51      -    100     11      0      0      0      0  10501    480  25798      5      0 
    1    137     56      -    100     15      0      0      0      0  10501   2430  25654      5      0 
    0    149     51      -    100     11      0      0      0      0  10501    465  25798      5      0 
    1    146     56      -    100     30      0      0      0      0  10501   2520  25654      5      0 
# gpu    pwr  gtemp  mtemp     sm    mem    enc    dec    jpg    ofa   mclk   pclk     fb   bar1   ccpm 
# Idx      W      C      C      %      %      %      %      %      %    MHz    MHz     MB     MB     MB 
    0    149     51      -    100     11      0      0      0      0  10501    495  25798      5      0 
    1    125     59      -    100     17      0      0      0      0  10501    630  25654      5      0 
    0    149     51      -    100     10      0      0      0      0  10501    480  25798      5      0 
    1    136     59      -     67     18      0      0      0      0  10501    630  25654      5      0 
    0    149     51      -    100     11      0      0      0      0  10501    465  25798      5      0 
    1    136     59      -      8      3      0      0      0      0  10501    630  25654      5      0 
    0    149     51      -    100     10      0      0      0      0  10501    510  25798      5      0 
    1    136     59      -      0      0      0      0      0      0  10501    630  25654      5      0 
    0    150     51      -    100     10      0      0      0      0  10501    480  25798      5      0 
    1    139     59      -      0      0      0      0      0      0  10501    630  25654      5      0 
    0    152     51      -    100     10      0      0      0      0  10501    465  25798      5      0 
    1    137     59      -      0      0      0      0      0      0  10501    630  25654      5      0 
    0    149     51      -    100     10      0      0      0      0  10501    465  25798      5      0 
    1    136     59      -     23      4      0      0      0      0  10501    645  25654      5      0 
    0    149     51      -    100     11      0      0      0      0  10501    480  25798      5      0 
    1    137     59      -    100     14      0      0      0      0  10501    645  25654      5      0 
    0    150     51      -     60     14      0      0      0      0  10501    405  25798      5      0 
    1    134     58      -    100     15      0      0      0      0  10501    645  25654      5      0 
    0    150     49      -    100     11      0      0      0      0  10501    690  25798      5      0 
    1    135     59      -    100     13      0      0      0      0  10501    645  25654      5      0 
    0    110     51      -    100     14      0      0      0      0  10501    540  25798      5      0 
    1    103     55      -      0      0      0      0      0      0  10501   2520  25654      5      0 
    0    151     51      -    100     12      0      0      0      0  10501    465  25798      5      0 
    1    134     58      -     81     21      0      0      0      0  10501    555  25654      5      0 
    0    149     51      -    100     12      0      0      0      0  10501    465  25798      5      0 
    1    144     58      -    100     16      0      0      0      0  10501    630  25654      5      0 
    0    149     51      -    100     13      0      0      0      0  10501    465  25798      5      0 
    1    130     55      -    100     16      0      0      0      0  10501   2520  25654      5      0 
    0    150     51      -     73     14      0      0      0      0  10501   1515  25798      5      0 
    1    140     58      -    100     17      0      0      0      0  10501    615  25654      5      0 
    0    150     51      -    100     13      0      0      0      0  10501    450  25798      5      0 
    1    137     58      -     82     14      0      0      0      0  10501   1755  25654      5      0 
    0    149     51      -    100     12      0      0      0      0  10501    480  25798      5      0 
    1    131     56      -     13      2      0      0      0      0  10501   2520  25654      5      0 
    0    149     51      -    100     12      0      0      0      0  10501    465  25798      5      0 
    1    129     55      -      0      0      0      0      0      0  10501   2520  25654      5      0 
    0    149     51      -    100     12      0      0      0      0  10501    480  25798      5      0 
    1    131     58      -      0      0      0      0      0      0  10501    630  25654      5      0 
    0    149     51      -    100     12      0      0      0      0  10501    480  25798      5      0 
    1    127     60      -      0      0      0      0      0      0  10501    510  25654      5      0 
    0    149     51      -    100     11      0      0      0      0  10501    480  25798      5      0 
    1    134     58      -     26     12      0      0      0      0  10501    615  25654      5      0 
    0    149     51      -    100     11      0      0      0      0  10501    495  25798      5      0 
    1    138     58      -     71     18      0      0      0      0  10501    630  25654      5      0 
# gpu    pwr  gtemp  mtemp     sm    mem    enc    dec    jpg    ofa   mclk   pclk     fb   bar1   ccpm 
# Idx      W      C      C      %      %      %      %      %      %    MHz    MHz     MB     MB     MB 
    0    149     51      -    100     12      0      0      0      0  10501    465  25798      5      0 
    1    143     58      -    100     23      0      0      0      0  10501    630  25654      5      0 
    0    149     51      -    100     12      0      0      0      0  10501    480  25798      5      0 
    1    140     57      -    100     23      0      0      0      0  10501   2085  25654      5      0 
    0    149     51      -    100     11      0      0      0      0  10501    480  25798      5      0 
    1    138     58      -    100     14      0      0      0      0  10501    630  25654      5      0 
    0    149     51      -    100     11      0      0      0      0  10501    480  25798      5      0 
    1    140     58      -    100     15      0      0      0      0  10501    645  25654      5      0 
    0    149     51      -    100     11      0      0      0      0  10501    495  25798      5      0 
    1    137     58      -    100     14      0      0      0      0  10501    630  25654      5      0 
    0    149     51      -    100     11      0      0      0      0  10501    480  25798      5      0 
    1    137     58      -    100     14      0      0      0      0  10501    645  25654      5      0 
    0    149     51      -    100     11      0      0      0      0  10501    510  25798      5      0 
    1    137     58      -    100     15      0      0      0      0  10501    630  25654      5      0 
    0    149     51      -    100     11      0      0      0      0  10501    525  25798      5      0 
    1    138     58      -    100     14      0      0      0      0  10501    645  25654      5      0 
    0    149     51      -    100     11      0      0      0      0  10501    495  25798      5      0 
    1    139     58      -    100     14      0      0      0      0  10501    645  25654      5      0 
    0    149     51      -    100     11      0      0      0      0  10501    480  25798      5      0 
    1    138     58      -    100     14      0      0      0      0  10501    645  25654      5      0 
    0    149     51      -    100     11      0      0      0      0  10501    510  25798      5      0 
    1    139     58      -    100     14      0      0      0      0  10501    630  25654      5      0 
    0    149     51      -    100     11      0      0      0      0  10501    495  25798      5      0 
    1    137     58      -    100     14      0      0      0      0  10501    645  25654      5      0 
    0    149     51      -    100     11      0      0      0      0  10501    495  25798      5      0 
    1    138     58      -    100     14      0      0      0      0  10501    645  25654      5      0 
    0    149     51      -    100     11      0      0      0      0  10501    510  25798      5      0 
    1    135     58      -    100     14      0      0      0      0  10501    645  25654      5      0 
    0    149     51      -    100     10      0      0      0      0  10501    480  25798      5      0 
    1    136     55      -     50     14      0      0      0      0  10501    510  25654      5      0 
    0    149     51      -    100     11      0      0      0      0  10501    495  25798      5      0 
    1    134     55      -      0      0      0      0      0      0  10501   2520  25654      5      0 
    0    149     51      -    100     11      0      0      0      0  10501    465  25798      5      0 
    1    134     55      -      0      0      0      0      0      0  10501   2520  25654      5      0 
    0    149     51      -    100      9      0      0      0      0  10501    480  25798      5      0 
    1    136     55      -      0      0      0      0      0      0  10501   2520  25654      5      0 
    0    150     51      -    100      9      0      0      0      0  10501    465  25798      5      0 
    1    136     56      -     84     10      0      0      0      0  10501   2235  25654      5      0 
    0    129     49      -      0      0      0      0      0      0  10501   2520  25798      5      0 
    1    135     58      -    100     14      0      0      0      0  10501    570  25654      5      0 
    0    119     51      -    100     14      0      0      0      0  10501    540  28550      5      0 
    1     97     58      -     58     18      0      0      0      0  10501    600  28214      5      0 
    0    151     51      -    100     14      0      0      0      0  10501    525  28550      5      0 
    1    121     56      -     58     18      0      0      0      0  10501   1050  28214      5      0 
# gpu    pwr  gtemp  mtemp     sm    mem    enc    dec    jpg    ofa   mclk   pclk     fb   bar1   ccpm 
# Idx      W      C      C      %      %      %      %      %      %    MHz    MHz     MB     MB     MB 
    0    150     51      -    100     13      0      0      0      0  10501    510  28550      5      0 
    1    140     58      -    100     16      0      0      0      0  10501    615  28214      5      0 
    0    151     51      -     71     17      0      0      0      0  10501    435  28550      5      0 
    1    139     58      -    100     17      0      0      0      0  10501    600  28214      5      0 
    0    151     51      -    100     13      0      0      0      0  10501    450  28550      5      0 
    1    138     58      -     61     10      0      0      0      0  10501   2340  28214      5      0 
    0    150     51      -    100     13      0      0      0      0  10501    465  28550      5      0 
    1    129     55      -      0      0      0      0      0      0  10501   2520  28214      5      0 
    0    149     51      -    100     12      0      0      0      0  10501    495  28550      5      0 
    1    138     58      -      0      0      0      0      0      0  10501    630  28214      5      0 
    0    149     51      -    100     12      0      0      0      0  10501    480  28550      5      0 
    1    130     54      -      0      0      0      0      0      0  10501   1440  28214      5      0 
    0    149     51      -    100     12      0      0      0      0  10501    465  28550      5      0 
    1    126     58      -     10      4      0      0      0      0  10501    615  28214      5      0 
    0    149     51      -    100     11      0      0      0      0  10501    480  28550      5      0 
    1    138     58      -     64     19      0      0      0      0  10501    630  28214      5      0 
    0    149     51      -    100     12      0      0      0      0  10501    495  28550      5      0 
    1    142     58      -    100     22      0      0      0      0  10501    630  28214      5      0 
    0    149     51      -    100     11      0      0      0      0  10501    465  28550      5      0 
    1    137     56      -    100     22      0      0      0      0  10501   2325  28214      5      0 
    0    149     51      -    100     11      0      0      0      0  10501    465  28550      5      0 
    1    137     58      -    100     15      0      0      0      0  10501    630  28214      5      0 
    0    149     51      -    100     12      0      0      0      0  10501    465  28550      5      0 
    1    139     58      -    100     15      0      0      0      0  10501    630  28214      5      0 
    0    149     51      -    100     11      0      0      0      0  10501    450  28550      5      0 
    1    137     58      -    100     15      0      0      0      0  10501    630  28214      5      0 
    0    149     51      -    100     11      0      0      0      0  10501    495  28550      5      0 
    1    137     58      -    100     15      0      0      0      0  10501    615  28214      5      0 
    0    149     51      -    100     11      0      0      0      0  10501    495  28550      5      0 
    1    128     55      -    100     15      0      0      0      0  10501    630  28214      5      0 
    0    149     51      -    100     11      0      0      0      0  10501    525  28550      5      0 
    1    137     58      -    100     14      0      0      0      0  10501    630  28214      5      0 
    0    149     51      -    100     11      0      0      0      0  10501    525  28550      5      0 
    1    137     58      -    100     14      0      0      0      0  10501    630  28214      5      0 
    0    149     51      -    100     11      0      0      0      0  10501    540  28550      5      0 
    1    135     58      -    100     14      0      0      0      0  10501    645  28214      5      0 
    0    149     51      -    100     11      0      0      0      0  10501    495  28550      5      0 
    1    136     58      -    100     14      0      0      0      0  10501    630  28214      5      0 
    0    149     51      -    100     11      0      0      0      0  10501    540  28550      5      0 
    1    133     55      -    100     14      0      0      0      0  10501   2520  28214      5      0 
    0    149     51      -    100     11      0      0      0      0  10501    510  28550      5      0 
    1    136     58      -    100     14      0      0      0      0  10501    645  28214      5      0 
    0    149     51      -    100     11      0      0      0      0  10501    495  28550      5      0 
    1    136     58      -    100     14      0      0      0      0  10501    645  28214      5      0 
# gpu    pwr  gtemp  mtemp     sm    mem    enc    dec    jpg    ofa   mclk   pclk     fb   bar1   ccpm 
# Idx      W      C      C      %      %      %      %      %      %    MHz    MHz     MB     MB     MB 
    0    149     51      -    100     10      0      0      0      0  10501    510  28550      5      0 
    1    136     58      -    100     18      0      0      0      0  10501    630  28214      5      0 
    0    149     51      -    100     11      0      0      0      0  10501    495  28550      5      0 
    1    143     54      -     41     18      0      0      0      0  10501   2520  28214      5      0 
    0    149     51      -    100     11      0      0      0      0  10501    480  28550      5      0 
    1    139     55      -      0      0      0      0      0      0  10501   2520  28214      5      0 
    0    150     51      -    100     10      0      0      0      0  10501    480  28550      5      0 
    1    135     54      -      0      0      0      0      0      0  10501   2520  28214      5      0 
    0    149     51      -    100     10      0      0      0      0  10501    450  28550      5      0 
    1    135     55      -      0      0      0      0      0      0  10501   2520  28214      5      0 
    0    149     51      -    100     10      0      0      0      0  10501    480  28550      5      0 
    1    135     55      -     55      6      0      0      0      0  10501   2520  28214      5      0 
    0    149     51      -    100      9      0      0      0      0  10501    450  28550      5      0 
    1    135     58      -    100     14      0      0      0      0  10501    540  28214      5      0 
    0    147     51      -    100     11      0      0      0      0  10501    480  28550      5      0 
    1    136     58      -    100     14      0      0      0      0  10501    630  28214      5      0 
    0    151     50      -     60     13      0      0      0      0  10501    300  28550      5      0 
    1    133     58      -    100     13      0      0      0      0  10501    645  28214      5      0 
    0    149     50      -    100     10      0      0      0      0  10501   2025  28550      5      0 
    1    150     58      -    100     13      0      0      0      0  10501    645  28214      5      0 
    0    149     52      -    100     10      0      0      0      0  10501    570  28550      5      0 
    1    128     58      -    100     13      0      0      0      0  10501    660  28214      5      0 
    0    148     52      -    100     10      0      0      0      0  10501    510  28550      5      0 
    1    133     58      -    100     12      0      0      0      0  10501    660  28214      5      0 
    0    149     52      -    100     10      0      0      0      0  10501    525  28550      5      0 
    1    133     58      -    100     12      0      0      0      0  10501    570  28214      5      0 
    0    150     51      -    100     11      0      0      0      0  10501    525  28550      5      0 
    1    133     54      -      0      0      0      0      0      0  10501   2520  28214      5      0 
    0    150     51      -    100     10      0      0      0      0  10501    495  28550      5      0 
    1    139     55      -      0      0      0      0      0      0  10501   2520  28214      5      0 
    0    150     51      -    100      9      0      0      0      0  10501    465  28550      5      0 
    1    140     58      -    100     12      0      0      0      0  10501    555  28214      5      0 
    0    151     52      -    100     13      0      0      0      0  10501    480  28550      5      0 
    1    134     58      -    100     12      0      0      0      0  10501    645  28214      5      0 
    0    151     50      -    100     11      0      0      0      0  10501   1215  28550      5      0 
    1    132     54      -    100     12      0      0      0      0  10501   2520  28214      5      0 
    0    149     52      -    100      9      0      0      0      0  10501    585  28550      5      0 
    1    133     58      -    100     13      0      0      0      0  10501    645  28214      5      0 
    0    149     52      -    100     10      0      0      0      0  10501    525  28550      5      0 
    1    134     58      -     33     10      0      0      0      0  10501    645  28214      5      0 
    0    160     52      -    100     10      0      0      0      0  10501    465  28550      5      0 
    1    142     54      -      0      0      0      0      0      0  10501   2520  28214      5      0 
    0    149     52      -    100      9      0      0      0      0  10501    510  28550      5      0 
    1    146     55      -      0      0      0      0      0      0  10501   2520  28214      5      0 
# gpu    pwr  gtemp  mtemp     sm    mem    enc    dec    jpg    ofa   mclk   pclk     fb   bar1   ccpm 
# Idx      W      C      C      %      %      %      %      %      %    MHz    MHz     MB     MB     MB 
    0    149     52      -    100     10      0      0      0      0  10501    480  28550      5      0 
    1    133     57      -    100     13      0      0      0      0  10501    495  28214      5      0 
    0    151     52      -     50      9      0      0      0      0  10501    435  28550      5      0 
    1    134     58      -    100     12      0      0      0      0  10501    645  28214      5      0 
    0    151     52      -    100     11      0      0      0      0  10501    510  28550      5      0 
    1    135     58      -    100     12      0      0      0      0  10501    645  28214      5      0 
    0    148     52      -    100      9      0      0      0      0  10501    540  28550      5      0 
    1    126     65      -     19      7      0      0      0      0  10501    480  28214      5      0 
    0    149     52      -    100     11      0      0      0      0  10501    480  28550      5      0 
    1    150     54      -      0      0      0      0      0      0  10501   2520  28214      5      0 
    0    149     52      -    100      9      0      0      0      0  10501    540  28550      5      0 
    1    150     57      -     37      3      0      0      0      0  10501   1785  28214      5      0 
    0    150     55      -     85     16      0      0      0      0  10501    435  28550      5      0 
    1    125     58      -    100     13      0      0      0      0  10501    645  28214      5      0 
    0    153     52      -    100     10      0      0      0      0  10501    480  28550      5      0 
    1    132     58      -    100     13      0      0      0      0  10501    645  28214      5      0 
    0    149     52      -    100      9      0      0      0      0  10501    495  28550      5      0 
    1    130     54      -     26      9      0      0      0      0  10501    495  28214      5      0 
    0    149     52      -    100      9      0      0      0      0  10501    480  28550      5      0 
    1    147     55      -      0      0      0      0      0      0  10501   2520  28214      5      0 
    0    150     52      -    100      9      0      0      0      0  10501    435  28550      5      0 
    1    135     58      -    100     12      0      0      0      0  10501    510  28214      5      0 
    0    148     50      -    100      9      0      0      0      0  10501    495  28550      5      0 
    1    144     58      -    100     12      0      0      0      0  10501    660  28214      5      0 
    0    149     52      -    100      9      0      0      0      0  10501    570  28550      5      0 
    1    122     58      -    100     14      0      0      0      0  10501    675  28214      5      0 
    0    149     52      -    100     10      0      0      0      0  10501    480  28550      5      0 
    1    143     55      -      0      0      0      0      0      0  10501   2520  28214      5      0 
    0    151     52      -    100      9      0      0      0      0  10501    465  28550      5      0 
    1    139     57      -    100     10      0      0      0      0  10501    510  28214      5      0 
    0    149     52      -     84      8      0      0      0      0  10501    525  28550      5      0 
    1    130     58      -    100     12      0      0      0      0  10501    645  28214      5      0 
    0    150     52      -    100     10      0      0      0      0  10501    495  28550      5      0 
    1    130     58      -    100     10      0      0      0      0  10501    630  28214      5      0 
    0    149     52      -    100      9      0      0      0      0  10501    495  28550      5      0 
    1    139     54      -      0      0      0      0      0      0  10501   2520  28214      5      0 
    0    149     52      -    100      9      0      0      0      0  10501    495  28550      5      0 
    1    138     57      -    100     10      0      0      0      0  10501    525  28214      5      0 
    0    149     52      -     32      3      0      0      0      0  10501    525  28550      5      0 
    1    130     58      -    100     11      0      0      0      0  10501    630  28214      5      0 
    0    151     52      -    100     10      0      0      0      0  10501    465  28550      5      0 
    1    130     58      -     64     15      0      0      0      0  10501    660  28214      5      0 
    0    148     52      -    100     10      0      0      0      0  10501    480  28550      5      0 
    1    138     55      -     20      1      0      0      0      0  10501   2520  28214      5      0 
# gpu    pwr  gtemp  mtemp     sm    mem    enc    dec    jpg    ofa   mclk   pclk     fb   bar1   ccpm 
# Idx      W      C      C      %      %      %      %      %      %    MHz    MHz     MB     MB     MB 
    0    150     52      -    100      9      0      0      0      0  10501    480  28550      5      0 
    1    137     58      -    100     12      0      0      0      0  10501    540  28214      5      0 
    0    148     52      -    100      9      0      0      0      0  10501    495  28550      5      0 
    1    127     58      -    100     11      0      0      0      0  10501    660  28214      5      0 
    0    146     49      -    100      9      0      0      0      0  10501   2325  28550      5      0 
    1    123     54      -      0      0      0      0      0      0  10501   2520  28214      5      0 
    0     90     51      -      0      0      0      0      0      0  10501    435  28550      5      0 
    1    151     57      -    100     11      0      0      0      0  10501    525  28214      5      0 
    0    153     51      -    100     14      0      0      0      0  10501    435  28550      5      0 
    1    101     57      -    100     17      0      0      0      0  10501    615  28214      5      0 
    0    150     52      -    100     14      0      0      0      0  10501    480  28550      5      0 
    1    141     57      -    100     16      0      0      0      0  10501    615  28214      5      0 
    0    149     51      -     83     11      0      0      0      0  10501    435  28550      5      0 
    1    138     57      -    100     17      0      0      0      0  10501    600  28214      5      0 
    0    149     51      -     95     19      0      0      0      0  10501    435  28550      5      0 
    1    139     57      -    100     17      0      0      0      0  10501    795  28214      5      0 
    0    149     51      -    100     13      0      0      0      0  10501    480  28550      5      0 
    1    130     55      -     19      3      0      0      0      0  10501   2520  28214      5      0 
    0    149     51      -    100     12      0      0      0      0  10501    435  28550      5      0 
    1    129     54      -      0      0      0      0      0      0  10501   2520  28214      5      0 
    0    149     51      -    100     12      0      0      0      0  10501    420  28550      5      0 
    1    124     54      -      0      0      0      0      0      0  10501   2520  28214      5      0 
    0    150     52      -    100     12      0      0      0      0  10501    465  28550      5      0 
    1    130     58      -     17      8      0      0      0      0  10501    540  28214      5      0 
    0    149     52      -    100     11      0      0      0      0  10501    450  28550      5      0 
    1    139     57      -     81     21      0      0      0      0  10501    630  28214      5      0 
    0    149     51      -    100     12      0      0      0      0  10501    480  28550      5      0 
    1    138     57      -    100     15      0      0      0      0  10501    645  28214      5      0 
    0    149     51      -    100     11      0      0      0      0  10501    465  28550      5      0 
    1    139     57      -    100     15      0      0      0      0  10501    615  28214      5      0 
    0    149     52      -    100     11      0      0      0      0  10501    480  28550      5      0 
    1    139     57      -    100     15      0      0      0      0  10501    615  28214      5      0 
    0    149     52      -    100     11      0      0      0      0  10501    510  28550      5      0 
    1    137     57      -    100     15      0      0      0      0  10501    630  28214      5      0 
    0    149     52      -    100     11      0      0      0      0  10501    450  28550      5      0 
    1    137     57      -    100     15      0      0      0      0  10501    630  28214      5      0 
    0    149     52      -    100     11      0      0      0      0  10501    435  28550      5      0 
    1    138     57      -    100     14      0      0      0      0  10501    615  28214      5      0 
    0    149     52      -    100     11      0      0      0      0  10501    450  28550      5      0 
    1    138     57      -    100     14      0      0      0      0  10501    630  28214      5      0 
    0    149     51      -    100     11      0      0      0      0  10501    480  28550      5      0 
    1    137     57      -    100     14      0      0      0      0  10501    645  28214      5      0 
    0    149     52      -    100     11      0      0      0      0  10501    465  28550      5      0 
    1    134     57      -    100     14      0      0      0      0  10501    615  28214      5      0 
# gpu    pwr  gtemp  mtemp     sm    mem    enc    dec    jpg    ofa   mclk   pclk     fb   bar1   ccpm 
# Idx      W      C      C      %      %      %      %      %      %    MHz    MHz     MB     MB     MB 
    0    149     52      -    100     11      0      0      0      0  10501    450  28550      5      0 
    1    138     58      -    100     15      0      0      0      0  10501    645  28214      5      0 
    0    149     52      -    100     11      0      0      0      0  10501    465  28550      5      0 
    1    136     57      -    100     14      0      0      0      0  10501    645  28214      5      0 
    0    149     52      -    100     11      0      0      0      0  10501    480  28550      5      0 
    1    137     57      -    100     14      0      0      0      0  10501    645  28214      5      0 
    0    149     52      -    100     11      0      0      0      0  10501    525  28550      5      0 
    1    137     57      -    100     14      0      0      0      0  10501    645  28214      5      0 
    0    149     52      -    100     11      0      0      0      0  10501    510  28550      5      0 
    1    136     57      -    100     14      0      0      0      0  10501    645  28214      5      0 
    0    149     52      -    100     11      0      0      0      0  10501    480  28550      5      0 
    1    135     57      -    100     14      0      0      0      0  10501    645  28214      5      0 
    0    150     51      -    100     11      0      0      0      0  10501    465  28550      5      0 
    1    135     57      -    100     13      0      0      0      0  10501    645  28214      5      0 
    0    149     52      -    100     10      0      0      0      0  10501    435  28550      5      0 
    1    135     57      -    100     19      0      0      0      0  10501    645  28214      5      0 
    0    149     52      -    100     11      0      0      0      0  10501    510  28550      5      0 
    1    140     57      -     25     11      0      0      0      0  10501    645  28214      5      0 
    0    149     51      -    100     10      0      0      0      0  10501    480  28550      5      0 
    1    135     54      -      0      0      0      0      0      0  10501   2520  28214      5      0 
    0    150     52      -    100     10      0      0      0      0  10501    480  28550      5      0 
    1    134     54      -      0      0      0      0      0      0  10501   2520  28214      5      0 
    0    150     51      -    100      9      0      0      0      0  10501    465  28550      5      0 
    1    136     54      -      0      0      0      0      0      0  10501   2520  28214      5      0 
    0    149     51      -    100     10      0      0      0      0  10501    435  28550      5      0 
    1    138     56      -     25      3      0      0      0      0  10501   2520  28214      5      0 
    0    150     52      -    100     10      0      0      0      0  10501    450  28550      5      0 
    1    135     58      -    100     14      0      0      0      0  10501    540  28214      5      0 
    0    150     52      -    100     16      0      0      0      0  10501    465  28550      5      0 
    1    135     58      -    100     13      0      0      0      0  10501    645  28214      5      0 
    0    152     50      -     97     11      0      0      0      0  10501   2115  28550      5      0 
    1    134     58      -    100     13      0      0      0      0  10501    660  28214      5      0 
    0    149     52      -    100     11      0      0      0      0  10501    540  28550      5      0 
    1    133     57      -    100     13      0      0      0      0  10501    645  28214      5      0 
    0    150     52      -    100     11      0      0      0      0  10501    480  28550      5      0 
    1    134     57      -    100     12      0      0      0      0  10501    645  28214      5      0 
    0    149     52      -    100     11      0      0      0      0  10501    525  28550      5      0 
    1    128     58      -     10      3      0      0      0      0  10501    480  28214      5      0 
    0    150     52      -    100     10      0      0      0      0  10501    540  28550      5      0 
    1    138     54      -      0      0      0      0      0      0  10501   2520  28214      5      0 
    0    150     52      -    100      9      0      0      0      0  10501    495  28550      5      0 
    1    140     55      -     47      5      0      0      0      0  10501   2520  28214      5      0 
    0    149     52      -    100      9      0      0      0      0  10501    525  28550      5      0 
    1    140     57      -     85      9      0      0      0      0  10501    555  28214      5      0 
# gpu    pwr  gtemp  mtemp     sm    mem    enc    dec    jpg    ofa   mclk   pclk     fb   bar1   ccpm 
# Idx      W      C      C      %      %      %      %      %      %    MHz    MHz     MB     MB     MB 
    0    150     52      -     59     14      0      0      0      0  10501    480  28550      5      0 
    1    134     58      -    100     13      0      0      0      0  10501    630  28214      5      0 
    0    146     54      -     81      8      0      0      0      0  10501   1575  28550      5      0 
    1    134     58      -    100     13      0      0      0      0  10501    660  28214      5      0 
    0    149     52      -    100     10      0      0      0      0  10501    525  28550      5      0 
    1    133     57      -    100     13      0      0      0      0  10501    660  28214      5      0 
    0    150     52      -    100     10      0      0      0      0  10501    510  28550      5      0 
    1    135     55      -     66     17      0      0      0      0  10501    525  28214      5      0 
    0    150     52      -    100      9      0      0      0      0  10501    510  28550      5      0 
    1    143     54      -      0      0      0      0      0      0  10501   2520  28214      5      0 
    0    151     52      -    100      9      0      0      0      0  10501    465  28550      5      0 
    1    143     55      -    100     12      0      0      0      0  10501    975  28214      5      0 
    0    150     52      -    100     14      0      0      0      0  10501    435  28550      5      0 
    1    132     58      -    100     13      0      0      0      0  10501    660  28214      5      0 
    0    153     52      -    100      9      0      0      0      0  10501    480  28550      5      0 
    1    131     58      -    100     12      0      0      0      0  10501    630  28214      5      0 
    0    149     52      -    100     10      0      0      0      0  10501    555  28550      5      0 
    1    131     57      -    100     15      0      0      0      0  10501    630  28214      5      0 
    0    149     52      -    100      9      0      0      0      0  10501    510  28550      5      0 
    1    140     54      -      0      0      0      0      0      0  10501   2520  28214      5      0 
    0    150     52      -    100      8      0      0      0      0  10501    495  28550      5      0 
    1    145     57      -    100     11      0      0      0      0  10501   1755  28214      5      0 
    0    151     52      -    100      9      0      0      0      0  10501    465  28550      5      0 
    1    133     58      -    100     12      0      0      0      0  10501    660  28214      5      0 
    0    148     52      -    100      9      0      0      0      0  10501    495  28550      5      0 
    1    132     58      -    100     12      0      0      0      0  10501    675  28214      5      0 
    0    149     52      -    100      9      0      0      0      0  10501    585  28550      5      0 
    1    135     64      -     45     18      0      0      0      0  10501    555  28214      5      0 
    0    149     52      -    100     10      0      0      0      0  10501    555  28550      5      0 
    1    136     54      -      0      0      0      0      0      0  10501   2520  28214      5      0 
    0    150     52      -    100      9      0      0      0      0  10501    465  28550      5      0 
    1    144     57      -    100     10      0      0      0      0  10501    525  28214      5      0 
    0    151     52      -     54     13      0      0      0      0  10501    450  28550      5      0 
    1    132     58      -    100     12      0      0      0      0  10501    645  28214      5      0 
    0    148     52      -    100     10      0      0      0      0  10501    465  28550      5      0 
    1    129     57      -    100     12      0      0      0      0  10501    645  28214      5      0 
    0    149     52      -    100     10      0      0      0      0  10501    510  28550      5      0 
    1    128     54      -      0      0      0      0      0      0  10501   2520  28214      5      0 
    0    151     52      -    100      9      0      0      0      0  10501    510  28550      5      0 
    1    149     55      -      0      0      0      0      0      0  10501   2520  28214      5      0 
    0    149     52      -    100      9      0      0      0      0  10501    480  28550      5      0 
    1    137     57      -    100     11      0      0      0      0  10501    525  28214      5      0 
    0    148     52      -    100     10      0      0      0      0  10501    480  28550      5      0 
    1    147     58      -    100     12      0      0      0      0  10501    630  28214      5      0 
# gpu    pwr  gtemp  mtemp     sm    mem    enc    dec    jpg    ofa   mclk   pclk     fb   bar1   ccpm 
# Idx      W      C      C      %      %      %      %      %      %    MHz    MHz     MB     MB     MB 
    0    149     52      -    100      9      0      0      0      0  10501    555  28550      5      0 
    1    114     54      -     64     15      0      0      0      0  10501    540  28214      5      0 
    0    159     52      -    100      9      0      0      0      0  10501    495  28550      5      0 
    1    149     55      -      0      0      0      0      0      0  10501   2520  28214      5      0 
    0    147     52      -    100      9      0      0      0      0  10501    465  28550      5      0 
    1    141     57      -    100     11      0      0      0      0  10501    555  28214      5      0 
    0    150     52      -     97      9      0      0      0      0  10501    495  28550      5      0 
    1    127     58      -    100     12      0      0      0      0  10501    645  28214      5      0 
    0    151     52      -    100      9      0      0      0      0  10501    435  28550      5      0 
    1    129     60      -     75     15      0      0      0      0  10501    600  28214      5      0 
    0    151     52      -    100      9      0      0      0      0  10501    525  28550      5      0 
    1    151     56      -     25      2      0      0      0      0  10501   2520  28214      5      0 
    0    150     52      -    100     10      0      0      0      0  10501    540  28550      5      0 
    1    134     58      -    100     12      0      0      0      0  10501    570  28214      5      0 
    0    152     52      -    100      9      0      0      0      0  10501    465  28550      5      0 
    1    129     58      -    100     11      0      0      0      0  10501    630  28214      5      0 
    0    147     50      -    100      9      0      0      0      0  10501   1500  28550      5      0 
    1    126     54      -      0      0      0      0      0      0  10501   2520  28214      5      0 
    0     82     54      -      0      0      0      0      0      0  10501   2520  28550      5      0 
    1    150     57      -    100     11      0      0      0      0  10501    525  28214      5      0 
    0    152     51      -    100     14      0      0      0      0  10501    435  28550      5      0 
    1    100     57      -    100     16      0      0      0      0  10501    615  28214      5      0 
    0    149     51      -    100     14      0      0      0      0  10501    435  28550      5      0 
    1    140     57      -    100     16      0      0      0      0  10501    600  28214      5      0 
    0    149     51      -    100     14      0      0      0      0  10501    450  28550      5      0 
    1    138     57      -    100     16      0      0      0      0  10501    600  28214      5      0 
    0    149     51      -     70     16      0      0      0      0  10501    420  28550      5      0 
    1    140     57      -    100     17      0      0      0      0  10501    615  28214      5      0 
    0    149     51      -    100     13      0      0      0      0  10501    450  28550      5      0 
    1    135     57      -     63     10      0      0      0      0  10501   1755  28214      5      0 
    0    149     51      -    100     13      0      0      0      0  10501    450  28550      5      0 
    1    128     55      -      0      0      0      0      0      0  10501   2520  28214      5      0 
    0    149     51      -    100     13      0      0      0      0  10501    465  28550      5      0 
    1    124     54      -      0      0      0      0      0      0  10501   2520  28214      5      0 
    0    148     53      -    100     12      0      0      0      0  10501    405  28550      5      0 
    1    125     56      -      0      0      0      0      0      0  10501   2520  28214      5      0 
    0    150     52      -    100     12      0      0      0      0  10501    450  28550      5      0 
    1    132     57      -     27     12      0      0      0      0  10501    525  28214      5      0 
    0    150     52      -    100     12      0      0      0      0  10501    465  28550      5      0 
    1    139     57      -     81     20      0      0      0      0  10501    615  28214      5      0 
    0    152     52      -    100     12      0      0      0      0  10501    465  28550      5      0 
    1    143     57      -    100     15      0      0      0      0  10501    630  28214      5      0 
    0    149     52      -    100     11      0      0      0      0  10501    480  28550      5      0 
    1    139     57      -    100     15      0      0      0      0  10501    645  28214      5      0 
# gpu    pwr  gtemp  mtemp     sm    mem    enc    dec    jpg    ofa   mclk   pclk     fb   bar1   ccpm 
# Idx      W      C      C      %      %      %      %      %      %    MHz    MHz     MB     MB     MB 
    0    149     52      -    100     11      0      0      0      0  10501    495  28550      5      0 
    1    137     57      -    100     14      0      0      0      0  10501    630  28214      5      0 
    0    149     52      -    100     11      0      0      0      0  10501    450  28550      5      0 
    1    138     57      -    100     15      0      0      0      0  10501    630  28214      5      0 
    0    149     52      -    100     11      0      0      0      0  10501    480  28550      5      0 
    1    138     57      -    100     14      0      0      0      0  10501    630  28214      5      0 
    0    149     52      -    100     11      0      0      0      0  10501    480  28550      5      0 
    1    137     57      -    100     14      0      0      0      0  10501    630  28214      5      0 
    0    149     52      -    100     11      0      0      0      0  10501    480  28550      5      0 
    1    138     57      -    100     15      0      0      0      0  10501    630  28214      5      0 
    0    149     52      -    100     11      0      0      0      0  10501    495  28550      5      0 
    1    136     57      -    100     14      0      0      0      0  10501    630  28214      5      0 
    0    149     52      -    100     11      0      0      0      0  10501    480  28550      5      0 
    1    136     57      -    100     14      0      0      0      0  10501    645  28214      5      0 
    0    149     52      -    100     11      0      0      0      0  10501    465  28550      5      0 
    1    136     57      -    100     14      0      0      0      0  10501    645  28214      5      0 
    0    149     52      -    100     10      0      0      0      0  10501    480  28550      5      0 
    1    137     57      -    100     14      0      0      0      0  10501    645  28214      5      0 
    0    149     52      -    100     11      0      0      0      0  10501    480  28550      5      0 
    1    136     57      -    100     14      0      0      0      0  10501    645  28214      5      0 
    0    149     52      -    100     10      0      0      0      0  10501    465  28550      5      0 
    1    138     57      -    100     12      0      0      0      0  10501    645  28214      5      0 
    0    149     52      -    100     11      0      0      0      0  10501    435  28550      5      0 
    1    135     57      -     88     19      0      0      0      0  10501    645  28214      5      0 
    0    149     52      -    100     10      0      0      0      0  10501    420  28550      5      0 
    1    136     58      -     13      5      0      0      0      0  10501    630  28214      5      0 
    0    151     50      -    100     10      0      0      0      0  10501    360  28550      5      0 
    1    134     54      -      0      0      0      0      0      0  10501   2520  28214      5      0 
    0    150     52      -    100     10      0      0      0      0  10501    480  28550      5      0 
    1    133     54      -      0      0      0      0      0      0  10501   2520  28214      5      0 
    0    150     52      -    100     10      0      0      0      0  10501    570  28550      5      0 
    1    135     54      -      0      0      0      0      0      0  10501   2520  28214      5      0 
    0    149     52      -    100      9      0      0      0      0  10501    555  28550      5      0 
    1    136     55      -      0      0      0      0      0      0  10501   2520  28214      5      0 
    0    151     52      -    100      9      0      0      0      0  10501    435  28550      5      0 
    1    136     57      -     62      8      0      0      0      0  10501   2310  28214      5      0 
    0    149     52      -    100     10      0      0      0      0  10501    525  28550      5      0 
    1    138     57      -    100     14      0      0      0      0  10501    525  28214      5      0 
    0    160     52      -     99     34      0      0      0      0  10501    480  28550      5      0 
    1    135     58      -    100     13      0      0      0      0  10501    540  28214      5      0 
    0    150     52      -     88     24      0      0      0      0  10501    450  28550      5      0 
    1    144     58      -    100     14      0      0      0      0  10501    570  28214      5      0 
    0    149     52      -     99     18      0      0      0      0  10501    480  28550      5      0 
    1    139     58      -    100     14      0      0      0      0  10501    645  28214      5      0 
# gpu    pwr  gtemp  mtemp     sm    mem    enc    dec    jpg    ofa   mclk   pclk     fb   bar1   ccpm 
# Idx      W      C      C      %      %      %      %      %      %    MHz    MHz     MB     MB     MB 
    0    148     52      -     84     10      0      0      0      0  10501    495  28550      5      0 
    1    137     58      -    100     13      0      0      0      0  10501    660  28214      5      0 
    0    150     52      -    100     11      0      0      0      0  10501    465  28550      5      0 
    1    136     57      -    100     13      0      0      0      0  10501    660  28214      5      0 
    0    150     52      -    100     11      0      0      0      0  10501    450  28550      5      0 
    1    136     57      -    100     13      0      0      0      0  10501    660  28214      5      0 
    0    148     52      -    100     10      0      0      0      0  10501    465  28550      5      0 
    1    136     57      -     58     15      0      0      0      0  10501    645  28214      5      0 
    0    148     52      -    100      9      0      0      0      0  10501   1260  28550      5      0 
    1    140     54      -      0      0      0      0      0      0  10501   2520  28214      5      0 
    0    149     52      -    100      9      0      0      0      0  10501    570  28550      5      0 
    1    145     54      -      0      0      0      0      0      0  10501   2520  28214      5      0 
    0    150     52      -    100      9      0      0      0      0  10501    480  28550      5      0 
    1    131     58      -    100     13      0      0      0      0  10501    555  28214      5      0 
    0    149     52      -     89     14      0      0      0      0  10501    510  28550      5      0 
    1    156     58      -    100     14      0      0      0      0  10501    540  28214      5      0 
    0    150     52      -    100      9      0      0      0      0  10501    525  28550      5      0 
    1    117     57      -    100     13      0      0      0      0  10501    660  28214      5      0 
    0    150     52      -    100     10      0      0      0      0  10501    420  28550      5      0 
    1    133     57      -    100     12      0      0      0      0  10501    660  28214      5      0 
    0    148     50      -    100     10      0      0      0      0  10501    510  28550      5      0 
    1    131     54      -      0      0      0      0      0      0  10501   2520  28214      5      0 
    0    149     52      -    100     10      0      0      0      0  10501    540  28550      5      0 
    1    148     55      -      0      0      0      0      0      0  10501   2520  28214      5      0 
    0    149     52      -    100     10      0      0      0      0  10501    525  28550      5      0 
    1    133     57      -    100     14      0      0      0      0  10501    555  28214      5      0 
    0    149     52      -     80      8      0      0      0      0  10501    510  28550      5      0 
    1    131     58      -    100     12      0      0      0      0  10501    645  28214      5      0 
    0    149     52      -    100     11      0      0      0      0  10501    480  28550      5      0 
    1    132     58      -    100     13      0      0      0      0  10501    675  28214      5      0 
    0    151     50      -    100     10      0      0      0      0  10501    360  28550      5      0 
    1    129     54      -      0      0      0      0      0      0  10501   2520  28214      5      0 
    0    150     52      -    100      9      0      0      0      0  10501    525  28550      5      0 
    1    146     55      -     35      5      0      0      0      0  10501   2520  28214      5      0 
    0    150     52      -    100      9      0      0      0      0  10501    480  28550      5      0 
    1    139     57      -    100     12      0      0      0      0  10501    570  28214      5      0 
    0    149     52      -     52      7      0      0      0      0  10501    465  28550      5      0 
    1    129     58      -    100     13      0      0      0      0  10501    660  28214      5      0 
    0    151     52      -    100     11      0      0      0      0  10501    450  28550      5      0 
    1    130     57      -    100     12      0      0      0      0  10501    645  28214      5      0 
    0    148     50      -    100     10      0      0      0      0  10501   2160  28550      5      0 
    1    130     54      -      0      0      0      0      0      0  10501   2520  28214      5      0 
    0    149     52      -    100      9      0      0      0      0  10501    600  28550      5      0 
    1    147     57      -     81     10      0      0      0      0  10501   2310  28214      5      0 
# gpu    pwr  gtemp  mtemp     sm    mem    enc    dec    jpg    ofa   mclk   pclk     fb   bar1   ccpm 
# Idx      W      C      C      %      %      %      %      %      %    MHz    MHz     MB     MB     MB 
    0    149     52      -    100      9      0      0      0      0  10501    555  28550      5      0 
    1    135     58      -    100     11      0      0      0      0  10501    525  28214      5      0 
    0    149     52      -    100     10      0      0      0      0  10501    495  28550      5      0 
    1    133     58      -    100     12      0      0      0      0  10501    660  28214      5      0 
    0    151     52      -    100     10      0      0      0      0  10501    435  28550      5      0 
    1    131     57      -    100     12      0      0      0      0  10501    630  28214      5      0 
    0    148     52      -    100      9      0      0      0      0  10501    510  28550      5      0 
    1    136     54      -      0      0      0      0      0      0  10501   2520  28214      5      0 
    0    149     52      -    100     10      0      0      0      0  10501    495  28550      5      0 
    1    142     57      -    100     10      0      0      0      0  10501    570  28214      5      0 
    0    149     52      -     46      7      0      0      0      0  10501    525  28550      5      0 
    1    131     58      -    100     12      0      0      0      0  10501    675  28214      5      0 
    0    150     52      -    100     11      0      0      0      0  10501    465  28550      5      0 
    1    129     58      -    100     12      0      0      0      0  10501    660  28214      5      0 
    0    148     52      -    100      9      0      0      0      0  10501    450  28550      5      0 
    1    135     54      -      0      0      0      0      0      0  10501   2520  28214      5      0 
    0    149     52      -    100      8      0      0      0      0  10501    555  28550      5      0 
    1    142     57      -    100     10      0      0      0      0  10501    540  28214      5      0 
    0    150     52      -     61     14      0      0      0      0  10501    555  28550      5      0 
    1    129     58      -    100     12      0      0      0      0  10501    660  28214      5      0 
    0    151     52      -    100     10      0      0      0      0  10501    435  28550      5      0 
    1    130     58      -    100     11      0      0      0      0  10501    645  28214      5      0 
    0    149     52      -    100     10      0      0      0      0  10501    525  28550      5      0 
    1    134     54      -      0      0      0      0      0      0  10501   2520  28214      5      0 
    0    149     52      -    100      9      0      0      0      0  10501    525  28550      5      0 
    1    143     57      -    100     10      0      0      0      0  10501    525  28214      5      0 
    0    149     52      -     66      6      0      0      0      0  10501    510  28550      5      0 
    1    130     58      -    100     12      0      0      0      0  10501    675  28214      5      0 
    0    139     49      -    100      9      0      0      0      0  10501   2520  28550      5      0 
    1    128     59      -    100     18      0      0      0      0  10501    660  28214      5      0 
    0     98     52      -      0      0      0      0      0      0  10501    540  28550      5      0 
    1    153     55      -     11      2      0      0      0      0  10501   2520  28214      5      0 
    0    153     51      -    100     15      0      0      0      0  10501    450  28550      5      0 
    1    121     58      -    100     17      0      0      0      0  10501    630  28214      5      0 
    0    149     51      -    100     13      0      0      0      0  10501    465  28550      5      0 
    1    131     57      -    100     17      0      0      0      0  10501   1065  28214      5      0 
    0    149     51      -    100     13      0      0      0      0  10501    480  28550      5      0 
    1    135     55      -     25      4      0      0      0      0  10501   2520  28214      5      0 
    0    148     52      -    100     12      0      0      0      0  10501    510  28550      5      0 
    1    124     54      -      0      0      0      0      0      0  10501   2520  28214      5      0 
    0    150     52      -    100     12      0      0      0      0  10501    450  28550      5      0 
    1    138     59      -    100     25      0      0      0      0  10501    615  28214      5      0 
    0    149     52      -    100     11      0      0      0      0  10501    480  28550      5      0 
    1    146     57      -    100     15      0      0      0      0  10501    615  28214      5      0 
# gpu    pwr  gtemp  mtemp     sm    mem    enc    dec    jpg    ofa   mclk   pclk     fb   bar1   ccpm 
# Idx      W      C      C      %      %      %      %      %      %    MHz    MHz     MB     MB     MB 
    0    149     52      -    100     12      0      0      0      0  10501    465  28550      5      0 
    1    141     58      -    100     15      0      0      0      0  10501    615  28214      5      0 
    0    149     52      -    100     12      0      0      0      0  10501    465  28550      5      0 
    1    140     58      -    100     15      0      0      0      0  10501    615  28214      5      0 
    0    149     52      -     78      9      0      0      0      0  10501    495  28550      5      0 
    1    140     58      -    100     15      0      0      0      0  10501    615  28214      5      0 
    0    149     52      -     73     14      0      0      0      0  10501    480  28550      5      0 
    1    139     58      -     72     11      0      0      0      0  10501   1005  28214      5      0 
    0    149     52      -    100     13      0      0      0      0  10501    510  28550      5      0 
    1    132     56      -     19      5      0      0      0      0  10501   2520  28214      5      0 
    0    149     52      -    100     11      0      0      0      0  10501    480  28550      5      0 
    1    130     55      -      0      0      0      0      0      0  10501   2520  28214      5      0 
    0    149     52      -    100     11      0      0      0      0  10501    465  28550      5      0 
    1    126     55      -      0      0      0      0      0      0  10501   2520  28214      5      0 
    0    149     52      -    100     11      0      0      0      0  10501    420  28550      5      0 
    1    132     54      -      0      0      0      0      0      0  10501   2520  28214      5      0 
    0    149     52      -    100     11      0      0      0      0  10501    510  28550      5      0 
    1    128     54      -      0      0      0      0      0      0  10501   2520  28214      5      0 
    0    150     52      -    100     11      0      0      0      0  10501   1590  28550      5      0 
    1    129     54      -      0      0      0      0      0      0  10501   2520  28214      5      0 
    0    150     52      -    100     11      0      0      0      0  10501   1710  28550      5      0 
    1    135     54      -      0      0      0      0      0      0  10501   2520  28214      5      0 
    0    149     52      -    100     11      0      0      0      0  10501   1755  28550      5      0 
    1    131     54      -      0      0      0      0      0      0  10501   2520  28214      5      0 
    0    150     52      -    100     11      0      0      0      0  10501   1590  28550      5      0 
    1    130     54      -      0      0      0      0      0      0  10501   2520  28214      5      0 
    0    147     52      -    100     11      0      0      0      0  10501    585  28550      5      0 
    1    131     54      -      0      0      0      0      0      0  10501   2520  28214      5      0 
    0    149     53      -    100     10      0      0      0      0  10501   1425  28550      5      0 
    1    131     54      -      0      0      0      0      0      0  10501   2520  28214      5      0 
    0    150     50      -    100     11      0      0      0      0  10501    555  28550      5      0 
    1    138     54      -      0      0      0      0      0      0  10501   2520  28214      5      0 
    0    149     52      -    100     11      0      0      0      0  10501    570  28550      5      0 
    1    134     55      -      0      0      0      0      0      0  10501   2520  28214      5      0 
    0    149     52      -    100     11      0      0      0      0  10501    555  28550      5      0 
    1    133     55      -      0      0      0      0      0      0  10501   2520  28214      5      0 
    0    149     52      -    100     11      0      0      0      0  10501    435  28550      5      0 
    1    133     55      -      0      0      0      0      0      0  10501   2520  28214      5      0 
    0    149     52      -    100     10      0      0      0      0  10501    540  28550      5      0 
    1    134     55      -     52      6      0      0      0      0  10501   2520  28214      5      0 
    0    149     52      -    100     10      0      0      0      0  10501    525  28550      5      0 
    1    137     56      -    100     14      0      0      0      0  10501   2175  28214      5      0 
    0    149     52      -    100     11      0      0      0      0  10501    525  28550      5      0 
    1    136     58      -    100     14      0      0      0      0  10501    525  28214      5      0 
# gpu    pwr  gtemp  mtemp     sm    mem    enc    dec    jpg    ofa   mclk   pclk     fb   bar1   ccpm 
# Idx      W      C      C      %      %      %      %      %      %    MHz    MHz     MB     MB     MB 
    0    149     52      -    100     11      0      0      0      0  10501    495  28550      5      0 
    1    136     58      -    100     14      0      0      0      0  10501    630  28214      5      0 
    0    150     52      -     78     15      0      0      0      0  10501    495  28550      5      0 
    1    138     58      -    100     14      0      0      0      0  10501    645  28214      5      0 
    0    150     52      -     84     10      0      0      0      0  10501    480  28550      5      0 
    1    137     58      -    100     13      0      0      0      0  10501    645  28214      5      0 
    0    149     52      -     91     11      0      0      0      0  10501    465  28550      5      0 
    1    136     58      -    100     13      0      0      0      0  10501    645  28214      5      0 
    0    150     52      -    100     11      0      0      0      0  10501    465  28550      5      0 
    1    135     58      -    100     13      0      0      0      0  10501    630  28214      5      0 
    0    150     52      -    100     11      0      0      0      0  10501    465  28550      5      0 
    1    137     57      -    100     19      0      0      0      0  10501    645  28214      5      0 
    0    150     53      -    100     11      0      0      0      0  10501    390  28550      5      0 
    1    134     60      -     75     17      0      0      0      0  10501    630  28214      5      0 
    0    152     51      -    100     10      0      0      0      0  10501   1455  28550      5      0 
    1    138     54      -      0      0      0      0      0      0  10501   2520  28214      5      0 
    0    150     52      -    100      9      0      0      0      0  10501    555  28550      5      0 
    1    140     55      -      0      0      0      0      0      0  10501   2520  28214      5      0 
    0    150     52      -    100      9      0      0      0      0  10501    450  28550      5      0 
    1    137     58      -    100     12      0      0      0      0  10501    510  28214      5      0 
    0    150     52      -    100     12      0      0      0      0  10501    525  28550      5      0 
    1    134     58      -    100     14      0      0      0      0  10501    630  28214      5      0 
    0    150     52      -    100     10      0      0      0      0  10501    510  28550      5      0 
    1    136     58      -    100     12      0      0      0      0  10501    660  28214      5      0 
    0    150     52      -    100     10      0      0      0      0  10501    510  28550      5      0 
    1    147     58      -    100     13      0      0      0      0  10501    660  28214      5      0 
    0    150     52      -    100     11      0      0      0      0  10501    465  28550      5      0 
    1    126     58      -     92     18      0      0      0      0  10501    645  28214      5      0 
    0    146     53      -    100     11      0      0      0      0  10501    645  28550      5      0 
    1    142     54      -      0      0      0      0      0      0  10501   2520  28214      5      0 
    0    149     52      -    100     10      0      0      0      0  10501    495  28550      5      0 
    1    147     54      -      0      0      0      0      0      0  10501   2520  28214      5      0 
    0    150     52      -    100      9      0      0      0      0  10501    510  28550      5      0 
    1    138     57      -    100     12      0      0      0      0  10501    570  28214      5      0 
    0    149     52      -     81     16      0      0      0      0  10501    540  28550      5      0 
    1    134     58      -    100     12      0      0      0      0  10501    630  28214      5      0 
    0    150     52      -     80      8      0      0      0      0  10501    480  28550      5      0 
    1    133     58      -    100     12      0      0      0      0  10501    630  28214      5      0 
    0    150     52      -    100     11      0      0      0      0  10501    450  28550      5      0 
    1    135     58      -    100     12      0      0      0      0  10501    630  28214      5      0 
    0    144     51      -    100     10      0      0      0      0  10501   2520  28550      5      0 
    1    131     54      -      0      0      0      0      0      0  10501   2520  28214      5      0 
    0    149     52      -    100      9      0      0      0      0  10501    570  28550      5      0 
    1    145     55      -     72      9      0      0      0      0  10501   2520  28214      5      0 
# gpu    pwr  gtemp  mtemp     sm    mem    enc    dec    jpg    ofa   mclk   pclk     fb   bar1   ccpm 
# Idx      W      C      C      %      %      %      %      %      %    MHz    MHz     MB     MB     MB 
    0    150     52      -    100      9      0      0      0      0  10501    525  28550      5      0 
    1    134     58      -    100     12      0      0      0      0  10501    525  28214      5      0 
    0    149     52      -     45      4      0      0      0      0  10501    525  28550      5      0 
    1    132     58      -    100     12      0      0      0      0  10501    645  28214      5      0 
    0    150     52      -    100     10      0      0      0      0  10501    510  28550      5      0 
    1    132     58      -    100     12      0      0      0      0  10501    660  28214      5      0 
    0    145     52      -    100     10      0      0      0      0  10501   1785  28550      5      0 
    1    135     54      -      0      0      0      0      0      0  10501   2520  28214      5      0 
    0    149     52      -    100     10      0      0      0      0  10501    555  28550      5      0 
    1    145     57      -    100     10      0      0      0      0  10501    780  28214      5      0 
    0    150     52      -    100      9      0      0      0      0  10501    540  28550      5      0 
    1    132     58      -    100     13      0      0      0      0  10501    630  28214      5      0 
    0    150     52      -    100      9      0      0      0      0  10501    525  28550      5      0 
    1    129     58      -    100     12      0      0      0      0  10501    675  28214      5      0 
    0    151     55      -    100      9      0      0      0      0  10501    435  28550      5      0 
    1    132     61      -      0      0      0      0      0      0  10501    555  28214      5      0 
    0    153     52      -    100      9      0      0      0      0  10501    495  28550      5      0 
    1    148     55      -     53      5      0      0      0      0  10501   2520  28214      5      0 
    0    149     52      -    100      9      0      0      0      0  10501    495  28550      5      0 
    1    138     58      -    100     12      0      0      0      0  10501    555  28214      5      0 
    0    149     52      -     98      9      0      0      0      0  10501    495  28550      5      0 
    1    129     58      -    100     12      0      0      0      0  10501    660  28214      5      0 
    0    150     52      -    100      9      0      0      0      0  10501    495  28550      5      0 
    1    130     58      -     18      6      0      0      0      0  10501    645  28214      5      0 
    0    155     52      -    100     10      0      0      0      0  10501    495  28550      5      0 
    1    145     55      -      0      0      0      0      0      0  10501   2520  28214      5      0 
    0    149     52      -    100      9      0      0      0      0  10501    510  28550      5      0 
    1    139     57      -    100     11      0      0      0      0  10501    570  28214      5      0 
    0    149     52      -    100      9      0      0      0      0  10501    495  28550      5      0 
    1    129     58      -    100     12      0      0      0      0  10501    675  28214      5      0 
    0    150     52      -    100      9      0      0      0      0  10501    465  28550      5      0 
    1    130     57      -     67     16      0      0      0      0  10501    675  28214      5      0 
    0    148     52      -    100      9      0      0      0      0  10501    495  28550      5      0 
    1    150     55      -     10      0      0      0      0      0  10501   2520  28214      5      0 
    0    149     52      -    100      8      0      0      0      0  10501    525  28550      5      0 
    1    140     57      -    100     10      0      0      0      0  10501    555  28214      5      0 
    0    149     52      -    100      9      0      0      0      0  10501    495  28550      5      0 
    1    142     58      -    100     12      0      0      0      0  10501    675  28214      5      0 
    0    141     49      -    100      9      0      0      0      0  10501   2520  28550      5      0 
    1    122     58      -     68     16      0      0      0      0  10501    645  28214      5      0 
    0     88     51      -      0      0      0      0      0      0  10501    210  22848      5      0 
    1    152     55      -     70      8      0      0      0      0  10501   2520  22842      5      0 
    0    159     50      -     72     52      0      0      0      0  10501    315  22848      5      0 
    1    140     57      -     26     29      0      0      0      0  10501   1155  22842      5      0 
# gpu    pwr  gtemp  mtemp     sm    mem    enc    dec    jpg    ofa   mclk   pclk     fb   bar1   ccpm 
# Idx      W      C      C      %      %      %      %      %      %    MHz    MHz     MB     MB     MB 
    0    154     50      -     74     41      0      0      0      0  10501    210  22848      5      0 
    1    137     55      -     42     48      0      0      0      0  10501   1755  22842      5      0 
    0    151     50      -     55     30      0      0      0      0  10501    345  22848      5      0 
    1    137     57      -     26     29      0      0      0      0  10501   1455  22842      5      0 
    0    153     49      -     74     44      0      0      0      0  10501    480  22848      5      0 
    1    136     55      -     40     46      0      0      0      0  10501    855  22842      5      0 
    0    151     51      -     70     34      0      0      0      0  10501    210  22848      5      0 
    1    139     57      -     25     29      0      0      0      0  10501   2325  22842      5      0 
    0    152     49      -     74     40      0      0      0      0  10501    585  22848      5      0 
    1    138     55      -     36     41      0      0      0      0  10501   2370  22842      5      0 
    0    151     51      -     73     34      0      0      0      0  10501    450  22848      5      0 
    1    137     56      -     25     29      0      0      0      0  10501    795  22842      5      0 
    0    154     49      -     74     41      0      0      0      0  10501    210  22848      5      0 
    1    138     55      -     36     41      0      0      0      0  10501   2370  22842      5      0 
    0    151     51      -     57     30      0      0      0      0  10501    555  22848      5      0 
    1    135     56      -     25     29      0      0      0      0  10501    795  22842      5      0 
    0    154     49      -     74     41      0      0      0      0  10501    210  22848      5      0 
    1    138     55      -     36     41      0      0      0      0  10501   2370  22842      5      0 
    0    153     50      -     74     44      0      0      0      0  10501    210  22848      5      0 
    1    137     57      -     25     29      0      0      0      0  10501    780  22842      5      0 
    0    152     50      -     55     30      0      0      0      0  10501    300  22848      5      0 
    1    139     55      -     39     43      0      0      0      0  10501   2340  22842      5      0 
    0    153     50      -     74     43      0      0      0      0  10501    210  22848      5      0 
    1    136     57      -     25     29      0      0      0      0  10501    540  22842      5      0 
    0    153     50      -     57     30      0      0      0      0  10501    285  22848      5      0 
    1    138     55      -     37     42      0      0      0      0  10501   1860  22842      5      0 
    0    153     49      -     74     44      0      0      0      0  10501    435  22848      5      0 
    1    134     57      -     26     29      0      0      0      0  10501   1275  22842      5      0 
    0    152     51      -     55     30      0      0      0      0  10501    210  22848      5      0 
    1    138     55      -     42     47      0      0      0      0  10501   1830  22842      5      0 
    0    153     49      -     74     43      0      0      0      0  10501    210  22848      5      0 
    1    134     57      -     26     29      0      0      0      0  10501    885  22842      5      0 
    0    153     50      -     52     30      0      0      0      0  10501    210  22848      5      0 
    1    137     55      -     41     47      0      0      0      0  10501   1770  22842      5      0 
    0    153     50      -     69     34      0      0      0      0  10501    210  22848      5      0 
    1    139     55      -     26     29      0      0      0      0  10501    810  22842      5      0 
    0    151     50      -     69     43      0      0      0      0  10501    375  22848      5      0 
    1    135     56      -     26     29      0      0      0      0  10501   2310  22842      5      0 
    0    154     50      -     70     34      0      0      0      0  10501    210  22848      5      0 
    1    138     55      -     36     41      0      0      0      0  10501   1815  22842      5      0 
    0    151     50      -     74     40      0      0      0      0  10501    405  22848      5      0 
    1    135     57      -     26     29      0      0      0      0  10501   1665  22842      5      0 
    0    154     50      -     71     35      0      0      0      0  10501    210  22848      5      0 
    1    139     55      -     44     49      0      0      0      0  10501    615  22842      5      0 
# gpu    pwr  gtemp  mtemp     sm    mem    enc    dec    jpg    ofa   mclk   pclk     fb   bar1   ccpm 
# Idx      W      C      C      %      %      %      %      %      %    MHz    MHz     MB     MB     MB 
    0    153     49      -     74     42      0      0      0      0  10501    300  22848      5      0 
    1    133     57      -     26     29      0      0      0      0  10501   2355  22842      5      0 
    0    152     51      -     53     29      0      0      0      0  10501    210  22848      5      0 
    1    138     55      -     36     41      0      0      0      0  10501    600  22842      5      0 
    0    154     50      -     70     35      0      0      0      0  10501    570  22848      5      0 
    1    137     55      -     38     44      0      0      0      0  10501   1485  22842      5      0 
    0    152     50      -     73     41      0      0      0      0  10501    210  22848      5      0 
    1    136     56      -     26     29      0      0      0      0  10501   1815  22842      5      0 
    0    154     50      -     70     35      0      0      0      0  10501    585  22848      5      0 
    1    138     55      -     35     40      0      0      0      0  10501   1335  22842      5      0 
    0    152     50      -     73     41      0      0      0      0  10501    210  22848      5      0 
    1    136     56      -     25     29      0      0      0      0  10501   1800  22842      5      0 
    0    153     50      -     68     55      0      0      0      0  10501    525  23106      5      0 
    1    137     55      -     34     39      0      0      0      0  10501   2505  23164      5      0 
    0    155     50      -     74     41      0      0      0      0  10501    210  23106      5      0 
    1    134     55      -     34     39      0      0      0      0  10501   2325  23164      5      0 
    0    151     51      -     58     30      0      0      0      0  10501    570  23106      5      0 
    1    137     56      -     26     29      0      0      0      0  10501    450  23164      5      0 
    0    153     49      -     74     40      0      0      0      0  10501    210  23106      5      0 
    1    133     55      -     33     37      0      0      0      0  10501   2295  23164      5      0 
    0    152     51      -     58     30      0      0      0      0  10501    690  23106      5      0 
    1    138     56      -     26     29      0      0      0      0  10501    630  23164      5      0 
    0    153     49      -     74     43      0      0      0      0  10501    210  23106      5      0 
    1    133     55      -     35     39      0      0      0      0  10501   2280  23164      5      0 
    0    153     49      -     69     42      0      0      0      0  10501    210  23106      5      0 
    1    137     57      -     26     29      0      0      0      0  10501   1710  23164      5      0 
    0    153     51      -     72     34      0      0      0      0  10501    660  23106      5      0 
    1    137     55      -     50     57      0      0      0      0  10501    810  23164      5      0 
    0    153     49      -     73     40      0      0      0      0  10501    210  23106      5      0 
    1    138     57      -     25     29      0      0      0      0  10501   1785  23164      5      0 
    0    153     51      -     68     33      0      0      0      0  10501    720  23106      5      0 
    1    137     56      -     26     29      0      0      0      0  10501   2340  23164      5      0 
    0    153     49      -     70     41      0      0      0      0  10501    210  23106      5      0 
    1    133     55      -     34     39      0      0      0      0  10501    600  23164      5      0 
    0    153     50      -     67     36      0      0      0      0  10501    315  23106      5      0 
    1    138     57      -     25     29      0      0      0      0  10501   2295  23164      5      0 
    0    151     50      -     74     40      0      0      0      0  10501    840  23106      5      0 
    1    132     56      -     25     29      0      0      0      0  10501    870  23164      5      0 
    0    155     50      -     74     43      0      0      0      0  10501    210  23106      5      0 
    1    139     55      -     40     46      0      0      0      0  10501   1740  23164      5      0 
    0    151     50      -     49     30      0      0      0      0  10501    525  23106      5      0 
    1    136     57      -     26     29      0      0      0      0  10501   2010  23164      5      0 
    0    154     50      -     74     43      0      0      0      0  10501    210  23106      5      0 
    1    138     55      -     43     49      0      0      0      0  10501   1800  23164      5      0 
# gpu    pwr  gtemp  mtemp     sm    mem    enc    dec    jpg    ofa   mclk   pclk     fb   bar1   ccpm 
# Idx      W      C      C      %      %      %      %      %      %    MHz    MHz     MB     MB     MB 
    0    151     50      -     56     30      0      0      0      0  10501    630  23106      5      0 
    1    137     57      -     26     29      0      0      0      0  10501   1545  23164      5      0 
    0    154     50      -     74     42      0      0      0      0  10501    210  23106      5      0 
    1    137     55      -     41     47      0      0      0      0  10501    600  23164      5      0 
    0    153     50      -     50     29      0      0      0      0  10501    615  23106      5      0 
    1    136     57      -     26     29      0      0      0      0  10501   1755  23164      5      0 
    0    152     50      -     67     33      0      0      0      0  10501    540  23106      5      0 
    1    138     55      -     46     53      0      0      0      0  10501   1935  23164      5      0 
    0    153     50      -     73     39      0      0      0      0  10501    210  23106      5      0 
    1    136     56      -     27     29      0      0      0      0  10501   1845  23164      5      0 
    0    152     50      -     67     35      0      0      0      0  10501    525  23106      5      0 
    1    138     55      -     42     48      0      0      0      0  10501   2220  23164      5      0 
    0    153     50      -     74     41      0      0      0      0  10501    210  23106      5      0 
    1    136     57      -     26     29      0      0      0      0  10501   1695  23164      5      0 
    0    153     50      -     73     35      0      0      0      0  10501    690  23106      5      0 
    1    137     55      -     41     47      0      0      0      0  10501   1335  23164      5      0 
    0    150     50      -     74     41      0      0      0      0  10501    210  23106      5      0 
    1    137     57      -     26     29      0      0      0      0  10501    780  23164      5      0 
    0    154     49      -     74     43      0      0      0      0  10501    300  23106      5      0 
    1    133     55      -     33     38      0      0      0      0  10501   2310  23164      5      0 
    0    153     50      -     64     39      0      0      0      0  10501    210  23106      5      0 
    1    137     55      -     34     38      0      0      0      0  10501    480  23164      5      0 
    0    152     51      -     69     35      0      0      0      0  10501    210  23106      5      0 
    1    136     56      -     26     29      0      0      0      0  10501   2310  23164      5      0 
    0    153     49      -     71     41      0      0      0      0  10501    690  23106      5      0 
    1    137     55      -     35     40      0      0      0      0  10501    495  23164      5      0 
    0    152     51      -     70     35      0      0      0      0  10501    210  23106      5      0 
    1    136     56      -     26     29      0      0      0      0  10501   2325  23164      5      0 
    0    152     49      -     72     40      0      0      0      0  10501    210  23106      5      0 
    1    138     55      -     33     38      0      0      0      0  10501    615  23164      5      0 
    0    151     50      -     72     40      0      0      0      0  10501    315  23106      5      0 
    1    136     56      -     26     29      0      0      0      0  10501   2340  23164      5      0 
    0    154     50      -     72     34      0      0      0      0  10501    210  23106      5      0 
    1    138     55      -     39     43      0      0      0      0  10501    810  23164      5      0 
    0    150     50      -     73     40      0      0      0      0  10501    345  23106      5      0 
    1    137     56      -     26     29      0      0      0      0  10501   2355  23164      5      0 
    0    154     50      -     68     35      0      0      0      0  10501    210  23106      5      0 
    1    138     55      -     40     45      0      0      0      0  10501   2310  23164      5      0 
    0    154     50      -     74     44      0      0      0      0  10501    585  23106      5      0 
    1    136     57      -     26     29      0      0      0      0  10501    615  23164      5      0 
    0    152     50      -     52     30      0      0      0      0  10501    210  23106      5      0 
    1    138     55      -     38     43      0      0      0      0  10501   2385  23164      5      0 
    0    152     50      -     74     40      0      0      0      0  10501    510  23106      5      0 
    1    137     56      -     26     29      0      0      0      0  10501    780  23164      5      0 
# gpu    pwr  gtemp  mtemp     sm    mem    enc    dec    jpg    ofa   mclk   pclk     fb   bar1   ccpm 
# Idx      W      C      C      %      %      %      %      %      %    MHz    MHz     MB     MB     MB 
    0    152     50      -     51     30      0      0      0      0  10501    210  23106      5      0 
    1    138     55      -     38     43      0      0      0      0  10501   2325  23164      5      0 
    0    153     50      -     74     39      0      0      0      0  10501    420  23106      5      0 
    1    137     56      -     26     29      0      0      0      0  10501    795  23164      5      0 
    0    152     51      -     57     34      0      0      0      0  10501    210  23106      5      0 
    1    139     55      -     35     40      0      0      0      0  10501   2370  23164      5      0 
    0    153     50      -     74     41      0      0      0      0  10501    600  23106      5      0 
    1    136     57      -     25     29      0      0      0      0  10501    825  23164      5      0 
    0    152     50      -     57     30      0      0      0      0  10501    210  23106      5      0 
    1    139     55      -     34     38      0      0      0      0  10501    525  23164      5      0 
    0    153     50      -     74     41      0      0      0      0  10501    555  23106      5      0 
    1    134     57      -     26     29      0      0      0      0  10501   2385  23164      5      0 
    0    152     51      -     52     30      0      0      0      0  10501    210  23106      5      0 
    1    138     55      -     42     48      0      0      0      0  10501    600  23164      5      0 
    0    153     49      -     74     43      0      0      0      0  10501    315  23106      5      0 
    1    133     58      -     26     29      0      0      0      0  10501   2325  23164      5      0 
    0    152     51      -     55     30      0      0      0      0  10501    210  23106      5      0 
    1    138     55      -     46     51      0      0      0      0  10501   1755  23164      5      0 
    0    154     49      -     74     41      0      0      0      0  10501    300  23106      5      0 
    1    135     57      -     26     29      0      0      0      0  10501    735  23164      5      0 
    0    152     51      -     56     30      0      0      0      0  10501    210  23106      5      0 
    1    138     55      -     39     45      0      0      0      0  10501   1800  23164      5      0 
    0    152     49      -     74     40      0      0      0      0  10501    330  23106      5      0 
    1    135     56      -     26     29      0      0      0      0  10501    810  23164      5      0 
    0    151     51      -     56     30      0      0      0      0  10501    210  23106      5      0 
    1    137     55      -     42     47      0      0      0      0  10501   1800  23164      5      0 
    0    152     51      -     62     32      0      0      0      0  10501    240  23106      5      0 
    1    137     57      -     25     29      0      0      0      0  10501   1845  23164      5      0 
    0    150     50      -     74     41      0      0      0      0  10501    210  23106      5      0 
    1    138     55      -     40     45      0      0      0      0  10501    660  23164      5      0 
    0    151     50      -     55     30      0      0      0      0  10501    210  23106      5      0 
    1    134     57      -     26     29      0      0      0      0  10501   2385  23164      5      0 
    0    154     50      -     74     43      0      0      0      0  10501    555  23106      5      0 
    1    138     55      -     41     46      0      0      0      0  10501    690  23164      5      0 
    0    152     51      -     57     30      0      0      0      0  10501    210  23106      5      0 
    1    133     57      -     35     40      0      0      0      0  10501   2370  23164      5      0 
    0    152     50      -     72     34      0      0      0      0  10501    315  23106      5      0 
    1    138     55      -     25     29      0      0      0      0  10501    630  23164      5      0 
    0    152     50      -     73     40      0      0      0      0  10501    210  23106      5      0 
    1    134     58      -     38     44      0      0      0      0  10501   2280  23164      5      0 
    0    153     50      -     68     33      0      0      0      0  10501    285  23106      5      0 
    1    137     55      -     26     29      0      0      0      0  10501    705  23164      5      0 
    0    153     50      -     74     45      0      0      0      0  10501    210  23106      5      0 
    1    135     56      -     38     42      0      0      0      0  10501   2385  23164      5      0 
# gpu    pwr  gtemp  mtemp     sm    mem    enc    dec    jpg    ofa   mclk   pclk     fb   bar1   ccpm 
# Idx      W      C      C      %      %      %      %      %      %    MHz    MHz     MB     MB     MB 
    0    152     50      -     59     34      0      0      0      0  10501    285  23106      5      0 
    1    138     57      -     26     29      0      0      0      0  10501    525  23164      5      0 
    0    152     50      -     74     42      0      0      0      0  10501    210  23106      5      0 
    1    134     56      -     33     38      0      0      0      0  10501   2295  23164      5      0 
    0    153     51      -     72     35      0      0      0      0  10501    840  23106      5      0 
    1    138     58      -     25     29      0      0      0      0  10501   1560  23164      5      0 
    0    153     49      -     74     43      0      0      0      0  10501    210  23106      5      0 
    1    137     55      -     40     45      0      0      0      0  10501    780  23164      5      0 
    0    151     50      -     56     30      0      0      0      0  10501    285  23106      5      0 
    1    137     57      -     26     29      0      0      0      0  10501   1740  23164      5      0 
    0    154     50      -     74     44      0      0      0      0  10501    210  23106      5      0 
    1    137     55      -     43     49      0      0      0      0  10501   2235  23164      5      0 
    0    151     50      -     54     30      0      0      0      0  10501    405  23106      5      0 
    1    136     57      -     26     29      0      0      0      0  10501   1830  23164      5      0 
    0    153     51      -     74     44      0      0      0      0  10501    210  23106      5      0 
    1    138     57      -     26     29      0      0      0      0  10501   1335  23164      5      0 
    0    151     50      -     55     30      0      0      0      0  10501    270  23106      5      0 
    1    133     56      -     33     37      0      0      0      0  10501   2295  23164      5      0 
    0    154     50      -     74     37      0      0      0      0  10501    210  23106      5      0 
    1    139     57      -     26     29      0      0      0      0  10501    660  23164      5      0 
    0    151     50      -     57     34      0      0      0      0  10501    495  23106      5      0 
    1    135     56      -     43     47      0      0      0      0  10501   2370  23164      5      0 
    0    154     50      -     74     40      0      0      0      0  10501    210  23106      5      0 
    1    139     57      -     26     29      0      0      0      0  10501    600  23164      5      0 
    0    152     49      -     54     30      0      0      0      0  10501    345  23106      5      0 
    1    134     56      -     38     43      0      0      0      0  10501   2370  23164      5      0 
    0    151     51      -     71     34      0      0      0      0  10501    210  23106      5      0 
    1    138     57      -     26     29      0      0      0      0  10501    570  23164      5      0 
    0    153     49      -     74     40      0      0      0      0  10501    270  23106      5      0 
    1    135     56      -     39     43      0      0      0      0  10501   2370  23164      5      0 
    0    151     51      -     71     35      0      0      0      0  10501    210  23106      5      0 
    1    138     57      -     26     29      0      0      0      0  10501    630  23164      5      0 
    0    154     50      -     70     35      0      0      0      0  10501    600  23106      5      0 
    1    139     55      -     41     46      0      0      0      0  10501   2340  23164      5      0 
    0    153     49      -     74     43      0      0      0      0  10501    300  23106      5      0 
    1    137     56      -     26     29      0      0      0      0  10501   1725  23164      5      0 
    0    152     51      -     57     31      0      0      0      0  10501    210  23106      5      0 
    1    136     58      -     26     29      0      0      0      0  10501    240  23164      5      0 
    0    153     49      -     74     44      0      0      0      0  10501    435  23106      5      0 
    1    139     56      -     25     29      0      0      0      0  10501   1830  23164      5      0 
    0    153     51      -     74     49      0      0      0      0  10501    255  23106      5      0 
    1    137     57      -     26     29      0      0      0      0  10501    210  23164      5      0 
    0    153     50      -     50     29      0      0      0      0  10501    345  23106      5      0 
    1    138     56      -     36     40      0      0      0      0  10501   2295  23164      5      0 
# gpu    pwr  gtemp  mtemp     sm    mem    enc    dec    jpg    ofa   mclk   pclk     fb   bar1   ccpm 
# Idx      W      C      C      %      %      %      %      %      %    MHz    MHz     MB     MB     MB 
    0    152     50      -     74     40      0      0      0      0  10501    210  23106      5      0 
    1    134     57      -     25     29      0      0      0      0  10501    795  23164      5      0 
    0    152     50      -     55     29      0      0      0      0  10501    300  23106      5      0 
    1    137     55      -     43     49      0      0      0      0  10501   2340  23164      5      0 
    0    153     50      -     74     43      0      0      0      0  10501    210  23106      5      0 
    1    137     56      -     37     43      0      0      0      0  10501   1155  23164      5      0 
    0    152     50      -     59     30      0      0      0      0  10501    255  23106      5      0 
    1    136     57      -     26     29      0      0      0      0  10501   1680  23164      5      0 
    0    153     50      -     74     40      0      0      0      0  10501    210  23106      5      0 
    1    139     56      -     34     39      0      0      0      0  10501   1590  23164      5      0 
    0    152     51      -     55     30      0      0      0      0  10501    360  23106      5      0 
    1    136     58      -     26     29      0      0      0      0  10501   1845  23164      5      0 
    0    153     50      -     74     44      0      0      0      0  10501    210  23106      5      0 
    1    137     56      -     37     42      0      0      0      0  10501   1335  23164      5      0 
    0    153     51      -     52     29      0      0      0      0  10501    210  23106      5      0 
    1    136     57      -     26     29      0      0      0      0  10501   1785  23164      5      0 
    0    153     49      -     74     44      0      0      0      0  10501    405  23106      5      0 
    1    137     56      -     35     40      0      0      0      0  10501    615  23164      5      0 
    0    152     51      -     55     30      0      0      0      0  10501    210  23106      5      0 
    1    137     57      -     26     29      0      0      0      0  10501   1845  23164      5      0 
    0    154     49      -     74     42      0      0      0      0  10501    330  23106      5      0 
    1    137     56      -     35     40      0      0      0      0  10501   1830  23164      5      0 
    0    152     51      -     57     29      0      0      0      0  10501    210  23106      5      0 
    1    136     58      -     26     29      0      0      0      0  10501    675  23164      5      0 
    0    153     49      -     74     40      0      0      0      0  10501    300  23106      5      0 
    1    138     56      -     38     43      0      0      0      0  10501   2325  23164      5      0 
    0    152     51      -     57     30      0      0      0      0  10501    210  23106      5      0 
    1    136     58      -     26     29      0      0      0      0  10501    675  23164      5      0 
    0    153     49      -     74     43      0      0      0      0  10501    270  23106      5      0 
    1    137     56      -     32     37      0      0      0      0  10501   2295  23164      5      0 
    0    151     51      -     74     39      0      0      0      0  10501    210  23106      5      0 
    1    136     58      -     26     29      0      0      0      0  10501    660  23164      5      0 
    0    154     49      -     69     35      0      0      0      0  10501    330  23106      5      0 
    1    138     56      -     37     41      0      0      0      0  10501   2310  23164      5      0 
    0    151     51      -     74     40      0      0      0      0  10501    210  23106      5      0 
    1    136     58      -     25     29      0      0      0      0  10501    465  23164      5      0 
    0    154     49      -     72     35      0      0      0      0  10501    270  23106      5      0 
    1    138     56      -     32     36      0      0      0      0  10501   2340  23164      5      0 
    0    153     50      -     74     40      0      0      0      0  10501    210  23106      5      0 
    1    138     56      -     42     48      0      0      0      0  10501   1665  23164      5      0 
    0    152     50      -     73     34      0      0      0      0  10501    540  23106      5      0 
    1    137     57      -     26     29      0      0      0      0  10501   1800  23164      5      0 
    0    152     50      -     72     40      0      0      0      0  10501    210  23106      5      0 
    1    138     56      -     42     48      0      0      0      0  10501   1530  23164      5      0 
# gpu    pwr  gtemp  mtemp     sm    mem    enc    dec    jpg    ofa   mclk   pclk     fb   bar1   ccpm 
# Idx      W      C      C      %      %      %      %      %      %    MHz    MHz     MB     MB     MB 
    0    153     49      -     74     35      0      0      0      0  10501    330  23106      5      0 
    1    138     56      -     26     29      0      0      0      0  10501    675  23164      5      0 
    0    151     50      -     52     30      0      0      0      0  10501    360  23106      5      0 
    1    133     58      -     38     43      0      0      0      0  10501   2370  23164      5      0 
    0    154     50      -     74     40      0      0      0      0  10501    210  23106      5      0 
    1    138     56      -     25     29      0      0      0      0  10501    435  23164      5      0 
    0    151     50      -     53     30      0      0      0      0  10501    300  23106      5      0 
    1    132     58      -     34     39      0      0      0      0  10501   2325  23164      5      0 
    0    154     50      -     74     43      0      0      0      0  10501    210  23106      5      0 
    1    137     56      -     25     29      0      0      0      0  10501    465  23164      5      0 
    0    150     51      -     56     30      0      0      0      0  10501    210  23106      5      0 
    1    132     58      -     26     29      0      0      0      0  10501    525  23164      5      0 
    0    153     49      -     72     40      0      0      0      0  10501    540  23106      5      0 
    1    137     56      -     44     50      0      0      0      0  10501   2355  23164      5      0 
    0    152     51      -     72     35      0      0      0      0  10501    210  23106      5      0 
    1    136     58      -     26     29      0      0      0      0  10501    360  23164      5      0 
    0    152     49      -     68     42      0      0      0      0  10501    615  23106      5      0 
    1    138     56      -     46     53      0      0      0      0  10501   2325  23164      5      0 
    0    153     51      -     72     35      0      0      0      0  10501    210  23106      5      0 
    1    137     57      -     26     29      0      0      0      0  10501    690  23164      5      0 
    0    153     51      -     74     46      0      0      0      0  10501    210  23106      5      0 
    1    138     57      -     26     29      0      0      0      0  10501   1725  23164      5      0 
    0    153     49      -     74     40      0      0      0      0  10501    570  23106      5      0 
    1    133     56      -     34     39      0      0      0      0  10501   1710  23164      5      0 
    0    152     51      -     68     35      0      0      0      0  10501    210  23106      5      0 
    1    138     57      -     26     29      0      0      0      0  10501   1170  23164      5      0 
    0    153     49      -     73     40      0      0      0      0  10501    210  23106      5      0 
    1    138     56      -     34     39      0      0      0      0  10501    825  23164      5      0 
    0    152     51      -     73     35      0      0      0      0  10501    210  23106      5      0 
    1    135     58      -     26     29      0      0      0      0  10501   1890  23164      5      0 
    0    152     49      -     70     43      0      0      0      0  10501    570  23106      5      0 
    1    138     56      -     42     48      0      0      0      0  10501   1785  23164      5      0 
    0    123     49      -     33      6      0      0      0      0  10501   2745      1      2      0 
    1    112     55      -      0      0      0      0      0      0  10501   2715      1      2      0 
    0     95     49      -      0      0      0      0      0      0  10501   2745      1      2      0 
    1     87     55      -      0      0      0      0      0      0  10501   2715      1      2      0 
    0     84     48      -      0      0      0      0      0      0   5001    555      1      2      0 
    1     80     54      -      0      0      0      0      0      0   5001    555      1      2      0 
