        Date        , GPU Clock [MHz] , Memory Clock [MHz] , GPU Temperature [°C] , Hot Spot [°C] , Memory Temperature [°C] , Fan 1 Speed (%) [%] , Fan 1 Speed (RPM) [RPM] , Fan 2 Speed (%) [%] , Fan 2 Speed (RPM) [RPM] , Memory Used [MB] , GPU Load [%] , Memory Controller Load [%] , Video Engine Load [%] , Bus Interface Load [%] , Board Power Draw [W] , GPU Chip Power Draw [W] , MVDDC Power Draw [W] , PWR_SRC Power Draw [W] , PWR_SRC Voltage [V] , PCIe Slot Power [W] , PCIe Slot Voltage [V] , 16-Pin Power [W] , 16-Pin Voltage [V] , Power Consumption (%) [% TDP] , PerfCap Reason [] , GPU Voltage [V] , CPU Temperature [°C] , System Memory Used [MB] ,
2026-02-12 18:13:49 ,         210.0   ,             50.6   ,               42.5   ,        51.2   ,                  46.0   ,                30   ,                  1046   ,                30   ,                  1041   ,            911   ,         15   ,                       12   ,                   0   ,                    0   ,                5.7   ,                   0.7   ,                2.9   ,                  4.9   ,              12.2   ,               2.1   ,                12.1   ,            3.6   ,             12.3   ,                         1.3   ,              16   ,        0.8700   ,               29.0   ,                 10380   ,
2026-02-12 18:13:50 ,         210.0   ,             50.6   ,               42.4   ,        51.2   ,                  46.0   ,                30   ,                  1039   ,                30   ,                  1042   ,            916   ,          3   ,                        3   ,                   0   ,                    0   ,                7.4   ,                   0.5   ,                4.9   ,                  7.0   ,              12.2   ,               2.0   ,                12.1   ,            5.4   ,             12.3   ,                         1.6   ,              16   ,        0.8700   ,               30.0   ,                 10383   ,
2026-02-12 18:13:51 ,         210.0   ,             50.6   ,               42.2   ,        51.0   ,                  46.0   ,                30   ,                  1038   ,                30   ,                  1042   ,            911   ,          2   ,                        6   ,                   0   ,                    0   ,                5.5   ,                   0.9   ,                2.6   ,                  4.6   ,              12.2   ,               2.0   ,                12.1   ,              -   ,                -   ,                         1.2   ,              16   ,        0.8700   ,               29.0   ,                 10384   ,
2026-02-12 18:13:52 ,         210.0   ,             50.6   ,               42.1   ,        50.8   ,                  44.0   ,                30   ,                  1045   ,                30   ,                  1043   ,            911   ,         13   ,                       12   ,                   0   ,                    0   ,                7.8   ,                   0.5   ,                5.2   ,                  7.3   ,              12.2   ,               2.1   ,                12.1   ,            5.7   ,             12.3   ,                         1.7   ,              16   ,        0.8700   ,               29.0   ,                 10377   ,
2026-02-12 18:13:53 ,         210.0   ,             50.6   ,               42.0   ,        50.6   ,                  44.0   ,                30   ,                  1044   ,                30   ,                  1043   ,            911   ,         10   ,                        5   ,                   0   ,                    1   ,                7.5   ,                   0.8   ,                4.8   ,                  6.8   ,              12.2   ,               2.0   ,                12.1   ,            5.5   ,             12.3   ,                         1.7   ,              16   ,        0.8700   ,               30.0   ,                 10381   ,
2026-02-12 18:13:54 ,         210.0   ,             50.6   ,               41.9   ,        50.5   ,                  44.0   ,                30   ,                  1046   ,                30   ,                  1043   ,            914   ,          9   ,                        5   ,                   0   ,                    1   ,                7.0   ,                   0.6   ,                4.4   ,                  6.4   ,              12.2   ,               2.0   ,                12.1   ,            5.0   ,             12.3   ,                         1.6   ,              16   ,        0.8700   ,               29.0   ,                 10388   ,
2026-02-12 18:13:55 ,         210.0   ,             50.6   ,               41.8   ,        50.3   ,                  46.0   ,                30   ,                  1038   ,                30   ,                  1042   ,            921   ,         14   ,                        8   ,                   0   ,                    3   ,                7.3   ,                   0.4   ,                4.8   ,                  6.9   ,              12.2   ,               2.1   ,                12.1   ,            5.3   ,             12.3   ,                         1.6   ,              16   ,        0.8700   ,               30.0   ,                 10386   ,
2026-02-12 18:13:56 ,         210.0   ,             50.6   ,               41.5   ,        50.0   ,                  44.0   ,                30   ,                  1041   ,                30   ,                  1042   ,            921   ,          0   ,                       21   ,                   0   ,                    0   ,                5.3   ,                   1.4   ,                1.8   ,                  3.9   ,              12.2   ,               2.1   ,                12.1   ,            3.3   ,             12.3   ,                         1.2   ,              16   ,        0.8700   ,               33.0   ,                 10418   ,
2026-02-12 18:13:57 ,         210.0   ,             50.6   ,               41.4   ,        50.0   ,                  44.0   ,                30   ,                  1044   ,                30   ,                  1042   ,            921   ,          0   ,                        9   ,                   0   ,                    0   ,                5.2   ,                   1.4   ,                1.8   ,                  3.8   ,              12.2   ,               2.0   ,                12.1   ,            3.2   ,             12.3   ,                         1.2   ,              16   ,        0.8700   ,               34.0   ,                 10443   ,
2026-02-12 18:13:58 ,         210.0   ,             50.6   ,               41.3   ,        49.9   ,                  44.0   ,                30   ,                  1037   ,                30   ,                  1043   ,            956   ,         10   ,                       11   ,                   0   ,                    4   ,                6.9   ,                   0.4   ,                4.5   ,                  6.5   ,              12.2   ,               2.0   ,                12.1   ,            4.9   ,             12.3   ,                         1.5   ,              16   ,        0.8700   ,               31.0   ,                 10478   ,
2026-02-12 18:13:59 ,         210.0   ,             50.6   ,               41.3   ,        49.8   ,                  44.0   ,                30   ,                  1037   ,                30   ,                  1042   ,            934   ,         26   ,                        9   ,                   0   ,                    8   ,                9.5   ,                   0.5   ,                6.9   ,                  8.9   ,              12.3   ,               2.1   ,                12.1   ,            7.4   ,             12.3   ,                         2.1   ,              16   ,        0.8700   ,               31.0   ,                 10539   ,
2026-02-12 18:14:00 ,        2520.0   ,           1312.7   ,               42.4   ,        50.3   ,                  44.0   ,                30   ,                  1043   ,                30   ,                  1043   ,            933   ,          1   ,                        0   ,                   0   ,                    0   ,               48.7   ,                  19.5   ,               23.2   ,                 29.2   ,              12.2   ,               6.0   ,                12.1   ,           42.7   ,             12.3   ,                        10.8   ,              16   ,        0.9600   ,               36.0   ,                 10639   ,
2026-02-12 18:14:01 ,        2520.0   ,           1312.7   ,               42.4   ,        50.3   ,                  46.0   ,                30   ,                  1036   ,                30   ,                  1041   ,            909   ,          1   ,                        0   ,                   0   ,                    0   ,               48.6   ,                  19.4   ,               23.1   ,                 29.2   ,              12.2   ,               6.1   ,                12.1   ,           42.5   ,             12.3   ,                        10.8   ,              16   ,        0.9600   ,               31.0   ,                 10585   ,
2026-02-12 18:14:02 ,        2520.0   ,           1312.7   ,               42.4   ,        50.3   ,                  46.0   ,                30   ,                  1040   ,                30   ,                  1042   ,            909   ,          1   ,                        0   ,                   0   ,                    0   ,               48.7   ,                  19.4   ,               23.1   ,                 29.3   ,              12.2   ,               6.1   ,                12.1   ,           42.6   ,             12.3   ,                        10.8   ,              16   ,        0.9600   ,               35.0   ,                 10590   ,
2026-02-12 18:14:03 ,         480.0   ,            101.3   ,               41.4   ,        49.8   ,                  46.0   ,                30   ,                  1048   ,                30   ,                  1043   ,            909   ,          3   ,                        2   ,                   0   ,                    1   ,               16.8   ,                   4.3   ,                9.8   ,                 12.6   ,              12.3   ,               2.8   ,                12.1   ,           14.1   ,             12.3   ,                         3.7   ,              16   ,        0.8850   ,               33.0   ,                 10608   ,
2026-02-12 18:14:04 ,         300.0   ,             50.6   ,               41.0   ,        49.4   ,                  44.0   ,                30   ,                  1044   ,                30   ,                  1044   ,            909   ,          4   ,                        2   ,                   0   ,                    1   ,                7.9   ,                   0.5   ,                5.2   ,                  7.4   ,              12.3   ,               2.1   ,                12.1   ,            5.8   ,             12.3   ,                         1.8   ,              16   ,        0.8700   ,               37.0   ,                 10709   ,
2026-02-12 18:14:05 ,        2520.0   ,           1312.7   ,               41.9   ,        49.8   ,                  46.0   ,                30   ,                  1042   ,                30   ,                  1044   ,            909   ,          2   ,                        1   ,                   0   ,                    0   ,               48.5   ,                  19.2   ,               23.2   ,                 29.3   ,              12.2   ,               6.1   ,                12.1   ,           42.4   ,             12.3   ,                        10.8   ,              16   ,        0.9600   ,               37.0   ,                 10603   ,
2026-02-12 18:14:06 ,        2520.0   ,           1312.7   ,               42.0   ,        49.9   ,                  46.0   ,                30   ,                  1040   ,                30   ,                  1043   ,            909   ,          2   ,                        0   ,                   0   ,                    0   ,               48.4   ,                  19.1   ,               23.2   ,                 29.3   ,              12.2   ,               6.0   ,                12.1   ,           42.3   ,             12.3   ,                        10.8   ,              16   ,        0.9600   ,               36.0   ,                 10690   ,
2026-02-12 18:14:07 ,        2520.0   ,           1312.7   ,               42.0   ,        49.9   ,                  46.0   ,                30   ,                  1034   ,                30   ,                  1044   ,            909   ,          1   ,                        0   ,                   0   ,                    0   ,               48.5   ,                  19.3   ,               23.2   ,                 29.2   ,              12.2   ,               6.1   ,                12.1   ,           42.5   ,             12.3   ,                        10.8   ,              16   ,        0.9600   ,               37.0   ,                 10701   ,
2026-02-12 18:14:08 ,        2520.0   ,           1312.7   ,               42.0   ,        49.9   ,                  46.0   ,                30   ,                  1036   ,                30   ,                  1044   ,            909   ,          1   ,                        0   ,                   0   ,                    0   ,               48.5   ,                  19.2   ,               23.3   ,                 29.3   ,              12.2   ,               6.0   ,                12.1   ,           42.5   ,             12.3   ,                        10.8   ,              16   ,        0.9600   ,               30.0   ,                 10604   ,
2026-02-12 18:14:09 ,        2520.0   ,           1312.7   ,               42.0   ,        49.9   ,                  46.0   ,                30   ,                  1032   ,                30   ,                  1042   ,            909   ,          1   ,                        0   ,                   0   ,                    0   ,               48.4   ,                  19.2   ,               23.2   ,                 29.2   ,              12.2   ,               6.0   ,                12.1   ,           42.4   ,             12.3   ,                        10.8   ,              16   ,        0.9600   ,               30.0   ,                 10633   ,
2026-02-12 18:14:10 ,        2520.0   ,           1312.7   ,               42.0   ,        49.8   ,                  46.0   ,                30   ,                  1040   ,                30   ,                  1043   ,            909   ,          1   ,                        0   ,                   0   ,                    0   ,               48.4   ,                  19.3   ,               23.1   ,                 29.1   ,              12.2   ,               6.0   ,                12.1   ,           42.4   ,             12.3   ,                        10.8   ,              16   ,        0.9600   ,               28.0   ,                 10628   ,
2026-02-12 18:14:11 ,         465.0   ,            101.3   ,               41.0   ,        49.3   ,                  44.0   ,                30   ,                  1039   ,                30   ,                  1043   ,            909   ,          3   ,                        2   ,                   0   ,                    0   ,               16.3   ,                   3.9   ,                9.7   ,                 12.3   ,              12.3   ,               2.7   ,                12.1   ,           13.6   ,             12.3   ,                         3.6   ,              16   ,        0.8850   ,               29.0   ,                 10623   ,
2026-02-12 18:14:12 ,         300.0   ,             50.6   ,               40.6   ,        48.9   ,                  44.0   ,                30   ,                  1040   ,                30   ,                  1044   ,            909   ,          4   ,                        4   ,                   0   ,                    1   ,                6.9   ,                   0.4   ,                4.4   ,                  6.4   ,              12.2   ,               2.0   ,                12.1   ,            4.8   ,             12.3   ,                         1.5   ,              16   ,        0.8750   ,               29.0   ,                 10628   ,
2026-02-12 18:14:13 ,         210.0   ,             50.6   ,               40.4   ,        48.8   ,                  44.0   ,                30   ,                  1042   ,                30   ,                  1044   ,            909   ,          6   ,                        5   ,                   0   ,                    1   ,                6.7   ,                   0.4   ,                4.3   ,                  6.3   ,              12.3   ,               2.0   ,                12.1   ,            4.7   ,             12.3   ,                         1.5   ,              16   ,        0.8750   ,               31.0   ,                 10626   ,
2026-02-12 18:14:14 ,         210.0   ,             50.6   ,               40.3   ,        48.6   ,                  44.0   ,                30   ,                  1044   ,                30   ,                  1044   ,            909   ,          6   ,                        4   ,                   0   ,                    1   ,                6.4   ,                   0.3   ,                4.2   ,                  6.2   ,              12.2   ,               1.9   ,                12.1   ,            6.8   ,             12.3   ,                         1.9   ,              16   ,        0.8750   ,               28.0   ,                 10633   ,
2026-02-12 18:14:15 ,         210.0   ,             50.6   ,               40.1   ,        48.5   ,                  42.0   ,                30   ,                  1032   ,                30   ,                  1043   ,            909   ,          6   ,                        4   ,                   0   ,                    1   ,                6.7   ,                   0.5   ,                4.2   ,                  6.2   ,              12.2   ,               2.0   ,                12.1   ,            4.8   ,             12.3   ,                         1.5   ,              16   ,        0.8750   ,               38.0   ,                 10635   ,
2026-02-12 18:14:16 ,         210.0   ,             50.6   ,               40.0   ,        48.3   ,                  44.0   ,                30   ,                  1042   ,                30   ,                  1043   ,            909   ,          6   ,                        4   ,                   0   ,                    1   ,                6.8   ,                   0.7   ,                4.0   ,                  6.1   ,              12.2   ,               2.1   ,                12.1   ,            4.8   ,             12.3   ,                         1.5   ,              16   ,        0.8750   ,               45.0   ,                 10635   ,
2026-02-12 18:14:17 ,         210.0   ,             50.6   ,               39.9   ,        48.3   ,                  42.0   ,                30   ,                  1030   ,                30   ,                  1044   ,            909   ,          6   ,                        4   ,                   0   ,                    1   ,                6.9   ,                   0.7   ,                4.2   ,                  6.2   ,              12.2   ,               2.0   ,                12.1   ,            4.9   ,             12.3   ,                         1.5   ,              16   ,        0.8750   ,               30.0   ,                 10637   ,
2026-02-12 18:14:18 ,        2520.0   ,           1312.7   ,               40.9   ,        48.6   ,                  44.0   ,                30   ,                  1026   ,                30   ,                  1044   ,            909   ,          3   ,                        0   ,                   0   ,                    0   ,               49.7   ,                  20.4   ,               23.3   ,                 29.3   ,              12.2   ,               6.0   ,                12.1   ,           43.7   ,             12.3   ,                        11.1   ,              16   ,        0.9500   ,               38.0   ,                 10728   ,
2026-02-12 18:14:19 ,        2520.0   ,           1312.7   ,               41.0   ,        48.8   ,                  44.0   ,                30   ,                  1032   ,                30   ,                  1043   ,            909   ,          1   ,                        0   ,                   0   ,                    0   ,               48.3   ,                  19.0   ,               23.3   ,                 29.3   ,              12.2   ,               6.0   ,                12.1   ,           42.3   ,             12.3   ,                        10.7   ,              16   ,        0.9500   ,               32.0   ,                 10678   ,
2026-02-12 18:14:20 ,        2520.0   ,           1312.7   ,               41.0   ,        48.7   ,                  42.0   ,                30   ,                  1030   ,                30   ,                  1043   ,            909   ,          1   ,                        0   ,                   0   ,                    0   ,               48.1   ,                  19.0   ,               23.1   ,                 29.1   ,              12.2   ,               6.0   ,                12.1   ,           42.1   ,             12.3   ,                        10.7   ,              16   ,        0.9500   ,               32.0   ,                 10684   ,
2026-02-12 18:14:21 ,        2520.0   ,           1312.7   ,               41.0   ,        48.7   ,                  44.0   ,                30   ,                  1033   ,                30   ,                  1043   ,            909   ,          1   ,                        0   ,                   0   ,                    0   ,               48.2   ,                  19.0   ,               23.2   ,                 29.2   ,              12.3   ,               6.0   ,                12.1   ,           42.2   ,             12.3   ,                        10.7   ,              16   ,        0.9500   ,               29.0   ,                 10696   ,
2026-02-12 18:14:22 ,         480.0   ,            101.3   ,               40.0   ,        48.3   ,                  42.0   ,                30   ,                  1035   ,                30   ,                  1044   ,            909   ,          3   ,                        2   ,                   0   ,                    0   ,               16.5   ,                   4.1   ,                9.7   ,                 12.5   ,              12.3   ,               2.7   ,                12.1   ,           13.8   ,             12.3   ,                         3.7   ,              16   ,        0.8900   ,               36.0   ,                 10815   ,
2026-02-12 18:14:23 ,        2520.0   ,           1312.7   ,               40.3   ,        48.1   ,                  42.0   ,                30   ,                  1032   ,                30   ,                  1044   ,            909   ,          5   ,                        7   ,                   0   ,                    0   ,               16.6   ,                   5.1   ,                8.8   ,                 11.5   ,              12.2   ,               2.7   ,                12.1   ,           13.8   ,             12.3   ,                         3.7   ,              16   ,        0.9500   ,               35.0   ,                 10712   ,
2026-02-12 18:14:24 ,        2520.0   ,           1312.7   ,               40.8   ,        48.5   ,                  44.0   ,                30   ,                  1027   ,                30   ,                  1043   ,            909   ,          3   ,                        0   ,                   0   ,                    0   ,               48.7   ,                  19.5   ,               23.2   ,                 29.2   ,              12.2   ,               6.0   ,                12.1   ,           42.7   ,             12.3   ,                        10.8   ,              16   ,        0.9500   ,               31.0   ,                 10715   ,
2026-02-12 18:14:25 ,        2520.0   ,           1312.7   ,               40.7   ,        48.6   ,                  44.0   ,                30   ,                  1024   ,                30   ,                  1043   ,            909   ,          1   ,                        0   ,                   0   ,                    0   ,               47.8   ,                  18.8   ,               23.1   ,                 29.0   ,              12.2   ,               5.9   ,                12.1   ,           41.9   ,             12.3   ,                        10.6   ,              16   ,        0.9500   ,               34.0   ,                 10808   ,
2026-02-12 18:14:26 ,        2520.0   ,           1312.7   ,               40.7   ,        48.4   ,                  44.0   ,                30   ,                  1032   ,                30   ,                  1044   ,            909   ,          1   ,                        0   ,                   0   ,                    0   ,               48.0   ,                  18.9   ,               23.2   ,                 29.2   ,              12.2   ,               5.9   ,                12.1   ,           42.1   ,             12.3   ,                        10.7   ,              16   ,        0.9500   ,               37.0   ,                 10717   ,
2026-02-12 18:14:27 ,        2520.0   ,           1312.7   ,               40.7   ,        48.4   ,                  44.0   ,                30   ,                  1029   ,                30   ,                  1043   ,            909   ,          1   ,                        0   ,                   0   ,                    0   ,               48.0   ,                  18.8   ,               23.3   ,                 29.2   ,              12.2   ,               5.9   ,                12.1   ,           42.1   ,             12.3   ,                        10.7   ,              16   ,        0.9500   ,               30.0   ,                 10711   ,
2026-02-12 18:14:28 ,        2520.0   ,           1312.7   ,               40.7   ,        48.4   ,                  44.0   ,                30   ,                  1029   ,                30   ,                  1043   ,            909   ,          1   ,                        0   ,                   0   ,                    0   ,               47.9   ,                  18.8   ,               23.1   ,                 29.0   ,              12.2   ,               6.0   ,                12.1   ,           41.9   ,             12.3   ,                        10.6   ,              16   ,        0.9500   ,               38.0   ,                 10723   ,
2026-02-12 18:14:29 ,        2520.0   ,           1312.7   ,               40.7   ,        48.3   ,                  44.0   ,                30   ,                  1029   ,                30   ,                  1043   ,            909   ,          1   ,                        0   ,                   0   ,                    0   ,               49.7   ,                  20.7   ,               23.1   ,                 29.0   ,              12.2   ,               6.0   ,                12.1   ,           43.8   ,             12.3   ,                        11.0   ,              16   ,        0.9500   ,               41.0   ,                 10723   ,
2026-02-12 18:14:30 ,         465.0   ,            101.3   ,               39.7   ,        47.8   ,                  42.0   ,                30   ,                  1023   ,                30   ,                  1044   ,            909   ,          3   ,                        2   ,                   0   ,                    0   ,               16.4   ,                   4.0   ,                9.7   ,                 12.4   ,              12.3   ,               2.6   ,                12.1   ,           13.8   ,             12.3   ,                         3.6   ,              16   ,        0.8900   ,               32.0   ,                 10729   ,
2026-02-12 18:14:31 ,        2520.0   ,           1312.7   ,               40.0   ,        47.8   ,                  42.0   ,                30   ,                  1026   ,                30   ,                  1042   ,           1271   ,          4   ,                        1   ,                   0   ,                    0   ,               29.0   ,                  10.5   ,               14.6   ,                 18.5   ,              12.2   ,               3.9   ,                12.1   ,           25.1   ,             12.3   ,                         6.4   ,              16   ,        0.9500   ,               32.0   ,                 10870   ,
2026-02-12 18:14:32 ,        2520.0   ,           1312.7   ,               40.4   ,        48.1   ,                  44.0   ,                30   ,                  1026   ,                30   ,                  1038   ,           1125   ,          0   ,                        0   ,                   0   ,                    0   ,               47.8   ,                  18.8   ,               23.1   ,                 29.0   ,              12.2   ,               5.9   ,                12.1   ,           41.9   ,             12.3   ,                        10.6   ,              16   ,        0.9500   ,               32.0   ,                 11098   ,
2026-02-12 18:14:33 ,        2520.0   ,           1312.7   ,               40.4   ,        48.1   ,                  44.0   ,                30   ,                  1028   ,                30   ,                  1039   ,           1177   ,          1   ,                        0   ,                   0   ,                    0   ,               47.4   ,                  18.5   ,               23.0   ,                 28.9   ,              12.2   ,               5.9   ,                12.1   ,           41.5   ,             12.3   ,                        10.5   ,              16   ,        0.9500   ,               31.0   ,                 11179   ,
2026-02-12 18:14:34 ,         465.0   ,            101.3   ,               39.5   ,        47.6   ,                  42.0   ,                30   ,                  1027   ,                30   ,                  1039   ,           1298   ,          3   ,                        3   ,                   0   ,                    2   ,               15.6   ,                   3.3   ,                9.7   ,                 12.6   ,              12.3   ,               2.6   ,                12.1   ,           14.5   ,             12.3   ,                         3.8   ,              16   ,        0.8900   ,               33.0   ,                 11182   ,
2026-02-12 18:14:35 ,         315.0   ,             50.6   ,               39.1   ,        47.3   ,                  42.0   ,                30   ,                  1027   ,                30   ,                  1039   ,           1385   ,          4   ,                        4   ,                   0   ,                    3   ,                8.8   ,                   0.0   ,                7.9   ,                  8.7   ,              12.3   ,               2.0   ,                12.1   ,            6.7   ,             12.3   ,                         1.9   ,              16   ,        0.8750   ,               29.0   ,                 11190   ,
2026-02-12 18:14:36 ,         225.0   ,             50.6   ,               39.0   ,        47.3   ,                  42.0   ,                30   ,                  1026   ,                30   ,                  1041   ,           1521   ,          6   ,                        6   ,                   0   ,                    5   ,                9.2   ,                   0.0   ,                8.1   ,                  9.2   ,              12.3   ,               1.9   ,                12.1   ,            7.3   ,             12.3   ,                         2.0   ,              16   ,        0.8750   ,               32.0   ,                 11196   ,
2026-02-12 18:14:37 ,         210.0   ,             50.6   ,               38.9   ,        47.0   ,                  42.0   ,                30   ,                  1027   ,                30   ,                  1040   ,           1618   ,          5   ,                        3   ,                   0   ,                    2   ,                7.6   ,                   0.0   ,                7.9   ,                  7.6   ,              12.3   ,               1.9   ,                12.1   ,            5.6   ,             12.3   ,                         1.7   ,              16   ,        0.8750   ,               32.0   ,                 11208   ,
2026-02-12 18:14:38 ,         210.0   ,             50.6   ,               38.8   ,        47.0   ,                  42.0   ,                30   ,                  1028   ,                30   ,                  1040   ,           1716   ,          6   ,                        3   ,                   0   ,                    3   ,                7.3   ,                   0.0   ,                7.8   ,                  7.3   ,              12.3   ,               1.9   ,                12.1   ,            5.4   ,             12.3   ,                         1.6   ,              16   ,        0.8750   ,               30.0   ,                 11210   ,
2026-02-12 18:14:39 ,         210.0   ,             50.6   ,               38.7   ,        46.9   ,                  40.0   ,                30   ,                  1027   ,                30   ,                  1043   ,           1824   ,          8   ,                        5   ,                   0   ,                    4   ,                7.4   ,                   0.0   ,                7.8   ,                  7.4   ,              12.3   ,               2.0   ,                12.1   ,            5.4   ,             12.3   ,                         1.6   ,              16   ,        0.8750   ,               32.0   ,                 11218   ,
2026-02-12 18:14:40 ,         210.0   ,             50.6   ,               38.6   ,        46.7   ,                  42.0   ,                30   ,                  1028   ,                30   ,                  1043   ,           1925   ,          8   ,                        4   ,                   0   ,                    2   ,                7.8   ,                   0.0   ,                8.0   ,                  7.8   ,              12.3   ,               2.0   ,                12.1   ,            5.8   ,             12.3   ,                         1.7   ,              16   ,        0.8750   ,               30.0   ,                 11225   ,
2026-02-12 18:14:41 ,         210.0   ,             50.6   ,               38.5   ,        46.6   ,                  42.0   ,                30   ,                  1023   ,                30   ,                  1045   ,           2017   ,          6   ,                        6   ,                   0   ,                    5   ,                7.9   ,                   0.0   ,                8.0   ,                  7.9   ,              12.3   ,               2.0   ,                12.1   ,            6.5   ,             12.3   ,                         1.9   ,              16   ,        0.8750   ,               32.0   ,                 11233   ,
2026-02-12 18:14:42 ,         210.0   ,             50.6   ,               38.4   ,        46.5   ,                  42.0   ,                30   ,                  1025   ,                30   ,                  1046   ,           2141   ,          4   ,                        3   ,                   0   ,                    3   ,                7.2   ,                   0.0   ,                7.9   ,                  7.2   ,              12.3   ,               2.0   ,                12.1   ,            5.9   ,             12.3   ,                         1.7   ,              16   ,        0.8750   ,               32.0   ,                 11246   ,
2026-02-12 18:14:43 ,         210.0   ,             50.6   ,               38.3   ,        46.5   ,                  40.0   ,                30   ,                  1036   ,                30   ,                  1047   ,           2246   ,          6   ,                        3   ,                   0   ,                    2   ,                6.6   ,                   0.0   ,                7.7   ,                  6.6   ,              12.3   ,               2.0   ,                12.1   ,            4.7   ,             12.3   ,                         1.5   ,              16   ,        0.8750   ,               33.0   ,                 11256   ,
2026-02-12 18:14:44 ,         210.0   ,             50.6   ,               38.3   ,        46.4   ,                  42.0   ,                30   ,                  1036   ,                30   ,                  1046   ,           2348   ,         18   ,                        9   ,                   0   ,                    3   ,                8.1   ,                   0.0   ,                8.0   ,                  8.1   ,              12.3   ,               2.0   ,                12.1   ,            6.1   ,             12.3   ,                         1.8   ,              16   ,        0.8750   ,               30.0   ,                 11244   ,
2026-02-12 18:14:45 ,         210.0   ,             50.6   ,               38.2   ,        46.3   ,                  40.0   ,                30   ,                  1039   ,                30   ,                  1046   ,           2372   ,          6   ,                        6   ,                   0   ,                    0   ,                7.6   ,                   0.0   ,                8.0   ,                  7.6   ,              12.3   ,               1.9   ,                12.1   ,            5.6   ,             12.3   ,                         1.7   ,              16   ,        0.8750   ,               31.0   ,                 11328   ,
2026-02-12 18:14:46 ,         210.0   ,             50.6   ,               38.1   ,        46.3   ,                  40.0   ,                30   ,                  1032   ,                30   ,                  1046   ,           2388   ,          7   ,                        6   ,                   0   ,                    0   ,                7.2   ,                   0.0   ,                8.0   ,                  7.2   ,              12.3   ,               2.0   ,                12.1   ,            5.2   ,             12.3   ,                         1.6   ,              16   ,        0.8750   ,               32.0   ,                 11421   ,
2026-02-12 18:14:47 ,         210.0   ,             50.6   ,               38.0   ,        46.2   ,                  40.0   ,                30   ,                  1026   ,                30   ,                  1046   ,           2388   ,          6   ,                        6   ,                   0   ,                    0   ,                7.0   ,                   0.0   ,                7.9   ,                  7.0   ,              12.3   ,               1.9   ,                12.1   ,            5.1   ,             12.3   ,                         1.6   ,              16   ,        0.8750   ,               33.0   ,                 11554   ,
2026-02-12 18:14:48 ,         210.0   ,             50.6   ,               37.9   ,        46.1   ,                  40.0   ,                30   ,                  1028   ,                30   ,                  1046   ,           2524   ,         30   ,                       11   ,                   0   ,                   20   ,                7.0   ,                   0.0   ,                7.8   ,                  7.0   ,              12.3   ,               2.0   ,                12.1   ,            5.0   ,             12.3   ,                         1.6   ,              16   ,        0.8750   ,               30.0   ,                 11642   ,
2026-02-12 18:14:49 ,         210.0   ,             50.6   ,               37.8   ,        45.9   ,                  40.0   ,                30   ,                  1033   ,                30   ,                  1046   ,           2684   ,          0   ,                        6   ,                   0   ,                    0   ,                7.8   ,                   0.0   ,                8.0   ,                  7.8   ,              12.3   ,               1.9   ,                12.1   ,            5.9   ,             12.3   ,                         1.7   ,              16   ,        0.8750   ,               38.0   ,                 11642   ,
2026-02-12 18:14:50 ,         210.0   ,             50.6   ,               37.7   ,        45.9   ,                  40.0   ,                30   ,                  1038   ,                30   ,                  1045   ,           2690   ,          0   ,                        0   ,                   0   ,                    0   ,                6.7   ,                   0.0   ,                7.7   ,                  6.7   ,              12.3   ,               2.0   ,                12.1   ,            4.7   ,             12.3   ,                         1.5   ,              16   ,        0.8750   ,               35.0   ,                 11612   ,
2026-02-12 18:14:51 ,         210.0   ,             50.6   ,               37.7   ,        45.8   ,                  40.0   ,                30   ,                  1038   ,                30   ,                  1046   ,           2690   ,          0   ,                        0   ,                   0   ,                    0   ,                6.4   ,                   0.0   ,                7.7   ,                  6.4   ,              12.3   ,               1.9   ,                12.1   ,            4.4   ,             12.3   ,                         1.4   ,              16   ,        0.8750   ,               35.0   ,                 11601   ,
2026-02-12 18:14:52 ,         210.0   ,             50.6   ,               37.6   ,        45.7   ,                  40.0   ,                30   ,                  1038   ,                30   ,                  1046   ,           2690   ,          0   ,                        0   ,                   0   ,                    0   ,                7.0   ,                   0.0   ,                7.7   ,                  7.0   ,              12.3   ,               2.0   ,                12.1   ,            5.0   ,             12.3   ,                         1.6   ,              16   ,        0.8750   ,               36.0   ,                 11595   ,
2026-02-12 18:14:53 ,         210.0   ,             50.6   ,               37.5   ,        45.6   ,                  40.0   ,                30   ,                  1040   ,                30   ,                  1046   ,           2690   ,          0   ,                        0   ,                   0   ,                    0   ,                6.6   ,                   0.0   ,                7.7   ,                  6.6   ,              12.3   ,               2.0   ,                12.1   ,            4.5   ,             12.3   ,                         1.6   ,              16   ,        0.8750   ,               36.0   ,                 11610   ,
2026-02-12 18:14:54 ,         210.0   ,             50.6   ,               37.4   ,        45.7   ,                  40.0   ,                30   ,                  1034   ,                30   ,                  1046   ,           2690   ,          0   ,                        0   ,                   0   ,                    0   ,                6.4   ,                   0.0   ,                7.7   ,                  6.4   ,              12.3   ,               2.0   ,                12.1   ,            5.3   ,             12.3   ,                         1.6   ,              16   ,        0.8750   ,               36.0   ,                 11622   ,
2026-02-12 18:14:55 ,         210.0   ,             50.6   ,               37.4   ,        45.4   ,                  40.0   ,                30   ,                  1041   ,                30   ,                  1047   ,           2690   ,          0   ,                        1   ,                   0   ,                    0   ,                7.5   ,                   0.0   ,                7.7   ,                  7.5   ,              12.3   ,               2.0   ,                12.1   ,            5.5   ,             12.3   ,                         1.7   ,              16   ,        0.8750   ,               38.0   ,                 11595   ,
2026-02-12 18:14:56 ,         210.0   ,             50.6   ,               37.3   ,        45.4   ,                  40.0   ,                30   ,                  1036   ,                30   ,                  1047   ,           2751   ,          6   ,                        4   ,                   0   ,                    0   ,                7.4   ,                   0.0   ,                7.7   ,                  7.4   ,              12.3   ,               2.0   ,                12.1   ,            5.5   ,             12.3   ,                         1.7   ,              16   ,        0.8750   ,               37.0   ,                 11604   ,
2026-02-12 18:14:57 ,         210.0   ,             50.6   ,               37.3   ,        45.3   ,                  40.0   ,                30   ,                  1039   ,                30   ,                  1046   ,           2800   ,          3   ,                        5   ,                   0   ,                    0   ,                8.3   ,                   0.0   ,                7.8   ,                  8.3   ,              12.3   ,               2.1   ,                12.1   ,            6.2   ,             12.3   ,                         1.8   ,              16   ,        0.8750   ,               35.0   ,                 11607   ,
2026-02-12 18:14:58 ,         210.0   ,             50.6   ,               37.2   ,        45.2   ,                  40.0   ,                30   ,                  1034   ,                30   ,                  1045   ,           2845   ,          0   ,                        0   ,                   0   ,                    0   ,                7.3   ,                   0.0   ,                7.7   ,                  7.3   ,              12.3   ,               2.1   ,                12.1   ,            5.2   ,             12.3   ,                         1.6   ,              16   ,        0.8750   ,               34.0   ,                 11631   ,
2026-02-12 18:14:59 ,         210.0   ,             50.6   ,               37.1   ,        45.3   ,                  40.0   ,                30   ,                  1032   ,                30   ,                  1045   ,           2964   ,         16   ,                        5   ,                   0   ,                    3   ,                8.5   ,                   0.0   ,                7.8   ,                  8.5   ,              12.3   ,               2.0   ,                12.1   ,            6.5   ,             12.3   ,                         1.9   ,              16   ,        0.8750   ,               30.0   ,                 11599   ,
2026-02-12 18:15:00 ,        2745.0   ,           1312.7   ,               42.3   ,        47.5   ,                  44.0   ,                30   ,                  1035   ,                30   ,                  1045   ,           5324   ,         49   ,                       33   ,                   0   ,                    1   ,              205.2   ,                 149.6   ,               49.2   ,                 55.6   ,              12.0   ,               6.4   ,                12.1   ,          198.8   ,             12.2   ,                        45.6   ,               4   ,        1.0500   ,               31.0   ,                 11610   ,
2026-02-12 18:15:01 ,        2730.0   ,           1312.7   ,               56.4   ,        65.4   ,                  44.0   ,                30   ,                  1032   ,                30   ,                  1042   ,           5851   ,         99   ,                       42   ,                   0   ,                    2   ,              440.8   ,                 375.0   ,               59.3   ,                 65.8   ,              11.9   ,               6.5   ,                12.1   ,          434.3   ,             12.0   ,                        98.0   ,               5   ,        1.0500   ,               37.0   ,                 11648   ,
2026-02-12 18:15:02 ,        2730.0   ,           1312.7   ,               57.2   ,        68.5   ,                  48.0   ,                30   ,                  1028   ,                30   ,                  1042   ,           5851   ,         99   ,                       40   ,                   0   ,                    2   ,              429.7   ,                 365.5   ,               57.7   ,                 64.1   ,              11.9   ,               6.5   ,                12.1   ,          423.2   ,             12.0   ,                        95.5   ,               4   ,        1.0500   ,               32.0   ,                 11644   ,
2026-02-12 18:15:03 ,        2730.0   ,           1312.7   ,               56.7   ,        67.3   ,                  48.0   ,                30   ,                  1028   ,                30   ,                  1044   ,           5852   ,         99   ,                       44   ,                   0   ,                    2   ,              417.2   ,                 349.2   ,               61.5   ,                 68.0   ,              11.9   ,               6.6   ,                12.1   ,          410.7   ,             12.0   ,                        92.6   ,               4   ,        1.0500   ,               33.0   ,                 11633   ,
2026-02-12 18:15:04 ,        2730.0   ,           1312.7   ,               58.5   ,        69.0   ,                  48.0   ,                30   ,                  1028   ,                30   ,                  1044   ,           5852   ,         99   ,                       45   ,                   0   ,                    2   ,              419.8   ,                 351.8   ,               61.5   ,                 68.0   ,              11.9   ,               6.6   ,                12.1   ,          410.9   ,             12.0   ,                        92.8   ,               4   ,        1.0500   ,               32.0   ,                 11640   ,
2026-02-12 18:15:05 ,        2715.0   ,           1312.7   ,               60.3   ,        72.8   ,                  50.0   ,                30   ,                  1032   ,                30   ,                  1043   ,           5852   ,         99   ,                       48   ,                   0   ,                    1   ,              445.6   ,                 374.1   ,               64.9   ,                 71.4   ,              11.9   ,               6.5   ,                12.1   ,          439.0   ,             12.0   ,                        99.0   ,               4   ,        1.0500   ,               34.0   ,                 11646   ,
2026-02-12 18:15:06 ,        2715.0   ,           1312.7   ,               60.2   ,        72.2   ,                  50.0   ,                30   ,                  1037   ,                30   ,                  1045   ,           5852   ,         99   ,                       48   ,                   0   ,                    1   ,              439.6   ,                 367.9   ,               64.1   ,                 70.6   ,              11.9   ,               6.5   ,                12.1   ,          432.2   ,             12.0   ,                        97.5   ,               4   ,        1.0500   ,               32.0   ,                 11653   ,
2026-02-12 18:15:07 ,        2715.0   ,           1312.7   ,               59.9   ,        71.8   ,                  50.0   ,                30   ,                  1036   ,                30   ,                  1046   ,           5852   ,         99   ,                       45   ,                   0   ,                    1   ,              437.4   ,                 368.7   ,               62.2   ,                 68.7   ,              11.9   ,               6.5   ,                12.1   ,          430.9   ,             12.0   ,                        97.2   ,               4   ,        1.0500   ,               32.0   ,                 11648   ,
2026-02-12 18:15:08 ,        2715.0   ,           1312.7   ,               60.1   ,        71.1   ,                  52.0   ,                30   ,                  1039   ,                30   ,                  1047   ,           5852   ,         99   ,                       44   ,                   0   ,                    2   ,              429.5   ,                 362.3   ,               60.8   ,                 67.2   ,              11.9   ,               6.4   ,                12.1   ,          423.0   ,             12.0   ,                        95.4   ,               4   ,        1.0500   ,               32.0   ,                 11653   ,
2026-02-12 18:15:09 ,        2715.0   ,           1312.7   ,               60.6   ,        72.1   ,                  52.0   ,                30   ,                  1040   ,                30   ,                  1047   ,           5852   ,         99   ,                       45   ,                   0   ,                    2   ,              424.0   ,                 354.7   ,               62.9   ,                 69.4   ,              11.9   ,               6.5   ,                12.1   ,          417.5   ,             12.0   ,                        94.2   ,               4   ,        1.0500   ,               31.0   ,                 11652   ,
2026-02-12 18:15:10 ,        2715.0   ,           1312.7   ,               61.6   ,        73.3   ,                  52.0   ,                30   ,                  1049   ,                30   ,                  1047   ,           5852   ,         99   ,                       45   ,                   0   ,                    2   ,              422.8   ,                 353.7   ,               62.7   ,                 69.2   ,              11.9   ,               6.5   ,                12.1   ,          416.3   ,             12.0   ,                        94.0   ,               4   ,        1.0500   ,               31.0   ,                 11652   ,
2026-02-12 18:15:11 ,        2715.0   ,           1312.7   ,               61.8   ,        73.2   ,                  54.0   ,                30   ,                  1041   ,                30   ,                  1047   ,           5852   ,         99   ,                       45   ,                   0   ,                    2   ,              430.2   ,                 361.0   ,               62.7   ,                 69.2   ,              11.9   ,               6.5   ,                12.1   ,          423.7   ,             12.0   ,                        95.6   ,               4   ,        1.0500   ,               32.0   ,                 11647   ,
2026-02-12 18:15:12 ,        2715.0   ,           1312.7   ,               62.0   ,        72.9   ,                  54.0   ,                30   ,                  1030   ,                30   ,                  1047   ,           5852   ,         99   ,                       45   ,                   0   ,                    2   ,              429.3   ,                 361.0   ,               61.8   ,                 68.3   ,              11.9   ,               6.5   ,                12.1   ,          422.8   ,             12.0   ,                        95.4   ,               4   ,        1.0500   ,               31.0   ,                 11657   ,
2026-02-12 18:15:13 ,        2715.0   ,           1312.7   ,               63.2   ,        75.2   ,                  56.0   ,                30   ,                  1036   ,                30   ,                  1044   ,           5852   ,         99   ,                       47   ,                   0   ,                    1   ,              429.5   ,                 358.3   ,               64.6   ,                 71.2   ,              11.9   ,               6.6   ,                12.1   ,          422.9   ,             12.0   ,                        95.4   ,               4   ,        1.0500   ,               32.0   ,                 11656   ,
2026-02-12 18:15:14 ,        2715.0   ,           1312.7   ,               63.6   ,        74.9   ,                  56.0   ,                30   ,                  1031   ,                30   ,                  1046   ,           5852   ,         99   ,                       49   ,                   0   ,                    1   ,              425.8   ,                 353.7   ,               65.6   ,                 72.1   ,              11.9   ,               6.5   ,                12.1   ,          419.3   ,             12.0   ,                        94.6   ,               4   ,        1.0500   ,               31.0   ,                 11639   ,
2026-02-12 18:15:15 ,        2715.0   ,           1312.7   ,               64.6   ,        76.8   ,                  56.0   ,                31   ,                  1035   ,                31   ,                  1046   ,           5852   ,         99   ,                       48   ,                   0   ,                    1   ,              432.1   ,                 361.2   ,               64.4   ,                 70.9   ,              11.9   ,               6.6   ,                12.1   ,          425.6   ,             12.0   ,                        95.4   ,               4   ,        1.0500   ,               31.0   ,                 11650   ,
2026-02-12 18:15:16 ,        2715.0   ,           1312.7   ,               65.2   ,        77.7   ,                  56.0   ,                32   ,                  1044   ,                32   ,                  1048   ,           5852   ,         99   ,                       46   ,                   0   ,                    1   ,              430.8   ,                 361.2   ,               63.0   ,                 71.5   ,              11.9   ,               6.6   ,                12.1   ,          429.4   ,             12.0   ,                        96.9   ,               5   ,        1.0500   ,               31.0   ,                 11651   ,
2026-02-12 18:15:17 ,        2715.0   ,           1312.7   ,               65.8   ,        78.4   ,                  58.0   ,                33   ,                  1060   ,                34   ,                  1064   ,           5852   ,         99   ,                       51   ,                   0   ,                    2   ,              438.2   ,                 364.6   ,               66.9   ,                 73.6   ,              11.9   ,               6.6   ,                12.1   ,          431.6   ,             12.0   ,                        97.4   ,               4   ,        1.0500   ,               32.0   ,                 11644   ,
2026-02-12 18:15:18 ,        2715.0   ,           1312.7   ,               67.0   ,        78.2   ,                  58.0   ,                35   ,                  1100   ,                35   ,                  1097   ,           5852   ,         99   ,                       52   ,                   0   ,                    1   ,              439.6   ,                 366.0   ,               67.0   ,                 73.6   ,              11.9   ,               6.6   ,                12.1   ,          433.0   ,             12.0   ,                        97.7   ,               4   ,        1.0500   ,               31.0   ,                 11650   ,
2026-02-12 18:15:19 ,        2715.0   ,           1312.7   ,               67.0   ,        79.9   ,                  58.0   ,                35   ,                  1138   ,                35   ,                  1138   ,           5852   ,         99   ,                       50   ,                   0   ,                    1   ,              438.0   ,                 367.0   ,               64.2   ,                 71.0   ,              11.9   ,               6.7   ,                12.1   ,          431.3   ,             12.0   ,                        97.3   ,               4   ,        1.0500   ,               31.0   ,                 11651   ,
2026-02-12 18:15:20 ,        2715.0   ,           1312.7   ,               66.0   ,        77.5   ,                  58.0   ,                36   ,                  1159   ,                36   ,                  1174   ,           5852   ,         99   ,                       45   ,                   0   ,                    1   ,              434.1   ,                 366.2   ,               61.3   ,                 67.9   ,              11.9   ,               6.7   ,                12.1   ,          427.4   ,             12.0   ,                        96.5   ,               4   ,        1.0500   ,               32.0   ,                 11645   ,
2026-02-12 18:15:21 ,        2715.0   ,           1312.7   ,               67.9   ,        80.7   ,                  58.0   ,                36   ,                  1198   ,                36   ,                  1202   ,           5852   ,         99   ,                       45   ,                   0   ,                    1   ,              438.6   ,                 369.7   ,               62.1   ,                 68.9   ,              11.9   ,               6.8   ,                12.1   ,          431.8   ,             12.0   ,                        97.5   ,               4   ,        1.0500   ,               31.0   ,                 11649   ,
2026-02-12 18:15:22 ,        2715.0   ,           1312.7   ,               68.0   ,        80.7   ,                  58.0   ,                37   ,                  1230   ,                37   ,                  1234   ,           5852   ,         99   ,                       47   ,                   0   ,                    1   ,              435.6   ,                 365.3   ,               63.6   ,                 70.3   ,              11.9   ,               6.8   ,                12.1   ,          428.8   ,             12.0   ,                        96.8   ,               4   ,        1.0500   ,               31.0   ,                 11654   ,
2026-02-12 18:15:23 ,        2715.0   ,           1312.7   ,               67.6   ,        80.1   ,                  60.0   ,                38   ,                  1257   ,                38   ,                  1267   ,           5852   ,         99   ,                       47   ,                   0   ,                    1   ,              435.5   ,                 364.8   ,               63.8   ,                 70.7   ,              11.9   ,               6.8   ,                12.1   ,          428.6   ,             12.0   ,                        96.8   ,               4   ,        1.0500   ,               32.0   ,                 11648   ,
2026-02-12 18:15:24 ,        2715.0   ,           1312.7   ,               67.8   ,        79.8   ,                  60.0   ,                39   ,                  1296   ,                39   ,                  1298   ,           5852   ,         99   ,                       47   ,                   0   ,                    1   ,              437.3   ,                 366.1   ,               64.4   ,                 71.2   ,              11.9   ,               6.8   ,                12.1   ,          430.6   ,             12.0   ,                        97.2   ,               4   ,        1.0500   ,               32.0   ,                 11650   ,
2026-02-12 18:15:25 ,        2715.0   ,           1312.7   ,               68.2   ,        80.4   ,                  60.0   ,                40   ,                  1326   ,                40   ,                  1334   ,           5852   ,         99   ,                       48   ,                   0   ,                    1   ,              436.6   ,                 364.2   ,               65.5   ,                 72.4   ,              11.9   ,               6.9   ,                12.1   ,          429.7   ,             12.0   ,                        97.0   ,               5   ,        1.0500   ,               32.0   ,                 11650   ,
2026-02-12 18:15:26 ,        2715.0   ,           1312.7   ,               69.6   ,        82.7   ,                  62.0   ,                40   ,                  1369   ,                40   ,                  1364   ,           5852   ,         99   ,                       50   ,                   0   ,                    2   ,              437.5   ,                 363.5   ,               66.9   ,                 73.9   ,              11.9   ,               7.0   ,                12.1   ,          430.4   ,             12.0   ,                        97.2   ,               4   ,        1.0500   ,               32.0   ,                 11644   ,
2026-02-12 18:15:27 ,        2715.0   ,           1312.7   ,               69.4   ,        82.4   ,                  62.0   ,                41   ,                  1395   ,                41   ,                  1403   ,           5852   ,         99   ,                       50   ,                   0   ,                    2   ,              440.6   ,                 366.8   ,               66.7   ,                 73.8   ,              11.9   ,               7.0   ,                12.1   ,          433.4   ,             12.0   ,                        97.9   ,               5   ,        1.0500   ,               32.0   ,                 11649   ,
2026-02-12 18:15:28 ,        2715.0   ,           1312.7   ,               70.0   ,        83.3   ,                  60.0   ,                42   ,                  1428   ,                42   ,                  1438   ,           5852   ,         99   ,                       50   ,                   0   ,                    2   ,              438.8   ,                 365.5   ,               66.2   ,                 73.3   ,              11.9   ,               7.1   ,                12.1   ,          431.7   ,             12.0   ,                        97.9   ,               5   ,        1.0500   ,               32.0   ,                 11650   ,
2026-02-12 18:15:29 ,        2715.0   ,           1312.7   ,               69.9   ,        82.3   ,                  62.0   ,                42   ,                  1470   ,                42   ,                  1473   ,           5852   ,         99   ,                       51   ,                   0   ,                    2   ,              439.2   ,                 366.1   ,               66.0   ,                 73.1   ,              11.9   ,               7.0   ,                12.1   ,          432.2   ,             12.0   ,                        97.6   ,               5   ,        1.0500   ,               32.0   ,                 11643   ,
2026-02-12 18:15:30 ,        2715.0   ,           1312.7   ,               69.5   ,        81.3   ,                  64.0   ,                43   ,                  1496   ,                43   ,                  1504   ,           5852   ,         99   ,                       49   ,                   0   ,                    2   ,              426.6   ,                 357.9   ,               61.6   ,                 68.7   ,              11.9   ,               7.0   ,                12.1   ,          419.5   ,             12.0   ,                        94.8   ,               4   ,        1.0500   ,               32.0   ,                 11639   ,
2026-02-12 18:15:31 ,        2715.0   ,           1312.7   ,               69.6   ,        81.5   ,                  62.0   ,                43   ,                  1523   ,                43   ,                  1530   ,           5852   ,         99   ,                       43   ,                   0   ,                    2   ,              421.9   ,                 354.3   ,               60.6   ,                 67.7   ,              11.9   ,               7.1   ,                12.1   ,          414.9   ,             12.0   ,                        93.8   ,               4   ,        1.0500   ,               31.0   ,                 11651   ,
2026-02-12 18:15:32 ,        2715.0   ,           1312.7   ,               69.6   ,        81.6   ,                  62.0   ,                43   ,                  1546   ,                43   ,                  1550   ,           5852   ,         99   ,                       43   ,                   0   ,                    2   ,              422.5   ,                 355.0   ,               60.5   ,                 67.5   ,              11.9   ,               7.0   ,                12.1   ,          415.5   ,             12.0   ,                        93.9   ,               4   ,        1.0500   ,               31.0   ,                 11645   ,
2026-02-12 18:15:33 ,        2715.0   ,           1312.7   ,               70.7   ,        84.3   ,                  62.0   ,                43   ,                  1562   ,                43   ,                  1567   ,           5852   ,         99   ,                       44   ,                   0   ,                    2   ,              422.1   ,                 353.5   ,               61.5   ,                 68.6   ,              11.9   ,               7.1   ,                12.1   ,          415.0   ,             12.0   ,                        93.8   ,               4   ,        1.0500   ,               31.0   ,                 11649   ,
2026-02-12 18:15:34 ,        2715.0   ,           1312.7   ,               70.2   ,        82.4   ,                  64.0   ,                43   ,                  1573   ,                43   ,                  1576   ,           5852   ,         99   ,                       45   ,                   0   ,                    2   ,              423.8   ,                 353.9   ,               62.8   ,                 70.0   ,              11.9   ,               7.1   ,                12.1   ,          416.7   ,             12.0   ,                        94.2   ,               4   ,        1.0500   ,               31.0   ,                 11650   ,
2026-02-12 18:15:35 ,        2715.0   ,           1312.7   ,               71.4   ,        84.2   ,                  64.0   ,                44   ,                  1582   ,                44   ,                  1584   ,           5852   ,         99   ,                       46   ,                   0   ,                    2   ,              427.0   ,                 356.5   ,               63.3   ,                 70.5   ,              11.9   ,               7.2   ,                12.1   ,          419.8   ,             12.0   ,                        94.9   ,               4   ,        1.0500   ,               31.0   ,                 11645   ,
2026-02-12 18:15:36 ,        2700.0   ,           1312.7   ,               72.2   ,        85.6   ,                  64.0   ,                44   ,                  1596   ,                44   ,                  1597   ,           5852   ,         99   ,                       48   ,                   0   ,                    2   ,              447.8   ,                 371.9   ,               68.6   ,                 75.9   ,              11.9   ,               7.3   ,                12.1   ,          440.5   ,             12.0   ,                        99.0   ,               1   ,        1.0450   ,               32.0   ,                 11649   ,
2026-02-12 18:15:37 ,        2700.0   ,           1312.7   ,               72.7   ,        86.6   ,                  66.0   ,                46   ,                  1615   ,                46   ,                  1617   ,           5852   ,         99   ,                       52   ,                   0   ,                    2   ,              443.8   ,                 368.0   ,               68.5   ,                 75.8   ,              11.9   ,               7.3   ,                12.1   ,          436.5   ,             12.0   ,                        98.6   ,               1   ,        1.0450   ,               32.0   ,                 11607   ,
2026-02-12 18:15:38 ,        2700.0   ,           1312.7   ,               72.0   ,        85.0   ,                  66.0   ,                47   ,                  1644   ,                47   ,                  1647   ,           5852   ,         99   ,                       52   ,                   0   ,                    2   ,              443.0   ,                 367.2   ,               68.4   ,                 75.8   ,              11.9   ,               7.4   ,                12.1   ,          435.6   ,             12.0   ,                        98.4   ,               1   ,        1.0450   ,               31.0   ,                 11613   ,
2026-02-12 18:15:39 ,        2685.0   ,           1312.7   ,               73.8   ,        87.8   ,                  66.0   ,                47   ,                  1676   ,                47   ,                  1679   ,           5852   ,         99   ,                       51   ,                   0   ,                    2   ,              439.4   ,                 365.4   ,               66.6   ,                 74.0   ,              11.9   ,               7.4   ,                12.1   ,          432.0   ,             12.0   ,                        97.6   ,               1   ,        1.0450   ,               31.0   ,                 11578   ,
2026-02-12 18:15:40 ,        2700.0   ,           1312.7   ,               72.6   ,        87.7   ,                  66.0   ,                48   ,                  1710   ,                48   ,                  1711   ,           5852   ,         99   ,                       51   ,                   0   ,                    2   ,              445.5   ,                 370.9   ,               67.2   ,                 74.6   ,              11.9   ,               7.5   ,                12.1   ,          438.1   ,             12.0   ,                        99.0   ,               1   ,        1.0450   ,               32.0   ,                 11575   ,
2026-02-12 18:15:41 ,        2685.0   ,           1312.7   ,               72.8   ,        85.8   ,                  66.0   ,                48   ,                  1735   ,                48   ,                  1739   ,           5852   ,         99   ,                       51   ,                   0   ,                    2   ,              440.4   ,                 366.0   ,               66.8   ,                 74.4   ,              11.9   ,               7.5   ,                12.1   ,          432.9   ,             12.0   ,                        97.9   ,               1   ,        1.0500   ,               32.0   ,                 11574   ,
2026-02-12 18:15:42 ,        2700.0   ,           1312.7   ,               73.0   ,        86.2   ,                  66.0   ,                48   ,                  1760   ,                48   ,                  1766   ,           5852   ,         99   ,                       52   ,                   0   ,                    2   ,              444.7   ,                 370.4   ,               66.7   ,                 74.3   ,              11.9   ,               7.6   ,                12.1   ,          437.1   ,             12.0   ,                        98.8   ,               1   ,        1.0450   ,               31.0   ,                 11577   ,
2026-02-12 18:15:43 ,        2715.0   ,           1312.7   ,               74.3   ,        88.6   ,                  66.0   ,                49   ,                  1783   ,                49   ,                  1785   ,           5852   ,         99   ,                       44   ,                   0   ,                    1   ,              445.5   ,                 377.1   ,               60.9   ,                 68.5   ,              11.9   ,               7.5   ,                12.1   ,          438.0   ,             12.0   ,                        99.0   ,               5   ,        1.0500   ,               31.0   ,                 11572   ,
2026-02-12 18:15:44 ,        2715.0   ,           1312.7   ,               74.3   ,        88.8   ,                  66.0   ,                49   ,                  1812   ,                49   ,                  1807   ,           5852   ,         99   ,                       46   ,                   0   ,                    1   ,              443.5   ,                 372.8   ,               63.2   ,                 70.8   ,              11.9   ,               7.6   ,                12.1   ,          435.9   ,             12.0   ,                        98.6   ,               5   ,        1.0500   ,               31.0   ,                 11565   ,
2026-02-12 18:15:45 ,        2700.0   ,           1312.7   ,               74.6   ,        88.6   ,                  66.0   ,                49   ,                  1827   ,                49   ,                  1828   ,           5852   ,         99   ,                       52   ,                   0   ,                    2   ,              442.1   ,                 366.2   ,               68.2   ,                 75.9   ,              11.9   ,               7.7   ,                12.1   ,          434.4   ,             12.0   ,                        98.3   ,               1   ,        1.0500   ,               31.0   ,                 11572   ,
2026-02-12 18:15:46 ,        2685.0   ,           1312.7   ,               74.1   ,        87.5   ,                  68.0   ,                49   ,                  1842   ,                49   ,                  1842   ,           5852   ,         99   ,                       51   ,                   0   ,                    2   ,              443.9   ,                 368.6   ,               67.6   ,                 75.3   ,              11.9   ,               7.7   ,                12.1   ,          436.2   ,             12.0   ,                        98.6   ,               1   ,        1.0500   ,               31.0   ,                 11571   ,
2026-02-12 18:15:47 ,        2685.0   ,           1312.7   ,               74.2   ,        88.3   ,                  66.0   ,                50   ,                  1849   ,                50   ,                  1857   ,           5852   ,         99   ,                       51   ,                   0   ,                    2   ,              440.5   ,                 365.5   ,               67.2   ,                 75.0   ,              11.9   ,               7.8   ,                12.1   ,          432.7   ,             12.0   ,                        97.9   ,               1   ,        1.0400   ,               31.0   ,                 11566   ,
2026-02-12 18:15:49 ,        2670.0   ,           1312.7   ,               75.2   ,        88.0   ,                  68.0   ,                50   ,                  1865   ,                50   ,                  1869   ,           5852   ,         99   ,                       50   ,                   0   ,                    2   ,              440.4   ,                 365.3   ,               67.3   ,                 75.1   ,              11.9   ,               7.8   ,                12.1   ,          432.6   ,             12.0   ,                        97.9   ,               1   ,        1.0350   ,               32.0   ,                 11570   ,
2026-02-12 18:15:50 ,        2670.0   ,           1312.7   ,               74.0   ,        87.7   ,                  66.0   ,                51   ,                  1881   ,                51   ,                  1884   ,           5852   ,         99   ,                       49   ,                   0   ,                    1   ,              441.5   ,                 368.2   ,               65.5   ,                 73.3   ,              11.9   ,               7.8   ,                12.1   ,          433.7   ,             12.0   ,                        98.1   ,               1   ,        1.0400   ,               32.0   ,                 11571   ,
2026-02-12 18:15:51 ,        2670.0   ,           1312.7   ,               74.8   ,        89.3   ,                  68.0   ,                51   ,                  1894   ,                51   ,                  1903   ,           5852   ,         99   ,                       48   ,                   0   ,                    1   ,              441.8   ,                 368.6   ,               65.4   ,                 73.2   ,              11.9   ,               7.8   ,                12.1   ,          434.0   ,             12.0   ,                        98.2   ,               1   ,        1.0350   ,               32.0   ,                 11555   ,
2026-02-12 18:15:52 ,        2670.0   ,           1312.7   ,               74.6   ,        87.8   ,                  68.0   ,                51   ,                  1910   ,                51   ,                  1916   ,           5852   ,         99   ,                       50   ,                   0   ,                    2   ,              441.9   ,                 368.0   ,               66.1   ,                 73.9   ,              11.9   ,               7.8   ,                12.1   ,          434.1   ,             12.0   ,                        98.2   ,               1   ,        1.0350   ,               31.0   ,                 11569   ,
2026-02-12 18:15:53 ,        2670.0   ,           1312.7   ,               74.3   ,        87.4   ,                  68.0   ,                51   ,                  1931   ,                51   ,                  1935   ,           5852   ,         99   ,                       49   ,                   0   ,                    2   ,              442.1   ,                 367.5   ,               66.7   ,                 74.6   ,              11.9   ,               7.9   ,                12.1   ,          434.2   ,             12.0   ,                        98.2   ,               1   ,        1.0350   ,               32.0   ,                 11571   ,
2026-02-12 18:15:54 ,        2685.0   ,           1312.7   ,               74.6   ,        88.3   ,                  68.0   ,                52   ,                  1948   ,                52   ,                  1945   ,           5852   ,         99   ,                       49   ,                   0   ,                    2   ,              444.3   ,                 371.0   ,               65.4   ,                 73.3   ,              11.9   ,               7.9   ,                12.1   ,          436.3   ,             12.0   ,                        99.1   ,               1   ,        1.0500   ,               31.0   ,                 11565   ,
2026-02-12 18:15:55 ,        2670.0   ,           1312.7   ,               75.2   ,        89.3   ,                  68.0   ,                52   ,                  1955   ,                52   ,                  1958   ,           5852   ,         99   ,                       47   ,                   0   ,                    1   ,              445.2   ,                 372.8   ,               64.4   ,                 72.4   ,              11.9   ,               8.0   ,                12.1   ,          437.2   ,             12.0   ,                        98.9   ,               1   ,        1.0500   ,               32.0   ,                 11567   ,
2026-02-12 18:15:56 ,        2700.0   ,           1312.7   ,               75.0   ,        88.2   ,                  68.0   ,                52   ,                  1965   ,                52   ,                  1968   ,           5852   ,         99   ,                       46   ,                   0   ,                    2   ,              443.2   ,                 371.6   ,               63.6   ,                 71.6   ,              11.9   ,               8.0   ,                12.1   ,          435.2   ,             12.0   ,                        98.5   ,               1   ,        1.0500   ,               31.0   ,                 11567   ,
2026-02-12 18:15:57 ,        2685.0   ,           1312.7   ,               74.6   ,        88.0   ,                  68.0   ,                52   ,                  1972   ,                52   ,                  1971   ,           5852   ,         99   ,                       46   ,                   0   ,                    2   ,              446.1   ,                 374.8   ,               63.4   ,                 71.3   ,              11.9   ,               7.9   ,                12.1   ,          434.3   ,             12.0   ,                        98.3   ,               1   ,        1.0500   ,               31.0   ,                 11560   ,
2026-02-12 18:15:58 ,        2685.0   ,           1312.7   ,               75.6   ,        91.2   ,                  68.0   ,                52   ,                  1983   ,                52   ,                  1985   ,           5852   ,         99   ,                       51   ,                   0   ,                    1   ,              443.0   ,                 368.2   ,               66.9   ,                 74.8   ,              11.9   ,               7.9   ,                12.1   ,          435.1   ,             12.0   ,                        98.5   ,               1   ,        1.0400   ,               32.0   ,                 11567   ,
2026-02-12 18:15:59 ,        2700.0   ,           1312.7   ,               74.9   ,        88.9   ,                  70.0   ,                52   ,                  1987   ,                52   ,                  1992   ,           5852   ,         99   ,                       50   ,                   0   ,                    2   ,              442.8   ,                 367.5   ,               67.3   ,                 75.3   ,              11.9   ,               8.1   ,                12.1   ,          434.8   ,             12.0   ,                        98.4   ,               1   ,        1.0500   ,               32.0   ,                 11567   ,
2026-02-12 18:16:00 ,        2700.0   ,           1312.7   ,               75.0   ,        88.8   ,                  70.0   ,                52   ,                  1994   ,                52   ,                  1995   ,           5852   ,         99   ,                       51   ,                   0   ,                    2   ,              444.5   ,                 369.5   ,               66.9   ,                 75.0   ,              11.9   ,               8.1   ,                12.1   ,          436.4   ,             12.0   ,                        98.8   ,               5   ,        1.0500   ,               32.0   ,                 11567   ,
2026-02-12 18:16:01 ,        2715.0   ,           1312.7   ,               60.6   ,        69.4   ,                  66.0   ,                52   ,                  2001   ,                52   ,                  2002   ,           1005   ,          4   ,                        0   ,                   0   ,                    0   ,               70.5   ,                  40.1   ,               23.0   ,                 30.4   ,              12.2   ,               7.4   ,                12.1   ,           63.1   ,             12.2   ,                        15.7   ,               4   ,        1.0500   ,               30.0   ,                 10614   ,
2026-02-12 18:16:02 ,        2715.0   ,           1312.7   ,               58.4   ,        67.7   ,                  64.0   ,                52   ,                  2005   ,                52   ,                  2009   ,            909   ,          0   ,                        0   ,                   0   ,                    0   ,               64.9   ,                  34.7   ,               22.7   ,                 30.1   ,              12.2   ,               7.4   ,                12.1   ,           57.4   ,             12.2   ,                        14.4   ,               4   ,        1.0500   ,               30.0   ,                 10616   ,
2026-02-12 18:16:03 ,         465.0   ,            625.2   ,               56.0   ,        66.3   ,                  64.0   ,                49   ,                  2005   ,                49   ,                  2009   ,            904   ,          4   ,                        0   ,                   0   ,                    0   ,               27.0   ,                   6.5   ,               13.3   ,                 20.5   ,              12.2   ,               7.2   ,                12.1   ,           19.8   ,             12.3   ,                         6.0   ,              16   ,        0.8800   ,               29.0   ,                 10548   ,
2026-02-12 18:16:04 ,         300.0   ,            625.2   ,               55.1   ,        65.3   ,                  62.0   ,                44   ,                  1965   ,                44   ,                  1965   ,            904   ,          0   ,                        0   ,                   0   ,                    0   ,               25.7   ,                   5.3   ,               13.3   ,                 20.4   ,              12.2   ,               7.1   ,                12.1   ,           18.6   ,             12.3   ,                         5.7   ,              16   ,        0.8800   ,               30.0   ,                 10521   ,
2026-02-12 18:16:05 ,         210.0   ,            625.2   ,               54.4   ,        64.5   ,                  62.0   ,                41   ,                  1881   ,                41   ,                  1878   ,            914   ,         13   ,                        0   ,                   0   ,                    1   ,               25.8   ,                   5.7   ,               13.3   ,                 20.1   ,              12.2   ,               6.8   ,                12.1   ,           19.0   ,             12.3   ,                         5.7   ,              16   ,        0.8800   ,               37.0   ,                 10465   ,
2026-02-12 18:16:06 ,         210.0   ,            625.2   ,               53.8   ,        64.0   ,                  60.0   ,                39   ,                  1784   ,                39   ,                  1774   ,            921   ,          0   ,                        0   ,                   0   ,                    0   ,               24.7   ,                   4.9   ,               13.3   ,                 19.8   ,              12.2   ,               6.5   ,                12.1   ,           18.2   ,             12.3   ,                         5.5   ,              16   ,        0.8800   ,               34.0   ,                 10500   ,
2026-02-12 18:16:07 ,         210.0   ,            101.3   ,               53.2   ,        63.4   ,                  60.0   ,                37   ,                  1675   ,                37   ,                  1669   ,            921   ,          0   ,                        0   ,                   0   ,                    0   ,               24.8   ,                   5.0   ,               13.2   ,                 19.8   ,              12.2   ,               6.6   ,                12.1   ,           18.2   ,             12.3   ,                         4.4   ,              16   ,        0.8800   ,               37.0   ,                 10503   ,
2026-02-12 18:16:08 ,         210.0   ,            101.3   ,               52.6   ,        62.9   ,                  60.0   ,                36   ,                  1584   ,                36   ,                  1569   ,            919   ,          9   ,                        8   ,                   0   ,                    2   ,               14.0   ,                   4.2   ,                6.5   ,                  9.8   ,              12.2   ,               3.3   ,                12.1   ,           10.7   ,             12.3   ,                         3.1   ,              16   ,        0.8800   ,               30.0   ,                 10517   ,
2026-02-12 18:16:09 ,         210.0   ,             50.6   ,               52.1   ,        62.3   ,                  58.0   ,                35   ,                  1507   ,                35   ,                  1477   ,            912   ,         14   ,                        9   ,                   0   ,                    4   ,                8.0   ,                   0.5   ,                5.0   ,                  9.2   ,              12.2   ,               2.5   ,                12.1   ,            6.9   ,             12.3   ,                         2.1   ,              16   ,        0.8650   ,               31.0   ,                 10510   ,
2026-02-12 18:16:10 ,         210.0   ,             50.6   ,               51.5   ,        61.8   ,                  58.0   ,                34   ,                  1420   ,                34   ,                  1395   ,            912   ,          0   ,                       11   ,                   0   ,                    0   ,                5.5   ,                   1.2   ,                1.9   ,                  4.2   ,              12.2   ,               2.4   ,                12.1   ,            3.6   ,             12.3   ,                         1.3   ,              16   ,        0.8650   ,               29.0   ,                 10505   ,
2026-02-12 18:16:11 ,         210.0   ,             50.6   ,               51.1   ,        61.3   ,                  56.0   ,                33   ,                  1334   ,                33   ,                  1323   ,            912   ,          0   ,                       16   ,                   0   ,                    0   ,                5.5   ,                   1.2   ,                2.1   ,                  4.4   ,              12.2   ,               2.3   ,                12.1   ,            3.3   ,             12.3   ,                         1.2   ,              16   ,        0.8650   ,               29.0   ,                 10503   ,
2026-02-12 18:16:12 ,         210.0   ,             50.6   ,               50.7   ,        60.9   ,                  56.0   ,                32   ,                  1264   ,                32   ,                  1257   ,            912   ,          0   ,                        5   ,                   0   ,                    0   ,                5.5   ,                   1.2   ,                2.1   ,                  4.3   ,              12.2   ,               2.3   ,                12.1   ,            3.2   ,             12.3   ,                         1.2   ,              16   ,        0.8650   ,               30.0   ,                 10497   ,
2026-02-12 18:16:13 ,         210.0   ,             50.6   ,               50.4   ,        60.6   ,                  56.0   ,                31   ,                  1207   ,                31   ,                  1196   ,            912   ,          0   ,                       14   ,                   0   ,                    0   ,                5.2   ,                   1.2   ,                1.8   ,                  4.0   ,              12.2   ,               2.2   ,                12.1   ,            3.0   ,             12.3   ,                         1.1   ,              16   ,        0.8650   ,               29.0   ,                 10495   ,
2026-02-12 18:16:14 ,         210.0   ,             50.6   ,               50.1   ,        60.2   ,                  56.0   ,                30   ,                  1155   ,                30   ,                  1146   ,            912   ,          0   ,                        4   ,                   0   ,                    0   ,                5.1   ,                   1.3   ,                1.7   ,                  3.8   ,              12.2   ,               2.1   ,                12.1   ,            3.0   ,             12.3   ,                         1.1   ,              16   ,        0.8650   ,               29.0   ,                 10503   ,
2026-02-12 18:16:15 ,         210.0   ,             50.6   ,               49.8   ,        60.1   ,                  56.0   ,                30   ,                  1110   ,                30   ,                  1097   ,            912   ,          0   ,                        9   ,                   0   ,                    0   ,                5.1   ,                   1.2   ,                1.8   ,                  3.9   ,              12.2   ,               2.1   ,                12.1   ,            3.0   ,             12.3   ,                         1.1   ,              16   ,        0.8650   ,               28.0   ,                 10498   ,
2026-02-12 18:16:16 ,         210.0   ,             50.6   ,               49.6   ,        59.8   ,                  56.0   ,                30   ,                  1072   ,                30   ,                  1061   ,            912   ,          0   ,                        9   ,                   0   ,                    0   ,                5.3   ,                   1.3   ,                1.8   ,                  4.0   ,              12.2   ,               2.2   ,                12.1   ,            3.1   ,             12.3   ,                         1.2   ,              16   ,        0.8650   ,               29.0   ,                 10502   ,
2026-02-12 18:16:17 ,         210.0   ,             50.6   ,               49.4   ,        59.3   ,                  54.0   ,                30   ,                  1052   ,                30   ,                  1051   ,            912   ,          0   ,                       19   ,                   0   ,                    0   ,                5.2   ,                   1.1   ,                2.0   ,                  4.1   ,              12.2   ,               2.1   ,                12.1   ,            3.1   ,             12.3   ,                         1.5   ,              16   ,        0.8650   ,               28.0   ,                 10497   ,
2026-02-12 18:16:18 ,         210.0   ,             50.6   ,               49.2   ,        59.2   ,                  54.0   ,                30   ,                  1043   ,                30   ,                  1050   ,            912   ,          0   ,                       14   ,                   0   ,                    0   ,                5.2   ,                   1.2   ,                1.9   ,                  4.0   ,              12.2   ,               2.1   ,                12.1   ,            3.1   ,             12.3   ,                         1.2   ,              16   ,        0.8650   ,               30.0   ,                 10493   ,
2026-02-12 18:16:19 ,         210.0   ,             50.6   ,               48.9   ,        59.0   ,                  54.0   ,                30   ,                  1038   ,                30   ,                  1049   ,            912   ,          0   ,                       13   ,                   0   ,                    0   ,                5.3   ,                   1.3   ,                1.8   ,                  4.0   ,              12.2   ,               2.1   ,                12.1   ,            3.2   ,             12.3   ,                         1.2   ,              16   ,        0.8650   ,               28.0   ,                 10503   ,
2026-02-12 18:16:20 ,         210.0   ,             50.6   ,               48.7   ,        58.6   ,                  54.0   ,                30   ,                  1041   ,                30   ,                  1050   ,            912   ,          0   ,                       10   ,                   0   ,                    0   ,                5.1   ,                   1.3   ,                1.8   ,                  3.8   ,              12.2   ,               2.1   ,                12.1   ,            4.0   ,             12.3   ,                         1.4   ,              16   ,        0.8650   ,               28.0   ,                 10503   ,
2026-02-12 18:16:21 ,         210.0   ,             50.6   ,               48.5   ,        58.5   ,                  54.0   ,                30   ,                  1041   ,                30   ,                  1049   ,            912   ,          0   ,                        9   ,                   0   ,                    0   ,                5.1   ,                   1.3   ,                3.1   ,                  5.2   ,              12.2   ,               2.1   ,                12.1   ,            3.9   ,             12.3   ,                         1.3   ,              16   ,        0.8650   ,               29.0   ,                 10498   ,
2026-02-12 18:16:22 ,         210.0   ,             50.6   ,               48.3   ,        58.3   ,                  54.0   ,                30   ,                  1039   ,                30   ,                  1051   ,            912   ,          0   ,                        9   ,                   0   ,                    0   ,                5.1   ,                   0.9   ,                3.0   ,                  5.0   ,              12.2   ,               2.1   ,                12.1   ,            3.9   ,             12.3   ,                         1.3   ,              16   ,        0.8650   ,               29.0   ,                 10497   ,
2026-02-12 18:16:23 ,         210.0   ,             50.6   ,               48.1   ,        58.0   ,                  54.0   ,                30   ,                  1038   ,                30   ,                  1051   ,            913   ,          0   ,                       12   ,                   0   ,                    0   ,                5.2   ,                   0.8   ,                2.4   ,                  4.5   ,              12.2   ,               2.1   ,                12.1   ,            3.2   ,             12.3   ,                         1.2   ,              16   ,        0.8650   ,               29.0   ,                 10502   ,
2026-02-12 18:16:24 ,         210.0   ,             50.6   ,               48.0   ,        57.8   ,                  52.0   ,                30   ,                  1042   ,                30   ,                  1051   ,            913   ,          0   ,                       15   ,                   0   ,                    0   ,                5.5   ,                   1.0   ,                2.4   ,                  4.5   ,              12.2   ,               2.1   ,                12.1   ,            3.3   ,             12.3   ,                         1.2   ,              16   ,        0.8650   ,               28.0   ,                 10503   ,
2026-02-12 18:16:25 ,         210.0   ,             50.6   ,               47.8   ,        57.5   ,                  52.0   ,                30   ,                  1048   ,                30   ,                  1052   ,            913   ,          0   ,                       11   ,                   0   ,                    0   ,                5.1   ,                   1.0   ,                2.0   ,                  4.1   ,              12.2   ,               2.1   ,                12.1   ,            3.0   ,             12.3   ,                         1.1   ,              16   ,        0.8650   ,               28.0   ,                 10498   ,
2026-02-12 18:16:26 ,         210.0   ,             50.6   ,               47.6   ,        57.3   ,                  52.0   ,                30   ,                  1049   ,                30   ,                  1051   ,            913   ,          0   ,                        9   ,                   0   ,                    0   ,                5.2   ,                   1.3   ,                1.8   ,                  3.9   ,              12.2   ,               2.1   ,                12.1   ,            3.1   ,             12.3   ,                         1.2   ,              16   ,        0.8650   ,               28.0   ,                 10493   ,
2026-02-12 18:16:27 ,         210.0   ,             50.6   ,               47.4   ,        57.1   ,                  52.0   ,                30   ,                  1052   ,                30   ,                  1051   ,            913   ,          0   ,                        6   ,                   0   ,                    0   ,                5.2   ,                   1.3   ,                1.8   ,                  3.9   ,              12.2   ,               2.1   ,                12.1   ,            3.1   ,             12.3   ,                         1.2   ,              16   ,        0.8650   ,               28.0   ,                 10495   ,
2026-02-12 18:16:28 ,         210.0   ,             50.6   ,               47.2   ,        56.9   ,                  52.0   ,                30   ,                  1040   ,                30   ,                  1050   ,            913   ,          0   ,                       11   ,                   0   ,                    0   ,                5.1   ,                   1.1   ,                1.9   ,                  4.0   ,              12.2   ,               2.1   ,                12.1   ,            3.0   ,             12.3   ,                         1.1   ,              16   ,        0.8650   ,               30.0   ,                 10489   ,
2026-02-12 18:16:29 ,         210.0   ,             50.6   ,               47.1   ,        56.6   ,                  52.0   ,                30   ,                  1045   ,                30   ,                  1049   ,            913   ,          0   ,                        7   ,                   0   ,                    0   ,                7.0   ,                   0.0   ,                5.6   ,                  7.0   ,              12.2   ,               2.1   ,                12.1   ,            4.8   ,             12.3   ,                         1.6   ,              16   ,        0.8700   ,               28.0   ,                 10494   ,
2026-02-12 18:16:30 ,         210.0   ,             50.6   ,               46.9   ,        56.4   ,                  52.0   ,                30   ,                  1054   ,                30   ,                  1051   ,            913   ,          0   ,                       15   ,                   0   ,                    0   ,                5.3   ,                   1.2   ,                2.0   ,                  4.1   ,              12.2   ,               2.1   ,                12.1   ,            3.2   ,             12.3   ,                         1.4   ,              16   ,        0.8700   ,               28.0   ,                 10489   ,
2026-02-12 18:16:31 ,         210.0   ,             50.6   ,               46.7   ,        56.3   ,                  52.0   ,                30   ,                  1050   ,                30   ,                  1051   ,            913   ,          0   ,                       15   ,                   0   ,                    0   ,                6.0   ,                   0.9   ,                3.0   ,                  5.1   ,              12.2   ,               2.1   ,                12.1   ,            3.9   ,             12.3   ,                         1.3   ,              16   ,        0.8700   ,               29.0   ,                 10486   ,
2026-02-12 18:16:32 ,         210.0   ,             50.6   ,               46.5   ,        56.0   ,                  52.0   ,                30   ,                  1045   ,                30   ,                  1051   ,            913   ,          0   ,                       15   ,                   0   ,                    0   ,                5.3   ,                   1.2   ,                2.1   ,                  4.2   ,              12.2   ,               2.0   ,                12.1   ,            3.3   ,             12.3   ,                         1.2   ,              16   ,        0.8700   ,               28.0   ,                 10494   ,
2026-02-12 18:16:33 ,         210.0   ,             50.6   ,               46.4   ,        55.8   ,                  52.0   ,                30   ,                  1048   ,                30   ,                  1051   ,            913   ,          0   ,                        4   ,                   0   ,                    0   ,                5.2   ,                   1.4   ,                1.7   ,                  3.8   ,              12.2   ,               2.1   ,                12.1   ,            3.1   ,             12.3   ,                         1.2   ,              16   ,        0.8700   ,               28.0   ,                 10494   ,
2026-02-12 18:16:34 ,         210.0   ,             50.6   ,               46.2   ,        55.6   ,                  50.0   ,                30   ,                  1057   ,                30   ,                  1052   ,            913   ,          0   ,                        8   ,                   0   ,                    0   ,                5.2   ,                   1.4   ,                1.8   ,                  3.8   ,              12.2   ,               2.0   ,                12.1   ,            3.2   ,             12.3   ,                         1.2   ,              16   ,        0.8700   ,               28.0   ,                 10488   ,
2026-02-12 18:16:35 ,         210.0   ,             50.6   ,               46.0   ,        55.5   ,                  52.0   ,                30   ,                  1047   ,                30   ,                  1051   ,            913   ,          0   ,                        9   ,                   0   ,                    0   ,                5.3   ,                   1.5   ,                1.7   ,                  3.8   ,              12.2   ,               2.1   ,                12.1   ,            3.1   ,             12.3   ,                         1.2   ,              16   ,        0.8700   ,               29.0   ,                 10485   ,
2026-02-12 18:16:36 ,         210.0   ,             50.6   ,               45.8   ,        55.2   ,                  50.0   ,                30   ,                  1045   ,                30   ,                  1051   ,            913   ,          0   ,                        4   ,                   0   ,                    0   ,                5.1   ,                   1.4   ,                1.6   ,                  3.8   ,              12.2   ,               2.1   ,                12.1   ,            3.0   ,             12.3   ,                         1.1   ,              16   ,        0.8700   ,               28.0   ,                 10495   ,
2026-02-12 18:16:37 ,         210.0   ,             50.6   ,               45.7   ,        55.0   ,                  50.0   ,                30   ,                  1053   ,                30   ,                  1051   ,            909   ,          2   ,                       11   ,                   0   ,                    0   ,                5.1   ,                   1.4   ,                2.9   ,                  5.0   ,              12.2   ,               2.1   ,                12.1   ,            3.9   ,             12.3   ,                         1.3   ,              16   ,        0.8700   ,               29.0   ,                 10494   ,
2026-02-12 18:16:38 ,         210.0   ,             50.6   ,               45.6   ,        54.9   ,                  52.0   ,                30   ,                  1047   ,                30   ,                  1050   ,            906   ,          5   ,                        4   ,                   0   ,                    0   ,                5.1   ,                   1.4   ,                1.6   ,                  3.7   ,              12.2   ,               2.1   ,                12.1   ,            3.9   ,             12.3   ,                         1.3   ,              16   ,        0.8700   ,               28.0   ,                 10489   ,
2026-02-12 18:16:39 ,         210.0   ,             50.6   ,               45.4   ,        54.6   ,                  50.0   ,                30   ,                  1040   ,                30   ,                  1050   ,            906   ,          0   ,                        8   ,                   0   ,                    0   ,                5.1   ,                   1.4   ,                1.7   ,                  3.7   ,              12.2   ,               2.0   ,                12.1   ,            3.9   ,             12.3   ,                         1.3   ,              16   ,        0.8700   ,               29.0   ,                 10499   ,
2026-02-12 18:16:40 ,         210.0   ,             50.6   ,               45.2   ,        54.5   ,                  50.0   ,                30   ,                  1047   ,                30   ,                  1051   ,            906   ,          0   ,                       13   ,                   0   ,                    0   ,                5.2   ,                   1.4   ,                1.7   ,                  5.1   ,              12.2   ,               2.1   ,                12.1   ,            4.0   ,             12.3   ,                         1.4   ,              16   ,        0.8700   ,               28.0   ,                 10496   ,
2026-02-12 18:16:41 ,         210.0   ,             50.6   ,               45.1   ,        54.3   ,                  48.0   ,                30   ,                  1045   ,                30   ,                  1052   ,            906   ,          0   ,                        4   ,                   0   ,                    0   ,                5.2   ,                   1.4   ,                1.8   ,                  3.8   ,              12.2   ,               2.1   ,                12.1   ,            3.8   ,             12.3   ,                         1.3   ,              16   ,        0.8700   ,               29.0   ,                 10491   ,
2026-02-12 18:16:42 ,        2520.0   ,           1312.7   ,               46.2   ,        54.8   ,                  52.0   ,                30   ,                  1045   ,                30   ,                  1051   ,            933   ,          2   ,                        0   ,                   0   ,                    0   ,               49.9   ,                  20.7   ,               23.1   ,                 29.2   ,              12.2   ,               6.1   ,                12.1   ,           43.9   ,             12.3   ,                        11.3   ,              16   ,        0.9600   ,               28.0   ,                 10509   ,
2026-02-12 18:16:43 ,        2520.0   ,           1312.7   ,               46.2   ,        54.8   ,                  52.0   ,                30   ,                  1048   ,                30   ,                  1051   ,            965   ,          0   ,                        0   ,                   0   ,                    0   ,               49.6   ,                  20.4   ,               23.1   ,                 29.3   ,              12.2   ,               6.2   ,                12.1   ,           43.8   ,             12.3   ,                        11.1   ,              16   ,        0.9600   ,               29.0   ,                 10649   ,
2026-02-12 18:16:44 ,        2520.0   ,           1312.7   ,               46.2   ,        54.8   ,                  52.0   ,                30   ,                  1041   ,                30   ,                  1050   ,            919   ,          0   ,                        0   ,                   0   ,                    0   ,               48.7   ,                  19.8   ,               22.8   ,                 28.9   ,              12.2   ,               6.1   ,                12.1   ,           42.6   ,             12.3   ,                        10.8   ,              16   ,        0.9600   ,               29.0   ,                 10641   ,
2026-02-12 18:16:45 ,         435.0   ,            101.3   ,               45.2   ,        54.2   ,                  50.0   ,                30   ,                  1034   ,                30   ,                  1050   ,            982   ,          8   ,                        5   ,                   0   ,                    3   ,               17.6   ,                   4.9   ,                9.9   ,                 12.8   ,              12.3   ,               2.9   ,                12.1   ,           14.8   ,             12.3   ,                         3.9   ,              16   ,        0.8850   ,               28.0   ,                 10641   ,
2026-02-12 18:16:46 ,         240.0   ,             50.6   ,               44.7   ,        53.8   ,                  50.0   ,                30   ,                  1035   ,                30   ,                  1050   ,            951   ,          0   ,                        1   ,                   0   ,                    0   ,                4.9   ,                   1.4   ,                1.4   ,                  3.5   ,              12.2   ,               2.1   ,                12.1   ,            2.8   ,             12.3   ,                         1.1   ,              16   ,        0.8700   ,               30.0   ,                 10671   ,
2026-02-12 18:16:47 ,         210.0   ,             50.6   ,               44.5   ,        53.6   ,                  50.0   ,                30   ,                  1042   ,                30   ,                  1051   ,            951   ,         25   ,                        6   ,                   0   ,                   19   ,                7.8   ,                   0.6   ,                5.1   ,                  7.2   ,              12.3   ,               2.1   ,                12.1   ,            5.7   ,             12.3   ,                         1.7   ,              16   ,        0.8700   ,               31.0   ,                 10636   ,
2026-02-12 18:16:48 ,         210.0   ,             50.6   ,               44.5   ,        53.4   ,                  48.0   ,                30   ,                  1051   ,                30   ,                  1052   ,            983   ,         27   ,                       18   ,                   0   ,                    5   ,                9.4   ,                   0.2   ,                7.1   ,                  9.2   ,              12.2   ,               2.2   ,                12.1   ,            7.2   ,             12.3   ,                         2.1   ,              16   ,        0.8700   ,               29.0   ,                 10657   ,
2026-02-12 18:16:49 ,         210.0   ,             50.6   ,               44.2   ,        53.3   ,                  48.0   ,                30   ,                  1049   ,                30   ,                  1052   ,            950   ,          2   ,                        3   ,                   0   ,                    0   ,                5.7   ,                   0.4   ,                3.3   ,                  5.4   ,              12.2   ,               2.1   ,                12.1   ,            3.6   ,             12.3   ,                         1.3   ,              16   ,        0.8700   ,               28.0   ,                 10668   ,
2026-02-12 18:16:50 ,         210.0   ,             50.6   ,               44.1   ,        53.0   ,                  50.0   ,                30   ,                  1052   ,                30   ,                  1052   ,            951   ,          4   ,                        3   ,                   0   ,                    0   ,                6.1   ,                   0.3   ,                3.7   ,                  5.8   ,              12.2   ,               2.1   ,                12.1   ,            3.9   ,             12.3   ,                         1.3   ,              16   ,        0.8700   ,               28.0   ,                 10672   ,
2026-02-12 18:16:51 ,         210.0   ,             50.6   ,               44.0   ,        52.9   ,                  50.0   ,                30   ,                  1054   ,                30   ,                  1052   ,            960   ,         22   ,                       15   ,                   0   ,                    1   ,                8.3   ,                   0.7   ,                5.4   ,                  7.6   ,              12.2   ,               2.2   ,                12.1   ,            6.2   ,             12.3   ,                         1.9   ,              16   ,        0.8700   ,               29.0   ,                 10641   ,
2026-02-12 18:16:52 ,         210.0   ,             50.6   ,               43.7   ,        52.8   ,                  48.0   ,                30   ,                  1047   ,                30   ,                  1052   ,            955   ,          0   ,                       12   ,                   0   ,                    0   ,                5.2   ,                   1.3   ,                1.8   ,                  3.8   ,              12.2   ,               2.1   ,                12.1   ,            3.1   ,             12.3   ,                         1.5   ,              16   ,        0.8700   ,               29.0   ,                 10643   ,
2026-02-12 18:16:53 ,         210.0   ,             50.6   ,               43.6   ,        52.5   ,                  48.0   ,                30   ,                  1047   ,                30   ,                  1052   ,            955   ,          0   ,                        0   ,                   0   ,                    0   ,                4.8   ,                   1.3   ,                1.5   ,                  3.5   ,              12.2   ,               2.1   ,                12.1   ,            2.7   ,             12.3   ,                         1.3   ,              16   ,        0.8700   ,               28.0   ,                 10640   ,
2026-02-12 18:16:54 ,         210.0   ,             50.6   ,               43.5   ,        52.4   ,                  50.0   ,                30   ,                  1044   ,                30   ,                  1051   ,            955   ,          2   ,                        6   ,                   0   ,                    0   ,                5.5   ,                   0.3   ,                3.5   ,                  5.6   ,              12.2   ,               2.1   ,                12.1   ,            4.0   ,             12.3   ,                         1.3   ,              16   ,        0.8700   ,               28.0   ,                 10650   ,
2026-02-12 18:16:55 ,         210.0   ,             50.6   ,               43.3   ,        52.3   ,                  48.0   ,                30   ,                  1036   ,                30   ,                  1050   ,            955   ,          1   ,                       12   ,                   0   ,                    0   ,                5.1   ,                   1.3   ,                1.7   ,                  3.8   ,              12.2   ,               2.1   ,                12.1   ,            4.0   ,             12.3   ,                         1.4   ,              16   ,        0.8700   ,               28.0   ,                 10646   ,
2026-02-12 18:16:56 ,         210.0   ,             50.6   ,               43.2   ,        52.1   ,                  48.0   ,                30   ,                  1046   ,                30   ,                  1052   ,            955   ,          4   ,                        4   ,                   0   ,                    1   ,                5.5   ,                   0.7   ,                2.8   ,                  4.9   ,              12.2   ,               2.1   ,                12.1   ,            3.7   ,             12.3   ,                         1.3   ,              16   ,        0.8700   ,               28.0   ,                 10652   ,
2026-02-12 18:16:57 ,         210.0   ,             50.6   ,               43.1   ,        51.9   ,                  48.0   ,                30   ,                  1042   ,                30   ,                  1051   ,            955   ,          2   ,                        3   ,                   0   ,                    0   ,                5.8   ,                   0.6   ,                3.1   ,                  5.2   ,              12.2   ,               2.1   ,                12.1   ,            3.7   ,             12.3   ,                         1.3   ,              16   ,        0.8700   ,               28.0   ,                 10649   ,
2026-02-12 18:16:58 ,         210.0   ,             50.6   ,               42.9   ,        51.8   ,                  48.0   ,                30   ,                  1058   ,                30   ,                  1051   ,            955   ,          0   ,                        0   ,                   0   ,                    0   ,                4.7   ,                   1.4   ,                1.3   ,                  3.4   ,              12.2   ,               2.1   ,                12.1   ,            3.4   ,             12.3   ,                         1.2   ,              16   ,        0.8700   ,               29.0   ,                 10651   ,
2026-02-12 18:16:59 ,         210.0   ,             50.6   ,               42.8   ,        51.6   ,                  48.0   ,                30   ,                  1057   ,                30   ,                  1052   ,            955   ,          1   ,                        1   ,                   0   ,                    0   ,                4.7   ,                   1.3   ,                1.4   ,                  4.5   ,              12.2   ,               2.0   ,                12.1   ,            3.0   ,             12.3   ,                         1.1   ,              16   ,        0.8700   ,               30.0   ,                 10638   ,
2026-02-12 18:17:00 ,         210.0   ,             50.6   ,               42.8   ,        51.4   ,                  48.0   ,                30   ,                  1057   ,                30   ,                  1052   ,            950   ,         23   ,                       20   ,                   0   ,                    1   ,                9.8   ,                   0.8   ,                6.9   ,                  9.0   ,              12.3   ,               2.1   ,                12.1   ,            4.9   ,             12.3   ,                         1.6   ,              16   ,        0.8700   ,               28.0   ,                 10527   ,
2026-02-12 18:17:01 ,         210.0   ,             50.6   ,               42.6   ,        51.3   ,                  48.0   ,                30   ,                  1051   ,                30   ,                  1052   ,            918   ,          0   ,                        2   ,                   0   ,                    0   ,                5.3   ,                   1.0   ,                2.3   ,                  4.3   ,              12.2   ,               2.0   ,                12.1   ,            3.3   ,             12.3   ,                         1.2   ,              16   ,        0.8700   ,               28.0   ,                 10520   ,
2026-02-12 18:17:02 ,         210.0   ,             50.6   ,               42.5   ,        51.3   ,                  46.0   ,                30   ,                  1046   ,                30   ,                  1052   ,            918   ,          4   ,                       11   ,                   0   ,                    0   ,                6.8   ,                   0.6   ,                4.0   ,                  6.2   ,              12.3   ,               2.1   ,                12.1   ,            4.7   ,             12.3   ,                         1.5   ,              16   ,        0.8700   ,               29.0   ,                 10528   ,
