        Date        , GPU Clock [MHz] , Memory Clock [MHz] , GPU Temperature [°C] , Hot Spot [°C] , Memory Temperature [°C] , Fan 1 Speed (%) [%] , Fan 1 Speed (RPM) [RPM] , Fan 2 Speed (%) [%] , Fan 2 Speed (RPM) [RPM] , Memory Used [MB] , GPU Load [%] , Memory Controller Load [%] , Video Engine Load [%] , Bus Interface Load [%] , Board Power Draw [W] , GPU Chip Power Draw [W] , MVDDC Power Draw [W] , PWR_SRC Power Draw [W] , PWR_SRC Voltage [V] , PCIe Slot Power [W] , PCIe Slot Voltage [V] , 16-Pin Power [W] , 16-Pin Voltage [V] , Power Consumption (%) [% TDP] , PerfCap Reason [] , GPU Voltage [V] , CPU Temperature [°C] , System Memory Used [MB] ,
2026-02-12 13:00:30 ,         210.0   ,             50.6   ,               28.5   ,        36.3   ,                  28.0   ,                 0   ,                     0   ,                 0   ,                     0   ,            781   ,         10   ,                        7   ,                   0   ,                    0   ,                4.5   ,                   1.8   ,                1.5   ,                  2.8   ,              12.3   ,               1.2   ,                12.1   ,            3.3   ,             12.3   ,                         1.0   ,              16   ,        0.8850   ,               27.0   ,                  9086   ,
2026-02-12 13:00:31 ,         210.0   ,             50.6   ,               28.6   ,        36.3   ,                  28.0   ,                 0   ,                     0   ,                 0   ,                     0   ,            786   ,         15   ,                       10   ,                   0   ,                    0   ,                6.3   ,                   1.2   ,                3.9   ,                  5.2   ,              12.3   ,               1.3   ,                12.1   ,            5.0   ,             12.3   ,                         1.4   ,              16   ,        0.8850   ,               28.0   ,                  9099   ,
2026-02-12 13:00:32 ,         210.0   ,             50.6   ,               28.5   ,        36.2   ,                  28.0   ,                 0   ,                     0   ,                 0   ,                     0   ,            781   ,          4   ,                        2   ,                   0   ,                    0   ,                5.1   ,                   1.6   ,                2.2   ,                  3.5   ,              12.2   ,               1.3   ,                12.1   ,            3.8   ,             12.3   ,                         1.1   ,              16   ,        0.8850   ,               27.0   ,                  9098   ,
2026-02-12 13:00:33 ,         210.0   ,             50.6   ,               28.5   ,        36.2   ,                  28.0   ,                 0   ,                     0   ,                 0   ,                     0   ,            781   ,          5   ,                        2   ,                   0   ,                    0   ,                5.3   ,                   1.5   ,                2.6   ,                  3.8   ,              12.3   ,               1.2   ,                12.1   ,            4.1   ,             12.3   ,                         1.2   ,              16   ,        0.8850   ,               27.0   ,                  9093   ,
2026-02-12 13:00:34 ,         210.0   ,             50.6   ,               28.4   ,        36.2   ,                  28.0   ,                 0   ,                     0   ,                 0   ,                     0   ,            781   ,          3   ,                        2   ,                   0   ,                    0   ,                5.3   ,                   1.4   ,                2.6   ,                  3.8   ,              12.2   ,               1.2   ,                12.1   ,            4.0   ,             12.3   ,                         1.2   ,              16   ,        0.8850   ,               28.0   ,                  9091   ,
2026-02-12 13:00:35 ,         210.0   ,             50.6   ,               28.5   ,        36.2   ,                  28.0   ,                 0   ,                     0   ,                 0   ,                     0   ,            786   ,          4   ,                        3   ,                   0   ,                    0   ,                6.0   ,                   1.5   ,                3.3   ,                  4.6   ,              12.2   ,               1.2   ,                12.1   ,            4.8   ,             12.3   ,                         1.3   ,              16   ,        0.8850   ,               28.0   ,                  9079   ,
2026-02-12 13:00:36 ,         210.0   ,             50.6   ,               28.4   ,        36.2   ,                  28.0   ,                 0   ,                     0   ,                 0   ,                     0   ,            776   ,          4   ,                        2   ,                   0   ,                    0   ,                4.6   ,                   1.7   ,                1.7   ,                  2.9   ,              12.2   ,               1.2   ,                12.1   ,            3.4   ,             12.3   ,                         1.0   ,              16   ,        0.8850   ,               28.0   ,                  9083   ,
2026-02-12 13:00:37 ,         210.0   ,             50.6   ,               28.4   ,        36.2   ,                  28.0   ,                 0   ,                     0   ,                 0   ,                     0   ,            776   ,          5   ,                        2   ,                   0   ,                    0   ,                5.9   ,                   1.3   ,                3.3   ,                  4.6   ,              12.2   ,               1.3   ,                12.1   ,            4.6   ,             12.3   ,                         1.3   ,              16   ,        0.8850   ,               28.0   ,                  9081   ,
2026-02-12 13:00:38 ,         210.0   ,             50.6   ,               28.4   ,        36.1   ,                  28.0   ,                 0   ,                     0   ,                 0   ,                     0   ,            776   ,          2   ,                        3   ,                   0   ,                    0   ,                4.8   ,                   1.6   ,                1.9   ,                  3.2   ,              12.2   ,               1.3   ,                12.1   ,            3.5   ,             12.3   ,                         1.1   ,              16   ,        0.8850   ,               27.0   ,                  9080   ,
2026-02-12 13:00:39 ,         210.0   ,             50.6   ,               28.4   ,        36.2   ,                  28.0   ,                 0   ,                     0   ,                 0   ,                     0   ,            790   ,          9   ,                        8   ,                   0   ,                    0   ,                6.4   ,                   1.3   ,                3.8   ,                  5.1   ,              12.3   ,               1.3   ,                12.1   ,            5.1   ,             12.3   ,                         1.4   ,              16   ,        0.8850   ,               30.0   ,                  9099   ,
2026-02-12 13:00:40 ,         210.0   ,             50.6   ,               28.5   ,        36.2   ,                  28.0   ,                 0   ,                     0   ,                 0   ,                     0   ,            823   ,         27   ,                       16   ,                   0   ,                    0   ,                7.5   ,                   1.7   ,                4.5   ,                  5.8   ,              12.3   ,               1.3   ,                12.1   ,            6.2   ,             12.3   ,                         1.7   ,              16   ,        0.8850   ,               30.0   ,                  9119   ,
2026-02-12 13:00:41 ,         210.0   ,             50.6   ,               28.4   ,        36.2   ,                  28.0   ,                 0   ,                     0   ,                 0   ,                     0   ,            840   ,          8   ,                        5   ,                   0   ,                    1   ,                4.6   ,                   1.7   ,                1.6   ,                  2.9   ,              12.2   ,               1.3   ,                12.1   ,            3.3   ,             12.3   ,                         1.0   ,              16   ,        0.8850   ,               35.0   ,                  9174   ,
2026-02-12 13:00:42 ,         210.0   ,             50.6   ,               28.4   ,        36.1   ,                  28.0   ,                 0   ,                     0   ,                 0   ,                     0   ,            817   ,          2   ,                        7   ,                   0   ,                    0   ,                5.1   ,                   1.6   ,                2.2   ,                  3.5   ,              12.2   ,               1.3   ,                12.1   ,            3.8   ,             12.3   ,                         1.1   ,              16   ,        0.8850   ,               34.0   ,                  9186   ,
2026-02-12 13:00:43 ,         210.0   ,             50.6   ,               28.4   ,        36.1   ,                  28.0   ,                 0   ,                     0   ,                 0   ,                     0   ,            817   ,          2   ,                        6   ,                   0   ,                    0   ,                5.5   ,                   1.6   ,                2.5   ,                  3.9   ,              12.2   ,               1.3   ,                12.1   ,            4.1   ,             12.3   ,                         1.2   ,              16   ,        0.8850   ,               30.0   ,                  9205   ,
2026-02-12 13:00:44 ,         210.0   ,             50.6   ,               28.3   ,        36.1   ,                  28.0   ,                 0   ,                     0   ,                 0   ,                     0   ,            817   ,          2   ,                        6   ,                   0   ,                    0   ,                5.1   ,                   1.6   ,                2.1   ,                  3.5   ,              12.2   ,               1.3   ,                12.1   ,            3.7   ,             12.3   ,                         1.1   ,              16   ,        0.8850   ,               28.0   ,                  9204   ,
2026-02-12 13:00:45 ,         210.0   ,             50.6   ,               28.3   ,        36.1   ,                  28.0   ,                 0   ,                     0   ,                 0   ,                     0   ,            817   ,          2   ,                        6   ,                   0   ,                    0   ,                5.0   ,                   1.6   ,                2.1   ,                  3.4   ,              12.2   ,               1.3   ,                12.1   ,            3.7   ,             12.3   ,                         1.1   ,              16   ,        0.8850   ,               27.0   ,                  9204   ,
2026-02-12 13:00:46 ,         210.0   ,             50.6   ,               28.3   ,        36.0   ,                  28.0   ,                 0   ,                     0   ,                 0   ,                     0   ,            817   ,         12   ,                        8   ,                   0   ,                    5   ,                5.6   ,                   1.4   ,                2.9   ,                  4.3   ,              12.3   ,               1.3   ,                12.1   ,            4.3   ,             12.3   ,                         1.3   ,              16   ,        0.8850   ,               29.0   ,                  9233   ,
2026-02-12 13:00:47 ,         210.0   ,             50.6   ,               28.3   ,        36.0   ,                  28.0   ,                 0   ,                     0   ,                 0   ,                     0   ,            817   ,          3   ,                        2   ,                   0   ,                    0   ,                4.8   ,                   1.7   ,                1.9   ,                  3.1   ,              12.2   ,               1.3   ,                12.1   ,            3.6   ,             12.3   ,                         1.1   ,              16   ,        0.8850   ,               28.0   ,                  9247   ,
2026-02-12 13:00:48 ,         210.0   ,             50.6   ,               28.3   ,        36.0   ,                  28.0   ,                 0   ,                     0   ,                 0   ,                     0   ,            817   ,          2   ,                        3   ,                   0   ,                    0   ,                4.7   ,                   1.8   ,                1.6   ,                  2.9   ,              12.2   ,               1.2   ,                12.1   ,            3.4   ,             12.3   ,                         1.0   ,              16   ,        0.8850   ,               30.0   ,                  9212   ,
2026-02-12 13:00:49 ,         210.0   ,             50.6   ,               28.4   ,        36.0   ,                  28.0   ,                 0   ,                     0   ,                 0   ,                     0   ,            826   ,         20   ,                       10   ,                   0   ,                    7   ,                8.5   ,                   1.4   ,                5.8   ,                  7.1   ,              12.3   ,               1.3   ,                12.1   ,            7.2   ,             12.3   ,                         1.9   ,              16   ,        0.8850   ,               28.0   ,                  9213   ,
2026-02-12 13:00:50 ,         210.0   ,             50.6   ,               28.4   ,        36.1   ,                  28.0   ,                 0   ,                     0   ,                 0   ,                     0   ,            818   ,         10   ,                        6   ,                   0   ,                    3   ,                5.8   ,                   1.6   ,                3.0   ,                  4.3   ,              12.3   ,               1.3   ,                12.1   ,            4.6   ,             12.3   ,                         1.3   ,              16   ,        0.8850   ,               28.0   ,                  9216   ,
2026-02-12 13:00:51 ,         210.0   ,             50.6   ,               28.3   ,        36.1   ,                  28.0   ,                 0   ,                     0   ,                 0   ,                     0   ,            815   ,          2   ,                       21   ,                   0   ,                    0   ,                6.8   ,                   1.4   ,                4.1   ,                  5.4   ,              12.3   ,               1.3   ,                12.1   ,            5.5   ,             12.3   ,                         1.5   ,              16   ,        0.8850   ,               28.0   ,                  9222   ,
2026-02-12 13:00:52 ,         210.0   ,             50.6   ,               28.3   ,        36.0   ,                  28.0   ,                 0   ,                     0   ,                 0   ,                     0   ,            815   ,          8   ,                        7   ,                   0   ,                    0   ,                6.8   ,                   1.5   ,                4.0   ,                  5.3   ,              12.3   ,               1.3   ,                12.1   ,            5.5   ,             12.3   ,                         1.5   ,              16   ,        0.8850   ,               30.0   ,                  9207   ,
2026-02-12 13:00:53 ,         210.0   ,             50.6   ,               28.4   ,        36.0   ,                  28.0   ,                 0   ,                     0   ,                 0   ,                     0   ,            819   ,          9   ,                        4   ,                   0   ,                    1   ,                7.3   ,                   1.4   ,                4.6   ,                  6.0   ,              12.3   ,               1.3   ,                12.1   ,            6.0   ,             12.3   ,                         1.6   ,              16   ,        0.8850   ,               28.0   ,                  9210   ,
2026-02-12 13:00:54 ,         210.0   ,             50.6   ,               28.3   ,        36.0   ,                  28.0   ,                 0   ,                     0   ,                 0   ,                     0   ,            818   ,          2   ,                        5   ,                   0   ,                    0   ,                4.7   ,                   1.7   ,                1.8   ,                  3.0   ,              12.2   ,               1.2   ,                12.1   ,            3.5   ,             12.3   ,                         1.0   ,              16   ,        0.8850   ,               30.0   ,                  9206   ,
2026-02-12 13:00:55 ,         210.0   ,             50.6   ,               28.3   ,        36.0   ,                  28.0   ,                 0   ,                     0   ,                 0   ,                     0   ,            818   ,          2   ,                        4   ,                   0   ,                    0   ,                4.7   ,                   1.7   ,                1.8   ,                  3.0   ,              12.2   ,               1.3   ,                12.1   ,            3.5   ,             12.3   ,                         1.1   ,              16   ,        0.8850   ,               27.0   ,                  9211   ,
2026-02-12 13:00:56 ,         210.0   ,             50.6   ,               28.3   ,        35.9   ,                  28.0   ,                 0   ,                     0   ,                 0   ,                     0   ,            819   ,          6   ,                        4   ,                   0   ,                    1   ,                4.8   ,                   1.7   ,                1.8   ,                  3.1   ,              12.2   ,               1.3   ,                12.1   ,            3.4   ,             12.3   ,                         1.1   ,              16   ,        0.8850   ,               28.0   ,                  9211   ,
2026-02-12 13:00:57 ,         210.0   ,             50.6   ,               28.4   ,        36.0   ,                  28.0   ,                 0   ,                     0   ,                 0   ,                     0   ,            836   ,         24   ,                       15   ,                   0   ,                    1   ,                7.4   ,                   1.6   ,                4.5   ,                  5.8   ,              12.3   ,               1.4   ,                12.1   ,            6.1   ,             12.3   ,                         1.7   ,              16   ,        0.8850   ,               32.0   ,                  9264   ,
2026-02-12 13:00:58 ,        2520.0   ,           1312.7   ,               29.7   ,        36.6   ,                  30.0   ,                 0   ,                     0   ,                 0   ,                     0   ,            820   ,          1   ,                        0   ,                   0   ,                    0   ,               48.1   ,                  19.2   ,               23.3   ,                 28.9   ,              12.2   ,               5.5   ,                12.1   ,           42.6   ,             12.3   ,                        10.9   ,              16   ,        0.9700   ,               29.0   ,                  9262   ,
2026-02-12 13:00:59 ,        2520.0   ,           1312.7   ,               29.8   ,        36.9   ,                  30.0   ,                 0   ,                     0   ,                 0   ,                     0   ,            820   ,          0   ,                        0   ,                   0   ,                    0   ,               48.0   ,                  19.1   ,               23.3   ,                 28.9   ,              12.3   ,               5.5   ,                12.1   ,           42.5   ,             12.3   ,                        10.9   ,              16   ,        0.9700   ,               28.0   ,                  9257   ,
2026-02-12 13:01:00 ,         465.0   ,            101.3   ,               29.0   ,        36.7   ,                  28.0   ,                 0   ,                     0   ,                 0   ,                     0   ,            820   ,          1   ,                        2   ,                   0   ,                    0   ,               16.5   ,                   4.2   ,                9.4   ,                 11.6   ,              12.3   ,               2.2   ,                12.1   ,           13.8   ,             12.3   ,                         3.5   ,              16   ,        0.9000   ,               29.0   ,                  9257   ,
2026-02-12 13:01:01 ,         285.0   ,            101.3   ,               28.6   ,        36.4   ,                  28.0   ,                 0   ,                     0   ,                 0   ,                     0   ,            820   ,          2   ,                        8   ,                   0   ,                    0   ,               10.7   ,                   2.9   ,                5.8   ,                  7.9   ,              12.2   ,               2.1   ,                12.1   ,            5.9   ,             12.3   ,                         1.8   ,              16   ,        0.9000   ,               28.0   ,                  9259   ,
2026-02-12 13:01:02 ,         210.0   ,             50.6   ,               28.5   ,        36.2   ,                  28.0   ,                 0   ,                     0   ,                 0   ,                     0   ,            820   ,          1   ,                       25   ,                   0   ,                    0   ,                5.2   ,                   1.6   ,                2.2   ,                  3.6   ,              12.3   ,               1.4   ,                12.1   ,            3.8   ,             12.3   ,                         1.1   ,              16   ,        0.8850   ,               28.0   ,                  9259   ,
2026-02-12 13:01:03 ,         210.0   ,             50.6   ,               28.5   ,        36.2   ,                  28.0   ,                 0   ,                     0   ,                 0   ,                     0   ,            820   ,          8   ,                        8   ,                   0   ,                    2   ,                6.8   ,                   1.6   ,                3.8   ,                  5.2   ,              12.3   ,               1.4   ,                12.1   ,            5.4   ,             12.3   ,                         1.5   ,              16   ,        0.8850   ,               30.0   ,                  9255   ,
2026-02-12 13:01:04 ,         210.0   ,             50.6   ,               28.4   ,        36.1   ,                  28.0   ,                 0   ,                     0   ,                 0   ,                     0   ,            820   ,          3   ,                        3   ,                   0   ,                    0   ,                5.5   ,                   1.5   ,                2.7   ,                  4.0   ,              12.3   ,               1.3   ,                12.1   ,            4.2   ,             12.3   ,                         1.2   ,              16   ,        0.8850   ,               29.0   ,                  9248   ,
2026-02-12 13:01:05 ,         210.0   ,             50.6   ,               28.4   ,        36.0   ,                  30.0   ,                 0   ,                     0   ,                 0   ,                     0   ,            827   ,         12   ,                        9   ,                   0   ,                    0   ,                6.4   ,                   1.9   ,                3.2   ,                  4.5   ,              12.3   ,               1.3   ,                12.1   ,            5.1   ,             12.3   ,                         1.4   ,              16   ,        0.8850   ,               29.0   ,                  9249   ,
2026-02-12 13:01:06 ,         210.0   ,             50.6   ,               28.4   ,        36.1   ,                  30.0   ,                 0   ,                     0   ,                 0   ,                     0   ,            820   ,          3   ,                        3   ,                   0   ,                    0   ,                6.5   ,                   1.4   ,                3.7   ,                  5.1   ,              12.3   ,               1.4   ,                12.1   ,            5.1   ,             12.3   ,                         1.4   ,              16   ,        0.8850   ,               28.0   ,                  9249   ,
2026-02-12 13:01:07 ,         210.0   ,             50.6   ,               28.4   ,        36.1   ,                  28.0   ,                 0   ,                     0   ,                 0   ,                     0   ,            820   ,          0   ,                       11   ,                   0   ,                    0   ,                4.6   ,                   1.8   ,                1.6   ,                  2.9   ,              12.2   ,               1.3   ,                12.1   ,            3.3   ,             12.3   ,                         1.0   ,              16   ,        0.8850   ,               29.0   ,                  9249   ,
2026-02-12 13:01:08 ,         210.0   ,             50.6   ,               28.3   ,        36.2   ,                  28.0   ,                 0   ,                     0   ,                 0   ,                     0   ,            820   ,          0   ,                       14   ,                   0   ,                    0   ,                4.6   ,                   1.7   ,                1.7   ,                  3.0   ,              12.2   ,               1.3   ,                12.1   ,            3.3   ,             12.3   ,                         1.0   ,              16   ,        0.8850   ,               28.0   ,                  9248   ,
2026-02-12 13:01:09 ,         210.0   ,             50.6   ,               28.3   ,        36.1   ,                  30.0   ,                 0   ,                     0   ,                 0   ,                     0   ,            820   ,          2   ,                        3   ,                   0   ,                    0   ,                7.0   ,                   1.5   ,                4.1   ,                  5.5   ,              12.3   ,               1.4   ,                12.1   ,            5.6   ,             12.3   ,                         1.5   ,              16   ,        0.8850   ,               29.0   ,                  9248   ,
2026-02-12 13:01:10 ,         210.0   ,             50.6   ,               28.3   ,        36.1   ,                  30.0   ,                 0   ,                     0   ,                 0   ,                     0   ,            820   ,          3   ,                        6   ,                   0   ,                    0   ,                6.0   ,                   1.4   ,                3.2   ,                  4.5   ,              12.2   ,               1.3   ,                12.1   ,            4.7   ,             12.3   ,                         1.3   ,              16   ,        0.8850   ,               29.0   ,                  9248   ,
2026-02-12 13:01:11 ,         210.0   ,             50.6   ,               28.3   ,        36.0   ,                  28.0   ,                 0   ,                     0   ,                 0   ,                     0   ,            820   ,          3   ,                        3   ,                   0   ,                    0   ,                5.8   ,                   1.3   ,                3.2   ,                  4.5   ,              12.3   ,               1.3   ,                12.1   ,            4.5   ,             12.3   ,                         1.3   ,              16   ,        0.8850   ,               28.0   ,                  9246   ,
2026-02-12 13:01:12 ,         210.0   ,             50.6   ,               28.3   ,        35.9   ,                  28.0   ,                 0   ,                     0   ,                 0   ,                     0   ,            820   ,          2   ,                        3   ,                   0   ,                    0   ,                6.4   ,                   1.3   ,                3.7   ,                  5.1   ,              12.3   ,               1.3   ,                12.1   ,            5.0   ,             12.3   ,                         1.4   ,              16   ,        0.8850   ,               27.0   ,                  9245   ,
2026-02-12 13:01:13 ,         210.0   ,             50.6   ,               28.3   ,        36.0   ,                  28.0   ,                 0   ,                     0   ,                 0   ,                     0   ,            820   ,          4   ,                        4   ,                   0   ,                    0   ,                6.3   ,                   1.4   ,                3.5   ,                  4.9   ,              12.2   ,               1.4   ,                12.1   ,            4.9   ,             12.3   ,                         1.4   ,              16   ,        0.8850   ,               28.0   ,                  9242   ,
2026-02-12 13:01:14 ,         210.0   ,             50.6   ,               28.3   ,        36.1   ,                  30.0   ,                 0   ,                     0   ,                 0   ,                     0   ,            820   ,          6   ,                        7   ,                   0   ,                    2   ,                6.3   ,                   1.5   ,                3.5   ,                  4.8   ,              12.3   ,               1.3   ,                12.1   ,            5.0   ,             12.3   ,                         1.4   ,              16   ,        0.8850   ,               37.0   ,                  9247   ,
2026-02-12 13:01:15 ,         210.0   ,             50.6   ,               28.3   ,        36.0   ,                  30.0   ,                 0   ,                     0   ,                 0   ,                     0   ,            820   ,          0   ,                        7   ,                   0   ,                    0   ,                4.6   ,                   1.7   ,                1.6   ,                  2.9   ,              12.2   ,               1.3   ,                12.1   ,            3.3   ,             12.3   ,                         1.0   ,              16   ,        0.8850   ,               28.0   ,                  9278   ,
2026-02-12 13:01:16 ,         210.0   ,             50.6   ,               28.3   ,        36.1   ,                  28.0   ,                 0   ,                     0   ,                 0   ,                     0   ,            826   ,         10   ,                        5   ,                   0   ,                    3   ,                6.7   ,                   1.2   ,                4.2   ,                  5.5   ,              12.3   ,               1.3   ,                12.1   ,            5.4   ,             12.3   ,                         1.5   ,              16   ,        0.8850   ,               32.0   ,                  9294   ,
2026-02-12 13:01:17 ,         210.0   ,             50.6   ,               28.3   ,        36.0   ,                  28.0   ,                 0   ,                     0   ,                 0   ,                     0   ,            826   ,          1   ,                        1   ,                   0   ,                    0   ,                4.9   ,                   1.6   ,                2.0   ,                  3.2   ,              12.2   ,               1.3   ,                12.1   ,            3.6   ,             12.3   ,                         1.1   ,              16   ,        0.8850   ,               31.0   ,                  9299   ,
2026-02-12 13:01:18 ,         210.0   ,             50.6   ,               28.3   ,        36.0   ,                  28.0   ,                 0   ,                     0   ,                 0   ,                     0   ,            819   ,          1   ,                        2   ,                   0   ,                    0   ,                5.0   ,                   1.6   ,                2.0   ,                  3.4   ,              12.3   ,               1.4   ,                12.1   ,            3.7   ,             12.3   ,                         1.1   ,              16   ,        0.8850   ,               30.0   ,                  9553   ,
2026-02-12 13:01:19 ,         210.0   ,             50.6   ,               28.2   ,        36.0   ,                  28.0   ,                 0   ,                     0   ,                 0   ,                     0   ,            819   ,          0   ,                        1   ,                   0   ,                    0   ,                4.7   ,                   1.9   ,                1.5   ,                  2.8   ,              12.2   ,               1.3   ,                12.1   ,            3.4   ,             12.3   ,                         1.0   ,              16   ,        0.8850   ,               34.0   ,                 10176   ,
2026-02-12 13:01:20 ,         210.0   ,             50.6   ,               28.2   ,        36.0   ,                  28.0   ,                 0   ,                     0   ,                 0   ,                     0   ,            819   ,          0   ,                        6   ,                   0   ,                    0   ,                4.6   ,                   1.7   ,                1.6   ,                  2.9   ,              12.2   ,               1.3   ,                12.1   ,            3.4   ,             12.3   ,                         1.0   ,              16   ,        0.8850   ,               35.0   ,                 10405   ,
2026-02-12 13:01:21 ,         210.0   ,             50.6   ,               28.2   ,        36.0   ,                  28.0   ,                 0   ,                     0   ,                 0   ,                     0   ,            819   ,          1   ,                        1   ,                   0   ,                    0   ,                4.4   ,                   1.7   ,                1.4   ,                  2.7   ,              12.2   ,               1.2   ,                12.1   ,            3.1   ,             12.3   ,                         1.0   ,              16   ,        0.8850   ,               34.0   ,                 10686   ,
2026-02-12 13:01:22 ,         210.0   ,             50.6   ,               28.1   ,        35.9   ,                  28.0   ,                 0   ,                     0   ,                 0   ,                     0   ,            819   ,          0   ,                        3   ,                   0   ,                    0   ,                4.6   ,                   1.7   ,                1.6   ,                  2.9   ,              12.2   ,               1.3   ,                12.1   ,            3.3   ,             12.3   ,                         1.0   ,              16   ,        0.8850   ,               35.0   ,                 11016   ,
2026-02-12 13:01:23 ,         210.0   ,             50.6   ,               28.2   ,        35.8   ,                  28.0   ,                 0   ,                     0   ,                 0   ,                     0   ,            819   ,          5   ,                        4   ,                   0   ,                    2   ,                6.7   ,                   1.0   ,                4.3   ,                  5.7   ,              12.2   ,               1.4   ,                12.1   ,            5.4   ,             12.3   ,                         1.5   ,              16   ,        0.8850   ,               32.0   ,                 10474   ,
2026-02-12 13:01:24 ,         210.0   ,             50.6   ,               28.1   ,        35.9   ,                  28.0   ,                 0   ,                     0   ,                 0   ,                     0   ,            819   ,          0   ,                        6   ,                   0   ,                    0   ,                4.5   ,                   1.6   ,                1.6   ,                  2.8   ,              12.2   ,               1.2   ,                12.1   ,            3.2   ,             12.3   ,                         1.0   ,              16   ,        0.8850   ,               33.0   ,                 10676   ,
2026-02-12 13:01:25 ,         210.0   ,             50.6   ,               28.1   ,        36.0   ,                  28.0   ,                 0   ,                     0   ,                 0   ,                     0   ,            819   ,          1   ,                       12   ,                   0   ,                    0   ,                5.5   ,                   1.5   ,                2.7   ,                  4.0   ,              12.2   ,               1.3   ,                12.1   ,            4.2   ,             12.3   ,                         1.2   ,              16   ,        0.8850   ,               33.0   ,                 10607   ,
2026-02-12 13:01:26 ,         210.0   ,             50.6   ,               28.1   ,        35.9   ,                  28.0   ,                 0   ,                     0   ,                 0   ,                     0   ,            819   ,          0   ,                        9   ,                   0   ,                    0   ,                4.9   ,                   1.5   ,                2.1   ,                  3.4   ,              12.2   ,               1.3   ,                12.1   ,            3.6   ,             12.3   ,                         1.1   ,              16   ,        0.8850   ,               35.0   ,                 10582   ,
2026-02-12 13:01:27 ,         210.0   ,             50.6   ,               28.1   ,        35.9   ,                  28.0   ,                 0   ,                     0   ,                 0   ,                     0   ,            819   ,          0   ,                       12   ,                   0   ,                    0   ,                4.6   ,                   1.6   ,                1.7   ,                  3.0   ,              12.2   ,               1.3   ,                12.1   ,            3.3   ,             12.3   ,                         1.0   ,              16   ,        0.8850   ,               33.0   ,                 10597   ,
2026-02-12 13:01:28 ,         210.0   ,             50.6   ,               28.1   ,        35.9   ,                  28.0   ,                 0   ,                     0   ,                 0   ,                     0   ,            819   ,          0   ,                        4   ,                   0   ,                    0   ,                4.6   ,                   1.7   ,                1.6   ,                  2.9   ,              12.2   ,               1.3   ,                12.1   ,            3.3   ,             12.4   ,                         1.0   ,              16   ,        0.8850   ,               37.0   ,                 10718   ,
2026-02-12 13:01:29 ,         210.0   ,             50.6   ,               28.1   ,        35.9   ,                  28.0   ,                 0   ,                     0   ,                 0   ,                     0   ,            813   ,          4   ,                        7   ,                   0   ,                    1   ,                6.3   ,                   1.2   ,                3.8   ,                  5.1   ,              12.3   ,               1.4   ,                12.1   ,            4.9   ,             12.3   ,                         1.4   ,              16   ,        0.8850   ,               33.0   ,                  9685   ,
2026-02-12 13:01:30 ,        2520.0   ,           1312.7   ,               29.6   ,        36.6   ,                  30.0   ,                 0   ,                     0   ,                 0   ,                     0   ,            827   ,          0   ,                        0   ,                   0   ,                    0   ,               47.8   ,                  19.0   ,               23.3   ,                 28.8   ,              12.2   ,               5.5   ,                12.1   ,           42.3   ,             12.3   ,                        10.6   ,              16   ,        0.9700   ,               37.0   ,                  9828   ,
2026-02-12 13:01:31 ,        2520.0   ,           1281.5   ,               29.9   ,        36.8   ,                  30.0   ,                 0   ,                     0   ,                 0   ,                     0   ,           1215   ,          1   ,                        0   ,                   0   ,                    0   ,               49.4   ,                  20.6   ,               23.3   ,                 28.8   ,              12.2   ,               5.5   ,                12.1   ,           43.9   ,             12.3   ,                        11.0   ,              16   ,        0.9700   ,               38.0   ,                  9944   ,
2026-02-12 13:01:32 ,        2520.0   ,           1312.7   ,               29.9   ,        36.8   ,                  30.0   ,                 0   ,                     0   ,                 0   ,                     0   ,            847   ,          0   ,                        0   ,                   0   ,                    0   ,               48.1   ,                  19.2   ,               23.4   ,                 28.9   ,              12.2   ,               5.5   ,                12.1   ,           42.6   ,             12.3   ,                        10.7   ,              16   ,        0.9700   ,               36.0   ,                  9966   ,
2026-02-12 13:01:33 ,        2520.0   ,           1312.7   ,               29.9   ,        36.9   ,                  30.0   ,                 0   ,                     0   ,                 0   ,                     0   ,            964   ,          0   ,                        0   ,                   0   ,                    0   ,               47.7   ,                  19.0   ,               23.3   ,                 28.8   ,              12.2   ,               5.5   ,                12.1   ,           42.2   ,             12.3   ,                        10.6   ,              16   ,        0.9700   ,               31.0   ,                  9943   ,
2026-02-12 13:01:34 ,         510.0   ,            101.3   ,               29.0   ,        36.5   ,                  30.0   ,                 0   ,                     0   ,                 0   ,                     0   ,            931   ,          0   ,                        2   ,                   0   ,                    0   ,                8.7   ,                   2.5   ,                4.2   ,                  6.2   ,              12.2   ,               2.0   ,                12.1   ,            6.7   ,             12.3   ,                         1.9   ,              16   ,        0.9000   ,               28.0   ,                  9953   ,
2026-02-12 13:01:35 ,         300.0   ,            101.3   ,               28.7   ,        36.5   ,                  28.0   ,                 0   ,                     0   ,                 0   ,                     0   ,            931   ,          0   ,                        2   ,                   0   ,                    0   ,                7.6   ,                   2.3   ,                3.3   ,                  5.3   ,              12.2   ,               2.0   ,                12.1   ,            5.6   ,             12.3   ,                         1.7   ,              16   ,        0.9000   ,               29.0   ,                  9909   ,
2026-02-12 13:01:36 ,         210.0   ,             50.6   ,               28.6   ,        36.2   ,                  28.0   ,                 0   ,                     0   ,                 0   ,                     0   ,            934   ,          2   ,                       17   ,                   0   ,                    0   ,                5.8   ,                   1.6   ,                3.0   ,                  4.2   ,              12.3   ,               1.2   ,                12.1   ,            4.6   ,             12.3   ,                         1.3   ,              16   ,        0.8850   ,               28.0   ,                  9897   ,
2026-02-12 13:01:37 ,         210.0   ,             50.6   ,               28.4   ,        36.1   ,                  30.0   ,                 0   ,                     0   ,                 0   ,                     0   ,            952   ,          0   ,                       10   ,                   0   ,                    0   ,                4.7   ,                   1.6   ,                1.9   ,                  3.1   ,              12.2   ,               1.2   ,                12.1   ,            3.5   ,             12.3   ,                         1.6   ,              16   ,        0.8850   ,               30.0   ,                 10039   ,
2026-02-12 13:01:38 ,         210.0   ,             50.6   ,               28.4   ,        36.2   ,                  28.0   ,                 0   ,                     0   ,                 0   ,                     0   ,            952   ,          0   ,                        6   ,                   0   ,                    0   ,                4.8   ,                   1.5   ,                2.0   ,                  3.3   ,              12.2   ,               1.3   ,                12.1   ,            3.6   ,             12.3   ,                         1.1   ,              16   ,        0.8850   ,               35.0   ,                 10744   ,
2026-02-12 13:01:39 ,         210.0   ,             50.6   ,               28.4   ,        36.2   ,                  28.0   ,                 0   ,                     0   ,                 0   ,                     0   ,            952   ,          0   ,                        7   ,                   0   ,                    0   ,                4.7   ,                   1.5   ,                2.0   ,                  3.2   ,              12.3   ,               1.2   ,                12.1   ,            3.5   ,             12.3   ,                         1.0   ,              16   ,        0.8850   ,               39.0   ,                  9948   ,
2026-02-12 13:01:40 ,         210.0   ,             50.6   ,               28.3   ,        36.1   ,                  28.0   ,                 0   ,                     0   ,                 0   ,                     0   ,            931   ,          0   ,                        9   ,                   0   ,                    0   ,                5.2   ,                   1.3   ,                2.5   ,                  3.8   ,              12.2   ,               1.3   ,                12.1   ,            3.9   ,             12.3   ,                         1.2   ,              16   ,        0.8850   ,               34.0   ,                 10040   ,
2026-02-12 13:01:41 ,         210.0   ,             50.6   ,               28.3   ,        36.1   ,                  28.0   ,                 0   ,                     0   ,                 0   ,                     0   ,            931   ,          0   ,                        5   ,                   0   ,                    0   ,                4.9   ,                   1.5   ,                2.1   ,                  3.4   ,              12.2   ,               1.3   ,                12.1   ,            3.6   ,             12.3   ,                         1.1   ,              16   ,        0.8850   ,               33.0   ,                 10074   ,
2026-02-12 13:01:42 ,         210.0   ,             50.6   ,               28.3   ,        36.1   ,                  28.0   ,                 0   ,                     0   ,                 0   ,                     0   ,            931   ,          0   ,                        6   ,                   0   ,                    0   ,                4.8   ,                   1.4   ,                2.1   ,                  3.4   ,              12.2   ,               1.3   ,                12.1   ,            3.5   ,             12.3   ,                         1.1   ,              16   ,        0.8850   ,               35.0   ,                 10166   ,
2026-02-12 13:01:43 ,         210.0   ,             50.6   ,               28.3   ,        36.1   ,                  28.0   ,                 0   ,                     0   ,                 0   ,                     0   ,            931   ,          0   ,                        5   ,                   0   ,                    0   ,                5.0   ,                   1.5   ,                2.2   ,                  3.5   ,              12.2   ,               1.3   ,                12.1   ,            3.7   ,             12.3   ,                         1.1   ,              16   ,        0.8850   ,               34.0   ,                 10203   ,
2026-02-12 13:01:44 ,         210.0   ,             50.6   ,               28.3   ,        36.0   ,                  28.0   ,                 0   ,                     0   ,                 0   ,                     0   ,            931   ,          1   ,                       13   ,                   0   ,                    0   ,                4.8   ,                   1.5   ,                2.1   ,                  3.3   ,              12.2   ,               1.2   ,                12.1   ,            3.6   ,             12.3   ,                         1.1   ,              16   ,        0.8850   ,               33.0   ,                 10265   ,
2026-02-12 13:01:45 ,         210.0   ,             50.6   ,               28.3   ,        36.1   ,                  30.0   ,                 0   ,                     0   ,                 0   ,                     0   ,            931   ,          0   ,                       12   ,                   0   ,                    0   ,                4.8   ,                   1.5   ,                2.0   ,                  3.3   ,              12.2   ,               1.3   ,                12.1   ,            3.5   ,             12.3   ,                         1.1   ,              16   ,        0.8850   ,               34.0   ,                 10326   ,
2026-02-12 13:01:46 ,         210.0   ,             50.6   ,               28.3   ,        36.0   ,                  28.0   ,                 0   ,                     0   ,                 0   ,                     0   ,            931   ,          0   ,                        9   ,                   0   ,                    0   ,                4.7   ,                   1.5   ,                1.9   ,                  3.2   ,              12.2   ,               1.3   ,                12.1   ,            3.5   ,             12.3   ,                         1.1   ,              16   ,        0.8850   ,               34.0   ,                 10323   ,
2026-02-12 13:01:47 ,         210.0   ,             50.6   ,               28.2   ,        36.1   ,                  28.0   ,                 0   ,                     0   ,                 0   ,                     0   ,            930   ,          0   ,                       12   ,                   0   ,                    0   ,                4.7   ,                   1.6   ,                1.9   ,                  3.2   ,              12.2   ,               1.3   ,                12.1   ,            3.5   ,             12.3   ,                         1.1   ,              16   ,        0.8850   ,               35.0   ,                 10505   ,
2026-02-12 13:01:48 ,         210.0   ,             50.6   ,               28.2   ,        35.9   ,                  28.0   ,                 0   ,                     0   ,                 0   ,                     0   ,            927   ,          0   ,                       12   ,                   0   ,                    0   ,                4.7   ,                   1.5   ,                2.0   ,                  3.2   ,              12.2   ,               1.3   ,                12.1   ,            3.5   ,             12.3   ,                         1.0   ,              16   ,        0.8850   ,               35.0   ,                 10731   ,
2026-02-12 13:01:49 ,        2520.0   ,           1312.7   ,               29.3   ,        36.5   ,                  28.0   ,                 0   ,                     0   ,                 0   ,                     0   ,            936   ,          7   ,                        3   ,                   0   ,                    0   ,               48.4   ,                  19.5   ,               23.4   ,                 28.9   ,              12.2   ,               5.5   ,                12.1   ,           42.9   ,             12.3   ,                        10.8   ,              16   ,        0.9700   ,               31.0   ,                 11432   ,
2026-02-12 13:01:50 ,        2520.0   ,           1281.5   ,               29.7   ,        36.7   ,                  30.0   ,                 0   ,                     0   ,                 0   ,                     0   ,           3617   ,          0   ,                        0   ,                   0   ,                    0   ,               47.5   ,                  18.8   ,               23.2   ,                 28.7   ,              12.2   ,               5.5   ,                12.1   ,           42.0   ,             12.3   ,                        10.6   ,              16   ,        0.9700   ,               35.0   ,                 11768   ,
2026-02-12 13:01:51 ,        2520.0   ,           1281.5   ,               29.9   ,        36.8   ,                  30.0   ,                 0   ,                     0   ,                 0   ,                     0   ,           3641   ,          0   ,                        0   ,                   0   ,                    0   ,               47.7   ,                  19.0   ,               23.2   ,                 28.7   ,              12.2   ,               5.5   ,                12.1   ,           42.2   ,             12.3   ,                        10.6   ,              16   ,        0.9700   ,               36.0   ,                 12026   ,
2026-02-12 13:01:52 ,        2715.0   ,           1281.5   ,               30.3   ,        37.2   ,                  30.0   ,                 0   ,                     0   ,                 0   ,                     0   ,           3739   ,          2   ,                        0   ,                   0   ,                    1   ,               56.1   ,                  27.5   ,               23.1   ,                 28.6   ,              12.2   ,               5.5   ,                12.0   ,           50.7   ,             12.3   ,                        12.5   ,               4   ,        1.0500   ,               44.0   ,                 12273   ,
2026-02-12 13:01:53 ,        2715.0   ,           1281.5   ,               30.5   ,        37.3   ,                  30.0   ,                 0   ,                     0   ,                 0   ,                     0   ,           3903   ,          3   ,                        0   ,                   0   ,                    2   ,               56.1   ,                  27.4   ,               23.2   ,                 28.6   ,              12.2   ,               5.5   ,                12.1   ,           50.6   ,             12.3   ,                        12.5   ,               4   ,        1.0500   ,               33.0   ,                 12650   ,
2026-02-12 13:01:54 ,        2520.0   ,           1281.5   ,               30.2   ,        37.2   ,                  30.0   ,                 0   ,                     0   ,                 0   ,                     0   ,           3905   ,          0   ,                        0   ,                   0   ,                    0   ,               47.5   ,                  18.9   ,               23.1   ,                 28.6   ,              12.2   ,               5.4   ,                12.1   ,           42.0   ,             12.3   ,                        10.5   ,              16   ,        0.9700   ,               38.0   ,                 13183   ,
2026-02-12 13:01:55 ,        2520.0   ,           1281.5   ,               30.2   ,        37.2   ,                  30.0   ,                 0   ,                     0   ,                 0   ,                     0   ,           3905   ,          0   ,                        0   ,                   0   ,                    0   ,               47.5   ,                  18.9   ,               23.1   ,                 28.6   ,              12.2   ,               5.4   ,                12.1   ,           42.1   ,             12.3   ,                        10.6   ,              16   ,        0.9700   ,               38.0   ,                 13642   ,
2026-02-12 13:01:56 ,         450.0   ,            101.3   ,               29.3   ,        36.8   ,                  30.0   ,                 0   ,                     0   ,                 0   ,                     0   ,           3905   ,          0   ,                        3   ,                   0   ,                    0   ,               15.0   ,                   3.7   ,                9.1   ,                 11.3   ,              12.3   ,               2.1   ,                12.1   ,           12.8   ,             12.3   ,                         3.3   ,              16   ,        0.9000   ,               38.0   ,                 13839   ,
2026-02-12 13:01:57 ,         270.0   ,             50.6   ,               28.9   ,        36.7   ,                  28.0   ,                 0   ,                     0   ,                 0   ,                     0   ,           3905   ,          0   ,                       13   ,                   0   ,                    0   ,                5.3   ,                   1.4   ,                2.7   ,                  3.9   ,              12.2   ,               1.3   ,                12.1   ,            4.1   ,             12.3   ,                         1.2   ,              16   ,        0.8850   ,               37.0   ,                 13847   ,
2026-02-12 13:01:58 ,         210.0   ,             50.6   ,               28.7   ,        36.5   ,                  30.0   ,                 0   ,                     0   ,                 0   ,                     0   ,           3905   ,          0   ,                        6   ,                   0   ,                    0   ,                4.9   ,                   1.5   ,                2.1   ,                  3.4   ,              12.2   ,               1.3   ,                12.1   ,            3.6   ,             12.3   ,                         1.1   ,              16   ,        0.8850   ,               33.0   ,                 14059   ,
2026-02-12 13:01:59 ,         210.0   ,             50.6   ,               28.7   ,        36.5   ,                  28.0   ,                 0   ,                     0   ,                 0   ,                     0   ,           3905   ,          1   ,                        6   ,                   0   ,                    0   ,                4.7   ,                   1.5   ,                2.0   ,                  3.2   ,              12.2   ,               1.3   ,                12.1   ,            3.5   ,             12.3   ,                         1.0   ,              16   ,        0.8850   ,               31.0   ,                 14075   ,
2026-02-12 13:02:00 ,         210.0   ,             50.6   ,               28.7   ,        36.4   ,                  28.0   ,                 0   ,                     0   ,                 0   ,                     0   ,           3905   ,          2   ,                       13   ,                   0   ,                    0   ,                4.8   ,                   1.5   ,                2.0   ,                  3.3   ,              12.2   ,               1.3   ,                12.1   ,            3.5   ,             12.3   ,                         1.1   ,              16   ,        0.8850   ,               36.0   ,                 14230   ,
2026-02-12 13:02:01 ,         210.0   ,             50.6   ,               28.6   ,        36.4   ,                  28.0   ,                 0   ,                     0   ,                 0   ,                     0   ,           3905   ,          2   ,                        9   ,                   0   ,                    0   ,                4.7   ,                   1.5   ,                1.9   ,                  3.2   ,              12.2   ,               1.3   ,                12.1   ,            3.5   ,             12.3   ,                         1.1   ,              16   ,        0.8850   ,               37.0   ,                 13858   ,
2026-02-12 13:02:02 ,         210.0   ,             50.6   ,               28.6   ,        36.4   ,                  28.0   ,                 0   ,                     0   ,                 0   ,                     0   ,           3912   ,          3   ,                       15   ,                   0   ,                    0   ,                4.9   ,                   1.6   ,                2.0   ,                  3.2   ,              12.2   ,               1.3   ,                12.1   ,            3.6   ,             12.3   ,                         1.1   ,              16   ,        0.8850   ,               34.0   ,                 13953   ,
2026-02-12 13:02:03 ,         210.0   ,             50.6   ,               28.6   ,        36.3   ,                  28.0   ,                 0   ,                     0   ,                 0   ,                     0   ,           3912   ,          2   ,                       23   ,                   0   ,                    0   ,                4.8   ,                   1.5   ,                2.0   ,                  3.3   ,              12.2   ,               1.3   ,                12.1   ,            3.6   ,             12.3   ,                         1.1   ,              16   ,        0.8850   ,               35.0   ,                 13914   ,
2026-02-12 13:02:04 ,         210.0   ,             50.6   ,               28.5   ,        36.3   ,                  28.0   ,                 0   ,                     0   ,                 0   ,                     0   ,           3912   ,          2   ,                       10   ,                   0   ,                    0   ,                4.7   ,                   1.5   ,                1.9   ,                  3.2   ,              12.2   ,               1.2   ,                12.1   ,            3.5   ,             12.3   ,                         1.0   ,              16   ,        0.8850   ,               38.0   ,                 13889   ,
2026-02-12 13:02:05 ,         210.0   ,             50.6   ,               28.5   ,        36.4   ,                  30.0   ,                 0   ,                     0   ,                 0   ,                     0   ,           3912   ,          2   ,                       12   ,                   0   ,                    0   ,                5.0   ,                   1.5   ,                2.2   ,                  3.5   ,              12.2   ,               1.3   ,                12.1   ,            3.7   ,             12.3   ,                         1.1   ,              16   ,        0.8850   ,               37.0   ,                 13874   ,
2026-02-12 13:02:06 ,         210.0   ,             50.6   ,               28.5   ,        36.3   ,                  28.0   ,                 0   ,                     0   ,                 0   ,                     0   ,           3912   ,          0   ,                       21   ,                   0   ,                    0   ,                4.8   ,                   1.5   ,                2.0   ,                  3.2   ,              12.2   ,               1.2   ,                12.1   ,            3.6   ,             12.3   ,                         1.1   ,              16   ,        0.8850   ,               38.0   ,                 13907   ,
2026-02-12 13:02:07 ,         210.0   ,             50.6   ,               28.5   ,        36.3   ,                  28.0   ,                 0   ,                     0   ,                 0   ,                     0   ,           3912   ,          0   ,                        6   ,                   0   ,                    0   ,                4.8   ,                   1.5   ,                1.9   ,                  3.2   ,              12.2   ,               1.3   ,                12.1   ,            3.4   ,             12.3   ,                         1.1   ,              16   ,        0.8850   ,               39.0   ,                 13935   ,
2026-02-12 13:02:08 ,         210.0   ,             50.6   ,               28.5   ,        36.2   ,                  28.0   ,                 0   ,                     0   ,                 0   ,                     0   ,           3912   ,          0   ,                        7   ,                   0   ,                    0   ,                4.9   ,                   1.6   ,                2.0   ,                  3.3   ,              12.2   ,               1.3   ,                12.1   ,            3.6   ,             12.3   ,                         1.1   ,              16   ,        0.8850   ,               31.0   ,                 13994   ,
2026-02-12 13:02:09 ,         210.0   ,             50.6   ,               28.4   ,        36.2   ,                  28.0   ,                 0   ,                     0   ,                 0   ,                     0   ,           3912   ,          0   ,                       10   ,                   0   ,                    0   ,                4.9   ,                   1.6   ,                2.0   ,                  3.3   ,              12.2   ,               1.3   ,                12.1   ,            3.6   ,             12.3   ,                         1.1   ,              16   ,        0.8850   ,               35.0   ,                 14028   ,
2026-02-12 13:02:10 ,         210.0   ,             50.6   ,               28.4   ,        36.2   ,                  28.0   ,                 0   ,                     0   ,                 0   ,                     0   ,           3912   ,          0   ,                        9   ,                   0   ,                    0   ,                4.7   ,                   1.5   ,                1.9   ,                  3.2   ,              12.2   ,               1.3   ,                12.1   ,            3.4   ,             12.3   ,                         1.0   ,              16   ,        0.8850   ,               40.0   ,                 14155   ,
2026-02-12 13:02:11 ,         210.0   ,             50.6   ,               28.4   ,        36.1   ,                  28.0   ,                 0   ,                     0   ,                 0   ,                     0   ,           3912   ,          0   ,                        5   ,                   0   ,                    0   ,                4.9   ,                   1.5   ,                2.1   ,                  3.4   ,              12.2   ,               1.3   ,                12.1   ,            3.6   ,             12.3   ,                         1.1   ,              16   ,        0.8850   ,               38.0   ,                 13923   ,
2026-02-12 13:02:12 ,         210.0   ,             50.6   ,               28.4   ,        36.2   ,                  28.0   ,                 0   ,                     0   ,                 0   ,                     0   ,           3912   ,          0   ,                       11   ,                   0   ,                    0   ,                4.9   ,                   1.5   ,                2.1   ,                  3.4   ,              12.2   ,               1.3   ,                12.1   ,            3.6   ,             12.3   ,                         1.1   ,              16   ,        0.8850   ,               38.0   ,                 13954   ,
2026-02-12 13:02:13 ,         210.0   ,             50.6   ,               28.4   ,        36.2   ,                  28.0   ,                 0   ,                     0   ,                 0   ,                     0   ,           3912   ,          0   ,                       13   ,                   0   ,                    0   ,                4.8   ,                   1.5   ,                2.1   ,                  3.4   ,              12.2   ,               1.3   ,                12.1   ,            3.6   ,             12.3   ,                         1.1   ,              16   ,        0.8850   ,               36.0   ,                 13937   ,
2026-02-12 13:02:14 ,         210.0   ,             50.6   ,               28.4   ,        36.1   ,                  28.0   ,                 0   ,                     0   ,                 0   ,                     0   ,           3912   ,          0   ,                       13   ,                   0   ,                    0   ,                4.7   ,                   1.5   ,                1.9   ,                  3.2   ,              12.2   ,               1.2   ,                12.1   ,            3.5   ,             12.3   ,                         1.0   ,              16   ,        0.8850   ,               37.0   ,                 13979   ,
2026-02-12 13:02:15 ,         210.0   ,             50.6   ,               28.4   ,        36.2   ,                  28.0   ,                 0   ,                     0   ,                 0   ,                     0   ,           3912   ,          0   ,                        6   ,                   0   ,                    0   ,                4.8   ,                   1.6   ,                1.9   ,                  3.2   ,              12.2   ,               1.3   ,                12.1   ,            3.5   ,             12.3   ,                         1.1   ,              16   ,        0.8850   ,               37.0   ,                 14005   ,
2026-02-12 13:02:16 ,         210.0   ,             50.6   ,               28.4   ,        36.1   ,                  28.0   ,                 0   ,                     0   ,                 0   ,                     0   ,           3912   ,          0   ,                       10   ,                   0   ,                    0   ,                4.7   ,                   1.6   ,                1.9   ,                  3.1   ,              12.2   ,               1.3   ,                12.1   ,            3.5   ,             12.3   ,                         1.1   ,              16   ,        0.8850   ,               37.0   ,                 13945   ,
2026-02-12 13:02:17 ,         210.0   ,             50.6   ,               28.3   ,        36.2   ,                  28.0   ,                 0   ,                     0   ,                 0   ,                     0   ,           3912   ,          0   ,                       14   ,                   0   ,                    0   ,                4.7   ,                   1.6   ,                1.9   ,                  3.1   ,              12.2   ,               1.2   ,                12.1   ,            3.5   ,             12.3   ,                         1.1   ,              16   ,        0.8850   ,               36.0   ,                 13968   ,
2026-02-12 13:02:18 ,         210.0   ,             50.6   ,               28.3   ,        36.1   ,                  28.0   ,                 0   ,                     0   ,                 0   ,                     0   ,           3912   ,          0   ,                       10   ,                   0   ,                    0   ,                4.9   ,                   1.6   ,                2.0   ,                  3.3   ,              12.3   ,               1.3   ,                12.1   ,            3.6   ,             12.3   ,                         1.1   ,              16   ,        0.8850   ,               38.0   ,                 13955   ,
2026-02-12 13:02:19 ,         210.0   ,             50.6   ,               28.3   ,        36.0   ,                  28.0   ,                 0   ,                     0   ,                 0   ,                     0   ,           3912   ,          0   ,                       12   ,                   0   ,                    0   ,                4.9   ,                   1.6   ,                2.0   ,                  3.4   ,              12.2   ,               1.3   ,                12.1   ,            3.6   ,             12.3   ,                         1.1   ,              16   ,        0.8850   ,               37.0   ,                 13985   ,
2026-02-12 13:02:20 ,         210.0   ,             50.6   ,               28.3   ,        36.0   ,                  28.0   ,                 0   ,                     0   ,                 0   ,                     0   ,           3912   ,          0   ,                        5   ,                   0   ,                    0   ,                4.8   ,                   1.5   ,                2.0   ,                  3.2   ,              12.2   ,               1.2   ,                12.1   ,            3.5   ,             12.3   ,                         1.1   ,              16   ,        0.8850   ,               37.0   ,                 13968   ,
2026-02-12 13:02:21 ,         210.0   ,             50.6   ,               28.3   ,        36.1   ,                  28.0   ,                 0   ,                     0   ,                 0   ,                     0   ,           3912   ,          0   ,                        5   ,                   0   ,                    0   ,                4.9   ,                   1.5   ,                2.1   ,                  3.4   ,              12.3   ,               1.3   ,                12.1   ,            3.6   ,             12.3   ,                         1.1   ,              16   ,        0.8850   ,               33.0   ,                 14068   ,
2026-02-12 13:02:22 ,         210.0   ,             50.6   ,               28.3   ,        36.0   ,                  28.0   ,                 0   ,                     0   ,                 0   ,                     0   ,           3912   ,          0   ,                       13   ,                   0   ,                    0   ,                4.8   ,                   1.5   ,                2.1   ,                  3.3   ,              12.2   ,               1.2   ,                12.1   ,            3.6   ,             12.3   ,                         1.1   ,              16   ,        0.8850   ,               37.0   ,                 14109   ,
2026-02-12 13:02:23 ,         210.0   ,             50.6   ,               28.3   ,        36.0   ,                  28.0   ,                 0   ,                     0   ,                 0   ,                     0   ,           3912   ,          0   ,                        9   ,                   0   ,                    0   ,                4.8   ,                   1.5   ,                2.0   ,                  3.3   ,              12.2   ,               1.3   ,                12.1   ,            3.5   ,             12.3   ,                         1.1   ,              16   ,        0.8850   ,               37.0   ,                 14232   ,
2026-02-12 13:02:24 ,         210.0   ,             50.6   ,               28.3   ,        36.0   ,                  28.0   ,                 0   ,                     0   ,                 0   ,                     0   ,           3912   ,          0   ,                        6   ,                   0   ,                    0   ,                4.8   ,                   1.6   ,                2.0   ,                  3.3   ,              12.3   ,               1.3   ,                12.1   ,            3.6   ,             12.3   ,                         1.1   ,              16   ,        0.8850   ,               36.0   ,                 14063   ,
2026-02-12 13:02:25 ,         210.0   ,             50.6   ,               28.3   ,        36.0   ,                  28.0   ,                 0   ,                     0   ,                 0   ,                     0   ,           3912   ,          0   ,                        6   ,                   0   ,                    0   ,                4.7   ,                   1.5   ,                2.0   ,                  3.2   ,              12.2   ,               1.2   ,                12.1   ,            3.5   ,             12.3   ,                         1.0   ,              16   ,        0.8850   ,               37.0   ,                 14022   ,
2026-02-12 13:02:26 ,         210.0   ,             50.6   ,               28.2   ,        36.0   ,                  28.0   ,                 0   ,                     0   ,                 0   ,                     0   ,           3912   ,          0   ,                        6   ,                   0   ,                    0   ,                4.7   ,                   1.5   ,                2.0   ,                  3.2   ,              12.2   ,               1.2   ,                12.1   ,            3.5   ,             12.3   ,                         1.0   ,              16   ,        0.8850   ,               38.0   ,                 14048   ,
2026-02-12 13:02:27 ,         210.0   ,             50.6   ,               28.2   ,        36.0   ,                  28.0   ,                 0   ,                     0   ,                 0   ,                     0   ,           3912   ,          0   ,                       12   ,                   0   ,                    0   ,                4.8   ,                   1.5   ,                2.1   ,                  3.3   ,              12.3   ,               1.2   ,                12.1   ,            3.6   ,             12.3   ,                         1.1   ,              16   ,        0.8850   ,               38.0   ,                 14020   ,
2026-02-12 13:02:28 ,         210.0   ,             50.6   ,               28.2   ,        35.9   ,                  28.0   ,                 0   ,                     0   ,                 0   ,                     0   ,           3912   ,          0   ,                       11   ,                   0   ,                    0   ,                4.8   ,                   1.5   ,                2.0   ,                  3.3   ,              12.3   ,               1.3   ,                12.1   ,            3.5   ,             12.3   ,                         1.1   ,              16   ,        0.8850   ,               38.0   ,                 14022   ,
2026-02-12 13:02:29 ,         210.0   ,             50.6   ,               28.2   ,        35.9   ,                  28.0   ,                 0   ,                     0   ,                 0   ,                     0   ,           3912   ,          0   ,                       10   ,                   0   ,                    0   ,                4.8   ,                   1.5   ,                2.1   ,                  3.3   ,              12.2   ,               1.2   ,                12.1   ,            3.6   ,             12.3   ,                         1.1   ,              16   ,        0.8850   ,               37.0   ,                 14029   ,
2026-02-12 13:02:30 ,         210.0   ,             50.6   ,               28.2   ,        35.9   ,                  28.0   ,                 0   ,                     0   ,                 0   ,                     0   ,           3912   ,          0   ,                       10   ,                   0   ,                    0   ,                4.9   ,                   1.6   ,                2.0   ,                  3.3   ,              12.2   ,               1.3   ,                12.1   ,            3.6   ,             12.3   ,                         1.1   ,              16   ,        0.8850   ,               37.0   ,                 14074   ,
2026-02-12 13:02:31 ,         210.0   ,             50.6   ,               28.2   ,        35.9   ,                  28.0   ,                 0   ,                     0   ,                 0   ,                     0   ,           3912   ,          1   ,                        7   ,                   0   ,                    0   ,                4.8   ,                   1.7   ,                1.8   ,                  3.1   ,              12.2   ,               1.3   ,                12.1   ,            3.5   ,             12.3   ,                         1.1   ,              16   ,        0.8850   ,               37.0   ,                 14077   ,
2026-02-12 13:02:32 ,         210.0   ,             50.6   ,               28.2   ,        35.9   ,                  28.0   ,                 0   ,                     0   ,                 0   ,                     0   ,           3912   ,          0   ,                        9   ,                   0   ,                    0   ,                4.9   ,                   1.6   ,                2.0   ,                  3.3   ,              12.2   ,               1.3   ,                12.1   ,            3.6   ,             12.3   ,                         1.1   ,              16   ,        0.8850   ,               38.0   ,                 14019   ,
2026-02-12 13:02:33 ,         210.0   ,             50.6   ,               28.1   ,        35.9   ,                  28.0   ,                 0   ,                     0   ,                 0   ,                     0   ,           3912   ,          0   ,                       16   ,                   0   ,                    0   ,                4.9   ,                   1.6   ,                2.0   ,                  3.2   ,              12.2   ,               1.3   ,                12.1   ,            3.6   ,             12.3   ,                         1.1   ,              16   ,        0.8850   ,               37.0   ,                 13481   ,
2026-02-12 13:02:34 ,         210.0   ,             50.6   ,               28.1   ,        35.9   ,                  28.0   ,                 0   ,                     0   ,                 0   ,                     0   ,           3912   ,          0   ,                       16   ,                   0   ,                    0   ,                4.8   ,                   1.6   ,                1.9   ,                  3.2   ,              12.2   ,               1.3   ,                12.1   ,            3.6   ,             12.3   ,                         1.1   ,              16   ,        0.8850   ,               35.0   ,                 12764   ,
2026-02-12 13:02:35 ,         210.0   ,             50.6   ,               28.1   ,        35.9   ,                  28.0   ,                 0   ,                     0   ,                 0   ,                     0   ,           3912   ,          0   ,                       16   ,                   0   ,                    0   ,                4.7   ,                   1.5   ,                2.0   ,                  3.3   ,              12.2   ,               1.2   ,                12.1   ,            3.5   ,             12.3   ,                         1.0   ,              16   ,        0.8850   ,               38.0   ,                 12894   ,
2026-02-12 13:02:37 ,         210.0   ,             50.6   ,               28.1   ,        35.8   ,                  28.0   ,                 0   ,                     0   ,                 0   ,                     0   ,           3912   ,          0   ,                        9   ,                   0   ,                    0   ,                4.9   ,                   1.5   ,                2.1   ,                  3.4   ,              12.3   ,               1.3   ,                12.1   ,            3.6   ,             12.3   ,                         1.1   ,              16   ,        0.8850   ,               30.0   ,                 12566   ,
2026-02-12 13:02:37 ,        2715.0   ,           1281.5   ,               31.4   ,        37.1   ,                  30.0   ,                 0   ,                     0   ,                 0   ,                     0   ,           5606   ,        100   ,                        2   ,                   0   ,                    2   ,               93.0   ,                  61.9   ,               25.6   ,                 31.2   ,              12.2   ,               5.5   ,                12.1   ,           87.5   ,             12.2   ,                        20.7   ,               4   ,        1.0500   ,               34.0   ,                 12793   ,
2026-02-12 13:02:39 ,        2745.0   ,           1281.5   ,               35.5   ,        38.8   ,                  32.0   ,                 0   ,                     0   ,                 0   ,                     0   ,           5632   ,        100   ,                       23   ,                   0   ,                    1   ,              184.3   ,                 130.1   ,               48.3   ,                 54.2   ,              12.1   ,               5.9   ,                12.1   ,          178.4   ,             12.2   ,                        41.0   ,               4   ,        1.0450   ,               33.0   ,                 12841   ,
2026-02-12 13:02:39 ,        2745.0   ,           1281.5   ,               37.5   ,        41.3   ,                  34.0   ,                 0   ,                     0   ,                 0   ,                     0   ,           5636   ,        100   ,                       36   ,                   0   ,                    1   ,              229.2   ,                 160.0   ,               62.9   ,                 69.2   ,              12.0   ,               6.3   ,                12.1   ,          222.9   ,             12.1   ,                        50.9   ,               4   ,        1.0450   ,               32.0   ,                 13005   ,
2026-02-12 13:02:40 ,        2745.0   ,           1281.5   ,               38.7   ,        43.0   ,                  34.0   ,                 0   ,                     0   ,                 0   ,                     0   ,           5636   ,        100   ,                       37   ,                   0   ,                    1   ,              225.0   ,                 159.2   ,               59.6   ,                 65.8   ,              12.0   ,               6.2   ,                12.1   ,          218.8   ,             12.1   ,                        50.0   ,               4   ,        1.0450   ,               31.0   ,                 13021   ,
2026-02-12 13:02:41 ,        2745.0   ,           1281.5   ,               39.4   ,        44.3   ,                  36.0   ,                 0   ,                  1054   ,                 0   ,                  1093   ,           5630   ,        100   ,                       40   ,                   0   ,                    1   ,              246.5   ,                 171.4   ,               64.2   ,                 75.1   ,              12.0   ,              11.0   ,                12.0   ,          235.5   ,             12.1   ,                        54.8   ,               4   ,        1.0450   ,               35.0   ,                 12976   ,
2026-02-12 13:02:42 ,        2745.0   ,           1281.5   ,               39.8   ,        44.1   ,                  36.0   ,                 0   ,                  1144   ,                 0   ,                  1132   ,           5630   ,        100   ,                       40   ,                   0   ,                    1   ,              233.0   ,                 163.1   ,               63.1   ,                 69.9   ,              12.0   ,               6.8   ,                12.1   ,          226.2   ,             12.1   ,                        51.8   ,               4   ,        1.0450   ,               31.0   ,                 13003   ,
2026-02-12 13:02:43 ,        2745.0   ,           1281.5   ,               39.7   ,        43.8   ,                  38.0   ,                 0   ,                  1057   ,                 0   ,                  1050   ,           5620   ,        100   ,                       41   ,                   0   ,                    1   ,              233.6   ,                 163.4   ,               63.4   ,                 70.2   ,              12.0   ,               6.8   ,                12.1   ,          226.8   ,             12.1   ,                        51.9   ,               4   ,        1.0500   ,               30.0   ,                 12970   ,
2026-02-12 13:02:44 ,        2745.0   ,           1281.5   ,               40.4   ,        44.7   ,                  38.0   ,                 0   ,                  1030   ,                 0   ,                  1037   ,           5620   ,        100   ,                       36   ,                   0   ,                    1   ,              233.7   ,                 168.1   ,               58.8   ,                 65.6   ,              12.0   ,               6.7   ,                12.1   ,          226.9   ,             12.1   ,                        51.9   ,               4   ,        1.0500   ,               31.0   ,                 13005   ,
2026-02-12 13:02:46 ,        2745.0   ,           1281.5   ,               40.4   ,        45.2   ,                  40.0   ,                 0   ,                  1038   ,                 0   ,                  1036   ,           5620   ,        100   ,                       40   ,                   0   ,                    1   ,              246.2   ,                 175.1   ,               64.2   ,                 71.1   ,              12.0   ,               6.8   ,                12.1   ,          239.3   ,             12.1   ,                        54.7   ,               4   ,        1.0500   ,               35.0   ,                 12958   ,
2026-02-12 13:02:46 ,        2745.0   ,           1281.5   ,               40.8   ,        45.1   ,                  40.0   ,                30   ,                  1028   ,                30   ,                  1036   ,           5620   ,        100   ,                       40   ,                   0   ,                    1   ,              239.6   ,                 168.2   ,               64.5   ,                 71.5   ,              12.0   ,               6.9   ,                12.1   ,          232.7   ,             12.1   ,                        53.3   ,               4   ,        1.0500   ,               30.0   ,                 12975   ,
2026-02-12 13:02:47 ,        2745.0   ,           1281.5   ,               41.7   ,        46.3   ,                  40.0   ,                30   ,                  1020   ,                30   ,                  1036   ,           5620   ,        100   ,                       42   ,                   0   ,                    1   ,              239.8   ,                 167.5   ,               65.4   ,                 72.3   ,              12.0   ,               6.9   ,                12.0   ,          232.9   ,             12.1   ,                        53.3   ,               4   ,        1.0500   ,               35.0   ,                 13005   ,
2026-02-12 13:02:48 ,        2745.0   ,           1281.5   ,               41.6   ,        46.2   ,                  40.0   ,                30   ,                  1030   ,                30   ,                  1036   ,           5620   ,        100   ,                       40   ,                   0   ,                    1   ,              231.6   ,                 161.2   ,               63.6   ,                 70.4   ,              12.0   ,               6.8   ,                12.1   ,          224.8   ,             12.1   ,                        51.5   ,               4   ,        1.0500   ,               32.0   ,                 12998   ,
2026-02-12 13:02:49 ,        2745.0   ,           1281.5   ,               41.6   ,        46.1   ,                  40.0   ,                30   ,                  1036   ,                30   ,                  1037   ,           5619   ,        100   ,                       39   ,                   0   ,                    1   ,              236.1   ,                 169.9   ,               59.4   ,                 66.2   ,              12.0   ,               6.8   ,                12.1   ,          229.4   ,             12.1   ,                        52.5   ,               4   ,        1.0500   ,               34.0   ,                 13018   ,
2026-02-12 13:02:51 ,        2745.0   ,           1281.5   ,               42.5   ,        47.1   ,                  42.0   ,                30   ,                  1037   ,                30   ,                  1038   ,           5619   ,        100   ,                       41   ,                   0   ,                    1   ,              240.9   ,                 171.6   ,               62.5   ,                 69.3   ,              12.0   ,               6.8   ,                12.1   ,          234.1   ,             12.1   ,                        53.5   ,               4   ,        1.0500   ,               33.0   ,                 12964   ,
2026-02-12 13:02:52 ,        2745.0   ,           1281.5   ,               42.5   ,        47.1   ,                  40.0   ,                30   ,                  1041   ,                30   ,                  1037   ,           5630   ,        100   ,                       40   ,                   0   ,                    1   ,              239.3   ,                 167.0   ,               65.3   ,                 72.2   ,              12.0   ,               6.9   ,                12.1   ,          232.3   ,             12.1   ,                        53.2   ,               4   ,        1.0500   ,               35.0   ,                 13072   ,
2026-02-12 13:02:53 ,        2745.0   ,           1281.5   ,               42.9   ,        47.6   ,                  42.0   ,                30   ,                  1038   ,                30   ,                  1037   ,           5619   ,        100   ,                       40   ,                   0   ,                    1   ,              229.7   ,                 162.0   ,               60.9   ,                 67.7   ,              12.0   ,               6.8   ,                12.0   ,          222.9   ,             12.1   ,                        51.1   ,               4   ,        1.0500   ,               38.0   ,                 13125   ,
2026-02-12 13:02:54 ,        2745.0   ,           1281.5   ,               43.5   ,        48.1   ,                  40.0   ,                30   ,                  1042   ,                30   ,                  1037   ,           5619   ,        100   ,                       36   ,                   0   ,                    1   ,              235.3   ,                 164.8   ,               63.7   ,                 70.6   ,              12.0   ,               6.9   ,                12.1   ,          228.4   ,             12.1   ,                        52.3   ,               4   ,        1.0500   ,               31.0   ,                 13058   ,
2026-02-12 13:02:55 ,        2745.0   ,           1281.5   ,               44.0   ,        48.8   ,                  42.0   ,                30   ,                  1041   ,                30   ,                  1038   ,           5619   ,        100   ,                       41   ,                   0   ,                    1   ,              239.4   ,                 170.3   ,               62.3   ,                 69.1   ,              12.0   ,               6.9   ,                12.1   ,          232.6   ,             12.1   ,                        53.2   ,               4   ,        1.0500   ,               31.0   ,                 13027   ,
2026-02-12 13:02:56 ,        2745.0   ,           1281.5   ,               44.1   ,        48.9   ,                  42.0   ,                30   ,                  1040   ,                30   ,                  1038   ,           5619   ,        100   ,                       40   ,                   0   ,                    1   ,              253.8   ,                 179.9   ,               67.0   ,                 73.9   ,              12.0   ,               6.9   ,                12.1   ,          246.9   ,             12.1   ,                        56.4   ,               4   ,        1.0500   ,               33.0   ,                 13044   ,
2026-02-12 13:02:57 ,        2745.0   ,           1281.5   ,               44.2   ,        48.8   ,                  44.0   ,                30   ,                  1041   ,                30   ,                  1038   ,           5619   ,        100   ,                       41   ,                   0   ,                    1   ,              235.2   ,                 166.8   ,               61.6   ,                 68.4   ,              12.0   ,               6.8   ,                12.1   ,          228.4   ,             12.1   ,                        52.3   ,               4   ,        1.0500   ,               29.0   ,                 13065   ,
2026-02-12 13:02:58 ,        2745.0   ,           1281.5   ,               44.3   ,        49.0   ,                  44.0   ,                30   ,                  1043   ,                30   ,                  1038   ,           5619   ,        100   ,                       40   ,                   0   ,                    1   ,              226.6   ,                 156.6   ,               63.2   ,                 70.0   ,              12.0   ,               6.9   ,                12.1   ,          219.8   ,             12.1   ,                        50.4   ,               4   ,        1.0500   ,               31.0   ,                 13050   ,
2026-02-12 13:02:59 ,        2745.0   ,           1281.5   ,               44.0   ,        48.8   ,                  44.0   ,                30   ,                  1044   ,                30   ,                  1037   ,           5619   ,        100   ,                       39   ,                   0   ,                    1   ,              235.1   ,                 170.0   ,               58.3   ,                 65.1   ,              12.0   ,               6.8   ,                12.1   ,          228.3   ,             12.1   ,                        52.2   ,               4   ,        1.0500   ,               36.0   ,                 13074   ,
2026-02-12 13:03:00 ,        2745.0   ,           1281.5   ,               45.8   ,        51.0   ,                  44.0   ,                30   ,                  1046   ,                30   ,                  1037   ,           5619   ,        100   ,                       41   ,                   0   ,                    1   ,              248.1   ,                 177.4   ,               64.0   ,                 70.8   ,              12.0   ,               6.8   ,                12.1   ,          241.3   ,             12.1   ,                        55.1   ,               4   ,        1.0500   ,               30.0   ,                 13054   ,
2026-02-12 13:03:01 ,        2745.0   ,           1281.5   ,               45.6   ,        50.6   ,                  44.0   ,                30   ,                  1045   ,                30   ,                  1038   ,           5619   ,        100   ,                       40   ,                   0   ,                    1   ,              237.2   ,                 168.4   ,               61.9   ,                 68.7   ,              12.0   ,               6.9   ,                12.1   ,          230.3   ,             12.1   ,                        52.7   ,               4   ,        1.0500   ,               31.0   ,                 13072   ,
2026-02-12 13:03:02 ,        2745.0   ,           1281.5   ,               45.7   ,        50.5   ,                  44.0   ,                30   ,                  1048   ,                30   ,                  1037   ,           5619   ,        100   ,                       40   ,                   0   ,                    1   ,              239.0   ,                 168.7   ,               63.4   ,                 70.3   ,              12.0   ,               6.9   ,                12.1   ,          232.2   ,             12.1   ,                        53.1   ,               4   ,        1.0500   ,               35.0   ,                 13055   ,
2026-02-12 13:03:03 ,        2745.0   ,           1281.5   ,               45.5   ,        50.8   ,                  44.0   ,                30   ,                  1045   ,                30   ,                  1037   ,           5619   ,        100   ,                       35   ,                   0   ,                    1   ,              245.4   ,                 173.8   ,               64.7   ,                 71.6   ,              12.0   ,               6.9   ,                12.1   ,          238.5   ,             12.1   ,                        54.5   ,               4   ,        1.0500   ,               31.0   ,                 13049   ,
2026-02-12 13:03:04 ,        2745.0   ,           1281.5   ,               46.7   ,        52.3   ,                  44.0   ,                30   ,                  1048   ,                30   ,                  1037   ,           5619   ,        100   ,                       41   ,                   0   ,                    1   ,              250.9   ,                 177.8   ,               66.2   ,                 73.1   ,              12.0   ,               6.9   ,                12.1   ,          244.1   ,             12.1   ,                        55.8   ,               4   ,        1.0500   ,               32.0   ,                 13040   ,
2026-02-12 13:03:05 ,        2745.0   ,           1281.5   ,               47.1   ,        52.7   ,                  46.0   ,                30   ,                  1050   ,                30   ,                  1037   ,           5619   ,        100   ,                       40   ,                   0   ,                    1   ,              244.7   ,                 172.4   ,               65.4   ,                 72.3   ,              12.0   ,               6.9   ,                12.1   ,          237.8   ,             12.1   ,                        54.4   ,               4   ,        1.0500   ,               31.0   ,                 13059   ,
2026-02-12 13:03:06 ,        2745.0   ,           1281.5   ,               46.7   ,        51.7   ,                  46.0   ,                30   ,                  1045   ,                30   ,                  1039   ,           5619   ,        100   ,                       39   ,                   0   ,                    1   ,              244.2   ,                 174.7   ,               62.6   ,                 69.5   ,              12.0   ,               6.9   ,                12.1   ,          237.3   ,             12.1   ,                        54.3   ,               4   ,        1.0500   ,               35.0   ,                 13101   ,
2026-02-12 13:03:07 ,        2745.0   ,           1281.5   ,               46.6   ,        51.5   ,                  46.0   ,                30   ,                  1048   ,                30   ,                  1038   ,           5619   ,        100   ,                       37   ,                   0   ,                    1   ,              234.2   ,                 161.1   ,               66.3   ,                 73.1   ,              12.0   ,               6.9   ,                12.1   ,          227.3   ,             12.1   ,                        52.0   ,               4   ,        1.0500   ,               30.0   ,                 13030   ,
2026-02-12 13:03:08 ,        2745.0   ,           1281.5   ,               47.6   ,        52.8   ,                  46.0   ,                30   ,                  1034   ,                30   ,                  1039   ,           5619   ,        100   ,                       37   ,                   0   ,                    1   ,              233.2   ,                 167.1   ,               59.2   ,                 66.0   ,              12.0   ,               6.8   ,                12.1   ,          226.4   ,             12.1   ,                        51.8   ,               4   ,        1.0500   ,               32.0   ,                 13075   ,
2026-02-12 13:03:09 ,        2745.0   ,           1281.5   ,               48.0   ,        53.4   ,                  46.0   ,                30   ,                  1035   ,                30   ,                  1039   ,           5619   ,        100   ,                       41   ,                   0   ,                    1   ,              245.9   ,                 176.5   ,               62.6   ,                 69.5   ,              12.0   ,               6.9   ,                12.1   ,          239.1   ,             12.1   ,                        54.6   ,               4   ,        1.0500   ,               30.0   ,                 13055   ,
2026-02-12 13:03:10 ,        2745.0   ,           1281.5   ,               48.2   ,        53.7   ,                  46.0   ,                30   ,                  1040   ,                30   ,                  1039   ,           5619   ,        100   ,                       41   ,                   0   ,                    1   ,              240.4   ,                 170.2   ,               63.3   ,                 70.2   ,              12.0   ,               6.9   ,                12.1   ,          233.5   ,             12.1   ,                        53.4   ,               4   ,        1.0500   ,               36.0   ,                 13084   ,
2026-02-12 13:03:11 ,        2745.0   ,           1281.5   ,               48.5   ,        54.0   ,                  46.0   ,                30   ,                  1048   ,                30   ,                  1039   ,           5619   ,        100   ,                       39   ,                   0   ,                    1   ,              244.2   ,                 174.2   ,               63.2   ,                 70.0   ,              12.0   ,               6.8   ,                12.1   ,          237.3   ,             12.1   ,                        54.3   ,               4   ,        1.0500   ,               30.0   ,                 13044   ,
2026-02-12 13:03:12 ,        2745.0   ,           1281.5   ,               48.3   ,        53.4   ,                  48.0   ,                30   ,                  1045   ,                30   ,                  1039   ,           5619   ,        100   ,                       37   ,                   0   ,                    1   ,              233.0   ,                 163.3   ,               62.8   ,                 69.7   ,              12.0   ,               6.9   ,                12.0   ,          226.1   ,             12.1   ,                        51.8   ,               4   ,        1.0500   ,               32.0   ,                 13062   ,
2026-02-12 13:03:13 ,        2745.0   ,           1281.5   ,               49.1   ,        54.6   ,                  46.0   ,                30   ,                  1049   ,                30   ,                  1039   ,           5619   ,        100   ,                       39   ,                   0   ,                    1   ,              242.7   ,                 172.0   ,               63.8   ,                 70.6   ,              12.0   ,               6.9   ,                12.1   ,          235.8   ,             12.1   ,                        53.9   ,               4   ,        1.0500   ,               36.0   ,                 13042   ,
2026-02-12 13:03:14 ,        2745.0   ,           1281.5   ,               49.5   ,        55.0   ,                  48.0   ,                30   ,                  1046   ,                30   ,                  1038   ,           5619   ,        100   ,                       40   ,                   0   ,                    1   ,              244.5   ,                 174.5   ,               63.2   ,                 70.1   ,              12.0   ,               6.9   ,                12.1   ,          237.6   ,             12.1   ,                        54.3   ,               4   ,        1.0500   ,               30.0   ,                 13062   ,
2026-02-12 13:03:15 ,        2745.0   ,           1281.5   ,               49.5   ,        54.9   ,                  50.0   ,                30   ,                  1045   ,                30   ,                  1039   ,           5619   ,        100   ,                       41   ,                   0   ,                    1   ,              244.4   ,                 174.3   ,               63.3   ,                 70.1   ,              12.0   ,               6.8   ,                12.1   ,          237.6   ,             12.1   ,                        54.3   ,               4   ,        1.0500   ,               31.0   ,                 13022   ,
2026-02-12 13:03:16 ,        2730.0   ,           1281.5   ,               49.1   ,        54.3   ,                  48.0   ,                30   ,                  1051   ,                30   ,                  1039   ,           5619   ,        100   ,                       38   ,                   0   ,                    1   ,              229.5   ,                 162.8   ,               59.9   ,                 66.7   ,              12.0   ,               6.8   ,                12.1   ,          222.7   ,             12.1   ,                        51.0   ,               4   ,        1.0500   ,               31.0   ,                 13058   ,
2026-02-12 13:03:17 ,        2730.0   ,           1281.5   ,               49.6   ,        55.1   ,                  48.0   ,                30   ,                  1045   ,                30   ,                  1039   ,           5619   ,        100   ,                       33   ,                   0   ,                    1   ,              212.9   ,                 151.8   ,               54.4   ,                 61.1   ,              12.0   ,               6.8   ,                12.1   ,          206.1   ,             12.1   ,                        47.3   ,               4   ,        1.0500   ,               30.0   ,                 13070   ,
2026-02-12 13:03:18 ,        2730.0   ,           1281.5   ,               50.1   ,        55.7   ,                  50.0   ,                30   ,                  1049   ,                30   ,                  1040   ,           5619   ,        100   ,                       39   ,                   0   ,                    1   ,              243.2   ,                 173.5   ,               62.8   ,                 69.7   ,              12.0   ,               6.9   ,                12.1   ,          236.3   ,             12.1   ,                        54.0   ,               4   ,        1.0500   ,               31.0   ,                 13061   ,
2026-02-12 13:03:19 ,        2730.0   ,           1281.5   ,               50.3   ,        55.9   ,                  48.0   ,                30   ,                  1052   ,                30   ,                  1039   ,           5615   ,        100   ,                       40   ,                   0   ,                    1   ,              245.6   ,                 173.9   ,               64.6   ,                 71.6   ,              12.0   ,               7.0   ,                12.1   ,          238.6   ,             12.1   ,                        53.9   ,               4   ,        1.0500   ,               31.0   ,                 13095   ,
2026-02-12 13:03:20 ,        2730.0   ,           1281.5   ,               50.9   ,        56.7   ,                  50.0   ,                30   ,                  1049   ,                30   ,                  1039   ,           5615   ,        100   ,                       42   ,                   0   ,                    1   ,              237.3   ,                 169.5   ,               61.0   ,                 67.8   ,              12.0   ,               6.8   ,                12.1   ,          230.5   ,             12.1   ,                        52.7   ,               4   ,        1.0500   ,               31.0   ,                 13047   ,
2026-02-12 13:03:21 ,        2730.0   ,           1281.5   ,               50.4   ,        55.7   ,                  50.0   ,                30   ,                  1054   ,                30   ,                  1040   ,           5615   ,        100   ,                       37   ,                   0   ,                    1   ,              225.0   ,                 159.2   ,               59.1   ,                 65.8   ,              12.0   ,               6.8   ,                12.1   ,          218.3   ,             12.1   ,                        50.0   ,               4   ,        1.0500   ,               31.0   ,                 13060   ,
2026-02-12 13:03:22 ,        2730.0   ,           1281.5   ,               50.5   ,        55.8   ,                  50.0   ,                30   ,                  1052   ,                30   ,                  1039   ,           5615   ,        100   ,                       36   ,                   0   ,                    1   ,              220.3   ,                 156.4   ,               57.3   ,                 63.9   ,              12.0   ,               6.6   ,                12.0   ,          213.6   ,             12.1   ,                        49.0   ,               4   ,        1.0500   ,               31.0   ,                 13057   ,
2026-02-12 13:03:23 ,        2730.0   ,           1281.5   ,               51.5   ,        57.0   ,                  50.0   ,                30   ,                  1044   ,                30   ,                  1039   ,           5615   ,        100   ,                       40   ,                   0   ,                    1   ,              243.0   ,                 175.4   ,               60.8   ,                 67.6   ,              12.0   ,               6.8   ,                12.1   ,          236.2   ,             12.1   ,                        54.0   ,               4   ,        1.0500   ,               32.0   ,                 13074   ,
2026-02-12 13:03:24 ,        2730.0   ,           1281.5   ,               51.7   ,        57.8   ,                  52.0   ,                30   ,                  1053   ,                30   ,                  1040   ,           5615   ,        100   ,                       40   ,                   0   ,                    1   ,              234.1   ,                 164.4   ,               62.8   ,                 69.7   ,              12.0   ,               6.9   ,                12.1   ,          227.2   ,             12.1   ,                        52.0   ,               4   ,        1.0500   ,               30.0   ,                 13033   ,
2026-02-12 13:03:25 ,        2730.0   ,           1281.5   ,               51.0   ,        56.1   ,                  52.0   ,                30   ,                  1055   ,                30   ,                  1040   ,           5615   ,        100   ,                       40   ,                   0   ,                    1   ,              245.3   ,                 174.5   ,               63.9   ,                 70.8   ,              12.0   ,               6.9   ,                12.1   ,          238.4   ,             12.1   ,                        54.5   ,               4   ,        1.0500   ,               32.0   ,                 13043   ,
2026-02-12 13:03:26 ,        2730.0   ,           1281.5   ,               52.0   ,        57.7   ,                  52.0   ,                30   ,                  1058   ,                30   ,                  1041   ,           5615   ,        100   ,                       37   ,                   0   ,                    1   ,              233.5   ,                 167.1   ,               59.7   ,                 66.5   ,              12.0   ,               6.8   ,                12.1   ,          226.7   ,             12.1   ,                        51.9   ,               4   ,        1.0500   ,               31.0   ,                 13041   ,
2026-02-12 13:03:27 ,        2730.0   ,           1281.5   ,               52.6   ,        58.8   ,                  52.0   ,                30   ,                  1052   ,                30   ,                  1040   ,           5615   ,        100   ,                       41   ,                   0   ,                    1   ,              241.6   ,                 175.4   ,               59.3   ,                 66.1   ,              12.0   ,               6.8   ,                12.1   ,          234.7   ,             12.1   ,                        53.7   ,               4   ,        1.0500   ,               35.0   ,                 13066   ,
2026-02-12 13:03:28 ,        2730.0   ,           1281.5   ,               52.4   ,        58.7   ,                  52.0   ,                30   ,                  1051   ,                30   ,                  1041   ,           5615   ,        100   ,                       41   ,                   0   ,                    1   ,              244.0   ,                 171.9   ,               65.1   ,                 72.0   ,              12.0   ,               6.9   ,                12.1   ,          237.1   ,             12.1   ,                        54.2   ,               4   ,        1.0500   ,               31.0   ,                 13101   ,
2026-02-12 13:03:29 ,        2730.0   ,           1281.5   ,               52.9   ,        58.9   ,                  54.0   ,                30   ,                  1047   ,                30   ,                  1040   ,           5615   ,        100   ,                       40   ,                   0   ,                    1   ,              246.2   ,                 175.7   ,               63.6   ,                 70.5   ,              12.0   ,               6.9   ,                12.1   ,          239.3   ,             12.1   ,                        54.7   ,               4   ,        1.0500   ,               31.0   ,                 13042   ,
2026-02-12 13:03:30 ,        2730.0   ,           1281.5   ,               52.6   ,        58.2   ,                  54.0   ,                30   ,                  1051   ,                30   ,                  1039   ,           5615   ,         98   ,                       36   ,                   0   ,                    1   ,              229.3   ,                 163.6   ,               58.9   ,                 65.7   ,              12.0   ,               6.8   ,                12.0   ,          222.5   ,             12.1   ,                        51.0   ,               4   ,        1.0500   ,               30.0   ,                 13070   ,
2026-02-12 13:03:31 ,        2730.0   ,           1281.5   ,               53.4   ,        59.6   ,                  52.0   ,                30   ,                  1051   ,                30   ,                  1040   ,           5615   ,        100   ,                       39   ,                   0   ,                    1   ,              239.2   ,                 171.3   ,               61.0   ,                 67.9   ,              12.0   ,               6.8   ,                12.1   ,          232.4   ,             12.1   ,                        53.2   ,               4   ,        1.0500   ,               34.0   ,                 13069   ,
2026-02-12 13:03:32 ,        2730.0   ,           1281.5   ,               53.7   ,        59.9   ,                  52.0   ,                30   ,                  1048   ,                30   ,                  1040   ,           5615   ,        100   ,                       40   ,                   0   ,                    1   ,              246.3   ,                 177.1   ,               62.3   ,                 69.2   ,              12.0   ,               6.9   ,                12.1   ,          239.4   ,             12.1   ,                        54.7   ,               4   ,        1.0500   ,               33.0   ,                 13072   ,
2026-02-12 13:03:33 ,        2730.0   ,           1281.5   ,               53.6   ,        59.7   ,                  54.0   ,                30   ,                  1041   ,                30   ,                  1040   ,           5615   ,        100   ,                       39   ,                   0   ,                    1   ,              248.3   ,                 176.8   ,               64.6   ,                 71.5   ,              12.0   ,               6.9   ,                12.1   ,          241.4   ,             12.1   ,                        55.2   ,               4   ,        1.0500   ,               36.0   ,                 13019   ,
2026-02-12 13:03:34 ,        2730.0   ,           1281.5   ,               53.8   ,        60.0   ,                  54.0   ,                30   ,                  1050   ,                30   ,                  1040   ,           5615   ,        100   ,                       40   ,                   0   ,                    1   ,              240.2   ,                 169.1   ,               64.2   ,                 71.1   ,              12.0   ,               6.9   ,                12.1   ,          233.3   ,             12.1   ,                        53.4   ,               4   ,        1.0500   ,               30.0   ,                 13053   ,
2026-02-12 13:03:35 ,        2730.0   ,           1281.5   ,               53.9   ,        60.0   ,                  54.0   ,                30   ,                  1051   ,                30   ,                  1039   ,           5615   ,        100   ,                       37   ,                   0   ,                    1   ,              226.1   ,                 162.7   ,               56.6   ,                 63.4   ,              12.0   ,               6.7   ,                12.1   ,          219.4   ,             12.1   ,                        50.2   ,               4   ,        1.0500   ,               31.0   ,                 13059   ,
2026-02-12 13:03:36 ,        2730.0   ,           1281.5   ,               54.6   ,        61.1   ,                  54.0   ,                30   ,                  1057   ,                30   ,                  1040   ,           5615   ,        100   ,                       40   ,                   0   ,                    1   ,              255.3   ,                 182.8   ,               65.6   ,                 72.5   ,              12.0   ,               6.9   ,                12.1   ,          248.4   ,             12.1   ,                        56.7   ,               4   ,        1.0500   ,               31.0   ,                 13068   ,
2026-02-12 13:03:37 ,        2730.0   ,           1281.5   ,               54.8   ,        61.1   ,                  54.0   ,                30   ,                  1049   ,                30   ,                  1040   ,           5615   ,        100   ,                       42   ,                   0   ,                    1   ,              247.0   ,                 178.2   ,               61.9   ,                 68.8   ,              12.0   ,               6.9   ,                12.1   ,          240.1   ,             12.1   ,                        54.9   ,               4   ,        1.0500   ,               31.0   ,                 13046   ,
2026-02-12 13:03:38 ,        2730.0   ,           1281.5   ,               55.4   ,        62.1   ,                  56.0   ,                30   ,                  1052   ,                30   ,                  1039   ,           5615   ,        100   ,                       40   ,                   0   ,                    1   ,              237.2   ,                 166.2   ,               64.2   ,                 71.0   ,              12.0   ,               6.9   ,                12.1   ,          230.3   ,             12.1   ,                        52.7   ,               4   ,        1.0500   ,               30.0   ,                 13037   ,
2026-02-12 13:03:39 ,        2730.0   ,           1281.5   ,               53.9   ,        59.6   ,                  54.0   ,                30   ,                  1051   ,                30   ,                  1041   ,           5615   ,        100   ,                       38   ,                   0   ,                    1   ,              244.0   ,                 175.0   ,               62.1   ,                 69.0   ,              12.0   ,               6.9   ,                12.1   ,          237.1   ,             12.1   ,                        54.2   ,               4   ,        1.0500   ,               33.0   ,                 13072   ,
2026-02-12 13:03:40 ,        2730.0   ,           1281.5   ,               55.4   ,        62.0   ,                  54.0   ,                30   ,                  1046   ,                30   ,                  1040   ,           5615   ,        100   ,                       40   ,                   0   ,                    1   ,              236.1   ,                 167.0   ,               62.2   ,                 69.1   ,              12.0   ,               6.9   ,                12.1   ,          229.2   ,             12.1   ,                        52.5   ,               4   ,        1.0500   ,               34.0   ,                 13037   ,
2026-02-12 13:03:41 ,        2730.0   ,           1281.5   ,               55.6   ,        61.9   ,                  56.0   ,                30   ,                  1047   ,                30   ,                  1040   ,           5615   ,        100   ,                       37   ,                   0   ,                    1   ,              252.6   ,                 181.9   ,               63.7   ,                 70.7   ,              12.0   ,               7.0   ,                12.1   ,          245.6   ,             12.1   ,                        55.5   ,               4   ,        1.0500   ,               31.0   ,                 13061   ,
2026-02-12 13:03:42 ,        2730.0   ,           1281.5   ,               55.9   ,        62.3   ,                  56.0   ,                30   ,                  1042   ,                30   ,                  1041   ,           5615   ,        100   ,                       39   ,                   0   ,                    1   ,              241.4   ,                 174.3   ,               60.2   ,                 67.1   ,              12.0   ,               6.9   ,                12.1   ,          234.6   ,             12.1   ,                        53.7   ,               4   ,        1.0500   ,               31.0   ,                 13024   ,
2026-02-12 13:03:43 ,        2730.0   ,           1281.5   ,               55.6   ,        61.8   ,                  56.0   ,                30   ,                  1041   ,                30   ,                  1042   ,           5615   ,        100   ,                       38   ,                   0   ,                    1   ,              234.1   ,                 168.6   ,               58.7   ,                 65.5   ,              12.0   ,               6.8   ,                12.1   ,          227.3   ,             12.1   ,                        52.0   ,               4   ,        1.0500   ,               30.0   ,                 13026   ,
2026-02-12 13:03:44 ,        2730.0   ,           1281.5   ,               55.6   ,        61.7   ,                  56.0   ,                30   ,                  1044   ,                30   ,                  1043   ,           5615   ,        100   ,                       35   ,                   0   ,                    1   ,              232.4   ,                 169.7   ,               55.9   ,                 62.7   ,              12.0   ,               6.8   ,                12.1   ,          225.6   ,             12.1   ,                        51.6   ,               4   ,        1.0500   ,               35.0   ,                 13050   ,
2026-02-12 13:03:45 ,        2730.0   ,           1281.5   ,               56.6   ,        63.3   ,                  56.0   ,                30   ,                  1035   ,                30   ,                  1042   ,           5615   ,        100   ,                       40   ,                   0   ,                    1   ,              252.3   ,                 183.4   ,               62.0   ,                 68.9   ,              12.0   ,               6.9   ,                12.1   ,          245.4   ,             12.1   ,                        56.1   ,               4   ,        1.0500   ,               30.0   ,                 13052   ,
2026-02-12 13:03:46 ,        2730.0   ,           1281.5   ,               56.1   ,        62.4   ,                  56.0   ,                30   ,                  1032   ,                30   ,                  1042   ,           5615   ,        100   ,                       40   ,                   0   ,                    1   ,              250.0   ,                 176.2   ,               66.9   ,                 73.8   ,              12.0   ,               6.9   ,                12.1   ,          243.1   ,             12.1   ,                        55.6   ,               4   ,        1.0500   ,               35.0   ,                 13082   ,
2026-02-12 13:03:47 ,        2730.0   ,           1281.5   ,               56.7   ,        63.5   ,                  58.0   ,                30   ,                  1047   ,                30   ,                  1041   ,           5615   ,        100   ,                       41   ,                   0   ,                    1   ,              251.5   ,                 180.2   ,               64.4   ,                 71.3   ,              12.0   ,               6.9   ,                12.1   ,          244.6   ,             12.1   ,                        55.9   ,               4   ,        1.0500   ,               35.0   ,                 13034   ,
2026-02-12 13:03:48 ,        2730.0   ,           1281.5   ,               56.7   ,        63.6   ,                  56.0   ,                30   ,                  1048   ,                30   ,                  1042   ,           5615   ,        100   ,                       41   ,                   0   ,                    1   ,              249.6   ,                 179.7   ,               62.9   ,                 69.9   ,              12.0   ,               6.9   ,                12.0   ,          242.7   ,             12.1   ,                        55.5   ,               4   ,        1.0500   ,               31.0   ,                 13091   ,
2026-02-12 13:03:49 ,        2730.0   ,           1281.5   ,               57.5   ,        64.7   ,                  56.0   ,                30   ,                  1047   ,                30   ,                  1043   ,           5615   ,        100   ,                       38   ,                   0   ,                    1   ,              248.0   ,                 176.5   ,               64.5   ,                 71.5   ,              12.0   ,               7.0   ,                12.1   ,          241.1   ,             12.1   ,                        55.1   ,               4   ,        1.0500   ,               32.0   ,                 13074   ,
2026-02-12 13:03:50 ,        2730.0   ,           1281.5   ,               57.7   ,        64.4   ,                  58.0   ,                30   ,                  1056   ,                30   ,                  1042   ,           5615   ,        100   ,                       39   ,                   0   ,                    1   ,              252.1   ,                 181.0   ,               64.2   ,                 71.2   ,              12.0   ,               6.9   ,                12.1   ,          245.2   ,             12.1   ,                        56.0   ,               4   ,        1.0500   ,               31.0   ,                 13086   ,
2026-02-12 13:03:51 ,        2730.0   ,           1281.5   ,               57.6   ,        64.0   ,                  58.0   ,                30   ,                  1054   ,                30   ,                  1043   ,           5615   ,        100   ,                       41   ,                   0   ,                    1   ,              245.5   ,                 176.6   ,               61.8   ,                 68.8   ,              12.0   ,               7.0   ,                12.1   ,          238.5   ,             12.1   ,                        54.5   ,               4   ,        1.0500   ,               31.0   ,                 13048   ,
2026-02-12 13:03:52 ,        2730.0   ,           1281.5   ,               57.5   ,        63.8   ,                  58.0   ,                30   ,                  1049   ,                30   ,                  1042   ,           5615   ,        100   ,                       40   ,                   0   ,                    1   ,              238.7   ,                 168.7   ,               63.0   ,                 70.0   ,              12.0   ,               7.0   ,                12.1   ,          231.7   ,             12.1   ,                        53.0   ,               4   ,        1.0500   ,               35.0   ,                 13037   ,
2026-02-12 13:03:53 ,        2730.0   ,           1281.5   ,               58.1   ,        65.1   ,                  58.0   ,                30   ,                  1051   ,                30   ,                  1043   ,           5615   ,        100   ,                       38   ,                   0   ,                    1   ,              246.8   ,                 175.3   ,               64.6   ,                 71.6   ,              12.0   ,               7.0   ,                12.1   ,          239.8   ,             12.1   ,                        54.9   ,               4   ,        1.0500   ,               34.0   ,                 13058   ,
2026-02-12 13:03:54 ,        2730.0   ,           1281.5   ,               58.3   ,        65.1   ,                  58.0   ,                30   ,                  1039   ,                30   ,                  1043   ,           5615   ,        100   ,                       38   ,                   0   ,                    1   ,              252.4   ,                 179.6   ,               65.9   ,                 72.9   ,              12.0   ,               7.0   ,                12.1   ,          245.5   ,             12.1   ,                        56.1   ,               4   ,        1.0500   ,               30.0   ,                 13055   ,
2026-02-12 13:03:55 ,        2730.0   ,           1281.5   ,               58.4   ,        65.1   ,                  58.0   ,                30   ,                  1039   ,                30   ,                  1042   ,           5615   ,        100   ,                       40   ,                   0   ,                    1   ,              245.5   ,                 175.4   ,               63.1   ,                 70.1   ,              12.0   ,               7.0   ,                12.1   ,          238.5   ,             12.1   ,                        54.6   ,               4   ,        1.0500   ,               30.0   ,                 13075   ,
2026-02-12 13:03:56 ,        2730.0   ,           1281.5   ,               58.9   ,        66.0   ,                  58.0   ,                30   ,                  1046   ,                30   ,                  1043   ,           5615   ,        100   ,                       40   ,                   0   ,                    1   ,              248.1   ,                 174.5   ,               66.7   ,                 73.7   ,              12.0   ,               7.0   ,                12.1   ,          241.1   ,             12.1   ,                        55.1   ,               4   ,        1.0500   ,               33.0   ,                 13034   ,
2026-02-12 13:03:57 ,        2730.0   ,           1281.5   ,               58.1   ,        64.7   ,                  60.0   ,                30   ,                  1051   ,                30   ,                  1043   ,           5615   ,        100   ,                       37   ,                   0   ,                    1   ,              247.3   ,                 177.4   ,               63.0   ,                 69.9   ,              12.0   ,               6.9   ,                12.1   ,          240.4   ,             12.1   ,                        55.0   ,               4   ,        1.0500   ,               35.0   ,                 13052   ,
2026-02-12 13:03:58 ,        2730.0   ,           1281.5   ,               59.1   ,        66.0   ,                  58.0   ,                30   ,                  1052   ,                30   ,                  1043   ,           5615   ,        100   ,                       40   ,                   0   ,                    1   ,              255.3   ,                 184.4   ,               64.1   ,                 71.0   ,              12.0   ,               6.9   ,                12.1   ,          248.4   ,             12.1   ,                        56.7   ,               4   ,        1.0500   ,               31.0   ,                 13034   ,
2026-02-12 13:03:59 ,        2730.0   ,           1281.5   ,               59.0   ,        65.7   ,                  60.0   ,                30   ,                  1048   ,                30   ,                  1041   ,           5615   ,        100   ,                       39   ,                   0   ,                    1   ,              251.4   ,                 178.0   ,               66.4   ,                 73.3   ,              12.0   ,               6.9   ,                12.1   ,          244.4   ,             12.1   ,                        55.9   ,               4   ,        1.0500   ,               35.0   ,                 13043   ,
2026-02-12 13:04:00 ,        2730.0   ,           1281.5   ,               59.4   ,        66.6   ,                  60.0   ,                30   ,                  1043   ,                30   ,                  1042   ,           5615   ,        100   ,                       42   ,                   0   ,                    1   ,              244.4   ,                 176.4   ,               61.0   ,                 67.9   ,              12.0   ,               6.9   ,                12.1   ,          237.5   ,             12.1   ,                        54.3   ,               4   ,        1.0500   ,               33.0   ,                 13014   ,
2026-02-12 13:04:01 ,        2730.0   ,           1281.5   ,               59.0   ,        65.4   ,                  58.0   ,                30   ,                  1052   ,                30   ,                  1042   ,           5615   ,        100   ,                       36   ,                   0   ,                    1   ,              238.8   ,                 170.5   ,               61.5   ,                 68.3   ,              12.0   ,               6.9   ,                12.1   ,          232.0   ,             12.1   ,                        53.1   ,               4   ,        1.0500   ,               31.0   ,                 13040   ,
2026-02-12 13:04:02 ,        2715.0   ,           1281.5   ,               59.4   ,        65.9   ,                  60.0   ,                30   ,                  1051   ,                30   ,                  1044   ,           5615   ,        100   ,                       38   ,                   0   ,                    1   ,              256.3   ,                 187.4   ,               62.0   ,                 68.9   ,              12.0   ,               6.9   ,                12.1   ,          249.4   ,             12.1   ,                        51.6   ,               4   ,        1.0500   ,               30.0   ,                 13054   ,
2026-02-12 13:04:03 ,        2715.0   ,           1281.5   ,               60.0   ,        67.3   ,                  60.0   ,                30   ,                  1052   ,                30   ,                  1043   ,           5615   ,        100   ,                       40   ,                   0   ,                    1   ,              252.6   ,                 179.8   ,               65.7   ,                 72.8   ,              12.0   ,               6.9   ,                12.1   ,          246.8   ,             12.1   ,                        56.4   ,               4   ,        1.0500   ,               31.0   ,                 13052   ,
2026-02-12 13:04:04 ,        2715.0   ,           1281.5   ,               59.8   ,        66.8   ,                  60.0   ,                30   ,                  1056   ,                30   ,                  1042   ,           5615   ,        100   ,                       39   ,                   0   ,                    1   ,              249.8   ,                 178.1   ,               64.7   ,                 71.6   ,              12.0   ,               6.9   ,                12.1   ,          242.8   ,             12.1   ,                        55.5   ,               4   ,        1.0500   ,               33.0   ,                 13073   ,
2026-02-12 13:04:05 ,        2715.0   ,           1281.5   ,               60.2   ,        67.3   ,                  60.0   ,                30   ,                  1051   ,                30   ,                  1044   ,           5615   ,        100   ,                       40   ,                   0   ,                    1   ,              239.1   ,                 172.7   ,               59.6   ,                 66.4   ,              12.0   ,               6.8   ,                12.1   ,          232.3   ,             12.1   ,                        53.1   ,               4   ,        1.0500   ,               31.0   ,                 13027   ,
2026-02-12 13:04:06 ,        2715.0   ,           1281.5   ,               60.3   ,        67.0   ,                  60.0   ,                30   ,                  1053   ,                30   ,                  1044   ,           5615   ,        100   ,                       36   ,                   0   ,                    1   ,              248.3   ,                 177.0   ,               64.4   ,                 71.3   ,              12.0   ,               7.0   ,                12.1   ,          241.3   ,             12.1   ,                        55.2   ,               4   ,        1.0500   ,               33.0   ,                 13039   ,
2026-02-12 13:04:07 ,        2715.0   ,           1281.5   ,               60.3   ,        68.1   ,                  60.0   ,                30   ,                  1053   ,                30   ,                  1044   ,           5615   ,        100   ,                       39   ,                   0   ,                    1   ,              239.0   ,                 170.4   ,               61.7   ,                 68.7   ,              12.0   ,               6.9   ,                12.1   ,          232.1   ,             12.1   ,                        53.1   ,               4   ,        1.0500   ,               31.0   ,                 13036   ,
2026-02-12 13:04:08 ,        2715.0   ,           1281.5   ,               61.0   ,        67.9   ,                  60.0   ,                30   ,                  1049   ,                30   ,                  1044   ,           5615   ,        100   ,                       38   ,                   0   ,                    1   ,              250.2   ,                 181.0   ,               62.3   ,                 69.2   ,              12.0   ,               7.0   ,                12.1   ,          243.3   ,             12.1   ,                        55.6   ,               4   ,        1.0500   ,               32.0   ,                 13052   ,
2026-02-12 13:04:09 ,        2715.0   ,           1281.5   ,               60.3   ,        67.1   ,                  60.0   ,                30   ,                  1053   ,                30   ,                  1044   ,           5615   ,        100   ,                       40   ,                   0   ,                    1   ,              243.2   ,                 172.6   ,               63.7   ,                 70.7   ,              12.0   ,               7.0   ,                12.1   ,          236.3   ,             12.1   ,                        54.0   ,               4   ,        1.0500   ,               33.0   ,                 13040   ,
2026-02-12 13:04:10 ,        2715.0   ,           1281.5   ,               60.9   ,        67.7   ,                  60.0   ,                30   ,                  1050   ,                30   ,                  1044   ,           5615   ,        100   ,                       39   ,                   0   ,                    1   ,              231.1   ,                 167.6   ,               56.7   ,                 63.5   ,              12.0   ,               6.8   ,                12.1   ,          224.3   ,             12.1   ,                        51.4   ,               4   ,        1.0500   ,               30.0   ,                 13021   ,
2026-02-12 13:04:11 ,        2715.0   ,           1281.5   ,               61.3   ,        68.3   ,                  62.0   ,                30   ,                  1053   ,                30   ,                  1045   ,           5615   ,        100   ,                       38   ,                   0   ,                    1   ,              238.9   ,                 174.8   ,               57.3   ,                 64.1   ,              12.0   ,               6.8   ,                12.1   ,          232.1   ,             12.1   ,                        53.1   ,               4   ,        1.0500   ,               30.0   ,                 13046   ,
2026-02-12 13:04:12 ,        2715.0   ,           1281.5   ,               61.4   ,        68.5   ,                  62.0   ,                30   ,                  1056   ,                30   ,                  1044   ,           5615   ,        100   ,                       40   ,                   0   ,                    1   ,              253.9   ,                 181.9   ,               65.0   ,                 71.9   ,              12.0   ,               7.0   ,                12.1   ,          246.9   ,             12.1   ,                        56.4   ,               4   ,        1.0500   ,               33.0   ,                 13027   ,
2026-02-12 13:04:13 ,        2715.0   ,           1281.5   ,               61.6   ,        68.5   ,                  62.0   ,                30   ,                  1056   ,                30   ,                  1044   ,           5615   ,        100   ,                       38   ,                   0   ,                    1   ,              246.5   ,                 175.7   ,               63.9   ,                 70.7   ,              12.0   ,               6.9   ,                12.1   ,          239.6   ,             12.1   ,                        54.8   ,               4   ,        1.0500   ,               30.0   ,                 13058   ,
2026-02-12 13:04:14 ,        2715.0   ,           1281.5   ,               61.4   ,        68.1   ,                  62.0   ,                30   ,                  1050   ,                30   ,                  1045   ,           5615   ,        100   ,                       36   ,                   0   ,                    1   ,              247.2   ,                 173.5   ,               66.7   ,                 73.7   ,              12.0   ,               7.0   ,                12.1   ,          240.2   ,             12.1   ,                        54.9   ,               4   ,        1.0500   ,               34.0   ,                 13020   ,
2026-02-12 13:04:15 ,        2715.0   ,           1281.5   ,               61.9   ,        69.0   ,                  62.0   ,                30   ,                  1056   ,                30   ,                  1043   ,           5615   ,        100   ,                       36   ,                   0   ,                    1   ,              242.1   ,                 173.6   ,               61.6   ,                 68.5   ,              12.0   ,               6.9   ,                12.1   ,          235.2   ,             12.1   ,                        53.8   ,               4   ,        1.0500   ,               30.0   ,                 13025   ,
2026-02-12 13:04:16 ,        2715.0   ,           1281.5   ,               62.1   ,        69.2   ,                  62.0   ,                30   ,                  1056   ,                30   ,                  1044   ,           5615   ,        100   ,                       41   ,                   0   ,                    1   ,              245.1   ,                 175.5   ,               62.6   ,                 69.6   ,              12.0   ,               6.9   ,                12.1   ,          238.1   ,             12.1   ,                        54.5   ,               4   ,        1.0500   ,               35.0   ,                 13021   ,
2026-02-12 13:04:17 ,        2715.0   ,           1281.5   ,               62.6   ,        69.8   ,                  62.0   ,                30   ,                  1050   ,                30   ,                  1046   ,           5615   ,        100   ,                       39   ,                   0   ,                    1   ,              249.7   ,                 179.8   ,               62.8   ,                 69.8   ,              12.0   ,               7.0   ,                12.1   ,          242.6   ,             12.1   ,                        55.5   ,               4   ,        1.0500   ,               31.0   ,                 13040   ,
2026-02-12 13:04:18 ,        2715.0   ,           1281.5   ,               56.8   ,        64.7   ,                  60.0   ,                30   ,                  1056   ,                30   ,                  1045   ,           5615   ,        100   ,                        0   ,                   0   ,                    0   ,               82.9   ,                  53.7   ,               23.1   ,                 29.3   ,              12.2   ,               6.2   ,                12.1   ,           76.7   ,             12.3   ,                        18.4   ,               4   ,        1.0500   ,               30.0   ,                 13039   ,
2026-02-12 13:04:19 ,        2715.0   ,           1281.5   ,               55.9   ,        64.3   ,                  58.0   ,                30   ,                  1051   ,                30   ,                  1046   ,           5615   ,        100   ,                        0   ,                   0   ,                    0   ,               82.7   ,                  53.4   ,               23.1   ,                 29.3   ,              12.2   ,               6.2   ,                12.1   ,           76.5   ,             12.2   ,                        18.4   ,               4   ,        1.0500   ,               30.0   ,                 13031   ,
2026-02-12 13:04:20 ,        2715.0   ,           1281.5   ,               60.6   ,        67.1   ,                  60.0   ,                30   ,                  1047   ,                30   ,                  1046   ,           5615   ,        100   ,                       38   ,                   0   ,                    1   ,              241.8   ,                 173.5   ,               61.4   ,                 68.3   ,              12.0   ,               6.9   ,                12.1   ,          234.9   ,             12.1   ,                        53.7   ,               4   ,        1.0500   ,               30.0   ,                 13058   ,
2026-02-12 13:04:21 ,        2715.0   ,           1281.5   ,               62.8   ,        70.0   ,                  62.0   ,                30   ,                  1044   ,                30   ,                  1045   ,           5615   ,        100   ,                       39   ,                   0   ,                    1   ,              255.1   ,                 185.0   ,               63.1   ,                 70.1   ,              12.0   ,               7.0   ,                12.1   ,          248.1   ,             12.1   ,                        56.7   ,               4   ,        1.0500   ,               30.0   ,                 13040   ,
2026-02-12 13:04:22 ,        2715.0   ,           1281.5   ,               62.6   ,        69.8   ,                  62.0   ,                30   ,                  1052   ,                30   ,                  1044   ,           5615   ,        100   ,                       41   ,                   0   ,                    1   ,              247.4   ,                 178.2   ,               62.2   ,                 69.1   ,              12.0   ,               7.0   ,                12.1   ,          240.4   ,             12.1   ,                        56.5   ,               4   ,        1.0500   ,               32.0   ,                 13072   ,
2026-02-12 13:04:23 ,        2715.0   ,           1281.5   ,               62.5   ,        69.6   ,                  62.0   ,                30   ,                  1049   ,                30   ,                  1044   ,           5615   ,        100   ,                       41   ,                   0   ,                    1   ,              245.8   ,                 176.2   ,               62.6   ,                 69.6   ,              12.0   ,               7.0   ,                12.1   ,          238.8   ,             12.1   ,                        54.6   ,               4   ,        1.0500   ,               30.0   ,                 13019   ,
2026-02-12 13:04:24 ,        2715.0   ,           1281.5   ,               62.4   ,        69.6   ,                  62.0   ,                30   ,                  1041   ,                30   ,                  1045   ,           5615   ,        100   ,                       39   ,                   0   ,                    1   ,              239.0   ,                 170.6   ,               61.5   ,                 68.4   ,              12.0   ,               7.0   ,                12.1   ,          232.0   ,             12.1   ,                        53.1   ,               4   ,        1.0500   ,               32.0   ,                 13047   ,
2026-02-12 13:04:25 ,        2715.0   ,           1281.5   ,               61.7   ,        68.5   ,                  62.0   ,                30   ,                  1045   ,                30   ,                  1045   ,           5615   ,        100   ,                       38   ,                   0   ,                    1   ,              238.3   ,                 173.7   ,               57.8   ,                 64.6   ,              12.0   ,               6.8   ,                12.1   ,          231.5   ,             12.1   ,                        53.0   ,               4   ,        1.0500   ,               32.0   ,                 13085   ,
2026-02-12 13:04:26 ,        2715.0   ,           1281.5   ,               64.0   ,        71.8   ,                  64.0   ,                31   ,                  1054   ,                31   ,                  1045   ,           5615   ,        100   ,                       40   ,                   0   ,                    1   ,              257.9   ,                 185.3   ,               65.6   ,                 72.6   ,              12.0   ,               7.0   ,                12.1   ,          251.0   ,             12.1   ,                        57.3   ,               4   ,        1.0500   ,               29.0   ,                 13060   ,
2026-02-12 13:04:27 ,        2715.0   ,           1281.5   ,               62.9   ,        70.0   ,                  64.0   ,                31   ,                  1058   ,                31   ,                  1045   ,           5615   ,        100   ,                       38   ,                   0   ,                    1   ,              258.7   ,                 187.7   ,               64.0   ,                 70.9   ,              12.0   ,               7.0   ,                12.1   ,          251.7   ,             12.1   ,                        57.5   ,               4   ,        1.0500   ,               30.0   ,                 13053   ,
2026-02-12 13:04:28 ,        2715.0   ,           1281.5   ,               64.0   ,        71.5   ,                  62.0   ,                31   ,                  1053   ,                31   ,                  1048   ,           5615   ,        100   ,                       39   ,                   0   ,                    1   ,              255.2   ,                 181.2   ,               66.9   ,                 74.0   ,              12.0   ,               7.1   ,                12.1   ,          248.1   ,             12.1   ,                        56.7   ,               4   ,        1.0500   ,               36.0   ,                 13035   ,
2026-02-12 13:04:29 ,        2715.0   ,           1281.5   ,               63.3   ,        70.3   ,                  64.0   ,                32   ,                  1062   ,                32   ,                  1055   ,           5615   ,        100   ,                       37   ,                   0   ,                    1   ,              244.5   ,                 176.5   ,               61.1   ,                 68.0   ,              12.0   ,               6.9   ,                12.1   ,          237.6   ,             12.1   ,                        54.3   ,               4   ,        1.0500   ,               31.0   ,                 13054   ,
2026-02-12 13:04:30 ,        2715.0   ,           1281.5   ,               64.4   ,        72.3   ,                  64.0   ,                32   ,                  1070   ,                32   ,                  1063   ,           5615   ,        100   ,                       41   ,                   0   ,                    1   ,              253.7   ,                 182.2   ,               64.4   ,                 71.4   ,              12.0   ,               7.0   ,                12.1   ,          246.7   ,             12.1   ,                        56.4   ,               4   ,        1.0500   ,               30.0   ,                 13057   ,
2026-02-12 13:04:31 ,        2715.0   ,           1281.5   ,               64.5   ,        71.9   ,                  64.0   ,                32   ,                  1071   ,                32   ,                  1073   ,           5615   ,        100   ,                       41   ,                   0   ,                    1   ,              257.9   ,                 187.8   ,               63.0   ,                 70.0   ,              12.0   ,               7.1   ,                12.1   ,          250.8   ,             12.1   ,                        57.3   ,               4   ,        1.0500   ,               30.0   ,                 13059   ,
2026-02-12 13:04:32 ,        2715.0   ,           1281.5   ,               64.2   ,        71.3   ,                  66.0   ,                33   ,                  1073   ,                33   ,                  1084   ,           5615   ,        100   ,                       40   ,                   0   ,                    1   ,              263.0   ,                 187.7   ,               68.1   ,                 75.2   ,              12.0   ,               7.2   ,                12.1   ,          255.8   ,             12.1   ,                        58.4   ,               4   ,        1.0500   ,               30.0   ,                 13049   ,
2026-02-12 13:04:33 ,        2715.0   ,           1281.5   ,               64.0   ,        71.1   ,                  64.0   ,                33   ,                  1099   ,                33   ,                  1097   ,           5615   ,        100   ,                       36   ,                   0   ,                    1   ,              234.7   ,                 166.5   ,               61.3   ,                 68.2   ,              12.0   ,               6.9   ,                12.1   ,          227.8   ,             12.1   ,                        52.2   ,               4   ,        1.0500   ,               34.0   ,                 13057   ,
2026-02-12 13:04:34 ,        2715.0   ,           1281.5   ,               64.9   ,        72.3   ,                  64.0   ,                33   ,                  1121   ,                33   ,                  1108   ,           5615   ,        100   ,                       39   ,                   0   ,                    1   ,              257.7   ,                 187.2   ,               63.5   ,                 70.6   ,              12.0   ,               7.1   ,                12.1   ,          250.7   ,             12.1   ,                        57.3   ,               4   ,        1.0500   ,               35.0   ,                 13056   ,
2026-02-12 13:04:35 ,        2715.0   ,           1281.5   ,               64.5   ,        71.7   ,                  66.0   ,                33   ,                  1128   ,                33   ,                  1120   ,           5615   ,        100   ,                       41   ,                   0   ,                    1   ,              253.1   ,                 183.5   ,               62.5   ,                 69.6   ,              12.0   ,               7.1   ,                12.1   ,          246.0   ,             12.1   ,                        56.2   ,               4   ,        1.0500   ,               30.0   ,                 13061   ,
2026-02-12 13:04:36 ,        2715.0   ,           1281.5   ,               65.1   ,        72.5   ,                  66.0   ,                33   ,                  1128   ,                34   ,                  1129   ,           5615   ,        100   ,                       39   ,                   0   ,                    1   ,              253.3   ,                 181.0   ,               65.2   ,                 72.3   ,              12.0   ,               7.1   ,                12.1   ,          246.2   ,             12.1   ,                        56.3   ,               4   ,        1.0500   ,               30.0   ,                 13043   ,
2026-02-12 13:04:37 ,        2715.0   ,           1281.5   ,               64.3   ,        71.6   ,                  66.0   ,                34   ,                  1124   ,                34   ,                  1141   ,           5615   ,        100   ,                       37   ,                   0   ,                    1   ,              238.6   ,                 171.3   ,               60.2   ,                 67.3   ,              12.0   ,               7.0   ,                12.1   ,          231.6   ,             12.1   ,                        53.0   ,               4   ,        1.0500   ,               31.0   ,                 13026   ,
2026-02-12 13:04:38 ,        2715.0   ,           1281.5   ,               65.1   ,        72.4   ,                  66.0   ,                34   ,                  1133   ,                34   ,                  1152   ,           5615   ,        100   ,                       39   ,                   0   ,                    1   ,              248.3   ,                 180.4   ,               60.8   ,                 67.9   ,              12.0   ,               7.0   ,                12.1   ,          241.2   ,             12.1   ,                        55.2   ,               4   ,        1.0500   ,               35.0   ,                 13034   ,
2026-02-12 13:04:39 ,        2715.0   ,           1281.5   ,               65.5   ,        73.2   ,                  66.0   ,                34   ,                  1147   ,                34   ,                  1163   ,           5615   ,        100   ,                       39   ,                   0   ,                    1   ,              255.6   ,                 185.7   ,               62.8   ,                 69.9   ,              12.0   ,               7.1   ,                12.1   ,          248.5   ,             12.1   ,                        56.8   ,               4   ,        1.0500   ,               31.0   ,                 13032   ,
2026-02-12 13:04:40 ,        2715.0   ,           1281.5   ,               65.5   ,        72.9   ,                  66.0   ,                34   ,                  1182   ,                34   ,                  1173   ,           5615   ,        100   ,                       39   ,                   0   ,                    1   ,              237.0   ,                 168.6   ,               61.3   ,                 68.4   ,              12.0   ,               7.1   ,                12.1   ,          229.9   ,             12.1   ,                        52.7   ,               4   ,        1.0500   ,               30.0   ,                 13051   ,
2026-02-12 13:04:41 ,        2715.0   ,           1281.5   ,               65.8   ,        73.3   ,                  66.0   ,                35   ,                  1200   ,                35   ,                  1184   ,           5615   ,        100   ,                       40   ,                   0   ,                    1   ,              253.2   ,                 181.2   ,               64.9   ,                 72.1   ,              12.0   ,               7.1   ,                12.1   ,          245.3   ,             12.1   ,                        56.1   ,               4   ,        1.0500   ,               31.0   ,                 13044   ,
2026-02-12 13:04:42 ,        2715.0   ,           1281.5   ,               65.2   ,        72.6   ,                  66.0   ,                35   ,                  1183   ,                35   ,                  1192   ,           5615   ,        100   ,                       38   ,                   0   ,                    1   ,              237.6   ,                 171.6   ,               59.0   ,                 66.1   ,              12.0   ,               7.1   ,                12.1   ,          230.5   ,             12.1   ,                        52.8   ,               4   ,        1.0500   ,               37.0   ,                 13035   ,
2026-02-12 13:04:43 ,        2715.0   ,           1281.5   ,               66.0   ,        73.8   ,                  68.0   ,                35   ,                  1187   ,                35   ,                  1200   ,           5615   ,        100   ,                       37   ,                   0   ,                    1   ,              248.4   ,                 180.3   ,               61.0   ,                 68.1   ,              12.0   ,               7.1   ,                12.1   ,          241.4   ,             12.1   ,                        55.2   ,               4   ,        1.0500   ,               34.0   ,                 13069   ,
2026-02-12 13:04:44 ,        2715.0   ,           1281.5   ,               66.4   ,        74.0   ,                  66.0   ,                36   ,                  1199   ,                36   ,                  1215   ,           5615   ,        100   ,                       39   ,                   0   ,                    1   ,              247.9   ,                 177.6   ,               63.1   ,                 70.3   ,              12.0   ,               7.2   ,                12.1   ,          240.7   ,             12.1   ,                        55.1   ,               4   ,        1.0500   ,               31.0   ,                 13058   ,
2026-02-12 13:04:45 ,        2715.0   ,           1281.5   ,               66.1   ,        73.5   ,                  68.0   ,                36   ,                  1217   ,                36   ,                  1226   ,           5615   ,        100   ,                       39   ,                   0   ,                    1   ,              259.4   ,                 188.1   ,               64.0   ,                 71.3   ,              12.0   ,               7.3   ,                12.1   ,          252.1   ,             12.1   ,                        57.6   ,               4   ,        1.0500   ,               31.0   ,                 13057   ,
2026-02-12 13:04:46 ,        2715.0   ,           1281.5   ,               66.1   ,        73.6   ,                  68.0   ,                36   ,                  1235   ,                36   ,                  1241   ,           5615   ,        100   ,                       40   ,                   0   ,                    1   ,              241.6   ,                 173.3   ,               61.2   ,                 68.3   ,              12.0   ,               7.2   ,                12.1   ,          234.5   ,             12.1   ,                        53.7   ,               4   ,        1.0500   ,               35.0   ,                 13052   ,
2026-02-12 13:04:47 ,        2715.0   ,           1281.5   ,               65.9   ,        73.1   ,                  66.0   ,                36   ,                  1246   ,                36   ,                  1255   ,           5615   ,        100   ,                       33   ,                   0   ,                    1   ,              231.8   ,                 168.1   ,               56.7   ,                 63.7   ,              12.0   ,               7.0   ,                12.1   ,          224.8   ,             12.1   ,                        51.5   ,               4   ,        1.0500   ,               32.0   ,                 13077   ,
2026-02-12 13:04:48 ,        2715.0   ,           1281.5   ,               67.0   ,        75.3   ,                  66.0   ,                36   ,                  1262   ,                36   ,                  1266   ,           5615   ,        100   ,                       40   ,                   0   ,                    1   ,              268.1   ,                 193.9   ,               67.0   ,                 74.3   ,              12.0   ,               7.3   ,                12.1   ,          260.9   ,             12.1   ,                        59.6   ,               4   ,        1.0500   ,               32.0   ,                 13059   ,
2026-02-12 13:04:49 ,        2715.0   ,           1281.5   ,               66.6   ,        74.8   ,                  68.0   ,                37   ,                  1275   ,                37   ,                  1276   ,           5615   ,        100   ,                       39   ,                   0   ,                    1   ,              256.4   ,                 185.4   ,               63.7   ,                 71.0   ,              12.0   ,               7.3   ,                12.1   ,          249.1   ,             12.1   ,                        57.0   ,               4   ,        1.0500   ,               31.0   ,                 13028   ,
2026-02-12 13:04:50 ,        2715.0   ,           1281.5   ,               67.0   ,        74.8   ,                  68.0   ,                37   ,                  1282   ,                37   ,                  1284   ,           5615   ,        100   ,                       40   ,                   0   ,                    1   ,              255.2   ,                 182.6   ,               65.3   ,                 72.6   ,              12.0   ,               7.3   ,                12.1   ,          247.9   ,             12.1   ,                        56.7   ,               4   ,        1.0500   ,               33.0   ,                 13042   ,
2026-02-12 13:04:51 ,        2715.0   ,           1281.5   ,               66.5   ,        74.0   ,                  68.0   ,                37   ,                  1296   ,                37   ,                  1296   ,           5615   ,        100   ,                       35   ,                   0   ,                    1   ,              242.3   ,                 173.3   ,               61.7   ,                 69.0   ,              12.0   ,               7.3   ,                12.1   ,          234.9   ,             12.1   ,                        53.8   ,               4   ,        1.0500   ,               31.0   ,                 13046   ,
2026-02-12 13:04:52 ,        2715.0   ,           1281.5   ,               67.3   ,        74.8   ,                  68.0   ,                37   ,                  1313   ,                37   ,                  1306   ,           5615   ,        100   ,                       39   ,                   0   ,                    1   ,              258.2   ,                 188.7   ,               62.2   ,                 69.5   ,              12.0   ,               7.2   ,                12.1   ,          250.9   ,             12.1   ,                        57.4   ,               4   ,        1.0500   ,               30.0   ,                 13051   ,
2026-02-12 13:04:53 ,        2715.0   ,           1281.5   ,               67.5   ,        75.4   ,                  68.0   ,                37   ,                  1340   ,                38   ,                  1316   ,           5615   ,        100   ,                       40   ,                   0   ,                    1   ,              265.2   ,                 192.4   ,               65.5   ,                 72.8   ,              12.0   ,               7.3   ,                12.1   ,          257.9   ,             12.1   ,                        58.9   ,               4   ,        1.0500   ,               32.0   ,                 13025   ,
2026-02-12 13:04:54 ,        2715.0   ,           1281.5   ,               67.3   ,        75.1   ,                  68.0   ,                38   ,                  1348   ,                38   ,                  1323   ,           5615   ,        100   ,                       41   ,                   0   ,                    1   ,              257.0   ,                 186.6   ,               63.1   ,                 70.4   ,              12.0   ,               7.3   ,                12.1   ,          249.7   ,             12.1   ,                        57.1   ,               4   ,        1.0500   ,               31.0   ,                 13048   ,
2026-02-12 13:04:55 ,        2715.0   ,           1281.5   ,               66.9   ,        74.6   ,                  68.0   ,                38   ,                  1343   ,                38   ,                  1333   ,           5615   ,        100   ,                       39   ,                   0   ,                    1   ,              246.4   ,                 177.3   ,               61.9   ,                 69.1   ,              12.0   ,               7.3   ,                12.1   ,          239.1   ,             12.1   ,                        54.8   ,               4   ,        1.0500   ,               31.0   ,                 13035   ,
2026-02-12 13:04:56 ,        2715.0   ,           1281.5   ,               67.1   ,        75.0   ,                  68.0   ,                38   ,                  1347   ,                38   ,                  1344   ,           5615   ,        100   ,                       38   ,                   0   ,                    1   ,              237.2   ,                 172.7   ,               57.2   ,                 64.5   ,              12.0   ,               7.3   ,                12.1   ,          229.9   ,             12.1   ,                        52.7   ,               4   ,        1.0500   ,               35.0   ,                 13062   ,
2026-02-12 13:04:57 ,        2715.0   ,           1281.5   ,               67.8   ,        75.7   ,                  68.0   ,                38   ,                  1337   ,                38   ,                  1353   ,           5615   ,        100   ,                       39   ,                   0   ,                    1   ,              263.4   ,                 190.9   ,               65.0   ,                 72.4   ,              12.0   ,               7.4   ,                12.1   ,          255.9   ,             12.1   ,                        58.5   ,               4   ,        1.0500   ,               31.0   ,                 13059   ,
2026-02-12 13:04:58 ,        2715.0   ,           1281.5   ,               67.2   ,        74.4   ,                  68.0   ,                39   ,                  1365   ,                38   ,                  1363   ,           5615   ,        100   ,                       40   ,                   0   ,                    1   ,              255.6   ,                 184.3   ,               63.9   ,                 71.3   ,              12.0   ,               7.3   ,                12.1   ,          248.2   ,             12.1   ,                        56.8   ,               4   ,        1.0500   ,               31.0   ,                 13025   ,
2026-02-12 13:04:59 ,        2715.0   ,           1281.5   ,               67.6   ,        75.5   ,                  68.0   ,                39   ,                  1386   ,                39   ,                  1373   ,           5615   ,        100   ,                       40   ,                   0   ,                    1   ,              248.4   ,                 177.6   ,               63.5   ,                 70.8   ,              12.0   ,               7.3   ,                12.1   ,          241.1   ,             12.1   ,                        55.2   ,               4   ,        1.0500   ,               31.0   ,                 13022   ,
2026-02-12 13:05:00 ,        2715.0   ,           1281.5   ,               67.0   ,        74.6   ,                  70.0   ,                39   ,                  1381   ,                39   ,                  1383   ,           5615   ,        100   ,                       39   ,                   0   ,                    1   ,              240.3   ,                 176.1   ,               57.0   ,                 64.2   ,              12.0   ,               7.2   ,                12.1   ,          233.1   ,             12.1   ,                        53.4   ,               4   ,        1.0500   ,               30.0   ,                 13044   ,
2026-02-12 13:05:01 ,        2715.0   ,           1281.5   ,               68.4   ,        76.6   ,                  70.0   ,                39   ,                  1395   ,                39   ,                  1389   ,           5615   ,        100   ,                       40   ,                   0   ,                    1   ,              244.0   ,                 178.5   ,               58.2   ,                 65.5   ,              12.0   ,               7.2   ,                12.1   ,          236.7   ,             12.1   ,                        54.2   ,               4   ,        1.0500   ,               34.0   ,                 13026   ,
2026-02-12 13:05:02 ,        2715.0   ,           1281.5   ,               68.0   ,        75.5   ,                  68.0   ,                39   ,                  1414   ,                39   ,                  1399   ,           5615   ,        100   ,                       40   ,                   0   ,                    1   ,              254.0   ,                 183.6   ,               63.1   ,                 70.4   ,              12.0   ,               7.3   ,                12.1   ,          246.6   ,             12.1   ,                        56.4   ,               4   ,        1.0500   ,               31.0   ,                 13017   ,
2026-02-12 13:05:03 ,        2715.0   ,           1281.5   ,               68.2   ,        75.8   ,                  68.0   ,                40   ,                  1420   ,                40   ,                  1411   ,           5615   ,        100   ,                       40   ,                   0   ,                    1   ,              262.6   ,                 189.5   ,               65.6   ,                 73.1   ,              12.0   ,               7.4   ,                12.0   ,          255.2   ,             12.1   ,                        58.4   ,               4   ,        1.0500   ,               30.0   ,                 13051   ,
2026-02-12 13:05:04 ,        2715.0   ,           1281.5   ,               68.0   ,        75.7   ,                  68.0   ,                40   ,                  1427   ,                40   ,                  1422   ,           5615   ,        100   ,                       37   ,                   0   ,                    1   ,              248.0   ,                 179.3   ,               61.3   ,                 68.7   ,              12.0   ,               7.4   ,                12.1   ,          240.6   ,             12.1   ,                        55.1   ,               4   ,        1.0500   ,               31.0   ,                 13011   ,
2026-02-12 13:05:05 ,        2715.0   ,           1281.5   ,               67.3   ,        74.7   ,                  68.0   ,                40   ,                  1426   ,                40   ,                  1431   ,           5615   ,        100   ,                       36   ,                   0   ,                    1   ,              250.3   ,                 181.2   ,               61.7   ,                 69.0   ,              12.0   ,               7.3   ,                12.1   ,          242.9   ,             12.1   ,                        55.6   ,               4   ,        1.0500   ,               31.0   ,                 13068   ,
2026-02-12 13:05:06 ,        2715.0   ,           1281.5   ,               68.8   ,        76.8   ,                  70.0   ,                40   ,                  1429   ,                40   ,                  1438   ,           5615   ,        100   ,                       38   ,                   0   ,                    1   ,              256.9   ,                 187.5   ,               62.1   ,                 69.4   ,              12.0   ,               7.4   ,                12.1   ,          249.6   ,             12.1   ,                        57.1   ,               4   ,        1.0500   ,               31.0   ,                 13039   ,
2026-02-12 13:05:07 ,        2715.0   ,           1281.5   ,               68.8   ,        76.8   ,                  70.0   ,                40   ,                  1437   ,                40   ,                  1445   ,           5615   ,        100   ,                       41   ,                   0   ,                    1   ,              256.9   ,                 185.0   ,               64.5   ,                 71.9   ,              12.0   ,               7.4   ,                12.1   ,          249.5   ,             12.1   ,                        57.1   ,               4   ,        1.0500   ,               31.0   ,                 13065   ,
2026-02-12 13:05:08 ,        2715.0   ,           1281.5   ,               68.0   ,        75.6   ,                  68.0   ,                40   ,                  1450   ,                40   ,                  1452   ,           5615   ,        100   ,                       42   ,                   0   ,                    1   ,              251.0   ,                 178.4   ,               65.1   ,                 72.6   ,              12.0   ,               7.5   ,                12.1   ,          243.5   ,             12.1   ,                        55.8   ,               4   ,        1.0500   ,               31.0   ,                 13012   ,
2026-02-12 13:05:09 ,        2715.0   ,           1281.5   ,               68.5   ,        77.2   ,                  70.0   ,                41   ,                  1437   ,                41   ,                  1459   ,           5615   ,        100   ,                       37   ,                   0   ,                    1   ,              257.9   ,                 187.2   ,               63.3   ,                 70.7   ,              12.0   ,               7.4   ,                12.1   ,          250.5   ,             12.1   ,                        57.3   ,               4   ,        1.0500   ,               32.0   ,                 13043   ,
2026-02-12 13:05:10 ,        2715.0   ,           1281.5   ,               69.3   ,        77.6   ,                  70.0   ,                41   ,                  1470   ,                41   ,                  1465   ,           5615   ,        100   ,                       39   ,                   0   ,                    1   ,              267.9   ,                 195.8   ,               64.6   ,                 72.1   ,              12.0   ,               7.5   ,                12.1   ,          260.4   ,             12.1   ,                        59.5   ,               4   ,        1.0500   ,               31.0   ,                 13066   ,
2026-02-12 13:05:11 ,        2715.0   ,           1281.5   ,               69.0   ,        77.0   ,                  70.0   ,                41   ,                  1481   ,                41   ,                  1471   ,           5615   ,        100   ,                       40   ,                   0   ,                    1   ,              262.5   ,                 190.4   ,               64.5   ,                 72.1   ,              12.0   ,               7.5   ,                12.1   ,          254.9   ,             12.1   ,                        58.3   ,               4   ,        1.0500   ,               31.0   ,                 13044   ,
2026-02-12 13:05:12 ,        2715.0   ,           1281.5   ,               68.5   ,        75.8   ,                  70.0   ,                41   ,                  1495   ,                41   ,                  1480   ,           5615   ,        100   ,                       40   ,                   0   ,                    1   ,              259.1   ,                 187.3   ,               64.3   ,                 71.8   ,              12.0   ,               7.5   ,                12.1   ,          251.6   ,             12.1   ,                        57.6   ,               4   ,        1.0500   ,               34.0   ,                 13079   ,
2026-02-12 13:05:13 ,        2715.0   ,           1281.5   ,               68.0   ,        75.6   ,                  70.0   ,                41   ,                  1484   ,                41   ,                  1486   ,           5615   ,        100   ,                       37   ,                   0   ,                    1   ,              241.2   ,                 171.4   ,               62.3   ,                 69.8   ,              12.0   ,               7.5   ,                12.1   ,          233.7   ,             12.1   ,                        53.6   ,               4   ,        1.0500   ,               31.0   ,                 13024   ,
2026-02-12 13:05:14 ,        2715.0   ,           1281.5   ,               68.8   ,        76.6   ,                  70.0   ,                41   ,                  1498   ,                41   ,                  1493   ,           5615   ,        100   ,                       39   ,                   0   ,                    1   ,              265.9   ,                 194.3   ,               64.1   ,                 71.6   ,              12.0   ,               7.5   ,                12.1   ,          258.4   ,             12.1   ,                        59.1   ,               4   ,        1.0500   ,               33.0   ,                 13029   ,
2026-02-12 13:05:15 ,        2715.0   ,           1281.5   ,               69.4   ,        77.5   ,                  70.0   ,                41   ,                  1490   ,                41   ,                  1497   ,           5615   ,        100   ,                       40   ,                   0   ,                    1   ,              263.5   ,                 191.3   ,               64.7   ,                 72.2   ,              12.0   ,               7.5   ,                12.1   ,          256.0   ,             12.1   ,                        58.6   ,               4   ,        1.0500   ,               31.0   ,                 13024   ,
2026-02-12 13:05:16 ,        2715.0   ,           1281.5   ,               69.4   ,        77.3   ,                  70.0   ,                42   ,                  1490   ,                42   ,                  1505   ,           5615   ,        100   ,                       40   ,                   0   ,                    1   ,              265.4   ,                 191.5   ,               66.3   ,                 73.9   ,              12.0   ,               7.6   ,                12.1   ,          257.8   ,             12.1   ,                        59.0   ,               4   ,        1.0500   ,               31.0   ,                 13062   ,
2026-02-12 13:05:17 ,        2715.0   ,           1281.5   ,               69.1   ,        77.0   ,                  70.0   ,                42   ,                  1512   ,                42   ,                  1513   ,           5615   ,        100   ,                       40   ,                   0   ,                    1   ,              244.0   ,                 173.5   ,               63.0   ,                 70.5   ,              12.0   ,               7.6   ,                12.1   ,          236.4   ,             12.1   ,                        54.2   ,               4   ,        1.0500   ,               31.0   ,                 13003   ,
2026-02-12 13:05:18 ,        2715.0   ,           1281.5   ,               69.5   ,        77.5   ,                  70.0   ,                42   ,                  1506   ,                42   ,                  1519   ,           5615   ,        100   ,                       36   ,                   0   ,                    1   ,              242.7   ,                 177.1   ,               58.2   ,                 65.7   ,              12.0   ,               7.5   ,                12.1   ,          235.2   ,             12.1   ,                        53.9   ,               4   ,        1.0500   ,               31.0   ,                 13023   ,
2026-02-12 13:05:19 ,        2715.0   ,           1281.5   ,               69.6   ,        78.2   ,                  70.0   ,                42   ,                  1529   ,                42   ,                  1529   ,           5615   ,        100   ,                       39   ,                   0   ,                    1   ,              253.9   ,                 183.9   ,               62.5   ,                 70.0   ,              12.0   ,               7.5   ,                12.1   ,          246.3   ,             12.1   ,                        56.4   ,               4   ,        1.0500   ,               34.0   ,                 13039   ,
2026-02-12 13:05:20 ,        2715.0   ,           1281.5   ,               69.6   ,        77.3   ,                  70.0   ,                42   ,                  1536   ,                42   ,                  1533   ,           5615   ,        100   ,                       39   ,                   0   ,                    1   ,              259.4   ,                 187.3   ,               64.4   ,                 72.1   ,              12.0   ,               7.6   ,                12.1   ,          251.7   ,             12.1   ,                        57.6   ,               4   ,        1.0500   ,               34.0   ,                 13023   ,
2026-02-12 13:05:21 ,        2715.0   ,           1281.5   ,               69.8   ,        78.0   ,                  70.0   ,                42   ,                  1540   ,                42   ,                  1537   ,           5615   ,        100   ,                       39   ,                   0   ,                    1   ,              256.8   ,                 184.6   ,               64.6   ,                 72.2   ,              12.0   ,               7.5   ,                12.1   ,          249.2   ,             12.1   ,                        57.1   ,               4   ,        1.0500   ,               31.0   ,                 13069   ,
2026-02-12 13:05:22 ,        2715.0   ,           1281.5   ,               69.3   ,        77.2   ,                  70.0   ,                42   ,                  1517   ,                42   ,                  1545   ,           5615   ,        100   ,                       35   ,                   0   ,                    1   ,              243.8   ,                 177.5   ,               58.8   ,                 66.2   ,              12.0   ,               7.5   ,                12.1   ,          236.3   ,             12.1   ,                        54.2   ,               4   ,        1.0500   ,               34.0   ,                 13027   ,
2026-02-12 13:05:23 ,        2715.0   ,           1281.5   ,               69.8   ,        78.0   ,                  70.0   ,                42   ,                  1517   ,                42   ,                  1546   ,           5615   ,        100   ,                       36   ,                   0   ,                    1   ,              255.7   ,                 188.2   ,               60.0   ,                 67.5   ,              12.0   ,               7.5   ,                12.1   ,          248.2   ,             12.1   ,                        56.8   ,               4   ,        1.0500   ,               33.0   ,                 13032   ,
2026-02-12 13:05:24 ,        2700.0   ,           1281.5   ,               70.0   ,        77.9   ,                  70.0   ,                42   ,                  1527   ,                42   ,                  1552   ,           5615   ,        100   ,                       39   ,                   0   ,                    1   ,              256.3   ,                 185.1   ,               63.5   ,                 71.2   ,              12.0   ,               7.6   ,                12.1   ,          248.7   ,             12.1   ,                        57.0   ,               4   ,        1.0500   ,               32.0   ,                 13060   ,
2026-02-12 13:05:25 ,        2700.0   ,           1281.5   ,               69.4   ,        77.6   ,                  70.0   ,                43   ,                  1542   ,                43   ,                  1556   ,           5615   ,        100   ,                       40   ,                   0   ,                    1   ,              259.4   ,                 186.7   ,               65.1   ,                 72.8   ,              12.0   ,               7.7   ,                12.1   ,          251.7   ,             12.1   ,                        57.7   ,               4   ,        1.0500   ,               30.0   ,                 13035   ,
2026-02-12 13:05:26 ,        2700.0   ,           1281.5   ,               69.5   ,        77.4   ,                  70.0   ,                43   ,                  1553   ,                43   ,                  1562   ,           5615   ,        100   ,                       40   ,                   0   ,                    1   ,              251.6   ,                 180.2   ,               63.9   ,                 71.5   ,              12.0   ,               7.6   ,                12.1   ,          244.0   ,             12.1   ,                        55.9   ,               4   ,        1.0500   ,               31.0   ,                 13023   ,
2026-02-12 13:05:27 ,        2700.0   ,           1281.5   ,               69.8   ,        77.9   ,                  70.0   ,                43   ,                  1591   ,                43   ,                  1573   ,           5615   ,        100   ,                       38   ,                   0   ,                    1   ,              263.2   ,                 191.4   ,               64.2   ,                 71.8   ,              12.0   ,               7.6   ,                12.1   ,          255.6   ,             12.1   ,                        58.5   ,               4   ,        1.0500   ,               35.0   ,                 13005   ,
2026-02-12 13:05:28 ,        2700.0   ,           1281.5   ,               70.2   ,        78.4   ,                  70.0   ,                43   ,                  1596   ,                43   ,                  1577   ,           5615   ,        100   ,                       38   ,                   0   ,                    1   ,              260.8   ,                 188.4   ,               64.7   ,                 72.4   ,              12.0   ,               7.7   ,                12.1   ,          253.1   ,             12.1   ,                        58.0   ,               4   ,        1.0500   ,               32.0   ,                 13036   ,
2026-02-12 13:05:29 ,        2700.0   ,           1281.5   ,               69.8   ,        77.6   ,                  70.0   ,                43   ,                  1594   ,                43   ,                  1581   ,           5615   ,        100   ,                       39   ,                   0   ,                    1   ,              262.5   ,                 189.1   ,               65.6   ,                 73.4   ,              12.0   ,               7.7   ,                12.1   ,          254.8   ,             12.1   ,                        58.3   ,               4   ,        1.0500   ,               31.0   ,                 13032   ,
2026-02-12 13:05:30 ,        2700.0   ,           1281.5   ,               69.9   ,        77.8   ,                  70.0   ,                43   ,                  1587   ,                43   ,                  1586   ,           5615   ,        100   ,                       40   ,                   0   ,                    1   ,              243.3   ,                 174.5   ,               61.3   ,                 68.8   ,              12.0   ,               7.6   ,                12.1   ,          235.8   ,             12.1   ,                        54.1   ,               4   ,        1.0500   ,               31.0   ,                 13076   ,
2026-02-12 13:05:31 ,        2700.0   ,           1281.5   ,               69.7   ,        77.8   ,                  72.0   ,                43   ,                  1591   ,                43   ,                  1590   ,           5615   ,        100   ,                       36   ,                   0   ,                    1   ,              243.2   ,                 177.1   ,               58.6   ,                 66.1   ,              12.0   ,               7.5   ,                12.1   ,          235.7   ,             12.1   ,                        54.1   ,               4   ,        1.0500   ,               31.0   ,                 13017   ,
2026-02-12 13:05:32 ,        2700.0   ,           1281.5   ,               70.4   ,        78.4   ,                  70.0   ,                43   ,                  1582   ,                43   ,                  1595   ,           5615   ,        100   ,                       38   ,                   0   ,                    1   ,              259.1   ,                 188.9   ,               62.5   ,                 70.2   ,              12.0   ,               7.7   ,                12.1   ,          251.4   ,             12.1   ,                        57.6   ,               4   ,        1.0500   ,               31.0   ,                 13043   ,
2026-02-12 13:05:33 ,        2700.0   ,           1281.5   ,               70.1   ,        78.6   ,                  70.0   ,                43   ,                  1598   ,                43   ,                  1597   ,           5615   ,        100   ,                       39   ,                   0   ,                    1   ,              262.4   ,                 189.7   ,               64.9   ,                 72.7   ,              12.0   ,               7.8   ,                12.1   ,          254.6   ,             12.1   ,                        58.3   ,               4   ,        1.0500   ,               31.0   ,                 13047   ,
2026-02-12 13:05:34 ,        2700.0   ,           1281.5   ,               70.4   ,        78.5   ,                  70.0   ,                43   ,                  1612   ,                43   ,                  1603   ,           5615   ,        100   ,                       39   ,                   0   ,                    1   ,              256.1   ,                 183.8   ,               64.6   ,                 72.3   ,              12.0   ,               7.7   ,                12.1   ,          248.4   ,             12.1   ,                        56.9   ,               4   ,        1.0500   ,               31.0   ,                 13047   ,
2026-02-12 13:05:35 ,        2700.0   ,           1281.5   ,               69.6   ,        77.4   ,                  70.0   ,                43   ,                  1594   ,                43   ,                  1606   ,           5615   ,        100   ,                       35   ,                   0   ,                    1   ,              240.3   ,                 174.1   ,               58.6   ,                 66.2   ,              12.0   ,               7.6   ,                12.1   ,          232.7   ,             12.1   ,                        53.4   ,               4   ,        1.0500   ,               35.0   ,                 13032   ,
2026-02-12 13:05:36 ,        2700.0   ,           1281.5   ,               69.9   ,        77.8   ,                  70.0   ,                44   ,                  1606   ,                44   ,                  1610   ,           5615   ,        100   ,                       40   ,                   0   ,                    1   ,              264.5   ,                 192.1   ,               64.7   ,                 72.4   ,              12.0   ,               7.7   ,                12.1   ,          256.8   ,             12.1   ,                        58.8   ,               4   ,        1.0500   ,               33.0   ,                 13030   ,
2026-02-12 13:05:37 ,        2700.0   ,           1281.5   ,               70.4   ,        78.8   ,                  72.0   ,                44   ,                  1606   ,                44   ,                  1610   ,           5615   ,        100   ,                       37   ,                   0   ,                    1   ,              254.9   ,                 185.2   ,               62.0   ,                 69.7   ,              12.0   ,               7.7   ,                12.1   ,          247.2   ,             12.1   ,                        56.6   ,               4   ,        1.0500   ,               31.0   ,                 13052   ,
2026-02-12 13:05:38 ,        2700.0   ,           1281.5   ,               70.5   ,        78.8   ,                  70.0   ,                44   ,                  1620   ,                44   ,                  1615   ,           5615   ,        100   ,                       39   ,                   0   ,                    1   ,              253.3   ,                 182.3   ,               63.3   ,                 71.0   ,              12.0   ,               7.7   ,                12.1   ,          245.7   ,             12.1   ,                        56.3   ,               4   ,        1.0500   ,               34.0   ,                 13035   ,
2026-02-12 13:05:39 ,        2700.0   ,           1281.5   ,               69.8   ,        77.8   ,                  72.0   ,                44   ,                  1608   ,                44   ,                  1619   ,           5615   ,        100   ,                       36   ,                   0   ,                    1   ,              242.8   ,                 175.4   ,               59.8   ,                 67.4   ,              12.0   ,               7.6   ,                12.1   ,          235.2   ,             12.1   ,                        54.0   ,               4   ,        1.0500   ,               32.0   ,                 13059   ,
2026-02-12 13:05:40 ,        2700.0   ,           1281.5   ,               71.0   ,        79.5   ,                  72.0   ,                44   ,                  1601   ,                44   ,                  1619   ,           5615   ,        100   ,                       38   ,                   0   ,                    1   ,              255.9   ,                 187.5   ,               60.8   ,                 68.5   ,              12.0   ,               7.6   ,                12.1   ,          248.3   ,             12.1   ,                        56.9   ,               4   ,        1.0500   ,               36.0   ,                 13042   ,
2026-02-12 13:05:41 ,        2700.0   ,           1281.5   ,               70.9   ,        79.5   ,                  72.0   ,                44   ,                  1606   ,                44   ,                  1624   ,           5615   ,        100   ,                       41   ,                   0   ,                    1   ,              266.9   ,                 193.1   ,               66.0   ,                 73.8   ,              12.0   ,               7.8   ,                12.1   ,          259.1   ,             12.1   ,                        59.3   ,               4   ,        1.0500   ,               31.0   ,                 13037   ,
2026-02-12 13:05:42 ,        2700.0   ,           1281.5   ,               70.4   ,        78.5   ,                  72.0   ,                44   ,                  1618   ,                44   ,                  1628   ,           5615   ,        100   ,                       40   ,                   0   ,                    1   ,              256.8   ,                 185.3   ,               63.7   ,                 71.5   ,              12.0   ,               7.8   ,                12.1   ,          249.0   ,             12.1   ,                        57.1   ,               4   ,        1.0500   ,               31.0   ,                 13052   ,
2026-02-12 13:05:43 ,        2700.0   ,           1281.5   ,               70.4   ,        78.4   ,                  72.0   ,                44   ,                  1625   ,                44   ,                  1631   ,           5615   ,        100   ,                       40   ,                   0   ,                    1   ,              238.6   ,                 169.7   ,               61.1   ,                 68.9   ,              12.0   ,               7.7   ,                12.1   ,          230.9   ,             12.1   ,                        53.0   ,               4   ,        1.0500   ,               32.0   ,                 13048   ,
2026-02-12 13:05:44 ,        2700.0   ,           1281.5   ,               70.6   ,        78.8   ,                  72.0   ,                44   ,                  1632   ,                44   ,                  1633   ,           5615   ,        100   ,                       36   ,                   0   ,                    1   ,              237.7   ,                 171.3   ,               58.7   ,                 66.4   ,              12.0   ,               7.6   ,                12.1   ,          230.1   ,             12.1   ,                        52.8   ,               4   ,        1.0500   ,               32.0   ,                 13024   ,
2026-02-12 13:05:45 ,        2700.0   ,           1281.5   ,               71.2   ,        79.7   ,                  70.0   ,                44   ,                  1637   ,                44   ,                  1640   ,           5615   ,        100   ,                       39   ,                   0   ,                    1   ,              258.2   ,                 187.0   ,               63.5   ,                 71.2   ,              12.0   ,               7.7   ,                12.1   ,          250.5   ,             12.1   ,                        57.4   ,               4   ,        1.0500   ,               30.0   ,                 13022   ,
2026-02-12 13:05:46 ,        2700.0   ,           1281.5   ,               70.8   ,        79.0   ,                  72.0   ,                44   ,                  1642   ,                44   ,                  1642   ,           5615   ,        100   ,                       39   ,                   0   ,                    1   ,              257.3   ,                 185.7   ,               63.9   ,                 71.6   ,              12.0   ,               7.8   ,                12.1   ,          249.6   ,             12.1   ,                        57.2   ,               4   ,        1.0500   ,               35.0   ,                 13027   ,
2026-02-12 13:05:47 ,        2700.0   ,           1281.5   ,               70.6   ,        78.7   ,                  72.0   ,                44   ,                  1642   ,                44   ,                  1649   ,           5615   ,        100   ,                       39   ,                   0   ,                    1   ,              258.4   ,                 187.6   ,               62.9   ,                 70.7   ,              12.0   ,               7.8   ,                12.1   ,          250.6   ,             12.1   ,                        57.4   ,               4   ,        1.0500   ,               35.0   ,                 13022   ,
2026-02-12 13:05:48 ,        2700.0   ,           1281.5   ,               70.2   ,        78.1   ,                  72.0   ,                44   ,                  1647   ,                44   ,                  1652   ,           5615   ,        100   ,                       36   ,                   0   ,                    1   ,              260.4   ,                 187.3   ,               65.3   ,                 73.1   ,              12.0   ,               7.8   ,                12.1   ,          252.6   ,             12.1   ,                        57.9   ,               4   ,        1.0500   ,               31.0   ,                 13070   ,
2026-02-12 13:05:49 ,        2700.0   ,           1281.5   ,               70.8   ,        79.1   ,                  72.0   ,                45   ,                  1652   ,                45   ,                  1656   ,           5615   ,        100   ,                       40   ,                   0   ,                    1   ,              255.4   ,                 187.2   ,               60.5   ,                 68.2   ,              12.0   ,               7.7   ,                12.1   ,          247.6   ,             12.1   ,                        56.7   ,               4   ,        1.0500   ,               30.0   ,                 13014   ,
2026-02-12 13:05:50 ,        2700.0   ,           1281.5   ,               71.1   ,        79.4   ,                  72.0   ,                45   ,                  1657   ,                45   ,                  1661   ,           5615   ,        100   ,                       39   ,                   0   ,                    1   ,              269.3   ,                 194.9   ,               66.6   ,                 74.4   ,              12.0   ,               7.8   ,                12.1   ,          261.4   ,             12.1   ,                        59.8   ,               4   ,        1.0500   ,               31.0   ,                 13038   ,
2026-02-12 13:05:51 ,        2700.0   ,           1281.5   ,               70.8   ,        78.9   ,                  72.0   ,                45   ,                  1670   ,                45   ,                  1664   ,           5615   ,        100   ,                       38   ,                   0   ,                    1   ,              259.1   ,                 187.1   ,               64.2   ,                 72.0   ,              12.0   ,               7.8   ,                12.1   ,          251.4   ,             12.1   ,                        57.6   ,               4   ,        1.0500   ,               31.0   ,                 13077   ,
2026-02-12 13:05:52 ,        2700.0   ,           1281.5   ,               70.6   ,        78.5   ,                  72.0   ,                45   ,                  1662   ,                45   ,                  1666   ,           5615   ,        100   ,                       36   ,                   0   ,                    1   ,              251.3   ,                 179.1   ,               64.4   ,                 72.2   ,              12.0   ,               7.8   ,                12.0   ,          243.5   ,             12.1   ,                        55.9   ,               4   ,        1.0500   ,               31.0   ,                 13059   ,
2026-02-12 13:05:53 ,        2700.0   ,           1281.5   ,               70.6   ,        78.1   ,                  72.0   ,                45   ,                  1662   ,                45   ,                  1666   ,           5615   ,        100   ,                       38   ,                   0   ,                    1   ,              251.2   ,                 184.0   ,               59.6   ,                 67.2   ,              12.0   ,               7.6   ,                12.1   ,          243.5   ,             12.1   ,                        55.8   ,               4   ,        1.0500   ,               34.0   ,                 13044   ,
2026-02-12 13:05:54 ,        2700.0   ,           1281.5   ,               70.9   ,        79.0   ,                  72.0   ,                45   ,                  1667   ,                45   ,                  1669   ,           5615   ,        100   ,                       40   ,                   0   ,                    1   ,              264.4   ,                 190.6   ,               65.9   ,                 73.8   ,              12.0   ,               7.9   ,                12.1   ,          256.5   ,             12.1   ,                        58.8   ,               4   ,        1.0500   ,               32.0   ,                 13029   ,
2026-02-12 13:05:55 ,        2700.0   ,           1281.5   ,               70.8   ,        79.0   ,                  72.0   ,                45   ,                  1670   ,                45   ,                  1671   ,           5615   ,        100   ,                       40   ,                   0   ,                    1   ,              254.1   ,                 184.0   ,               62.4   ,                 70.1   ,              12.0   ,               7.7   ,                12.1   ,          246.4   ,             12.1   ,                        56.5   ,               4   ,        1.0500   ,               31.0   ,                 13047   ,
2026-02-12 13:05:56 ,        2700.0   ,           1281.5   ,               70.5   ,        78.6   ,                  70.0   ,                45   ,                  1677   ,                45   ,                  1678   ,           5615   ,        100   ,                       39   ,                   0   ,                    1   ,              240.6   ,                 172.4   ,               60.5   ,                 68.2   ,              12.0   ,               7.6   ,                12.1   ,          232.9   ,             12.1   ,                        53.5   ,               4   ,        1.0500   ,               31.0   ,                 13032   ,
2026-02-12 13:05:57 ,        2700.0   ,           1281.5   ,               70.5   ,        78.6   ,                  72.0   ,                45   ,                  1677   ,                45   ,                  1683   ,           5615   ,        100   ,                       38   ,                   0   ,                    1   ,              242.1   ,                 176.5   ,               57.9   ,                 65.5   ,              12.0   ,               7.6   ,                12.1   ,          234.5   ,             12.1   ,                        53.8   ,               4   ,        1.0500   ,               34.0   ,                 13068   ,
2026-02-12 13:05:58 ,        2700.0   ,           1281.5   ,               70.6   ,        78.7   ,                  72.0   ,                45   ,                  1678   ,                45   ,                  1678   ,           5615   ,        100   ,                       40   ,                   0   ,                    1   ,              254.3   ,                 184.2   ,               62.3   ,                 70.0   ,              12.0   ,               7.8   ,                12.1   ,          246.5   ,             12.1   ,                        56.5   ,               4   ,        1.0500   ,               30.0   ,                 13049   ,
2026-02-12 13:05:59 ,        2700.0   ,           1281.5   ,               71.2   ,        79.7   ,                  72.0   ,                45   ,                  1680   ,                45   ,                  1686   ,           5615   ,        100   ,                       39   ,                   0   ,                    1   ,              255.4   ,                 182.4   ,               65.2   ,                 73.0   ,              12.0   ,               7.8   ,                12.1   ,          247.6   ,             12.1   ,                        56.7   ,               4   ,        1.0500   ,               31.0   ,                 13046   ,
2026-02-12 13:06:00 ,        2700.0   ,           1281.5   ,               70.9   ,        79.0   ,                  72.0   ,                45   ,                  1688   ,                45   ,                  1686   ,           5615   ,        100   ,                       40   ,                   0   ,                    1   ,              246.8   ,                 176.7   ,               62.4   ,                 70.1   ,              12.0   ,               7.8   ,                12.0   ,          239.1   ,             12.1   ,                        54.8   ,               4   ,        1.0500   ,               31.0   ,                 13080   ,
2026-02-12 13:06:01 ,        2700.0   ,           1281.5   ,               70.8   ,        78.6   ,                  72.0   ,                45   ,                  1693   ,                45   ,                  1690   ,           5615   ,        100   ,                       36   ,                   0   ,                    1   ,              248.2   ,                 179.2   ,               61.3   ,                 69.0   ,              12.0   ,               7.7   ,                12.1   ,          240.4   ,             12.1   ,                        55.1   ,               4   ,        1.0500   ,               31.0   ,                 13030   ,
2026-02-12 13:06:02 ,        2700.0   ,           1281.5   ,               71.1   ,        79.4   ,                  72.0   ,                45   ,                  1693   ,                45   ,                  1693   ,           5615   ,        100   ,                       39   ,                   0   ,                    1   ,              253.4   ,                 184.5   ,               61.1   ,                 68.9   ,              12.0   ,               7.7   ,                12.1   ,          245.7   ,             12.1   ,                        56.3   ,               4   ,        1.0500   ,               33.0   ,                 13051   ,
2026-02-12 13:06:03 ,        2700.0   ,           1281.5   ,               71.5   ,        79.8   ,                  72.0   ,                45   ,                  1693   ,                45   ,                  1695   ,           5615   ,        100   ,                       41   ,                   0   ,                    1   ,              262.7   ,                 188.6   ,               66.3   ,                 74.1   ,              12.0   ,               7.8   ,                12.1   ,          254.9   ,             12.1   ,                        58.4   ,               4   ,        1.0500   ,               33.0   ,                 13026   ,
2026-02-12 13:06:04 ,        2700.0   ,           1281.5   ,               71.0   ,        79.2   ,                  72.0   ,                45   ,                  1698   ,                45   ,                  1698   ,           5615   ,        100   ,                       40   ,                   0   ,                    1   ,              261.2   ,                 189.9   ,               63.4   ,                 71.3   ,              12.0   ,               7.8   ,                12.0   ,          253.3   ,             12.1   ,                        58.0   ,               4   ,        1.0500   ,               35.0   ,                 13013   ,
2026-02-12 13:06:05 ,        2700.0   ,           1281.5   ,               70.8   ,        78.9   ,                  72.0   ,                45   ,                  1696   ,                45   ,                  1703   ,           5615   ,        100   ,                       37   ,                   0   ,                    1   ,              243.3   ,                 172.2   ,               63.3   ,                 71.1   ,              12.0   ,               7.8   ,                12.1   ,          235.5   ,             12.1   ,                        54.1   ,               4   ,        1.0500   ,               31.0   ,                 13018   ,
2026-02-12 13:06:06 ,        2700.0   ,           1281.5   ,               70.9   ,        79.1   ,                  72.0   ,                46   ,                  1698   ,                46   ,                  1703   ,           5615   ,        100   ,                       39   ,                   0   ,                    1   ,              254.3   ,                 186.7   ,               59.9   ,                 67.6   ,              12.0   ,               7.7   ,                12.1   ,          246.6   ,             12.1   ,                        56.5   ,               4   ,        1.0500   ,               31.0   ,                 13042   ,
2026-02-12 13:06:07 ,        2700.0   ,           1281.5   ,               72.0   ,        80.7   ,                  72.0   ,                46   ,                  1698   ,                46   ,                  1706   ,           5615   ,        100   ,                       41   ,                   0   ,                    1   ,              257.8   ,                 186.1   ,               63.9   ,                 71.7   ,              12.0   ,               7.8   ,                12.1   ,          250.0   ,             12.1   ,                        57.3   ,               4   ,        1.0500   ,               31.0   ,                 13086   ,
2026-02-12 13:06:08 ,        2700.0   ,           1281.5   ,               70.7   ,        78.7   ,                  72.0   ,                46   ,                  1706   ,                46   ,                  1706   ,           5615   ,        100   ,                       41   ,                   0   ,                    1   ,              258.6   ,                 189.2   ,               61.6   ,                 69.4   ,              12.0   ,               7.7   ,                12.0   ,          250.8   ,             12.1   ,                        57.5   ,               4   ,        1.0500   ,               36.0   ,                 13031   ,
2026-02-12 13:06:09 ,        2700.0   ,           1281.5   ,               70.4   ,        77.8   ,                  70.0   ,                46   ,                  1704   ,                46   ,                  1711   ,           5615   ,        100   ,                       36   ,                   0   ,                    1   ,              217.6   ,                 152.2   ,               57.7   ,                 65.4   ,              12.0   ,               7.7   ,                12.0   ,          209.9   ,             12.1   ,                        48.4   ,              16   ,        1.0500   ,               34.0   ,                 13088   ,
2026-02-12 13:06:10 ,        2070.0   ,           1281.5   ,               69.2   ,        76.5   ,                  72.0   ,                46   ,                  1714   ,                46   ,                  1713   ,           5615   ,        100   ,                       27   ,                   0   ,                    1   ,              195.4   ,                 135.8   ,               52.1   ,                 59.6   ,              12.1   ,               7.5   ,                12.0   ,          187.9   ,             12.1   ,                        43.4   ,              16   ,        1.0500   ,               35.0   ,                 13071   ,
2026-02-12 13:06:12 ,        2100.0   ,           1281.5   ,               68.6   ,        75.6   ,                  72.0   ,                46   ,                  1709   ,                46   ,                  1713   ,           5615   ,         89   ,                       27   ,                   0   ,                    1   ,              179.2   ,                 123.3   ,               48.5   ,                 55.9   ,              12.1   ,               7.4   ,                12.0   ,          171.8   ,             12.1   ,                        39.8   ,              16   ,        1.0500   ,               35.0   ,                 13186   ,
2026-02-12 13:06:12 ,        1500.0   ,           1281.5   ,               63.8   ,        72.7   ,                  70.0   ,                46   ,                  1712   ,                46   ,                  1713   ,           5615   ,         90   ,                       17   ,                   0   ,                    1   ,              101.5   ,                  58.0   ,               36.4   ,                 43.5   ,              12.1   ,               7.1   ,                12.0   ,           94.4   ,             12.2   ,                        22.6   ,              16   ,        0.8750   ,               35.0   ,                 13209   ,
2026-02-12 13:06:13 ,        1650.0   ,           1281.5   ,               64.8   ,        72.3   ,                  70.0   ,                46   ,                  1714   ,                46   ,                  1711   ,           5615   ,         99   ,                       24   ,                   0   ,                    1   ,              117.7   ,                  62.5   ,               47.9   ,                 55.3   ,              12.1   ,               7.4   ,                12.0   ,          110.3   ,             12.2   ,                        26.2   ,              16   ,        0.8750   ,               35.0   ,                 13204   ,
2026-02-12 13:06:14 ,        2130.0   ,           1281.5   ,               67.2   ,        73.8   ,                  70.0   ,                46   ,                  1714   ,                46   ,                  1711   ,           5615   ,        100   ,                       27   ,                   0   ,                    1   ,              154.3   ,                  99.2   ,               47.7   ,                 55.2   ,              12.1   ,               7.4   ,                12.0   ,          146.9   ,             12.1   ,                        34.3   ,              16   ,        1.0450   ,               35.0   ,                 13202   ,
2026-02-12 13:06:15 ,        2055.0   ,           1281.5   ,               67.3   ,        73.8   ,                  70.0   ,                46   ,                  1712   ,                46   ,                  1713   ,           5615   ,         94   ,                       30   ,                   0   ,                    1   ,              203.2   ,                 138.9   ,               56.7   ,                 64.3   ,              12.1   ,               7.6   ,                12.0   ,          195.6   ,             12.1   ,                        45.2   ,              16   ,        1.0000   ,               36.0   ,                 13195   ,
2026-02-12 13:06:16 ,        1875.0   ,           1281.5   ,               66.6   ,        73.0   ,                  70.0   ,                46   ,                  1717   ,                46   ,                  1713   ,           5615   ,         83   ,                       27   ,                   0   ,                    1   ,              200.9   ,                 138.4   ,               54.9   ,                 62.5   ,              12.1   ,               7.6   ,                12.0   ,          193.3   ,             12.1   ,                        34.5   ,              16   ,        0.9100   ,               34.0   ,                 13228   ,
2026-02-12 13:06:18 ,        1410.0   ,           1281.5   ,               64.1   ,        71.8   ,                  70.0   ,                46   ,                  1712   ,                46   ,                  1711   ,           5615   ,         74   ,                       17   ,                   0   ,                    1   ,              116.5   ,                     -   ,                  -   ,                    -   ,                 -   ,                 -   ,                   -   ,              -   ,                -   ,                        25.9   ,              16   ,        0.8750   ,               35.0   ,                 13283   ,
2026-02-12 13:06:19 ,        1800.0   ,           1281.5   ,               64.3   ,        71.7   ,                  70.0   ,                45   ,                  1712   ,                45   ,                  1713   ,           5615   ,        100   ,                       25   ,                   0   ,                    1   ,              128.3   ,                  71.8   ,               49.1   ,                 56.5   ,              12.1   ,               7.4   ,                12.0   ,          120.9   ,             12.2   ,                        28.5   ,              16   ,        0.8750   ,               36.0   ,                 13205   ,
2026-02-12 13:06:20 ,        1680.0   ,           1281.5   ,               64.2   ,        71.4   ,                  70.0   ,                45   ,                  1712   ,                45   ,                  1713   ,           5615   ,        100   ,                       23   ,                   0   ,                    1   ,              126.1   ,                  69.8   ,               48.9   ,                 56.4   ,              12.1   ,               7.4   ,                12.0   ,          118.7   ,             12.2   ,                        28.0   ,              16   ,        0.8750   ,               35.0   ,                 13199   ,
2026-02-12 13:06:21 ,        1425.0   ,           1281.5   ,               63.1   ,        71.1   ,                  68.0   ,                45   ,                  1712   ,                45   ,                  1711   ,           5615   ,         85   ,                       21   ,                   0   ,                    1   ,              121.8   ,                  63.8   ,               48.6   ,                 56.0   ,              12.1   ,               7.4   ,                12.0   ,          109.0   ,             12.2   ,                        25.9   ,              16   ,        0.8750   ,               37.0   ,                 13241   ,
2026-02-12 13:06:21 ,        1515.0   ,           1281.5   ,               62.6   ,        70.8   ,                  68.0   ,                45   ,                  1717   ,                45   ,                  1708   ,           5615   ,        100   ,                       28   ,                   0   ,                    1   ,              105.2   ,                  54.7   ,               43.2   ,                 50.5   ,              12.1   ,               7.3   ,                12.0   ,           97.9   ,             12.2   ,                        23.4   ,              16   ,        0.8750   ,               35.0   ,                 13237   ,
2026-02-12 13:06:23 ,        1410.0   ,           1281.5   ,               62.3   ,        70.6   ,                  68.0   ,                45   ,                  1709   ,                45   ,                  1708   ,           5615   ,         93   ,                       17   ,                   0   ,                    1   ,               85.9   ,                  40.2   ,               38.5   ,                 45.7   ,              12.1   ,               7.1   ,                12.0   ,           78.7   ,             12.2   ,                        19.1   ,              16   ,        0.8750   ,               35.0   ,                 13257   ,
2026-02-12 13:06:24 ,        1605.0   ,           1281.5   ,               63.0   ,        70.5   ,                  68.0   ,                45   ,                  1699   ,                45   ,                  1703   ,           5615   ,         99   ,                       22   ,                   0   ,                    1   ,              126.1   ,                  68.8   ,               49.9   ,                 57.2   ,              12.1   ,               7.4   ,                12.0   ,          118.7   ,             12.2   ,                        28.0   ,              16   ,        0.8750   ,               35.0   ,                 13250   ,
2026-02-12 13:06:25 ,        1740.0   ,           1281.5   ,               63.1   ,        70.5   ,                  68.0   ,                45   ,                  1696   ,                45   ,                  1701   ,           5615   ,         90   ,                       25   ,                   0   ,                    1   ,              132.7   ,                  72.8   ,               52.5   ,                 60.0   ,              12.1   ,               7.5   ,                12.0   ,          125.3   ,             12.2   ,                        29.5   ,              16   ,        0.8750   ,               35.0   ,                 13262   ,
2026-02-12 13:06:26 ,        2070.0   ,           1281.5   ,               65.3   ,        71.6   ,                  68.0   ,                45   ,                  1696   ,                45   ,                  1698   ,           5615   ,        100   ,                       27   ,                   0   ,                    1   ,              184.0   ,                 127.6   ,               49.1   ,                 56.4   ,              12.1   ,               7.3   ,                12.0   ,          176.6   ,             12.1   ,                        40.9   ,              16   ,        1.0250   ,               35.0   ,                 13282   ,
2026-02-12 13:06:27 ,        1230.0   ,           1281.5   ,               62.1   ,        70.1   ,                  68.0   ,                45   ,                  1699   ,                45   ,                  1693   ,           5615   ,         79   ,                       19   ,                   0   ,                    1   ,               93.8   ,                  45.0   ,               41.6   ,                 48.9   ,              12.1   ,               7.2   ,                12.0   ,           86.6   ,             12.2   ,                        20.9   ,              16   ,        0.8750   ,               35.0   ,                 13295   ,
2026-02-12 13:06:28 ,        1545.0   ,           1281.5   ,               62.5   ,        70.0   ,                  68.0   ,                45   ,                  1696   ,                45   ,                  1698   ,           5615   ,         91   ,                       23   ,                   0   ,                    1   ,              112.2   ,                  58.9   ,               45.9   ,                 53.2   ,              12.1   ,               7.3   ,                12.0   ,          104.8   ,             12.2   ,                        24.9   ,              16   ,        0.8750   ,               35.0   ,                 13324   ,
2026-02-12 13:06:29 ,        1515.0   ,           1281.5   ,               61.8   ,        69.8   ,                  68.0   ,                45   ,                  1694   ,                45   ,                  1688   ,           5615   ,        100   ,                       23   ,                   0   ,                    1   ,              100.0   ,                  51.4   ,               41.4   ,                 48.6   ,              12.1   ,               7.2   ,                12.0   ,           92.8   ,             12.2   ,                        22.2   ,              16   ,        0.8750   ,               37.0   ,                 13310   ,
2026-02-12 13:06:30 ,        1515.0   ,           1281.5   ,               62.1   ,        69.8   ,                  68.0   ,                45   ,                  1691   ,                45   ,                  1688   ,           5615   ,         94   ,                       22   ,                   0   ,                    1   ,              105.4   ,                  54.7   ,               43.5   ,                 50.7   ,              12.1   ,               7.3   ,                12.0   ,           98.1   ,             12.2   ,                        27.9   ,              16   ,        0.8750   ,               36.0   ,                 13268   ,
2026-02-12 13:06:31 ,        1575.0   ,           1281.5   ,               61.6   ,        69.6   ,                  68.0   ,                45   ,                  1691   ,                45   ,                  1686   ,           5615   ,         97   ,                       23   ,                   0   ,                    1   ,              102.0   ,                  53.0   ,               41.8   ,                 49.0   ,              12.1   ,               7.2   ,                12.0   ,           94.8   ,             12.2   ,                        22.7   ,              16   ,        0.8750   ,               35.0   ,                 13316   ,
2026-02-12 13:06:32 ,        1860.0   ,           1281.5   ,               62.6   ,        69.6   ,                  68.0   ,                45   ,                  1683   ,                45   ,                  1686   ,           5615   ,         99   ,                       25   ,                   0   ,                    1   ,              126.0   ,                  70.3   ,               50.1   ,                 57.5   ,              12.1   ,               7.4   ,                12.0   ,          127.6   ,             12.2   ,                        30.0   ,              16   ,        0.9450   ,               36.0   ,                 13348   ,
2026-02-12 13:06:33 ,        1350.0   ,           1281.5   ,               61.5   ,        69.3   ,                  68.0   ,                45   ,                  1683   ,                45   ,                  1683   ,           5615   ,         99   ,                       21   ,                   0   ,                    1   ,              115.7   ,                  58.6   ,               49.8   ,                 57.1   ,              12.1   ,               7.3   ,                12.0   ,          108.4   ,             12.2   ,                        25.7   ,              16   ,        0.8750   ,               38.0   ,                 13337   ,
2026-02-12 13:06:34 ,        1530.0   ,           1281.5   ,               60.4   ,        68.9   ,                  66.0   ,                45   ,                  1683   ,                45   ,                  1681   ,           5615   ,        100   ,                       25   ,                   0   ,                    0   ,               65.5   ,                  31.3   ,               27.2   ,                 34.2   ,              12.2   ,               6.9   ,                12.1   ,           58.5   ,             12.2   ,                        14.6   ,              16   ,        0.8750   ,               35.0   ,                 13289   ,
2026-02-12 13:06:35 ,        1665.0   ,           1281.5   ,               61.7   ,        69.0   ,                  66.0   ,                45   ,                  1678   ,                45   ,                  1679   ,           5615   ,         99   ,                       22   ,                   0   ,                    1   ,              127.7   ,                  69.9   ,               50.5   ,                 57.8   ,              12.1   ,               7.4   ,                12.0   ,          120.4   ,             12.2   ,                        28.4   ,              16   ,        0.8750   ,               35.0   ,                 13317   ,
2026-02-12 13:06:36 ,        1800.0   ,           1281.5   ,               61.4   ,        69.0   ,                  68.0   ,                45   ,                  1676   ,                45   ,                  1676   ,           5615   ,         98   ,                       26   ,                   0   ,                    1   ,              131.6   ,                  71.4   ,               52.8   ,                 60.2   ,              12.1   ,               7.4   ,                12.0   ,          124.2   ,             12.2   ,                        29.3   ,              16   ,        0.8750   ,               36.0   ,                 13305   ,
2026-02-12 13:06:37 ,         780.0   ,           1281.5   ,               60.7   ,        68.6   ,                  66.0   ,                44   ,                  1673   ,                44   ,                  1671   ,           5615   ,         37   ,                       10   ,                   0   ,                    1   ,              100.2   ,                  49.1   ,               44.0   ,                 51.1   ,              12.1   ,               7.1   ,                12.0   ,           93.1   ,             12.2   ,                        22.3   ,              16   ,        0.8750   ,               37.0   ,                 13333   ,
2026-02-12 13:06:38 ,        1185.0   ,           1281.5   ,               60.5   ,        68.6   ,                  68.0   ,                44   ,                  1668   ,                44   ,                  1666   ,           5615   ,         71   ,                       17   ,                   0   ,                    0   ,              126.6   ,                  67.2   ,               52.1   ,                 59.4   ,              12.1   ,               7.3   ,                12.0   ,          119.3   ,             12.2   ,                        28.1   ,              16   ,        0.8750   ,               35.0   ,                 13322   ,
2026-02-12 13:06:39 ,        1515.0   ,           1281.5   ,               60.7   ,        68.4   ,                  66.0   ,                44   ,                  1666   ,                44   ,                  1662   ,           5615   ,        100   ,                       20   ,                   0   ,                    1   ,              112.1   ,                  56.2   ,               48.6   ,                 55.9   ,              12.1   ,               7.3   ,                12.0   ,          104.8   ,             12.2   ,                        24.9   ,              16   ,        0.8750   ,               36.0   ,                 13270   ,
2026-02-12 13:06:40 ,         780.0   ,           1281.5   ,               57.8   ,        67.7   ,                  64.0   ,                44   ,                  1656   ,                44   ,                  1655   ,           5615   ,          4   ,                        0   ,                   0   ,                    0   ,               40.3   ,                  11.2   ,               22.5   ,                 29.2   ,              12.2   ,               6.6   ,                12.1   ,           33.7   ,             12.3   ,                         9.0   ,              16   ,        0.8750   ,               34.0   ,                 13244   ,
2026-02-12 13:06:41 ,         270.0   ,            625.2   ,               57.3   ,        67.3   ,                  64.0   ,                44   ,                  1653   ,                44   ,                  1655   ,           5615   ,          4   ,                        0   ,                   0   ,                    0   ,               40.4   ,                  11.2   ,               22.5   ,                 29.2   ,              12.2   ,               6.6   ,                12.1   ,           33.7   ,             12.3   ,                         9.0   ,              16   ,        0.8750   ,               34.0   ,                 13139   ,
2026-02-12 13:06:42 ,         210.0   ,            625.2   ,               56.8   ,        67.0   ,                  62.0   ,                43   ,                  1663   ,                43   ,                  1643   ,           5615   ,          6   ,                        0   ,                   0   ,                    0   ,               25.5   ,                   5.7   ,               13.3   ,                 19.8   ,              12.2   ,               6.5   ,                12.1   ,           19.0   ,             12.3   ,                         5.7   ,              16   ,        0.8750   ,               34.0   ,                 13096   ,
2026-02-12 13:06:43 ,         210.0   ,            625.2   ,               56.5   ,        66.7   ,                  62.0   ,                42   ,                  1658   ,                42   ,                  1624   ,           5615   ,          6   ,                        0   ,                   0   ,                    0   ,               25.2   ,                   5.5   ,               13.3   ,                 19.7   ,              12.2   ,               6.4   ,                12.1   ,           18.8   ,             12.3   ,                         5.6   ,              16   ,        0.8750   ,               33.0   ,                 13006   ,
2026-02-12 13:06:44 ,         210.0   ,            101.3   ,               56.2   ,        66.5   ,                  60.0   ,                41   ,                  1607   ,                41   ,                  1600   ,           4275   ,          6   ,                        3   ,                   0   ,                    0   ,               19.3   ,                   6.3   ,                9.6   ,                 13.0   ,              12.2   ,               3.4   ,                12.1   ,           15.9   ,             12.3   ,                         4.3   ,              16   ,        0.8750   ,               34.0   ,                 12708   ,
2026-02-12 13:06:45 ,         210.0   ,            101.3   ,               55.8   ,        66.0   ,                  62.0   ,                40   ,                  1577   ,                40   ,                  1571   ,           3933   ,          5   ,                        4   ,                   0   ,                    0   ,               12.7   ,                   3.9   ,                5.5   ,                  8.8   ,              12.2   ,               3.3   ,                12.1   ,            9.4   ,             12.3   ,                         3.4   ,              16   ,        0.8750   ,               34.0   ,                 12462   ,
2026-02-12 13:06:46 ,         210.0   ,             50.6   ,               55.4   ,        65.7   ,                  60.0   ,                40   ,                  1531   ,                39   ,                  1534   ,           3933   ,          5   ,                       11   ,                   0   ,                    0   ,                8.5   ,                   1.2   ,                4.7   ,                  7.2   ,              12.2   ,               2.5   ,                12.1   ,            6.0   ,             12.3   ,                         1.9   ,              16   ,        0.8600   ,               33.0   ,                 12018   ,
2026-02-12 13:06:47 ,         210.0   ,             50.6   ,               55.1   ,        65.4   ,                  60.0   ,                39   ,                  1498   ,                39   ,                  1502   ,           3729   ,          6   ,                        7   ,                   0   ,                    0   ,                8.3   ,                   0.7   ,                5.0   ,                  7.5   ,              12.2   ,               2.5   ,                12.1   ,            5.8   ,             12.3   ,                         1.8   ,              16   ,        0.8600   ,               33.0   ,                 11560   ,
2026-02-12 13:06:48 ,         210.0   ,             50.6   ,               54.9   ,        65.3   ,                  58.0   ,                38   ,                  1466   ,                38   ,                  1470   ,           3729   ,          6   ,                        5   ,                   0   ,                    0   ,                8.6   ,                   0.9   ,                5.2   ,                  7.7   ,              12.2   ,               2.5   ,                12.1   ,            6.2   ,             12.3   ,                         1.9   ,              16   ,        0.8600   ,               33.0   ,                 11539   ,
2026-02-12 13:06:49 ,         210.0   ,             50.6   ,               54.6   ,        64.8   ,                  58.0   ,                38   ,                  1447   ,                38   ,                  1439   ,           3729   ,          6   ,                       12   ,                   0   ,                    0   ,                8.5   ,                   1.1   ,                5.0   ,                  7.4   ,              12.2   ,               2.4   ,                12.1   ,            6.1   ,             12.3   ,                         1.9   ,              16   ,        0.8600   ,               33.0   ,                 11534   ,
2026-02-12 13:06:50 ,         210.0   ,             50.6   ,               54.4   ,        64.6   ,                  58.0   ,                37   ,                  1434   ,                37   ,                  1409   ,           3729   ,          7   ,                        8   ,                   0   ,                    0   ,                8.6   ,                   0.7   ,                5.4   ,                  7.8   ,              12.2   ,               2.4   ,                12.1   ,            6.1   ,             12.3   ,                         1.9   ,              16   ,        0.8600   ,               33.0   ,                 11494   ,
2026-02-12 13:06:51 ,         210.0   ,             50.6   ,               54.2   ,        64.5   ,                  58.0   ,                36   ,                  1384   ,                36   ,                  1377   ,           3729   ,          5   ,                        7   ,                   0   ,                    0   ,                8.4   ,                   0.9   ,                5.1   ,                  7.6   ,              12.2   ,               2.4   ,                12.1   ,            6.0   ,             12.3   ,                         1.9   ,              16   ,        0.8600   ,               34.0   ,                 11472   ,
2026-02-12 13:06:52 ,         210.0   ,             50.6   ,               54.0   ,        64.2   ,                  58.0   ,                36   ,                  1348   ,                36   ,                  1348   ,           3729   ,          4   ,                        6   ,                   0   ,                    0   ,                8.8   ,                   1.0   ,                5.4   ,                  7.8   ,              12.2   ,               2.4   ,                12.1   ,            6.4   ,             12.3   ,                         1.9   ,              16   ,        0.8650   ,               34.0   ,                 11474   ,
2026-02-12 13:06:53 ,         210.0   ,             50.6   ,               53.8   ,        64.0   ,                  58.0   ,                36   ,                  1329   ,                36   ,                  1324   ,           3729   ,          6   ,                        5   ,                   0   ,                    0   ,                8.0   ,                   0.9   ,                4.7   ,                  7.1   ,              12.2   ,               2.4   ,                12.1   ,            5.6   ,             12.3   ,                         1.8   ,              16   ,        0.8650   ,               34.0   ,                 11445   ,
2026-02-12 13:06:54 ,         210.0   ,             50.6   ,               53.6   ,        63.7   ,                  58.0   ,                35   ,                  1301   ,                35   ,                  1302   ,           3729   ,          5   ,                        7   ,                   0   ,                    0   ,                7.8   ,                   1.0   ,                4.4   ,                  6.7   ,              12.2   ,               2.3   ,                12.1   ,            5.5   ,             12.3   ,                         1.7   ,              16   ,        0.8650   ,               34.0   ,                 11414   ,
2026-02-12 13:06:55 ,         210.0   ,             50.6   ,               53.4   ,        63.6   ,                  58.0   ,                35   ,                  1280   ,                35   ,                  1279   ,           3729   ,          7   ,                       10   ,                   0   ,                    0   ,                8.6   ,                   1.0   ,                5.4   ,                  7.6   ,              12.2   ,               2.2   ,                12.1   ,            6.4   ,             12.3   ,                         1.9   ,              16   ,        0.8650   ,               34.0   ,                 11388   ,
2026-02-12 13:06:56 ,         210.0   ,             50.6   ,               53.2   ,        63.3   ,                  56.0   ,                34   ,                  1262   ,                34   ,                  1256   ,           3729   ,          7   ,                        5   ,                   0   ,                    0   ,                8.5   ,                   0.7   ,                5.5   ,                  7.8   ,              12.2   ,               2.3   ,                12.1   ,            6.2   ,             12.3   ,                         1.9   ,              16   ,        0.8650   ,               34.0   ,                 11368   ,
2026-02-12 13:06:57 ,         210.0   ,             50.6   ,               53.0   ,        63.2   ,                  58.0   ,                34   ,                  1244   ,                34   ,                  1236   ,           3729   ,          6   ,                        9   ,                   0   ,                    0   ,                8.2   ,                   0.6   ,                5.4   ,                  7.6   ,              12.2   ,               2.2   ,                12.1   ,            6.0   ,             12.3   ,                         1.8   ,              16   ,        0.8650   ,               34.0   ,                 11349   ,
2026-02-12 13:06:58 ,         210.0   ,             50.6   ,               52.8   ,        63.0   ,                  56.0   ,                34   ,                  1224   ,                34   ,                  1218   ,           3729   ,          7   ,                        5   ,                   0   ,                    0   ,                8.3   ,                   0.4   ,                5.7   ,                  7.9   ,              12.2   ,               2.2   ,                12.1   ,            6.1   ,             12.3   ,                         1.8   ,              16   ,        0.8650   ,               34.0   ,                 11151   ,
2026-02-12 13:06:59 ,         210.0   ,             50.6   ,               52.7   ,        62.8   ,                  56.0   ,                33   ,                  1207   ,                33   ,                  1199   ,           3744   ,          5   ,                        6   ,                   0   ,                    0   ,                7.9   ,                   0.7   ,                5.0   ,                  7.2   ,              12.2   ,               2.2   ,                12.1   ,            5.7   ,             12.3   ,                         1.8   ,              16   ,        0.8650   ,               35.0   ,                 10911   ,
2026-02-12 13:07:00 ,         210.0   ,             50.6   ,               52.5   ,        62.6   ,                  58.0   ,                33   ,                  1185   ,                33   ,                  1182   ,           3744   ,          6   ,                        9   ,                   0   ,                    0   ,                7.8   ,                   0.4   ,                5.2   ,                  7.4   ,              12.2   ,               2.2   ,                12.1   ,            4.1   ,             12.3   ,                         1.4   ,              16   ,        0.8650   ,               34.0   ,                 10911   ,
2026-02-12 13:07:01 ,         210.0   ,             50.6   ,               52.3   ,        62.4   ,                  56.0   ,                33   ,                  1169   ,                33   ,                  1168   ,           3744   ,          9   ,                       13   ,                   0   ,                    0   ,                7.6   ,                   0.6   ,                4.8   ,                  7.0   ,              12.2   ,               2.2   ,                12.1   ,            5.4   ,             12.3   ,                         1.4   ,              16   ,        0.8650   ,               35.0   ,                 10926   ,
2026-02-12 13:07:02 ,         210.0   ,             50.6   ,               52.1   ,        62.3   ,                  56.0   ,                32   ,                  1153   ,                32   ,                  1150   ,           3744   ,          6   ,                       11   ,                   0   ,                    0   ,                7.3   ,                   0.5   ,                4.6   ,                  6.8   ,              12.2   ,               2.1   ,                12.1   ,            4.2   ,             12.3   ,                         1.4   ,              16   ,        0.8650   ,               34.0   ,                 10945   ,
2026-02-12 13:07:03 ,         210.0   ,             50.6   ,               52.0   ,        62.1   ,                  56.0   ,                32   ,                  1141   ,                32   ,                  1134   ,           3744   ,          4   ,                        8   ,                   0   ,                    0   ,                6.7   ,                   0.8   ,                3.8   ,                  5.9   ,              12.2   ,               2.1   ,                12.1   ,            5.4   ,             12.3   ,                         1.7   ,              16   ,        0.8650   ,               33.0   ,                 10962   ,
2026-02-12 13:07:04 ,         210.0   ,             50.6   ,               51.8   ,        61.9   ,                  56.0   ,                32   ,                  1119   ,                32   ,                  1117   ,           3743   ,          7   ,                       12   ,                   0   ,                    0   ,                6.9   ,                   0.4   ,                4.5   ,                  6.6   ,              12.2   ,               2.0   ,                12.1   ,            4.9   ,             12.3   ,                         1.5   ,              16   ,        0.8650   ,               34.0   ,                 10968   ,
2026-02-12 13:07:05 ,         210.0   ,             50.6   ,               51.7   ,        61.7   ,                  56.0   ,                31   ,                  1103   ,                31   ,                  1100   ,           3743   ,          7   ,                       10   ,                   0   ,                    0   ,                5.6   ,                   1.2   ,                2.4   ,                  4.4   ,              12.2   ,               2.0   ,                12.1   ,            3.6   ,             12.3   ,                         1.2   ,              16   ,        0.8650   ,               34.0   ,                 10980   ,
2026-02-12 13:07:06 ,         210.0   ,             50.6   ,               51.5   ,        61.6   ,                  56.0   ,                31   ,                  1092   ,                31   ,                  1087   ,           3743   ,          6   ,                        5   ,                   0   ,                    0   ,                5.6   ,                   1.0   ,                2.7   ,                  4.6   ,              12.2   ,               2.0   ,                12.1   ,            3.7   ,             12.3   ,                         1.3   ,              16   ,        0.8650   ,               33.0   ,                 10986   ,
2026-02-12 13:07:07 ,         210.0   ,             50.6   ,               51.4   ,        61.3   ,                  56.0   ,                31   ,                  1076   ,                31   ,                  1071   ,           3743   ,          8   ,                        8   ,                   0   ,                    0   ,                5.3   ,                   1.2   ,                2.1   ,                  4.1   ,              12.2   ,               2.0   ,                12.1   ,            3.3   ,             12.3   ,                         1.2   ,              16   ,        0.8650   ,               33.0   ,                 10977   ,
2026-02-12 13:07:08 ,         210.0   ,             50.6   ,               51.2   ,        61.2   ,                  54.0   ,                30   ,                  1066   ,                30   ,                  1061   ,           3743   ,          6   ,                        6   ,                   0   ,                    0   ,                5.5   ,                   1.3   ,                2.2   ,                  4.2   ,              12.2   ,               2.0   ,                12.1   ,            3.5   ,             12.3   ,                         1.2   ,              16   ,        0.8650   ,               34.0   ,                 10999   ,
2026-02-12 13:07:09 ,         210.0   ,             50.6   ,               51.1   ,        61.0   ,                  54.0   ,                30   ,                  1059   ,                30   ,                  1059   ,           3743   ,          7   ,                        5   ,                   0   ,                    0   ,                5.4   ,                   1.3   ,                2.1   ,                  4.1   ,              12.2   ,               2.0   ,                12.1   ,            3.4   ,             12.3   ,                         1.2   ,              16   ,        0.8650   ,               34.0   ,                 11001   ,
2026-02-12 13:07:10 ,         210.0   ,             50.6   ,               50.9   ,        60.9   ,                  54.0   ,                30   ,                  1064   ,                30   ,                  1058   ,           3743   ,          6   ,                        6   ,                   0   ,                    0   ,                6.0   ,                   0.9   ,                3.1   ,                  5.1   ,              12.2   ,               2.1   ,                12.1   ,            3.9   ,             12.3   ,                         1.3   ,              16   ,        0.8650   ,               33.0   ,                 10997   ,
2026-02-12 13:07:11 ,         210.0   ,             50.6   ,               50.8   ,        60.8   ,                  54.0   ,                30   ,                  1058   ,                30   ,                  1057   ,           3743   ,          6   ,                        5   ,                   0   ,                    0   ,                5.6   ,                   1.1   ,                2.5   ,                  4.5   ,              12.2   ,               2.0   ,                12.1   ,            3.6   ,             12.3   ,                         1.3   ,              16   ,        0.8650   ,               34.0   ,                 11002   ,
2026-02-12 13:07:12 ,         210.0   ,             50.6   ,               50.6   ,        60.6   ,                  56.0   ,                30   ,                  1063   ,                30   ,                  1057   ,           3743   ,          7   ,                       10   ,                   0   ,                    0   ,                5.4   ,                   1.3   ,                2.1   ,                  4.1   ,              12.2   ,               2.0   ,                12.1   ,            3.4   ,             12.3   ,                         1.2   ,              16   ,        0.8650   ,               34.0   ,                 10992   ,
2026-02-12 13:07:13 ,         210.0   ,             50.6   ,               50.5   ,        60.4   ,                  56.0   ,                30   ,                  1063   ,                30   ,                  1058   ,           3743   ,          6   ,                       11   ,                   0   ,                    0   ,                5.5   ,                   1.2   ,                2.3   ,                  4.3   ,              12.2   ,               2.0   ,                12.1   ,            3.5   ,             12.3   ,                         1.3   ,              16   ,        0.8650   ,               34.0   ,                 10984   ,
2026-02-12 13:07:14 ,         210.0   ,             50.6   ,               50.4   ,        60.3   ,                  56.0   ,                30   ,                  1072   ,                30   ,                  1057   ,           3743   ,          7   ,                        9   ,                   0   ,                    0   ,                5.5   ,                   1.1   ,                2.4   ,                  4.4   ,              12.2   ,               2.0   ,                12.1   ,            3.5   ,             12.3   ,                         1.2   ,              16   ,        0.8650   ,               34.0   ,                 10995   ,
2026-02-12 13:07:15 ,         210.0   ,             50.6   ,               50.2   ,        60.1   ,                  54.0   ,                30   ,                  1074   ,                30   ,                  1058   ,           3743   ,          7   ,                       12   ,                   0   ,                    0   ,                5.5   ,                   1.0   ,                2.5   ,                  4.5   ,              12.2   ,               2.0   ,                12.1   ,            3.5   ,             12.3   ,                         1.2   ,              16   ,        0.8650   ,               34.0   ,                 10984   ,
2026-02-12 13:07:16 ,         210.0   ,             50.6   ,               50.1   ,        60.0   ,                  54.0   ,                30   ,                  1076   ,                30   ,                  1057   ,           3743   ,          6   ,                        5   ,                   0   ,                    0   ,                5.4   ,                   0.9   ,                2.5   ,                  4.5   ,              12.2   ,               2.0   ,                12.1   ,            3.4   ,             12.3   ,                         1.2   ,              16   ,        0.8650   ,               34.0   ,                 10985   ,
2026-02-12 13:07:17 ,         210.0   ,             50.6   ,               50.0   ,        59.9   ,                  52.0   ,                30   ,                  1073   ,                30   ,                  1058   ,           3743   ,          7   ,                        6   ,                   0   ,                    0   ,                5.4   ,                   1.0   ,                2.4   ,                  4.4   ,              12.2   ,               2.0   ,                12.1   ,            3.4   ,             12.3   ,                         1.2   ,              16   ,        0.8650   ,               34.0   ,                 10978   ,
2026-02-12 13:07:18 ,         210.0   ,             50.6   ,               49.9   ,        59.7   ,                  54.0   ,                30   ,                  1067   ,                30   ,                  1058   ,           3743   ,          7   ,                       11   ,                   0   ,                    0   ,                5.4   ,                   0.8   ,                2.6   ,                  4.5   ,              12.2   ,               2.0   ,                12.1   ,            3.4   ,             12.3   ,                         1.2   ,              16   ,        0.8650   ,               34.0   ,                 10995   ,
2026-02-12 13:07:19 ,         210.0   ,             50.6   ,               49.7   ,        59.6   ,                  54.0   ,                30   ,                  1069   ,                30   ,                  1058   ,           3743   ,          7   ,                       12   ,                   0   ,                    0   ,                5.5   ,                   1.1   ,                2.4   ,                  4.4   ,              12.2   ,               2.0   ,                12.1   ,            3.5   ,             12.3   ,                         1.2   ,              16   ,        0.8650   ,               34.0   ,                 10992   ,
2026-02-12 13:07:20 ,         210.0   ,             50.6   ,               49.6   ,        59.5   ,                  54.0   ,                30   ,                  1072   ,                30   ,                  1058   ,           3743   ,          7   ,                       12   ,                   0   ,                    0   ,                5.4   ,                   1.2   ,                2.3   ,                  4.2   ,              12.2   ,               1.9   ,                12.1   ,            3.5   ,             12.3   ,                         1.2   ,              16   ,        0.8650   ,               34.0   ,                 10994   ,
2026-02-12 13:07:21 ,         210.0   ,             50.6   ,               49.5   ,        59.2   ,                  54.0   ,                30   ,                  1071   ,                30   ,                  1057   ,           3743   ,          6   ,                        8   ,                   0   ,                    0   ,                5.3   ,                   1.0   ,                2.3   ,                  4.3   ,              12.2   ,               2.0   ,                12.1   ,            3.3   ,             12.3   ,                         1.2   ,              16   ,        0.8650   ,               34.0   ,                 11010   ,
2026-02-12 13:07:22 ,         210.0   ,             50.6   ,               49.4   ,        59.2   ,                  54.0   ,                30   ,                  1067   ,                30   ,                  1058   ,           3743   ,          5   ,                       10   ,                   0   ,                    0   ,                5.3   ,                   1.0   ,                2.3   ,                  4.3   ,              12.2   ,               1.9   ,                12.1   ,            3.4   ,             12.3   ,                         1.2   ,              16   ,        0.8650   ,               33.0   ,                 11032   ,
2026-02-12 13:07:23 ,         210.0   ,             50.6   ,               49.2   ,        58.9   ,                  52.0   ,                30   ,                  1064   ,                30   ,                  1058   ,           3743   ,          7   ,                       11   ,                   0   ,                    0   ,                5.4   ,                   1.1   ,                2.4   ,                  4.4   ,              12.2   ,               2.0   ,                12.1   ,            3.4   ,             12.3   ,                         1.2   ,              16   ,        0.8650   ,               34.0   ,                 11003   ,
2026-02-12 13:07:24 ,         210.0   ,             50.6   ,               49.1   ,        58.8   ,                  52.0   ,                30   ,                  1062   ,                30   ,                  1057   ,           3743   ,          9   ,                        9   ,                   0   ,                    0   ,                5.4   ,                   1.1   ,                2.3   ,                  4.3   ,              12.2   ,               2.0   ,                12.1   ,            3.4   ,             12.3   ,                         1.2   ,              16   ,        0.8650   ,               33.0   ,                 10967   ,
2026-02-12 13:07:25 ,         210.0   ,             50.6   ,               49.0   ,        58.7   ,                  52.0   ,                30   ,                  1055   ,                30   ,                  1057   ,           3743   ,          5   ,                        7   ,                   0   ,                    0   ,                5.6   ,                   1.1   ,                2.5   ,                  4.5   ,              12.2   ,               2.0   ,                12.1   ,            3.6   ,             12.3   ,                         1.2   ,              16   ,        0.8650   ,               33.0   ,                 10983   ,
2026-02-12 13:07:26 ,         210.0   ,             50.6   ,               48.9   ,        58.6   ,                  54.0   ,                30   ,                  1049   ,                30   ,                  1058   ,           3743   ,          5   ,                        5   ,                   0   ,                    0   ,                5.5   ,                   1.2   ,                2.3   ,                  4.4   ,              12.2   ,               2.0   ,                12.1   ,            3.5   ,             12.3   ,                         1.2   ,              16   ,        0.8700   ,               34.0   ,                 11008   ,
2026-02-12 13:07:27 ,         210.0   ,             50.6   ,               48.8   ,        58.4   ,                  52.0   ,                30   ,                  1050   ,                30   ,                  1058   ,           3743   ,          0   ,                       10   ,                   0   ,                    0   ,                5.2   ,                   1.5   ,                1.8   ,                  3.8   ,              12.2   ,               1.9   ,                12.1   ,            3.3   ,             12.3   ,                         1.2   ,              16   ,        0.8700   ,               33.0   ,                 11041   ,
2026-02-12 13:07:28 ,         210.0   ,             50.6   ,               48.6   ,        58.3   ,                  52.0   ,                30   ,                  1048   ,                30   ,                  1057   ,           3743   ,          2   ,                        6   ,                   0   ,                    0   ,                5.4   ,                   1.5   ,                1.9   ,                  3.8   ,              12.2   ,               2.0   ,                12.1   ,            3.4   ,             12.3   ,                         1.2   ,              16   ,        0.8700   ,               34.0   ,                 11045   ,
2026-02-12 13:07:29 ,         210.0   ,             50.6   ,               48.5   ,        58.2   ,                  52.0   ,                30   ,                  1053   ,                30   ,                  1058   ,           3743   ,          1   ,                        9   ,                   0   ,                    0   ,                5.2   ,                   1.4   ,                1.8   ,                  3.8   ,              12.2   ,               2.0   ,                12.1   ,            3.2   ,             12.3   ,                         1.2   ,              16   ,        0.8700   ,               34.0   ,                 11071   ,
2026-02-12 13:07:30 ,         210.0   ,             50.6   ,               48.4   ,        58.0   ,                  52.0   ,                30   ,                  1061   ,                30   ,                  1058   ,           3743   ,          2   ,                        5   ,                   0   ,                    0   ,                5.2   ,                   1.2   ,                2.0   ,                  4.0   ,              12.2   ,               2.0   ,                12.1   ,            3.3   ,             12.3   ,                         1.2   ,              16   ,        0.8700   ,               34.0   ,                 11094   ,
2026-02-12 13:07:31 ,         210.0   ,             50.6   ,               48.3   ,        57.8   ,                  52.0   ,                30   ,                  1063   ,                30   ,                  1059   ,           3743   ,          2   ,                       13   ,                   0   ,                    0   ,                5.2   ,                   1.3   ,                1.9   ,                  3.9   ,              12.2   ,               2.0   ,                12.1   ,            3.2   ,             12.3   ,                         1.2   ,              16   ,        0.8700   ,               34.0   ,                 11117   ,
2026-02-12 13:07:32 ,         210.0   ,             50.6   ,               48.2   ,        57.8   ,                  52.0   ,                30   ,                  1061   ,                30   ,                  1059   ,           3743   ,          3   ,                        5   ,                   0   ,                    0   ,                5.5   ,                   1.1   ,                2.5   ,                  4.5   ,              12.2   ,               2.0   ,                12.1   ,            3.6   ,             12.3   ,                         1.2   ,              16   ,        0.8700   ,               38.0   ,                 11210   ,
2026-02-12 13:07:33 ,         210.0   ,             50.6   ,               48.0   ,        57.6   ,                  52.0   ,                30   ,                  1058   ,                30   ,                  1059   ,           3741   ,          2   ,                        5   ,                   0   ,                    0   ,                5.3   ,                   1.2   ,                2.4   ,                  4.4   ,              12.2   ,               2.0   ,                12.1   ,            3.6   ,             12.3   ,                         1.2   ,              16   ,        0.8700   ,               36.0   ,                 11665   ,
2026-02-12 13:07:34 ,        2520.0   ,           1281.5   ,               49.1   ,        58.0   ,                  52.0   ,                30   ,                  1059   ,                30   ,                  1059   ,           3878   ,          2   ,                        0   ,                   0   ,                    0   ,               49.4   ,                  20.4   ,               22.9   ,                 29.0   ,              12.2   ,               6.1   ,                12.1   ,           43.5   ,             12.3   ,                        11.0   ,              16   ,        0.9600   ,               37.0   ,                 12088   ,
2026-02-12 13:07:35 ,        2520.0   ,           1281.5   ,               49.2   ,        58.1   ,                  54.0   ,                30   ,                  1066   ,                30   ,                  1059   ,           3988   ,          0   ,                        0   ,                   0   ,                    0   ,               48.5   ,                  19.7   ,               22.7   ,                 28.8   ,              12.2   ,               6.1   ,                12.1   ,           42.5   ,             12.3   ,                        10.8   ,              16   ,        0.9600   ,               36.0   ,                 12324   ,
2026-02-12 13:07:36 ,        2520.0   ,           1281.5   ,               49.3   ,        58.2   ,                  52.0   ,                30   ,                  1057   ,                30   ,                  1059   ,           4030   ,          1   ,                        0   ,                   0   ,                    0   ,               48.7   ,                  19.9   ,               22.7   ,                 28.7   ,              12.2   ,               6.1   ,                12.1   ,           42.6   ,             12.3   ,                        10.8   ,              16   ,        0.9600   ,               40.0   ,                 12507   ,
2026-02-12 13:07:37 ,        2520.0   ,           1281.5   ,               49.3   ,        58.1   ,                  54.0   ,                30   ,                  1048   ,                30   ,                  1058   ,           4121   ,          2   ,                        0   ,                   0   ,                    1   ,               48.8   ,                  19.9   ,               22.8   ,                 28.8   ,              12.2   ,               6.1   ,                12.1   ,           43.4   ,             12.3   ,                        11.0   ,              16   ,        0.9600   ,               41.0   ,                 12764   ,
2026-02-12 13:07:38 ,        2520.0   ,           1281.5   ,               49.3   ,        58.0   ,                  52.0   ,                30   ,                  1051   ,                30   ,                  1057   ,           4335   ,          4   ,                        0   ,                   0   ,                    2   ,               48.6   ,                  19.8   ,               22.7   ,                 28.7   ,              12.2   ,               6.0   ,                12.1   ,           42.5   ,             12.3   ,                        10.8   ,              16   ,        0.9600   ,               38.0   ,                 12901   ,
2026-02-12 13:07:39 ,        2730.0   ,           1281.5   ,               52.9   ,        59.4   ,                  54.0   ,                30   ,                  1056   ,                30   ,                  1057   ,           5619   ,        100   ,                        8   ,                   0   ,                    2   ,              144.0   ,                 103.7   ,               34.1   ,                 40.4   ,              12.1   ,               6.2   ,                12.1   ,          137.8   ,             12.2   ,                        32.0   ,               4   ,        1.0450   ,               37.0   ,                 13069   ,
2026-02-12 13:07:40 ,        2730.0   ,           1281.5   ,               56.2   ,        62.9   ,                  56.0   ,                30   ,                  1063   ,                30   ,                  1058   ,           5643   ,        100   ,                       32   ,                   0   ,                    1   ,              212.1   ,                 151.0   ,               54.4   ,                 61.1   ,              12.0   ,               6.7   ,                12.1   ,          205.4   ,             12.1   ,                        47.1   ,               4   ,        1.0500   ,               39.0   ,                 13140   ,
2026-02-12 13:07:41 ,        2730.0   ,           1281.5   ,               57.8   ,        64.7   ,                  58.0   ,                30   ,                  1068   ,                30   ,                  1059   ,           5643   ,        100   ,                       39   ,                   0   ,                    1   ,              243.5   ,                 174.0   ,               62.6   ,                 69.5   ,              12.0   ,               6.8   ,                12.1   ,          236.6   ,             12.1   ,                        54.1   ,               4   ,        1.0500   ,               39.0   ,                 13277   ,
2026-02-12 13:07:42 ,        2730.0   ,           1281.5   ,               57.9   ,        64.5   ,                  58.0   ,                30   ,                  1060   ,                30   ,                  1058   ,           5636   ,        100   ,                       41   ,                   0   ,                    1   ,              241.5   ,                 172.8   ,               61.8   ,                 68.6   ,              12.0   ,               6.8   ,                12.1   ,          234.6   ,             12.1   ,                        53.7   ,               4   ,        1.0500   ,               35.0   ,                 13249   ,
2026-02-12 13:07:43 ,        2730.0   ,           1281.5   ,               57.9   ,        64.4   ,                  58.0   ,                30   ,                  1060   ,                30   ,                  1059   ,           5636   ,        100   ,                       37   ,                   0   ,                    1   ,              223.0   ,                 156.5   ,               59.8   ,                 66.5   ,              12.0   ,               6.8   ,                12.1   ,          216.2   ,             12.1   ,                        49.6   ,               4   ,        1.0500   ,               38.0   ,                 13286   ,
2026-02-12 13:07:44 ,        2730.0   ,           1281.5   ,               58.9   ,        65.8   ,                  60.0   ,                30   ,                  1071   ,                30   ,                  1059   ,           5636   ,        100   ,                       35   ,                   0   ,                    1   ,              233.3   ,                 168.1   ,               58.5   ,                 65.2   ,              12.0   ,               6.7   ,                12.1   ,          226.6   ,             12.1   ,                        51.8   ,               4   ,        1.0500   ,               37.0   ,                 13247   ,
2026-02-12 13:07:45 ,        2715.0   ,           1281.5   ,               59.1   ,        65.9   ,                  60.0   ,                30   ,                  1070   ,                30   ,                  1060   ,           5626   ,        100   ,                       40   ,                   0   ,                    1   ,              258.4   ,                 185.5   ,               65.9   ,                 72.9   ,              12.0   ,               6.9   ,                12.1   ,          251.5   ,             12.1   ,                        57.4   ,               4   ,        1.0500   ,               37.0   ,                 13244   ,
2026-02-12 13:07:46 ,        2715.0   ,           1281.5   ,               59.3   ,        66.5   ,                  60.0   ,                30   ,                  1064   ,                30   ,                  1058   ,           5626   ,        100   ,                       39   ,                   0   ,                    1   ,              245.1   ,                 173.6   ,               64.7   ,                 71.5   ,              12.0   ,               6.9   ,                12.1   ,          238.2   ,             12.1   ,                        54.5   ,               4   ,        1.0500   ,               37.0   ,                 13238   ,
2026-02-12 13:07:47 ,        2715.0   ,           1281.5   ,               59.0   ,        65.5   ,                  60.0   ,                30   ,                  1051   ,                30   ,                  1059   ,           5626   ,        100   ,                       37   ,                   0   ,                    1   ,              242.0   ,                 173.8   ,               61.4   ,                 68.3   ,              12.0   ,               6.8   ,                12.1   ,          235.2   ,             12.1   ,                        53.8   ,               4   ,        1.0500   ,               37.0   ,                 13305   ,
2026-02-12 13:07:48 ,        2715.0   ,           1281.5   ,               59.5   ,        66.3   ,                  60.0   ,                30   ,                  1057   ,                30   ,                  1061   ,           5626   ,        100   ,                       34   ,                   0   ,                    1   ,              228.8   ,                 165.7   ,               56.4   ,                 63.1   ,              12.0   ,               6.8   ,                12.1   ,          222.1   ,             12.1   ,                        50.9   ,               4   ,        1.0500   ,               40.0   ,                 13360   ,
2026-02-12 13:07:49 ,        2715.0   ,           1281.5   ,               59.9   ,        66.9   ,                  60.0   ,                30   ,                  1068   ,                30   ,                  1059   ,           5626   ,        100   ,                       40   ,                   0   ,                    1   ,              258.5   ,                 184.5   ,               67.0   ,                 74.0   ,              12.0   ,               7.0   ,                12.1   ,          251.5   ,             12.1   ,                        57.4   ,               4   ,        1.0500   ,               38.0   ,                 13398   ,
2026-02-12 13:07:50 ,        2715.0   ,           1281.5   ,               60.5   ,        67.7   ,                  62.0   ,                30   ,                  1068   ,                30   ,                  1060   ,           5626   ,        100   ,                       40   ,                   0   ,                    1   ,              246.1   ,                 178.6   ,               60.7   ,                 67.5   ,              12.0   ,               6.8   ,                12.1   ,          239.3   ,             12.1   ,                        54.7   ,               4   ,        1.0500   ,               39.0   ,                 13350   ,
2026-02-12 13:07:51 ,        2715.0   ,           1281.5   ,               60.7   ,        67.6   ,                  62.0   ,                30   ,                  1062   ,                30   ,                  1060   ,           5625   ,        100   ,                       41   ,                   0   ,                    1   ,              249.2   ,                 180.2   ,               62.2   ,                 69.0   ,              12.0   ,               6.8   ,                12.1   ,          242.4   ,             12.1   ,                        55.4   ,               4   ,        1.0500   ,               38.0   ,                 13344   ,
2026-02-12 13:07:52 ,        2715.0   ,           1281.5   ,               60.5   ,        67.1   ,                  62.0   ,                30   ,                  1053   ,                30   ,                  1060   ,           5625   ,        100   ,                       40   ,                   0   ,                    1   ,              224.6   ,                 156.9   ,               60.9   ,                 67.7   ,              12.0   ,               6.8   ,                12.1   ,          217.8   ,             12.1   ,                        49.9   ,               4   ,        1.0500   ,               38.0   ,                 13420   ,
2026-02-12 13:07:53 ,        2715.0   ,           1281.5   ,               60.5   ,        67.5   ,                  62.0   ,                30   ,                  1067   ,                30   ,                  1059   ,           5625   ,        100   ,                       38   ,                   0   ,                    1   ,              245.8   ,                 180.7   ,               58.2   ,                 65.0   ,              12.0   ,               6.8   ,                12.1   ,          239.0   ,             12.1   ,                        54.6   ,               4   ,        1.0500   ,               38.0   ,                 13380   ,
2026-02-12 13:07:54 ,        2715.0   ,           1281.5   ,               61.4   ,        68.2   ,                  62.0   ,                30   ,                  1067   ,                30   ,                  1060   ,           5625   ,        100   ,                       41   ,                   0   ,                    1   ,              251.8   ,                 179.0   ,               65.9   ,                 72.8   ,              12.0   ,               6.9   ,                12.1   ,          244.9   ,             12.1   ,                        56.0   ,               4   ,        1.0500   ,               38.0   ,                 13377   ,
2026-02-12 13:07:55 ,        2715.0   ,           1281.5   ,               61.2   ,        68.3   ,                  62.0   ,                30   ,                  1078   ,                30   ,                  1060   ,           5625   ,        100   ,                       41   ,                   0   ,                    1   ,              242.3   ,                 173.2   ,               62.2   ,                 69.1   ,              12.0   ,               6.8   ,                12.0   ,          235.5   ,             12.1   ,                        53.8   ,               4   ,        1.0500   ,               38.0   ,                 13339   ,
2026-02-12 13:07:56 ,        2715.0   ,           1281.5   ,               61.5   ,        68.1   ,                  62.0   ,                30   ,                  1067   ,                30   ,                  1060   ,           5625   ,        100   ,                       39   ,                   0   ,                    1   ,              243.6   ,                 176.3   ,               60.4   ,                 67.3   ,              12.0   ,               6.8   ,                12.1   ,          236.7   ,             12.1   ,                        54.1   ,               4   ,        1.0500   ,               37.0   ,                 13430   ,
2026-02-12 13:07:57 ,        2715.0   ,           1281.5   ,               62.2   ,        69.6   ,                  64.0   ,                30   ,                  1071   ,                30   ,                  1058   ,           5625   ,        100   ,                       35   ,                   0   ,                    1   ,              254.6   ,                 180.7   ,               67.0   ,                 73.9   ,              12.0   ,               6.9   ,                12.1   ,          247.7   ,             12.1   ,                        56.6   ,               4   ,        1.0500   ,               37.0   ,                 13398   ,
2026-02-12 13:07:58 ,        2715.0   ,           1281.5   ,               62.3   ,        69.5   ,                  62.0   ,                30   ,                  1064   ,                30   ,                  1057   ,           5625   ,        100   ,                       40   ,                   0   ,                    1   ,              254.1   ,                 186.2   ,               61.1   ,                 67.9   ,              12.0   ,               6.8   ,                12.1   ,          247.3   ,             12.1   ,                        56.5   ,               4   ,        1.0500   ,               37.0   ,                 13488   ,
2026-02-12 13:07:59 ,        2715.0   ,           1281.5   ,               62.9   ,        70.5   ,                  64.0   ,                30   ,                  1072   ,                30   ,                  1057   ,           5625   ,        100   ,                       40   ,                   0   ,                    1   ,              247.8   ,                 174.9   ,               65.9   ,                 72.9   ,              12.0   ,               7.0   ,                12.1   ,          240.8   ,             12.1   ,                        55.1   ,               4   ,        1.0500   ,               36.0   ,                 13360   ,
2026-02-12 13:08:00 ,        2715.0   ,           1281.5   ,               62.3   ,        69.2   ,                  64.0   ,                30   ,                  1069   ,                30   ,                  1059   ,           5625   ,        100   ,                       40   ,                   0   ,                    1   ,              243.5   ,                 175.7   ,               61.0   ,                 67.8   ,              12.0   ,               6.8   ,                12.1   ,          236.7   ,             12.1   ,                        54.1   ,               4   ,        1.0500   ,               36.0   ,                 13341   ,
2026-02-12 13:08:01 ,        2715.0   ,           1281.5   ,               62.4   ,        69.2   ,                  62.0   ,                30   ,                  1071   ,                30   ,                  1059   ,           5625   ,        100   ,                       36   ,                   0   ,                    1   ,              245.1   ,                 177.4   ,               60.8   ,                 67.7   ,              12.0   ,               6.9   ,                12.1   ,          238.2   ,             12.1   ,                        54.5   ,               4   ,        1.0500   ,               38.0   ,                 13381   ,
2026-02-12 13:08:02 ,        2715.0   ,           1281.5   ,               62.4   ,        69.7   ,                  64.0   ,                30   ,                  1055   ,                30   ,                  1058   ,           5625   ,        100   ,                       39   ,                   0   ,                    1   ,              241.8   ,                 172.5   ,               62.4   ,                 69.3   ,              12.0   ,               6.9   ,                12.1   ,          234.9   ,             12.1   ,                        53.7   ,               4   ,        1.0500   ,               39.0   ,                 13316   ,
2026-02-12 13:08:03 ,        2715.0   ,           1281.5   ,               63.6   ,        70.9   ,                  64.0   ,                30   ,                  1052   ,                30   ,                  1058   ,           5625   ,        100   ,                       40   ,                   0   ,                    1   ,              253.6   ,                 183.7   ,               62.9   ,                 69.9   ,              12.0   ,               6.9   ,                12.1   ,          246.6   ,             12.1   ,                        56.3   ,               4   ,        1.0500   ,               35.0   ,                 13298   ,
2026-02-12 13:08:04 ,        2715.0   ,           1281.5   ,               63.1   ,        70.3   ,                  64.0   ,                31   ,                  1053   ,                31   ,                  1060   ,           5625   ,        100   ,                       40   ,                   0   ,                    1   ,              257.6   ,                 189.1   ,               61.6   ,                 68.4   ,              12.0   ,               6.9   ,                12.1   ,          250.7   ,             12.1   ,                        57.2   ,               4   ,        1.0500   ,               37.0   ,                 13306   ,
2026-02-12 13:08:05 ,        2715.0   ,           1281.5   ,               63.2   ,        71.1   ,                  64.0   ,                31   ,                  1068   ,                31   ,                  1059   ,           5625   ,        100   ,                       36   ,                   0   ,                    1   ,              240.4   ,                 167.5   ,               66.0   ,                 72.9   ,              12.0   ,               6.9   ,                12.1   ,          233.4   ,             12.1   ,                        53.4   ,               4   ,        1.0500   ,               38.0   ,                 13328   ,
2026-02-12 13:08:06 ,        2715.0   ,           1281.5   ,               63.6   ,        70.7   ,                  64.0   ,                32   ,                  1078   ,                32   ,                  1060   ,           5625   ,        100   ,                       37   ,                   0   ,                    1   ,              240.9   ,                 174.8   ,               57.5   ,                 64.3   ,              12.0   ,               6.8   ,                12.1   ,          232.3   ,             12.1   ,                        53.1   ,               4   ,        1.0500   ,               36.0   ,                 13324   ,
2026-02-12 13:08:07 ,        2715.0   ,           1281.5   ,               64.6   ,        72.4   ,                  66.0   ,                32   ,                  1080   ,                32   ,                  1067   ,           5625   ,        100   ,                       40   ,                   0   ,                    1   ,              256.1   ,                 188.5   ,               60.7   ,                 67.6   ,              12.0   ,               6.9   ,                12.1   ,          249.2   ,             12.1   ,                        56.9   ,               4   ,        1.0500   ,               38.0   ,                 13399   ,
2026-02-12 13:08:08 ,        2715.0   ,           1281.5   ,               64.4   ,        71.8   ,                  64.0   ,                32   ,                  1077   ,                32   ,                  1076   ,           5625   ,        100   ,                       40   ,                   0   ,                    1   ,              248.8   ,                 176.6   ,               65.3   ,                 72.3   ,              12.0   ,               7.0   ,                12.1   ,          241.9   ,             12.1   ,                        55.3   ,               4   ,        1.0500   ,               38.0   ,                 13390   ,
2026-02-12 13:08:09 ,        2715.0   ,           1281.5   ,               64.2   ,        71.4   ,                  66.0   ,                33   ,                  1082   ,                33   ,                  1086   ,           5625   ,        100   ,                       38   ,                   0   ,                    1   ,              247.1   ,                 177.1   ,               63.1   ,                 70.0   ,              12.0   ,               7.0   ,                12.1   ,          240.1   ,             12.1   ,                        54.9   ,               4   ,        1.0500   ,               34.0   ,                 13332   ,
2026-02-12 13:08:10 ,        2715.0   ,           1281.5   ,               64.2   ,        71.2   ,                  66.0   ,                33   ,                  1079   ,                33   ,                  1097   ,           5625   ,        100   ,                       36   ,                   0   ,                    1   ,              243.3   ,                 177.4   ,               59.0   ,                 66.0   ,              12.0   ,               6.9   ,                12.1   ,          236.4   ,             12.1   ,                        54.1   ,               4   ,        1.0500   ,               37.0   ,                 13357   ,
2026-02-12 13:08:11 ,        2715.0   ,           1281.5   ,               64.1   ,        71.3   ,                  66.0   ,                33   ,                  1091   ,                33   ,                  1107   ,           5625   ,        100   ,                       38   ,                   0   ,                    1   ,              243.4   ,                 173.3   ,               63.1   ,                 70.0   ,              12.0   ,               6.9   ,                12.1   ,          236.4   ,             12.1   ,                        54.1   ,               4   ,        1.0500   ,               39.0   ,                 13394   ,
2026-02-12 13:08:12 ,        2715.0   ,           1281.5   ,               64.7   ,        71.9   ,                  66.0   ,                33   ,                  1111   ,                34   ,                  1122   ,           5625   ,        100   ,                       41   ,                   0   ,                    1   ,              250.2   ,                 181.4   ,               61.8   ,                 68.8   ,              12.0   ,               7.0   ,                12.1   ,          243.2   ,             12.1   ,                        55.6   ,               4   ,        1.0500   ,               36.0   ,                 13360   ,
2026-02-12 13:08:13 ,        2715.0   ,           1281.5   ,               64.6   ,        71.8   ,                  66.0   ,                34   ,                  1131   ,                34   ,                  1135   ,           5625   ,        100   ,                       41   ,                   0   ,                    1   ,              258.3   ,                 185.3   ,               65.9   ,                 73.0   ,              12.0   ,               7.1   ,                12.1   ,          251.2   ,             12.1   ,                        57.4   ,               4   ,        1.0500   ,               37.0   ,                 13320   ,
2026-02-12 13:08:14 ,        2715.0   ,           1281.5   ,               65.1   ,        72.4   ,                  68.0   ,                34   ,                  1138   ,                34   ,                  1147   ,           5625   ,        100   ,                       39   ,                   0   ,                    1   ,              246.6   ,                 173.6   ,               66.0   ,                 73.0   ,              12.0   ,               7.1   ,                12.1   ,          239.6   ,             12.1   ,                        54.8   ,               4   ,        1.0500   ,               35.0   ,                 13317   ,
2026-02-12 13:08:15 ,        2715.0   ,           1281.5   ,               64.9   ,        72.2   ,                  66.0   ,                35   ,                  1154   ,                35   ,                  1163   ,           5625   ,        100   ,                       36   ,                   0   ,                    1   ,              231.5   ,                 166.8   ,               57.8   ,                 64.8   ,              12.0   ,               6.9   ,                12.1   ,          224.6   ,             12.1   ,                        51.5   ,               4   ,        1.0500   ,               34.0   ,                 13345   ,
2026-02-12 13:08:16 ,        2715.0   ,           1281.5   ,               66.2   ,        74.3   ,                  66.0   ,                35   ,                  1169   ,                35   ,                  1176   ,           5625   ,        100   ,                       41   ,                   0   ,                    1   ,              261.8   ,                 187.5   ,               59.9   ,                 67.0   ,              12.0   ,               7.0   ,                12.1   ,          243.1   ,             12.1   ,                        55.6   ,               4   ,        1.0500   ,               35.0   ,                 13353   ,
2026-02-12 13:08:17 ,        2715.0   ,           1281.5   ,               65.5   ,        72.8   ,                  66.0   ,                35   ,                  1186   ,                35   ,                  1192   ,           5625   ,        100   ,                       39   ,                   0   ,                    1   ,              247.6   ,                 177.4   ,               63.0   ,                 70.1   ,              12.0   ,               7.1   ,                12.1   ,          240.5   ,             12.1   ,                        55.0   ,               4   ,        1.0500   ,               35.0   ,                 13292   ,
2026-02-12 13:08:18 ,        2715.0   ,           1281.5   ,               65.9   ,        73.8   ,                  66.0   ,                35   ,                  1201   ,                35   ,                  1204   ,           5625   ,        100   ,                       40   ,                   0   ,                    1   ,              241.1   ,                 173.6   ,               60.5   ,                 67.6   ,              12.0   ,               7.0   ,                12.1   ,          234.1   ,             12.1   ,                        53.6   ,               4   ,        1.0500   ,               37.0   ,                 13289   ,
2026-02-12 13:08:19 ,        2715.0   ,           1281.5   ,               66.2   ,        74.0   ,                  66.0   ,                36   ,                  1219   ,                36   ,                  1219   ,           5625   ,        100   ,                       38   ,                   0   ,                    1   ,              250.8   ,                 182.0   ,               61.8   ,                 68.8   ,              12.0   ,               7.0   ,                12.1   ,          243.8   ,             12.1   ,                        55.7   ,               4   ,        1.0500   ,               34.0   ,                 13332   ,
2026-02-12 13:08:20 ,        2715.0   ,           1281.5   ,               65.8   ,        73.2   ,                  68.0   ,                36   ,                  1235   ,                36   ,                  1234   ,           5625   ,        100   ,                       40   ,                   0   ,                    1   ,              260.1   ,                 187.0   ,               66.0   ,                 73.2   ,              12.0   ,               7.1   ,                12.1   ,          253.0   ,             12.1   ,                        57.8   ,               4   ,        1.0500   ,               35.0   ,                 13305   ,
2026-02-12 13:08:21 ,        2715.0   ,           1281.5   ,               67.0   ,        75.2   ,                  68.0   ,                36   ,                  1248   ,                36   ,                  1250   ,           5625   ,        100   ,                       39   ,                   0   ,                    1   ,              256.3   ,                 184.1   ,               61.5   ,                 68.6   ,              12.0   ,               7.1   ,                12.1   ,          246.3   ,             12.1   ,                        56.3   ,               4   ,        1.0500   ,               35.0   ,                 13294   ,
2026-02-12 13:08:22 ,        2715.0   ,           1281.5   ,               66.2   ,        73.8   ,                  66.0   ,                37   ,                  1259   ,                37   ,                  1267   ,           5621   ,        100   ,                       39   ,                   0   ,                    1   ,              259.1   ,                 188.3   ,               63.6   ,                 70.8   ,              12.0   ,               7.2   ,                12.1   ,          251.9   ,             12.1   ,                        57.6   ,               4   ,        1.0500   ,               36.0   ,                 13279   ,
2026-02-12 13:08:23 ,        2715.0   ,           1281.5   ,               66.2   ,        73.4   ,                  68.0   ,                37   ,                  1272   ,                37   ,                  1277   ,           5621   ,        100   ,                       39   ,                   0   ,                    1   ,              248.4   ,                 176.4   ,               64.8   ,                 72.1   ,              12.0   ,               7.3   ,                12.1   ,          241.2   ,             12.1   ,                        55.2   ,               4   ,        1.0500   ,               37.0   ,                 13310   ,
2026-02-12 13:08:24 ,        2715.0   ,           1281.5   ,               66.6   ,        74.4   ,                  68.0   ,                37   ,                  1287   ,                37   ,                  1290   ,           5621   ,        100   ,                       38   ,                   0   ,                    1   ,              243.8   ,                 176.6   ,               60.0   ,                 67.2   ,              12.0   ,               7.2   ,                12.1   ,          236.6   ,             12.1   ,                        54.2   ,               4   ,        1.0500   ,               37.0   ,                 13302   ,
2026-02-12 13:08:25 ,        2715.0   ,           1281.5   ,               67.3   ,        75.3   ,                  68.0   ,                37   ,                  1298   ,                37   ,                  1300   ,           5621   ,        100   ,                       38   ,                   0   ,                    1   ,              265.3   ,                 192.1   ,               66.0   ,                 73.2   ,              12.0   ,               7.2   ,                12.1   ,          258.1   ,             12.1   ,                        59.0   ,               4   ,        1.0500   ,               35.0   ,                 13310   ,
2026-02-12 13:08:26 ,        2715.0   ,           1281.5   ,               66.6   ,        74.0   ,                  68.0   ,                37   ,                  1308   ,                37   ,                  1310   ,           5621   ,        100   ,                       42   ,                   0   ,                    1   ,              253.5   ,                 179.4   ,               66.8   ,                 74.1   ,              12.0   ,               7.3   ,                12.1   ,          246.2   ,             12.1   ,                        56.3   ,               4   ,        1.0500   ,               36.0   ,                 13344   ,
2026-02-12 13:08:27 ,        2715.0   ,           1281.5   ,               67.0   ,        74.6   ,                  68.0   ,                38   ,                  1321   ,                38   ,                  1319   ,           5621   ,        100   ,                       39   ,                   0   ,                    1   ,              251.5   ,                 181.6   ,               62.7   ,                 69.9   ,              12.0   ,               7.2   ,                12.1   ,          244.3   ,             12.1   ,                        55.9   ,               4   ,        1.0500   ,               35.0   ,                 13305   ,
2026-02-12 13:08:28 ,        2715.0   ,           1281.5   ,               67.3   ,        75.0   ,                  68.0   ,                38   ,                  1329   ,                38   ,                  1330   ,           5621   ,        100   ,                       38   ,                   0   ,                    1   ,              250.7   ,                 180.1   ,               63.3   ,                 70.5   ,              12.0   ,               7.1   ,                12.1   ,          239.7   ,             12.1   ,                        54.8   ,               4   ,        1.0500   ,               36.0   ,                 13318   ,
2026-02-12 13:08:29 ,        2715.0   ,           1281.5   ,               67.6   ,        75.7   ,                  68.0   ,                38   ,                  1340   ,                38   ,                  1339   ,           5621   ,        100   ,                       40   ,                   0   ,                    1   ,              251.7   ,                 181.8   ,               62.7   ,                 70.0   ,              12.0   ,               7.2   ,                12.1   ,          244.5   ,             12.1   ,                        55.9   ,               4   ,        1.0500   ,               36.0   ,                 13285   ,
2026-02-12 13:08:30 ,        2715.0   ,           1281.5   ,               67.7   ,        75.5   ,                  68.0   ,                38   ,                  1352   ,                38   ,                  1352   ,           5621   ,        100   ,                       40   ,                   0   ,                    1   ,              254.2   ,                 184.8   ,               62.2   ,                 69.4   ,              12.0   ,               7.2   ,                12.1   ,          247.0   ,             12.1   ,                        56.5   ,               4   ,        1.0500   ,               34.0   ,                 13285   ,
2026-02-12 13:08:31 ,        2715.0   ,           1281.5   ,               68.2   ,        76.5   ,                  68.0   ,                39   ,                  1360   ,                39   ,                  1361   ,           5621   ,        100   ,                       39   ,                   0   ,                    1   ,              250.6   ,                 176.6   ,               66.6   ,                 73.9   ,              12.0   ,               7.4   ,                12.1   ,          243.2   ,             12.1   ,                        55.7   ,               4   ,        1.0500   ,               35.0   ,                 13275   ,
2026-02-12 13:08:32 ,        2715.0   ,           1281.5   ,               67.4   ,        74.8   ,                  68.0   ,                39   ,                  1370   ,                39   ,                  1371   ,           5621   ,        100   ,                       35   ,                   0   ,                    1   ,              246.8   ,                 180.9   ,               58.8   ,                 66.0   ,              12.0   ,               7.2   ,                12.1   ,          239.6   ,             12.1   ,                        54.9   ,               4   ,        1.0500   ,               38.0   ,                 13305   ,
2026-02-12 13:08:33 ,        2715.0   ,           1281.5   ,               68.1   ,        76.2   ,                  68.0   ,                39   ,                  1377   ,                39   ,                  1381   ,           5621   ,        100   ,                       39   ,                   0   ,                    1   ,              256.0   ,                 183.7   ,               65.1   ,                 72.4   ,              12.0   ,               7.3   ,                12.1   ,          248.8   ,             12.1   ,                        56.9   ,               4   ,        1.0500   ,               38.0   ,                 13275   ,
2026-02-12 13:08:34 ,        2715.0   ,           1281.5   ,               68.4   ,        76.2   ,                  68.0   ,                39   ,                  1389   ,                39   ,                  1391   ,           5621   ,        100   ,                       39   ,                   0   ,                    1   ,              247.8   ,                 177.0   ,               63.5   ,                 70.8   ,              12.0   ,               7.3   ,                12.1   ,          240.5   ,             12.1   ,                        55.1   ,               4   ,        1.0500   ,               39.0   ,                 13288   ,
2026-02-12 13:08:35 ,        2715.0   ,           1281.5   ,               67.9   ,        75.6   ,                  70.0   ,                39   ,                  1398   ,                39   ,                  1401   ,           5621   ,        100   ,                       40   ,                   0   ,                    1   ,              250.8   ,                 180.6   ,               62.9   ,                 70.2   ,              12.0   ,               7.3   ,                12.1   ,          243.5   ,             12.1   ,                        55.7   ,               4   ,        1.0500   ,               38.0   ,                 13304   ,
2026-02-12 13:08:36 ,        2715.0   ,           1281.5   ,               67.8   ,        75.5   ,                  68.0   ,                39   ,                  1407   ,                39   ,                  1409   ,           5621   ,        100   ,                       38   ,                   0   ,                    1   ,              240.0   ,                 168.5   ,               64.2   ,                 71.5   ,              12.0   ,               7.4   ,                12.1   ,          232.6   ,             12.1   ,                        53.3   ,               4   ,        1.0500   ,               40.0   ,                 13276   ,
2026-02-12 13:08:37 ,        2715.0   ,           1281.5   ,               68.4   ,        76.3   ,                  68.0   ,                40   ,                  1416   ,                40   ,                  1418   ,           5621   ,        100   ,                       39   ,                   0   ,                    1   ,              249.9   ,                 184.0   ,               58.6   ,                 65.9   ,              12.0   ,               7.4   ,                12.1   ,          242.6   ,             12.1   ,                        55.5   ,               4   ,        1.0500   ,               37.0   ,                 13292   ,
2026-02-12 13:08:38 ,        2715.0   ,           1281.5   ,               68.8   ,        76.7   ,                  70.0   ,                40   ,                  1425   ,                40   ,                  1427   ,           5621   ,        100   ,                       41   ,                   0   ,                    1   ,              257.9   ,                 186.5   ,               64.1   ,                 71.5   ,              12.0   ,               7.4   ,                12.1   ,          250.5   ,             12.1   ,                        57.3   ,               4   ,        1.0500   ,               40.0   ,                 13273   ,
2026-02-12 13:08:39 ,        2715.0   ,           1281.5   ,               68.6   ,        76.4   ,                  68.0   ,                40   ,                  1430   ,                40   ,                  1436   ,           5621   ,        100   ,                       39   ,                   0   ,                    1   ,              256.2   ,                 185.6   ,               63.2   ,                 70.6   ,              12.0   ,               7.4   ,                12.1   ,          248.9   ,             12.1   ,                        56.9   ,               4   ,        1.0500   ,               39.0   ,                 13267   ,
2026-02-12 13:08:40 ,         780.0   ,           1281.5   ,               60.0   ,        69.8   ,                  66.0   ,                40   ,                  1440   ,                40   ,                  1443   ,           3737   ,          0   ,                        0   ,                   0   ,                    0   ,               40.8   ,                  11.8   ,               22.6   ,                 29.1   ,              12.2   ,               6.5   ,                12.1   ,           34.3   ,             12.3   ,                         9.1   ,              16   ,        0.8700   ,               39.0   ,                 11144   ,
2026-02-12 13:08:41 ,         780.0   ,           1281.5   ,               59.2   ,        69.0   ,                  64.0   ,                40   ,                  1447   ,                40   ,                  1448   ,           3753   ,          0   ,                        0   ,                   0   ,                    0   ,               40.7   ,                  11.8   ,               22.5   ,                 28.9   ,              12.2   ,               6.5   ,                12.1   ,           34.9   ,             12.3   ,                         9.2   ,              16   ,        0.8750   ,               40.0   ,                 10424   ,
2026-02-12 13:08:42 ,         210.0   ,            625.2   ,               58.4   ,        68.6   ,                  64.0   ,                40   ,                  1451   ,                40   ,                  1454   ,           3753   ,          0   ,                        0   ,                   0   ,                    0   ,               25.7   ,                   6.1   ,               13.3   ,                 19.6   ,              12.2   ,               6.3   ,                12.1   ,           19.4   ,             12.3   ,                         5.7   ,              16   ,        0.8750   ,               37.0   ,                 10422   ,
2026-02-12 13:08:43 ,         210.0   ,            625.2   ,               58.0   ,        68.1   ,                  62.0   ,                40   ,                  1453   ,                40   ,                  1455   ,           3753   ,          0   ,                        0   ,                   0   ,                    0   ,               25.6   ,                   6.0   ,               13.3   ,                 19.6   ,              12.2   ,               6.3   ,                12.1   ,           19.4   ,             12.3   ,                         5.7   ,              16   ,        0.8750   ,               40.0   ,                 10424   ,
2026-02-12 13:08:44 ,         210.0   ,            625.2   ,               57.7   ,        67.8   ,                  62.0   ,                40   ,                  1455   ,                40   ,                  1454   ,           3753   ,          0   ,                        0   ,                   0   ,                    0   ,               25.4   ,                   5.7   ,               13.4   ,                 19.7   ,              12.2   ,               6.3   ,                12.1   ,           19.2   ,             12.3   ,                         5.7   ,              16   ,        0.8750   ,               41.0   ,                 10421   ,
2026-02-12 13:08:45 ,         210.0   ,            101.3   ,               57.2   ,        67.5   ,                  62.0   ,                40   ,                  1455   ,                40   ,                  1455   ,           3753   ,          0   ,                        0   ,                   0   ,                    0   ,               18.4   ,                   5.5   ,                9.3   ,                 12.9   ,              12.2   ,               3.6   ,                12.1   ,           14.8   ,             12.3   ,                         4.1   ,              16   ,        0.8750   ,               40.0   ,                 10402   ,
2026-02-12 13:08:46 ,         210.0   ,            101.3   ,               56.7   ,        67.1   ,                  60.0   ,                40   ,                  1451   ,                40   ,                  1450   ,           3753   ,          0   ,                        8   ,                   0   ,                    0   ,                8.2   ,                   2.7   ,                2.3   ,                  5.4   ,              12.2   ,               3.2   ,                12.1   ,            5.0   ,             12.3   ,                         1.8   ,              16   ,        0.8750   ,               36.0   ,                 10412   ,
2026-02-12 13:08:47 ,         210.0   ,             50.6   ,               56.4   ,        66.8   ,                  62.0   ,                39   ,                  1445   ,                39   ,                  1446   ,           3753   ,          0   ,                        4   ,                   0   ,                    0   ,                5.7   ,                   1.6   ,                1.6   ,                  4.1   ,              12.2   ,               2.5   ,                12.1   ,            3.3   ,             12.3   ,                         1.3   ,              16   ,        0.8600   ,               37.0   ,                 10408   ,
2026-02-12 13:08:48 ,         210.0   ,             50.6   ,               56.0   ,        66.3   ,                  60.0   ,                39   ,                  1440   ,                39   ,                  1441   ,           3753   ,          0   ,                        9   ,                   0   ,                    0   ,                5.9   ,                   1.7   ,                2.3   ,                  4.7   ,              12.2   ,               2.5   ,                12.1   ,            3.8   ,             12.3   ,                         1.4   ,              16   ,        0.8600   ,               37.0   ,                 10406   ,
2026-02-12 13:08:49 ,         210.0   ,             50.6   ,               55.7   ,        66.1   ,                  60.0   ,                39   ,                  1434   ,                39   ,                  1432   ,           3753   ,          0   ,                        5   ,                   0   ,                    0   ,                5.9   ,                   1.7   ,                2.3   ,                  4.7   ,              12.2   ,               2.4   ,                12.1   ,            3.8   ,             12.3   ,                         1.4   ,              16   ,        0.8600   ,               36.0   ,                 10402   ,
2026-02-12 13:08:50 ,         210.0   ,             50.6   ,               55.4   ,        65.8   ,                  60.0   ,                38   ,                  1423   ,                38   ,                  1421   ,           3753   ,          0   ,                        6   ,                   0   ,                    0   ,                5.7   ,                   1.5   ,                2.3   ,                  4.7   ,              12.2   ,               2.4   ,                12.1   ,            3.8   ,             12.3   ,                         1.4   ,              16   ,        0.8600   ,               38.0   ,                 10400   ,
2026-02-12 13:08:51 ,         210.0   ,             50.6   ,               55.2   ,        65.5   ,                  60.0   ,                38   ,                  1412   ,                38   ,                  1409   ,           3753   ,          0   ,                       15   ,                   0   ,                    0   ,                5.7   ,                   1.6   ,                2.2   ,                  4.6   ,              12.2   ,               2.4   ,                12.1   ,            3.8   ,             12.3   ,                         1.4   ,              16   ,        0.8600   ,               37.0   ,                 10399   ,
2026-02-12 13:08:52 ,         210.0   ,             50.6   ,               54.9   ,        65.2   ,                  60.0   ,                38   ,                  1398   ,                38   ,                  1396   ,           3753   ,          0   ,                        4   ,                   0   ,                    0   ,                5.7   ,                   1.7   ,                2.1   ,                  4.4   ,              12.2   ,               2.3   ,                12.1   ,            3.8   ,             12.3   ,                         1.4   ,              16   ,        0.8600   ,               37.0   ,                 10391   ,
2026-02-12 13:08:53 ,         210.0   ,             50.6   ,               54.7   ,        65.0   ,                  58.0   ,                37   ,                  1384   ,                37   ,                  1379   ,           3753   ,          0   ,                       16   ,                   0   ,                    0   ,                5.7   ,                   1.5   ,                2.2   ,                  4.5   ,              12.2   ,               2.3   ,                12.1   ,            3.8   ,             12.3   ,                         1.4   ,              16   ,        0.8600   ,               36.0   ,                 10393   ,
2026-02-12 13:08:54 ,         210.0   ,             50.6   ,               54.4   ,        64.8   ,                  58.0   ,                37   ,                  1365   ,                37   ,                  1361   ,           3753   ,          0   ,                       10   ,                   0   ,                    0   ,                5.7   ,                   1.5   ,                2.3   ,                  4.6   ,              12.2   ,               2.3   ,                12.1   ,            3.8   ,             12.3   ,                         1.4   ,              16   ,        0.8650   ,               36.0   ,                 10384   ,
2026-02-12 13:08:55 ,         210.0   ,             50.6   ,               54.2   ,        64.5   ,                  60.0   ,                36   ,                  1348   ,                36   ,                  1344   ,           3753   ,          0   ,                       11   ,                   0   ,                    0   ,                5.5   ,                   1.5   ,                2.3   ,                  4.6   ,              12.2   ,               2.3   ,                12.1   ,            3.8   ,             12.3   ,                         1.4   ,              16   ,        0.8650   ,               35.0   ,                 10382   ,
2026-02-12 13:08:56 ,         210.0   ,             50.6   ,               54.0   ,        64.3   ,                  58.0   ,                36   ,                  1329   ,                36   ,                  1327   ,           3753   ,          0   ,                       13   ,                   0   ,                    0   ,                5.7   ,                   1.5   ,                2.4   ,                  4.6   ,              12.2   ,               2.2   ,                12.1   ,            3.9   ,             12.3   ,                         1.4   ,              16   ,        0.8650   ,               36.0   ,                 10373   ,
2026-02-12 13:08:57 ,         210.0   ,             50.6   ,               53.8   ,        63.9   ,                  58.0   ,                35   ,                  1313   ,                35   ,                  1308   ,           3753   ,          0   ,                       11   ,                   0   ,                    0   ,                8.4   ,                   1.3   ,                2.9   ,                  5.2   ,              12.2   ,               2.3   ,                12.1   ,            4.3   ,             12.3   ,                         1.5   ,              16   ,        0.8650   ,               35.0   ,                 10370   ,
2026-02-12 13:08:58 ,         210.0   ,             50.6   ,               53.5   ,        63.8   ,                  56.0   ,                35   ,                  1295   ,                35   ,                  1289   ,           3753   ,          0   ,                       10   ,                   0   ,                    0   ,                5.6   ,                   1.5   ,                2.3   ,                  4.5   ,              12.2   ,               2.2   ,                12.1   ,            3.8   ,             12.3   ,                         1.3   ,              16   ,        0.8650   ,               37.0   ,                 10367   ,
2026-02-12 13:08:59 ,         210.0   ,             50.6   ,               53.3   ,        63.6   ,                  58.0   ,                35   ,                  1277   ,                35   ,                  1270   ,           3753   ,          0   ,                        4   ,                   0   ,                    0   ,                5.5   ,                   1.6   ,                2.0   ,                  4.2   ,              12.2   ,               2.2   ,                12.1   ,            3.6   ,             12.3   ,                         1.3   ,              16   ,        0.8650   ,               36.0   ,                 10370   ,
2026-02-12 13:09:00 ,         210.0   ,             50.6   ,               53.1   ,        63.3   ,                  58.0   ,                34   ,                  1254   ,                34   ,                  1253   ,           3753   ,          1   ,                       15   ,                   0   ,                    0   ,                5.7   ,                   1.5   ,                2.1   ,                  4.3   ,              12.2   ,               2.2   ,                12.1   ,            3.6   ,             12.3   ,                         1.3   ,              16   ,        0.8650   ,               36.0   ,                 10376   ,
2026-02-12 13:09:01 ,         210.0   ,             50.6   ,               52.9   ,        63.2   ,                  58.0   ,                34   ,                  1234   ,                34   ,                  1235   ,           3753   ,          0   ,                       15   ,                   0   ,                    0   ,                5.5   ,                   1.5   ,                2.2   ,                  4.5   ,              12.2   ,               2.2   ,                12.1   ,            3.7   ,             12.3   ,                         1.3   ,              16   ,        0.8650   ,               35.0   ,                 10379   ,
2026-02-12 13:09:02 ,         210.0   ,             50.6   ,               52.7   ,        62.9   ,                  56.0   ,                34   ,                  1219   ,                34   ,                  1216   ,           3753   ,          0   ,                       17   ,                   0   ,                    0   ,                5.5   ,                   1.4   ,                2.3   ,                  4.5   ,              12.2   ,               2.2   ,                12.1   ,            3.7   ,             12.3   ,                         1.3   ,              16   ,        0.8650   ,               36.0   ,                 10378   ,
2026-02-12 13:09:03 ,         210.0   ,             50.6   ,               52.5   ,        62.8   ,                  56.0   ,                33   ,                  1202   ,                33   ,                  1199   ,           3753   ,          0   ,                       29   ,                   0   ,                    0   ,                5.3   ,                   1.3   ,                2.3   ,                  4.4   ,              12.2   ,               2.1   ,                12.1   ,            3.6   ,             12.3   ,                         1.3   ,              16   ,        0.8650   ,               37.0   ,                 10384   ,
2026-02-12 13:09:04 ,         210.0   ,             50.6   ,               52.4   ,        62.4   ,                  56.0   ,                33   ,                  1185   ,                33   ,                  1180   ,           3753   ,          0   ,                        4   ,                   0   ,                    0   ,                5.3   ,                   1.3   ,                2.3   ,                  4.4   ,              12.2   ,               2.2   ,                12.1   ,            3.6   ,             12.3   ,                         1.3   ,              16   ,        0.8650   ,               33.0   ,                 10373   ,
2026-02-12 13:09:05 ,         210.0   ,             50.6   ,               52.2   ,        62.3   ,                  56.0   ,                32   ,                  1165   ,                32   ,                  1164   ,           3753   ,          0   ,                       16   ,                   0   ,                    0   ,                5.4   ,                   1.3   ,                2.4   ,                  4.5   ,              12.2   ,               2.1   ,                12.1   ,            3.7   ,             12.3   ,                         1.3   ,              16   ,        0.8650   ,               33.0   ,                 10365   ,
2026-02-12 13:09:06 ,         210.0   ,             50.6   ,               52.0   ,        62.0   ,                  56.0   ,                32   ,                  1148   ,                32   ,                  1146   ,           3753   ,          0   ,                       13   ,                   0   ,                    0   ,                5.8   ,                   1.5   ,                2.2   ,                  4.4   ,              12.2   ,               2.1   ,                12.1   ,            3.7   ,             12.3   ,                         1.3   ,              16   ,        0.8650   ,               32.0   ,                 10365   ,
2026-02-12 13:09:07 ,         210.0   ,             50.6   ,               51.8   ,        61.8   ,                  56.0   ,                32   ,                  1133   ,                32   ,                  1128   ,           3753   ,          0   ,                       19   ,                   0   ,                    0   ,                5.8   ,                   1.4   ,                2.3   ,                  4.4   ,              12.2   ,               2.1   ,                12.1   ,            3.7   ,             12.3   ,                         1.3   ,              16   ,        0.8650   ,               32.0   ,                 10366   ,
2026-02-12 13:09:08 ,         210.0   ,             50.6   ,               51.6   ,        61.7   ,                  56.0   ,                31   ,                  1116   ,                31   ,                  1113   ,           3753   ,          0   ,                       17   ,                   0   ,                    0   ,                5.2   ,                   1.3   ,                2.2   ,                  4.3   ,              12.2   ,               2.1   ,                12.1   ,            3.6   ,             12.3   ,                         1.3   ,              16   ,        0.8650   ,               33.0   ,                 10366   ,
2026-02-12 13:09:09 ,         210.0   ,             50.6   ,               51.5   ,        61.5   ,                  56.0   ,                31   ,                  1108   ,                31   ,                  1096   ,           3753   ,          2   ,                        4   ,                   0   ,                    0   ,                5.7   ,                   1.5   ,                2.2   ,                  4.2   ,              12.2   ,               2.0   ,                12.1   ,            3.6   ,             12.3   ,                         1.3   ,              16   ,        0.8650   ,               32.0   ,                 10364   ,
2026-02-12 13:09:10 ,         210.0   ,             50.6   ,               51.3   ,        61.3   ,                  56.0   ,                31   ,                  1099   ,                31   ,                  1082   ,           3753   ,          2   ,                       10   ,                   0   ,                    0   ,                5.6   ,                   1.4   ,                2.2   ,                  4.2   ,              12.2   ,               2.0   ,                12.1   ,            3.6   ,             12.3   ,                         1.2   ,              16   ,        0.8650   ,               32.0   ,                 10361   ,
2026-02-12 13:09:11 ,         210.0   ,             50.6   ,               51.2   ,        61.1   ,                  56.0   ,                30   ,                  1078   ,                30   ,                  1068   ,           3753   ,          2   ,                       15   ,                   0   ,                    0   ,                5.7   ,                   1.3   ,                2.4   ,                  4.4   ,              12.2   ,               2.0   ,                12.1   ,            3.6   ,             12.3   ,                         1.3   ,              16   ,        0.8650   ,               33.0   ,                 10361   ,
2026-02-12 13:09:12 ,         210.0   ,             50.6   ,               51.0   ,        61.0   ,                  56.0   ,                30   ,                  1077   ,                30   ,                  1063   ,           3753   ,          2   ,                       13   ,                   0   ,                    0   ,                5.3   ,                   1.4   ,                2.3   ,                  4.3   ,              12.2   ,               2.0   ,                12.1   ,            3.7   ,             12.3   ,                         1.3   ,              16   ,        0.8650   ,               31.0   ,                 10359   ,
2026-02-12 13:09:13 ,         210.0   ,             50.6   ,               50.8   ,        60.8   ,                  54.0   ,                30   ,                  1074   ,                30   ,                  1061   ,           3753   ,          2   ,                       13   ,                   0   ,                    0   ,                5.1   ,                   1.4   ,                2.1   ,                  4.1   ,              12.2   ,               2.0   ,                12.1   ,            3.5   ,             12.3   ,                         1.2   ,              16   ,        0.8650   ,               33.0   ,                 10359   ,
2026-02-12 13:09:14 ,         210.0   ,             50.6   ,               50.7   ,        60.8   ,                  56.0   ,                30   ,                  1078   ,                30   ,                  1062   ,           3753   ,          2   ,                       18   ,                   0   ,                    0   ,                5.8   ,                   1.4   ,                2.4   ,                  4.4   ,              12.2   ,               2.0   ,                12.1   ,            3.8   ,             12.3   ,                         1.3   ,              16   ,        0.8650   ,               32.0   ,                 10358   ,
2026-02-12 13:09:15 ,         210.0   ,             50.6   ,               50.6   ,        60.6   ,                  54.0   ,                30   ,                  1074   ,                30   ,                  1061   ,           3753   ,          2   ,                        5   ,                   0   ,                    0   ,                5.3   ,                   1.3   ,                2.4   ,                  4.4   ,              12.2   ,               2.0   ,                12.1   ,            3.7   ,             12.3   ,                         1.3   ,              16   ,        0.8650   ,               33.0   ,                 10357   ,
2026-02-12 13:09:16 ,         210.0   ,             50.6   ,               50.4   ,        60.4   ,                  54.0   ,                30   ,                  1064   ,                30   ,                  1061   ,           3753   ,          2   ,                       11   ,                   0   ,                    0   ,                5.3   ,                   1.3   ,                2.4   ,                  4.4   ,              12.2   ,               2.0   ,                12.1   ,            3.7   ,             12.3   ,                         1.3   ,              16   ,        0.8650   ,               33.0   ,                 10356   ,
2026-02-12 13:09:17 ,         210.0   ,             50.6   ,               50.3   ,        60.2   ,                  54.0   ,                30   ,                  1062   ,                30   ,                  1061   ,           3753   ,          2   ,                       16   ,                   0   ,                    0   ,                5.2   ,                   1.4   ,                2.3   ,                  4.3   ,              12.2   ,               2.0   ,                12.1   ,            3.8   ,             12.3   ,                         1.3   ,              16   ,        0.8650   ,               33.0   ,                 10354   ,
2026-02-12 13:09:18 ,         210.0   ,             50.6   ,               50.2   ,        60.1   ,                  54.0   ,                30   ,                  1072   ,                30   ,                  1061   ,           3753   ,          3   ,                       18   ,                   0   ,                    0   ,                5.2   ,                   1.4   ,                2.2   ,                  4.2   ,              12.2   ,               2.0   ,                12.1   ,            3.6   ,             12.3   ,                         1.2   ,              16   ,        0.8650   ,               32.0   ,                 10352   ,
2026-02-12 13:09:19 ,         210.0   ,             50.6   ,               50.0   ,        59.8   ,                  54.0   ,                30   ,                  1074   ,                30   ,                  1061   ,           3753   ,          3   ,                       17   ,                   0   ,                    0   ,                5.2   ,                   1.5   ,                2.2   ,                  4.2   ,              12.2   ,               1.9   ,                12.1   ,            3.7   ,             12.3   ,                         1.3   ,              16   ,        0.8650   ,               32.0   ,                 10351   ,
2026-02-12 13:09:20 ,         210.0   ,             50.6   ,               49.9   ,        59.8   ,                  54.0   ,                30   ,                  1072   ,                30   ,                  1060   ,           3753   ,          3   ,                       11   ,                   0   ,                    0   ,                5.0   ,                   1.4   ,                2.2   ,                  4.2   ,              12.2   ,               1.9   ,                12.1   ,            3.6   ,             12.3   ,                         1.2   ,              16   ,        0.8650   ,               32.0   ,                 10351   ,
2026-02-12 13:09:21 ,         210.0   ,             50.6   ,               49.8   ,        59.5   ,                  52.0   ,                30   ,                  1080   ,                30   ,                  1061   ,           3753   ,          3   ,                       10   ,                   0   ,                    0   ,                5.5   ,                   1.3   ,                2.2   ,                  4.2   ,              12.2   ,               2.0   ,                12.1   ,            3.5   ,             12.3   ,                         1.2   ,              16   ,        0.8650   ,               32.0   ,                 10349   ,
2026-02-12 13:09:22 ,         210.0   ,             50.6   ,               49.6   ,        59.5   ,                  54.0   ,                30   ,                  1073   ,                30   ,                  1060   ,           3753   ,          3   ,                        9   ,                   0   ,                    0   ,                5.6   ,                   1.3   ,                2.2   ,                  4.3   ,              12.2   ,               2.0   ,                12.1   ,            3.5   ,             12.3   ,                         1.2   ,              16   ,        0.8650   ,               32.0   ,                 10348   ,
2026-02-12 13:09:23 ,         210.0   ,             50.6   ,               49.6   ,        59.3   ,                  54.0   ,                30   ,                  1074   ,                30   ,                  1061   ,           3753   ,          0   ,                       14   ,                   0   ,                    0   ,                5.6   ,                   0.7   ,                2.9   ,                  4.9   ,              12.2   ,               2.0   ,                12.1   ,            3.6   ,             12.3   ,                         1.3   ,              16   ,        0.8700   ,               32.0   ,                 10347   ,
2026-02-12 13:09:24 ,         210.0   ,             50.6   ,               49.3   ,        59.1   ,                  54.0   ,                30   ,                  1080   ,                30   ,                  1060   ,           3753   ,          2   ,                       11   ,                   0   ,                    0   ,                5.5   ,                   1.3   ,                2.1   ,                  4.1   ,              12.2   ,               2.0   ,                12.1   ,            3.5   ,             12.3   ,                         1.2   ,              16   ,        0.8700   ,               32.0   ,                 10346   ,
2026-02-12 13:09:25 ,         210.0   ,             50.6   ,               49.2   ,        59.0   ,                  52.0   ,                30   ,                  1076   ,                30   ,                  1059   ,           3753   ,          2   ,                       22   ,                   0   ,                    0   ,                5.5   ,                   1.4   ,                2.1   ,                  4.1   ,              12.2   ,               2.0   ,                12.1   ,            3.6   ,             12.3   ,                         1.2   ,              16   ,        0.8700   ,               32.0   ,                 10346   ,
2026-02-12 13:09:26 ,         210.0   ,             50.6   ,               49.1   ,        58.9   ,                  54.0   ,                30   ,                  1064   ,                30   ,                  1061   ,           3753   ,          2   ,                       14   ,                   0   ,                    0   ,                5.5   ,                   1.4   ,                2.1   ,                  4.1   ,              12.2   ,               2.0   ,                12.1   ,            3.5   ,             12.3   ,                         1.2   ,              16   ,        0.8700   ,               32.0   ,                 10346   ,
2026-02-12 13:09:27 ,         210.0   ,             50.6   ,               49.0   ,        58.7   ,                  52.0   ,                30   ,                  1069   ,                30   ,                  1059   ,           3753   ,          2   ,                       12   ,                   0   ,                    0   ,                5.5   ,                   1.4   ,                2.1   ,                  4.1   ,              12.2   ,               2.0   ,                12.1   ,            3.5   ,             12.3   ,                         1.2   ,              16   ,        0.8700   ,               31.0   ,                 10346   ,
2026-02-12 13:09:28 ,         210.0   ,             50.6   ,               48.8   ,        58.4   ,                  52.0   ,                30   ,                  1072   ,                30   ,                  1061   ,           3753   ,          3   ,                       15   ,                   0   ,                    0   ,                5.7   ,                   1.4   ,                2.3   ,                  4.3   ,              12.2   ,               2.0   ,                12.1   ,            3.7   ,             12.3   ,                         1.3   ,              16   ,        0.8700   ,               31.0   ,                 10344   ,
2026-02-12 13:09:29 ,         210.0   ,             50.6   ,               48.7   ,        58.4   ,                  52.0   ,                30   ,                  1072   ,                30   ,                  1060   ,           3753   ,          2   ,                       14   ,                   0   ,                    0   ,                5.5   ,                   1.3   ,                2.3   ,                  4.2   ,              12.2   ,               1.9   ,                12.1   ,            3.6   ,             12.3   ,                         1.2   ,              16   ,        0.8700   ,               32.0   ,                 10344   ,
2026-02-12 13:09:30 ,         210.0   ,             50.6   ,               48.6   ,        58.1   ,                  52.0   ,                30   ,                  1068   ,                30   ,                  1061   ,           3753   ,          2   ,                       20   ,                   0   ,                    0   ,                5.7   ,                   1.4   ,                2.3   ,                  4.3   ,              12.2   ,               2.0   ,                12.1   ,            3.7   ,             12.3   ,                         1.3   ,              16   ,        0.8700   ,               32.0   ,                 10343   ,
2026-02-12 13:09:31 ,         210.0   ,             50.6   ,               48.4   ,        58.0   ,                  52.0   ,                30   ,                  1075   ,                30   ,                  1060   ,           3753   ,          2   ,                       12   ,                   0   ,                    0   ,                5.7   ,                   1.4   ,                2.3   ,                  4.3   ,              12.2   ,               2.0   ,                12.1   ,            3.7   ,             12.3   ,                         1.3   ,              16   ,        0.8700   ,               31.0   ,                 10341   ,
2026-02-12 13:09:32 ,         210.0   ,             50.6   ,               48.3   ,        57.9   ,                  52.0   ,                30   ,                  1065   ,                30   ,                  1060   ,           3753   ,          2   ,                       16   ,                   0   ,                    0   ,                5.6   ,                   1.4   ,                2.3   ,                  4.3   ,              12.2   ,               2.0   ,                12.1   ,            3.7   ,             12.3   ,                         1.3   ,              16   ,        0.8700   ,               32.0   ,                 10340   ,
2026-02-12 13:09:33 ,         210.0   ,             50.6   ,               48.2   ,        57.8   ,                  52.0   ,                30   ,                  1057   ,                30   ,                  1061   ,           3753   ,          2   ,                       14   ,                   0   ,                    0   ,                5.6   ,                   1.4   ,                2.3   ,                  4.3   ,              12.2   ,               2.0   ,                12.1   ,            3.6   ,             12.3   ,                         1.2   ,              16   ,        0.8700   ,               32.0   ,                 10339   ,
2026-02-12 13:09:34 ,         210.0   ,             50.6   ,               48.0   ,        57.7   ,                  52.0   ,                30   ,                  1069   ,                30   ,                  1061   ,           3753   ,          2   ,                       13   ,                   0   ,                    0   ,                5.5   ,                   1.3   ,                2.2   ,                  4.1   ,              12.2   ,               2.0   ,                12.1   ,            3.5   ,             12.3   ,                         1.2   ,              16   ,        0.8700   ,               33.0   ,                 10339   ,
2026-02-12 13:09:35 ,         210.0   ,             50.6   ,               48.0   ,        57.5   ,                  52.0   ,                30   ,                  1066   ,                30   ,                  1061   ,           3753   ,          2   ,                        6   ,                   0   ,                    0   ,                5.6   ,                   1.4   ,                2.2   ,                  4.1   ,              12.2   ,               2.0   ,                12.1   ,            3.6   ,             12.3   ,                         1.2   ,              16   ,        0.8700   ,               33.0   ,                 10339   ,
2026-02-12 13:09:36 ,         210.0   ,             50.6   ,               47.8   ,        57.3   ,                  52.0   ,                30   ,                  1062   ,                30   ,                  1060   ,           3753   ,          2   ,                       10   ,                   0   ,                    0   ,                5.6   ,                   1.4   ,                2.3   ,                  4.2   ,              12.2   ,               1.9   ,                12.1   ,            3.7   ,             12.3   ,                         1.2   ,              16   ,        0.8700   ,               32.0   ,                 10339   ,
2026-02-12 13:09:37 ,         210.0   ,             50.6   ,               47.7   ,        57.1   ,                  52.0   ,                30   ,                  1063   ,                30   ,                  1061   ,           3753   ,          2   ,                        9   ,                   0   ,                    0   ,                5.5   ,                   1.4   ,                2.3   ,                  4.2   ,              12.2   ,               1.9   ,                12.1   ,            3.6   ,             12.3   ,                         1.2   ,              16   ,        0.8700   ,               32.0   ,                 10338   ,
2026-02-12 13:09:38 ,         210.0   ,             50.6   ,               47.6   ,        57.1   ,                  50.0   ,                30   ,                  1068   ,                30   ,                  1060   ,           3753   ,          2   ,                       13   ,                   0   ,                    0   ,                5.5   ,                   1.4   ,                2.2   ,                  4.1   ,              12.2   ,               1.9   ,                12.1   ,            3.6   ,             12.3   ,                         1.2   ,              16   ,        0.8700   ,               32.0   ,                 10338   ,
2026-02-12 13:09:39 ,         210.0   ,             50.6   ,               47.5   ,        56.9   ,                  50.0   ,                30   ,                  1073   ,                30   ,                  1060   ,           3753   ,          2   ,                       19   ,                   0   ,                    0   ,                5.4   ,                   1.3   ,                2.2   ,                  4.1   ,              12.2   ,               1.8   ,                12.1   ,            3.5   ,             12.3   ,                         1.2   ,              16   ,        0.8700   ,               31.0   ,                 10337   ,
2026-02-12 13:09:40 ,         210.0   ,             50.6   ,               47.3   ,        56.8   ,                  50.0   ,                30   ,                  1065   ,                30   ,                  1061   ,           3753   ,          2   ,                        5   ,                   0   ,                    0   ,                5.5   ,                   1.4   ,                2.2   ,                  4.1   ,              12.2   ,               1.9   ,                12.1   ,            3.6   ,             12.3   ,                         1.2   ,              16   ,        0.8700   ,               32.0   ,                 10338   ,
2026-02-12 13:09:41 ,         210.0   ,             50.6   ,               47.2   ,        56.6   ,                  50.0   ,                30   ,                  1060   ,                30   ,                  1060   ,           3753   ,          2   ,                        4   ,                   0   ,                    0   ,                5.4   ,                   1.4   ,                2.1   ,                  4.0   ,              12.2   ,               1.9   ,                12.1   ,            3.6   ,             12.3   ,                         1.2   ,              16   ,        0.8700   ,               32.0   ,                 10338   ,
2026-02-12 13:09:42 ,         210.0   ,             50.6   ,               47.1   ,        56.3   ,                  50.0   ,                30   ,                  1070   ,                30   ,                  1060   ,           3753   ,          2   ,                        6   ,                   0   ,                    0   ,                5.2   ,                   1.3   ,                2.0   ,                  3.9   ,              12.2   ,               1.9   ,                12.1   ,            3.3   ,             12.3   ,                         1.2   ,              16   ,        0.8700   ,               31.0   ,                 10337   ,
2026-02-12 13:09:43 ,         210.0   ,             50.6   ,               47.0   ,        56.3   ,                  50.0   ,                30   ,                  1076   ,                30   ,                  1061   ,           3753   ,          1   ,                        4   ,                   0   ,                    0   ,                5.3   ,                   1.4   ,                2.0   ,                  3.9   ,              12.2   ,               1.9   ,                12.1   ,            3.5   ,             12.3   ,                         1.2   ,              16   ,        0.8700   ,               31.0   ,                 10337   ,
2026-02-12 13:09:44 ,         210.0   ,             50.6   ,               46.9   ,        56.3   ,                  50.0   ,                30   ,                  1076   ,                30   ,                  1060   ,           3753   ,          0   ,                       13   ,                   0   ,                    0   ,                5.4   ,                   1.4   ,                2.1   ,                  4.0   ,              12.2   ,               1.9   ,                12.1   ,            3.5   ,             12.3   ,                         1.2   ,              16   ,        0.8700   ,               32.0   ,                 10335   ,
2026-02-12 13:09:45 ,         210.0   ,             50.6   ,               46.8   ,        56.1   ,                  50.0   ,                30   ,                  1072   ,                30   ,                  1059   ,           3753   ,          0   ,                        5   ,                   0   ,                    0   ,                5.5   ,                   1.4   ,                2.2   ,                  4.1   ,              12.2   ,               2.0   ,                12.1   ,            3.6   ,             12.3   ,                         1.2   ,              16   ,        0.8700   ,               31.0   ,                 10334   ,
2026-02-12 13:09:46 ,         210.0   ,             50.6   ,               46.7   ,        55.9   ,                  50.0   ,                30   ,                  1070   ,                30   ,                  1061   ,           3753   ,          0   ,                       15   ,                   0   ,                    0   ,                5.4   ,                   1.3   ,                2.1   ,                  4.1   ,              12.2   ,               1.9   ,                12.1   ,            3.5   ,             12.3   ,                         1.2   ,              16   ,        0.8700   ,               32.0   ,                 10332   ,
2026-02-12 13:09:47 ,         210.0   ,             50.6   ,               46.6   ,        55.8   ,                  50.0   ,                30   ,                  1075   ,                30   ,                  1060   ,           3753   ,          0   ,                        9   ,                   0   ,                    0   ,                5.4   ,                   1.3   ,                2.1   ,                  4.1   ,              12.2   ,               1.9   ,                12.1   ,            3.4   ,             12.3   ,                         1.2   ,              16   ,        0.8700   ,               32.0   ,                 10323   ,
2026-02-12 13:09:48 ,         210.0   ,             50.6   ,               46.4   ,        55.6   ,                  50.0   ,                30   ,                  1076   ,                30   ,                  1060   ,           3753   ,          0   ,                       13   ,                   0   ,                    0   ,                5.4   ,                   1.3   ,                2.1   ,                  4.1   ,              12.2   ,               2.0   ,                12.1   ,            3.5   ,             12.3   ,                         1.2   ,              16   ,        0.8700   ,               33.0   ,                 10322   ,
2026-02-12 13:09:49 ,         210.0   ,             50.6   ,               46.4   ,        55.5   ,                  50.0   ,                30   ,                  1075   ,                30   ,                  1060   ,           3753   ,          0   ,                        9   ,                   0   ,                    0   ,                5.4   ,                   1.3   ,                2.2   ,                  4.1   ,              12.2   ,               1.9   ,                12.1   ,            3.5   ,             12.3   ,                         1.2   ,              16   ,        0.8700   ,               31.0   ,                 10320   ,
2026-02-12 13:09:50 ,         210.0   ,             50.6   ,               46.2   ,        55.4   ,                  50.0   ,                30   ,                  1069   ,                30   ,                  1060   ,           3753   ,          0   ,                       15   ,                   0   ,                    0   ,                5.7   ,                   1.1   ,                2.7   ,                  4.6   ,              12.2   ,               1.9   ,                12.1   ,            3.8   ,             12.3   ,                         1.3   ,              16   ,        0.8700   ,               32.0   ,                 10319   ,
2026-02-12 13:09:51 ,         210.0   ,             50.6   ,               46.1   ,        55.3   ,                  50.0   ,                30   ,                  1064   ,                30   ,                  1059   ,           3753   ,          2   ,                        5   ,                   0   ,                    0   ,                5.4   ,                   1.3   ,                2.1   ,                  4.0   ,              12.2   ,               1.9   ,                12.1   ,            3.5   ,             12.3   ,                         1.2   ,              16   ,        0.8700   ,               31.0   ,                 10320   ,
2026-02-12 13:09:52 ,         210.0   ,             50.6   ,               46.0   ,        55.2   ,                  50.0   ,                30   ,                  1066   ,                30   ,                  1060   ,           3753   ,          2   ,                       20   ,                   0   ,                    0   ,                5.7   ,                   1.1   ,                2.7   ,                  4.6   ,              12.2   ,               1.9   ,                12.1   ,            3.8   ,             12.3   ,                         1.3   ,              16   ,        0.8700   ,               32.0   ,                 10319   ,
2026-02-12 13:09:53 ,         210.0   ,             50.6   ,               45.9   ,        55.1   ,                  48.0   ,                30   ,                  1074   ,                30   ,                  1060   ,           3753   ,          3   ,                        8   ,                   0   ,                    0   ,                5.6   ,                   1.0   ,                2.7   ,                  4.6   ,              12.2   ,               1.9   ,                12.1   ,            3.7   ,             12.3   ,                         1.2   ,              16   ,        0.8700   ,               31.0   ,                 10318   ,
2026-02-12 13:09:54 ,         210.0   ,             50.6   ,               45.8   ,        54.9   ,                  48.0   ,                30   ,                  1081   ,                30   ,                  1060   ,           3753   ,          2   ,                        5   ,                   0   ,                    0   ,                5.8   ,                   0.8   ,                3.0   ,                  5.0   ,              12.2   ,               1.9   ,                12.1   ,            3.9   ,             12.3   ,                         1.3   ,              16   ,        0.8700   ,               32.0   ,                 10318   ,
2026-02-12 13:09:55 ,         210.0   ,             50.6   ,               45.7   ,        54.8   ,                  48.0   ,                30   ,                  1076   ,                30   ,                  1060   ,           3753   ,          2   ,                       10   ,                   0   ,                    0   ,                5.9   ,                   0.9   ,                3.1   ,                  5.0   ,              12.2   ,               1.9   ,                12.1   ,            4.0   ,             12.3   ,                         1.3   ,              16   ,        0.8700   ,               32.0   ,                 10317   ,
2026-02-12 13:09:56 ,         210.0   ,             50.6   ,               45.6   ,        54.5   ,                  50.0   ,                30   ,                  1072   ,                30   ,                  1060   ,           3753   ,          2   ,                       15   ,                   0   ,                    0   ,                5.8   ,                   0.8   ,                3.1   ,                  5.0   ,              12.2   ,               1.9   ,                12.1   ,            3.9   ,             12.3   ,                         1.3   ,              16   ,        0.8700   ,               31.0   ,                 10317   ,
2026-02-12 13:09:57 ,         210.0   ,             50.6   ,               45.5   ,        54.6   ,                  48.0   ,                30   ,                  1073   ,                30   ,                  1060   ,           3753   ,          2   ,                       13   ,                   0   ,                    0   ,                5.6   ,                   0.7   ,                3.0   ,                  4.9   ,              12.2   ,               1.9   ,                12.1   ,            3.8   ,             12.3   ,                         1.3   ,              16   ,        0.8700   ,               32.0   ,                 10317   ,
2026-02-12 13:09:58 ,         210.0   ,             50.6   ,               45.4   ,        54.4   ,                  48.0   ,                30   ,                  1077   ,                30   ,                  1060   ,           3753   ,          2   ,                       24   ,                   0   ,                    0   ,                5.7   ,                   0.8   ,                3.0   ,                  4.9   ,              12.2   ,               1.9   ,                12.1   ,            3.8   ,             12.3   ,                         1.3   ,              16   ,        0.8700   ,               31.0   ,                 10317   ,
2026-02-12 13:09:59 ,         210.0   ,             50.6   ,               45.3   ,        54.3   ,                  48.0   ,                30   ,                  1073   ,                30   ,                  1059   ,           3753   ,          2   ,                       19   ,                   0   ,                    0   ,                5.7   ,                   0.9   ,                3.0   ,                  4.8   ,              12.2   ,               1.8   ,                12.1   ,            3.9   ,             12.3   ,                         1.3   ,              16   ,        0.8700   ,               31.0   ,                 10316   ,
2026-02-12 13:10:00 ,         210.0   ,             50.6   ,               45.2   ,        54.2   ,                  48.0   ,                30   ,                  1070   ,                30   ,                  1059   ,           3753   ,          2   ,                       10   ,                   0   ,                    0   ,                5.7   ,                   0.9   ,                2.9   ,                  4.8   ,              12.2   ,               1.9   ,                12.1   ,            3.8   ,             12.3   ,                         1.3   ,              16   ,        0.8700   ,               32.0   ,                 10314   ,
2026-02-12 13:10:01 ,         210.0   ,             50.6   ,               45.1   ,        53.9   ,                  48.0   ,                30   ,                  1062   ,                30   ,                  1059   ,           3753   ,          3   ,                       14   ,                   0   ,                    0   ,                5.9   ,                   1.0   ,                3.0   ,                  4.9   ,              12.2   ,               1.9   ,                12.1   ,            4.0   ,             12.3   ,                         1.3   ,              16   ,        0.8700   ,               32.0   ,                 10312   ,
2026-02-12 13:10:02 ,         210.0   ,             50.6   ,               45.0   ,        53.9   ,                  48.0   ,                30   ,                  1079   ,                30   ,                  1058   ,           3753   ,          2   ,                       11   ,                   0   ,                    0   ,                5.9   ,                   0.6   ,                3.4   ,                  5.3   ,              12.2   ,               1.9   ,                12.1   ,            4.0   ,             12.3   ,                         1.3   ,              16   ,        0.8700   ,               32.0   ,                 10312   ,
2026-02-12 13:10:03 ,         210.0   ,             50.6   ,               44.9   ,        53.8   ,                  48.0   ,                30   ,                  1080   ,                30   ,                  1059   ,           3753   ,          2   ,                       17   ,                   0   ,                    0   ,                6.0   ,                   0.5   ,                3.5   ,                  5.4   ,              12.2   ,               1.9   ,                12.1   ,            4.1   ,             12.3   ,                         1.3   ,              16   ,        0.8700   ,               31.0   ,                 10311   ,
2026-02-12 13:10:04 ,         210.0   ,             50.6   ,               44.8   ,        53.7   ,                  48.0   ,                30   ,                  1073   ,                30   ,                  1060   ,           3753   ,          2   ,                       14   ,                   0   ,                    0   ,                6.0   ,                   0.6   ,                3.5   ,                  5.5   ,              12.2   ,               1.9   ,                12.1   ,            4.1   ,             12.3   ,                         1.3   ,              16   ,        0.8700   ,               32.0   ,                 10310   ,
2026-02-12 13:10:05 ,         210.0   ,             50.6   ,               44.7   ,        53.5   ,                  46.0   ,                30   ,                  1072   ,                30   ,                  1059   ,           3753   ,          2   ,                        8   ,                   0   ,                    0   ,                6.0   ,                   0.7   ,                3.4   ,                  5.4   ,              12.2   ,               2.0   ,                12.1   ,            4.1   ,             12.3   ,                         1.3   ,              16   ,        0.8700   ,               31.0   ,                 10310   ,
2026-02-12 13:10:06 ,         210.0   ,             50.6   ,               44.6   ,        53.4   ,                  48.0   ,                30   ,                  1075   ,                30   ,                  1061   ,           3753   ,          2   ,                        5   ,                   0   ,                    0   ,                6.2   ,                   0.8   ,                3.4   ,                  5.4   ,              12.2   ,               2.0   ,                12.1   ,            4.3   ,             12.3   ,                         1.4   ,              16   ,        0.8700   ,               32.0   ,                 10304   ,
2026-02-12 13:10:07 ,         210.0   ,             50.6   ,               44.5   ,        53.3   ,                  48.0   ,                30   ,                  1059   ,                30   ,                  1058   ,           3753   ,          2   ,                       13   ,                   0   ,                    0   ,                6.1   ,                   0.8   ,                3.4   ,                  5.3   ,              12.2   ,               1.9   ,                12.1   ,            4.2   ,             12.3   ,                         1.4   ,              16   ,        0.8700   ,               32.0   ,                 10303   ,
2026-02-12 13:10:08 ,         210.0   ,             50.6   ,               44.4   ,        53.3   ,                  48.0   ,                30   ,                  1053   ,                30   ,                  1059   ,           3753   ,          2   ,                       10   ,                   0   ,                    0   ,                6.2   ,                   0.7   ,                3.6   ,                  5.5   ,              12.2   ,               2.0   ,                12.1   ,            4.3   ,             12.3   ,                         1.4   ,              16   ,        0.8700   ,               33.0   ,                 10301   ,
2026-02-12 13:10:09 ,         210.0   ,             50.6   ,               44.3   ,        53.1   ,                  48.0   ,                30   ,                  1052   ,                30   ,                  1058   ,           3753   ,          2   ,                       15   ,                   0   ,                    0   ,                6.0   ,                   0.6   ,                3.5   ,                  5.5   ,              12.2   ,               2.0   ,                12.1   ,            4.0   ,             12.3   ,                         1.3   ,              16   ,        0.8700   ,               32.0   ,                 10299   ,
2026-02-12 13:10:10 ,         210.0   ,             50.6   ,               44.2   ,        53.0   ,                  48.0   ,                30   ,                  1066   ,                30   ,                  1059   ,           3753   ,          3   ,                       25   ,                   0   ,                    0   ,                6.0   ,                   0.8   ,                3.3   ,                  5.2   ,              12.2   ,               1.9   ,                12.1   ,            4.1   ,             12.3   ,                         1.3   ,              16   ,        0.8700   ,               31.0   ,                 10299   ,
2026-02-12 13:10:11 ,         210.0   ,             50.6   ,               44.1   ,        52.8   ,                  46.0   ,                30   ,                  1069   ,                30   ,                  1059   ,           3753   ,          2   ,                       24   ,                   0   ,                    0   ,                6.2   ,                   0.7   ,                3.5   ,                  5.4   ,              12.2   ,               1.9   ,                12.1   ,            4.3   ,             12.3   ,                         1.4   ,              16   ,        0.8700   ,               31.0   ,                 10298   ,
2026-02-12 13:10:12 ,         210.0   ,             50.6   ,               44.0   ,        52.8   ,                  46.0   ,                30   ,                  1077   ,                30   ,                  1059   ,           3753   ,          2   ,                        8   ,                   0   ,                    0   ,                6.1   ,                   0.7   ,                3.5   ,                  5.4   ,              12.2   ,               1.9   ,                12.1   ,            4.2   ,             12.3   ,                         1.4   ,              16   ,        0.8700   ,               31.0   ,                 10297   ,
2026-02-12 13:10:13 ,         210.0   ,             50.6   ,               43.9   ,        52.7   ,                  46.0   ,                30   ,                  1074   ,                30   ,                  1059   ,           3753   ,          3   ,                       21   ,                   0   ,                    0   ,                5.9   ,                   0.8   ,                3.2   ,                  5.0   ,              12.2   ,               1.9   ,                12.1   ,            4.0   ,             12.3   ,                         1.3   ,              16   ,        0.8700   ,               31.0   ,                 10297   ,
2026-02-12 13:10:14 ,         210.0   ,             50.6   ,               43.8   ,        52.5   ,                  48.0   ,                30   ,                  1068   ,                30   ,                  1059   ,           3753   ,          3   ,                       22   ,                   0   ,                    0   ,                5.8   ,                   1.0   ,                3.1   ,                  4.9   ,              12.2   ,               1.8   ,                12.1   ,            4.0   ,             12.3   ,                         1.3   ,              16   ,        0.8700   ,               31.0   ,                 10296   ,
2026-02-12 13:10:15 ,         210.0   ,             50.6   ,               43.7   ,        52.4   ,                  46.0   ,                30   ,                  1065   ,                30   ,                  1059   ,           3753   ,          3   ,                       21   ,                   0   ,                    0   ,                5.9   ,                   0.9   ,                3.1   ,                  5.0   ,              12.2   ,               1.9   ,                12.1   ,            4.0   ,             12.3   ,                         1.3   ,              16   ,        0.8700   ,               32.0   ,                 10295   ,
2026-02-12 13:10:16 ,         210.0   ,             50.6   ,               43.6   ,        52.4   ,                  46.0   ,                30   ,                  1056   ,                30   ,                  1059   ,           3753   ,          3   ,                        7   ,                   0   ,                    0   ,                6.0   ,                   0.9   ,                3.2   ,                  5.1   ,              12.2   ,               1.9   ,                12.1   ,            4.1   ,             12.3   ,                         1.3   ,              16   ,        0.8700   ,               31.0   ,                 10295   ,
2026-02-12 13:10:17 ,         210.0   ,             50.6   ,               43.6   ,        52.2   ,                  46.0   ,                30   ,                  1065   ,                30   ,                  1060   ,           3753   ,          3   ,                        5   ,                   0   ,                    0   ,                6.1   ,                   1.0   ,                3.2   ,                  5.1   ,              12.2   ,               1.9   ,                12.1   ,            4.3   ,             12.3   ,                         1.4   ,              16   ,        0.8700   ,               31.0   ,                 10295   ,
2026-02-12 13:10:18 ,         210.0   ,             50.6   ,               43.5   ,        52.0   ,                  46.0   ,                30   ,                  1067   ,                30   ,                  1060   ,           3753   ,          3   ,                        5   ,                   0   ,                    0   ,                6.0   ,                   1.0   ,                3.2   ,                  5.1   ,              12.2   ,               1.9   ,                12.1   ,            4.1   ,             12.3   ,                         1.3   ,              16   ,        0.8700   ,               31.0   ,                 10295   ,
2026-02-12 13:10:19 ,         210.0   ,             50.6   ,               43.4   ,        52.0   ,                  46.0   ,                30   ,                  1066   ,                30   ,                  1059   ,           3753   ,          3   ,                       14   ,                   0   ,                    0   ,                5.9   ,                   0.8   ,                3.2   ,                  5.1   ,              12.2   ,               1.8   ,                12.1   ,            4.1   ,             12.3   ,                         1.3   ,              16   ,        0.8700   ,               31.0   ,                 10294   ,
2026-02-12 13:10:20 ,         210.0   ,             50.6   ,               43.3   ,        51.9   ,                  46.0   ,                30   ,                  1076   ,                30   ,                  1059   ,           3753   ,          3   ,                       15   ,                   0   ,                    0   ,                5.9   ,                   0.7   ,                3.3   ,                  5.2   ,              12.2   ,               1.9   ,                12.1   ,            4.0   ,             12.3   ,                         1.3   ,              16   ,        0.8700   ,               31.0   ,                 10294   ,
2026-02-12 13:10:21 ,         210.0   ,             50.6   ,               43.2   ,        51.7   ,                  46.0   ,                30   ,                  1077   ,                30   ,                  1059   ,           3753   ,          3   ,                        7   ,                   0   ,                    0   ,                6.0   ,                   0.8   ,                3.3   ,                  5.2   ,              12.2   ,               1.9   ,                12.1   ,            4.1   ,             12.3   ,                         1.3   ,              16   ,        0.8700   ,               31.0   ,                 10294   ,
2026-02-12 13:10:22 ,         210.0   ,             50.6   ,               43.1   ,        51.7   ,                  46.0   ,                30   ,                  1071   ,                30   ,                  1058   ,           3753   ,          3   ,                        9   ,                   0   ,                    0   ,                6.1   ,                   0.4   ,                3.8   ,                  5.7   ,              12.2   ,               1.9   ,                12.1   ,            4.2   ,             12.3   ,                         1.3   ,              16   ,        0.8700   ,               32.0   ,                 10294   ,
2026-02-12 13:10:23 ,         210.0   ,             50.6   ,               43.0   ,        51.5   ,                  46.0   ,                30   ,                  1056   ,                30   ,                  1059   ,           3753   ,          3   ,                       10   ,                   0   ,                    0   ,                6.1   ,                   0.5   ,                3.7   ,                  5.6   ,              12.2   ,               1.9   ,                12.1   ,            4.2   ,             12.3   ,                         1.4   ,              16   ,        0.8700   ,               31.0   ,                 10292   ,
2026-02-12 13:10:24 ,         210.0   ,             50.6   ,               42.9   ,        51.5   ,                  46.0   ,                30   ,                  1059   ,                30   ,                  1060   ,           3753   ,          3   ,                        5   ,                   0   ,                    0   ,                5.9   ,                   0.8   ,                3.2   ,                  5.1   ,              12.2   ,               1.9   ,                12.1   ,            4.0   ,             12.3   ,                         1.3   ,              16   ,        0.8700   ,               32.0   ,                 10291   ,
2026-02-12 13:10:25 ,         210.0   ,             50.6   ,               42.8   ,        51.4   ,                  46.0   ,                30   ,                  1065   ,                30   ,                  1059   ,           3753   ,          3   ,                        6   ,                   0   ,                    0   ,                5.8   ,                   0.7   ,                3.2   ,                  5.1   ,              12.2   ,               1.9   ,                12.1   ,            3.9   ,             12.3   ,                         1.3   ,              16   ,        0.8700   ,               32.0   ,                 10287   ,
2026-02-12 13:10:26 ,         210.0   ,             50.6   ,               42.7   ,        51.3   ,                  44.0   ,                30   ,                  1076   ,                30   ,                  1060   ,           3753   ,          1   ,                       13   ,                   0   ,                    0   ,                5.5   ,                   1.1   ,                2.5   ,                  4.3   ,              12.2   ,               1.9   ,                12.1   ,            3.6   ,             12.3   ,                         1.2   ,              16   ,        0.8700   ,               31.0   ,                 10286   ,
2026-02-12 13:10:27 ,         210.0   ,             50.6   ,               42.6   ,        51.3   ,                  44.0   ,                30   ,                  1074   ,                30   ,                  1058   ,           3753   ,          3   ,                       11   ,                   0   ,                    0   ,                6.2   ,                   0.6   ,                3.7   ,                  5.5   ,              12.2   ,               1.8   ,                12.1   ,            4.4   ,             12.3   ,                         1.4   ,              16   ,        0.8700   ,               31.0   ,                 10288   ,
2026-02-12 13:10:28 ,         210.0   ,             50.6   ,               42.6   ,        51.2   ,                  44.0   ,                30   ,                  1062   ,                30   ,                  1058   ,           3753   ,          2   ,                        7   ,                   0   ,                    0   ,                5.9   ,                   0.8   ,                3.3   ,                  5.1   ,              12.2   ,               1.8   ,                12.1   ,            3.5   ,             12.3   ,                         1.2   ,              16   ,        0.8700   ,               33.0   ,                 10287   ,
2026-02-12 13:10:29 ,         210.0   ,             50.6   ,               42.5   ,        51.1   ,                  46.0   ,                30   ,                  1068   ,                30   ,                  1057   ,           3753   ,          2   ,                       10   ,                   0   ,                    0   ,                5.0   ,                   1.4   ,                1.7   ,                  3.6   ,              12.2   ,               1.8   ,                12.1   ,            3.1   ,             12.3   ,                         1.1   ,              16   ,        0.8700   ,               32.0   ,                 10286   ,
2026-02-12 13:10:30 ,         210.0   ,             50.6   ,               42.4   ,        50.9   ,                  46.0   ,                30   ,                  1061   ,                30   ,                  1059   ,           3753   ,          2   ,                       10   ,                   0   ,                    0   ,                4.9   ,                   1.3   ,                1.7   ,                  3.6   ,              12.2   ,               1.8   ,                12.1   ,            3.1   ,             12.3   ,                         1.1   ,              16   ,        0.8700   ,               32.0   ,                 10284   ,
2026-02-12 13:10:31 ,         210.0   ,             50.6   ,               42.3   ,        50.9   ,                  46.0   ,                30   ,                  1071   ,                30   ,                  1059   ,           3753   ,          2   ,                        4   ,                   0   ,                    0   ,                4.9   ,                   1.3   ,                1.7   ,                  3.6   ,              12.2   ,               1.9   ,                12.1   ,            3.0   ,             12.3   ,                         1.1   ,              16   ,        0.8700   ,               32.0   ,                 10283   ,
2026-02-12 13:10:32 ,         210.0   ,             50.6   ,               42.2   ,        50.8   ,                  44.0   ,                30   ,                  1071   ,                30   ,                  1059   ,           3753   ,          2   ,                       10   ,                   0   ,                    0   ,                5.0   ,                   1.4   ,                1.8   ,                  3.7   ,              12.2   ,               1.9   ,                12.1   ,            3.1   ,             12.3   ,                         1.1   ,              16   ,        0.8700   ,               32.0   ,                 10280   ,
2026-02-12 13:10:33 ,         210.0   ,             50.6   ,               42.1   ,        50.6   ,                  44.0   ,                30   ,                  1074   ,                30   ,                  1059   ,           3753   ,          2   ,                        9   ,                   0   ,                    0   ,                5.1   ,                   1.3   ,                1.9   ,                  3.8   ,              12.2   ,               1.9   ,                12.1   ,            3.1   ,             12.3   ,                         1.1   ,              16   ,        0.8700   ,               31.0   ,                 10278   ,
2026-02-12 13:10:34 ,         210.0   ,             50.6   ,               42.0   ,        50.5   ,                  44.0   ,                30   ,                  1064   ,                30   ,                  1058   ,           3753   ,          2   ,                       13   ,                   0   ,                    0   ,                5.0   ,                   1.3   ,                1.8   ,                  3.6   ,              12.2   ,               1.8   ,                12.1   ,            3.1   ,             12.3   ,                         1.1   ,              16   ,        0.8700   ,               31.0   ,                 10276   ,
2026-02-12 13:10:35 ,         210.0   ,             50.6   ,               42.0   ,        50.4   ,                  44.0   ,                30   ,                  1054   ,                30   ,                  1057   ,           3753   ,          2   ,                        9   ,                   0   ,                    0   ,                5.1   ,                   1.5   ,                1.7   ,                  3.6   ,              12.2   ,               1.9   ,                12.1   ,            3.2   ,             12.3   ,                         1.1   ,              16   ,        0.8700   ,               32.0   ,                 10275   ,
2026-02-12 13:10:36 ,         210.0   ,             50.6   ,               41.9   ,        50.3   ,                  44.0   ,                30   ,                  1065   ,                30   ,                  1057   ,           3753   ,          2   ,                       10   ,                   0   ,                    0   ,                5.1   ,                   1.4   ,                1.7   ,                  3.7   ,              12.2   ,               1.9   ,                12.1   ,            3.2   ,             12.3   ,                         1.1   ,              16   ,        0.8700   ,               32.0   ,                 10275   ,
2026-02-12 13:10:37 ,         210.0   ,             50.6   ,               41.8   ,        50.2   ,                  44.0   ,                30   ,                  1071   ,                30   ,                  1058   ,           3753   ,          2   ,                       13   ,                   0   ,                    0   ,                5.0   ,                   1.4   ,                1.7   ,                  3.6   ,              12.2   ,               1.9   ,                12.1   ,            3.1   ,             12.3   ,                         1.1   ,              16   ,        0.8700   ,               31.0   ,                 10273   ,
2026-02-12 13:10:38 ,         210.0   ,             50.6   ,               41.7   ,        50.0   ,                  44.0   ,                30   ,                  1061   ,                30   ,                  1059   ,           3753   ,          2   ,                        9   ,                   0   ,                    0   ,                5.0   ,                   1.5   ,                1.6   ,                  3.5   ,              12.2   ,               1.9   ,                12.1   ,            3.1   ,             12.3   ,                         1.1   ,              16   ,        0.8700   ,               32.0   ,                 10270   ,
2026-02-12 13:10:39 ,         210.0   ,             50.6   ,               41.6   ,        50.2   ,                  44.0   ,                30   ,                  1072   ,                30   ,                  1058   ,           3753   ,          2   ,                       13   ,                   0   ,                    0   ,                4.9   ,                   1.3   ,                1.7   ,                  3.6   ,              12.2   ,               1.8   ,                12.1   ,            3.1   ,             12.3   ,                         1.1   ,              16   ,        0.8700   ,               32.0   ,                 10271   ,
2026-02-12 13:10:40 ,         210.0   ,             50.6   ,               41.6   ,        50.0   ,                  44.0   ,                30   ,                  1068   ,                30   ,                  1059   ,           3753   ,          2   ,                       17   ,                   0   ,                    0   ,                5.0   ,                   1.3   ,                1.8   ,                  3.7   ,              12.2   ,               1.9   ,                12.1   ,            3.2   ,             12.3   ,                         1.1   ,              16   ,        0.8700   ,               33.0   ,                 10271   ,
2026-02-12 13:10:41 ,         210.0   ,             50.6   ,               41.5   ,        49.9   ,                  44.0   ,                30   ,                  1066   ,                30   ,                  1058   ,           3753   ,          2   ,                       17   ,                   0   ,                    0   ,                5.0   ,                   1.3   ,                1.8   ,                  3.7   ,              12.2   ,               1.9   ,                12.1   ,            3.2   ,             12.3   ,                         1.1   ,              16   ,        0.8700   ,               33.0   ,                 10270   ,
2026-02-12 13:10:42 ,         210.0   ,             50.6   ,               41.4   ,        49.9   ,                  44.0   ,                30   ,                  1079   ,                30   ,                  1059   ,           3753   ,          2   ,                       18   ,                   0   ,                    0   ,                5.0   ,                   1.3   ,                1.8   ,                  3.7   ,              12.2   ,               1.9   ,                12.1   ,            3.1   ,             12.3   ,                         1.1   ,              16   ,        0.8700   ,               32.0   ,                 10270   ,
2026-02-12 13:10:43 ,         210.0   ,             50.6   ,               41.3   ,        49.8   ,                  44.0   ,                30   ,                  1075   ,                30   ,                  1058   ,           3753   ,          2   ,                       27   ,                   0   ,                    0   ,                5.0   ,                   1.4   ,                1.8   ,                  3.7   ,              12.2   ,               1.9   ,                12.1   ,            3.2   ,             12.3   ,                         1.1   ,              16   ,        0.8700   ,               32.0   ,                 10270   ,
2026-02-12 13:10:44 ,         210.0   ,             50.6   ,               41.2   ,        49.7   ,                  42.0   ,                30   ,                  1071   ,                30   ,                  1059   ,           3753   ,          2   ,                       15   ,                   0   ,                    0   ,                4.9   ,                   1.4   ,                1.7   ,                  3.5   ,              12.2   ,               1.8   ,                12.1   ,            3.1   ,             12.3   ,                         1.1   ,              16   ,        0.8700   ,               32.0   ,                 10268   ,
2026-02-12 13:10:45 ,         210.0   ,             50.6   ,               41.2   ,        49.6   ,                  44.0   ,                30   ,                  1076   ,                30   ,                  1058   ,           3753   ,          2   ,                       15   ,                   0   ,                    0   ,                5.0   ,                   1.3   ,                1.8   ,                  3.7   ,              12.2   ,               1.9   ,                12.1   ,            3.1   ,             12.3   ,                         1.1   ,              16   ,        0.8700   ,               32.0   ,                 10266   ,
2026-02-12 13:10:46 ,         210.0   ,             50.6   ,               41.1   ,        49.3   ,                  42.0   ,                30   ,                  1065   ,                30   ,                  1057   ,           3753   ,          3   ,                       10   ,                   0   ,                    0   ,                5.0   ,                   1.4   ,                1.8   ,                  3.7   ,              12.2   ,               1.9   ,                12.1   ,            3.2   ,             12.3   ,                         1.1   ,              16   ,        0.8700   ,               32.0   ,                 10265   ,
2026-02-12 13:10:47 ,         210.0   ,             50.6   ,               41.0   ,        49.3   ,                  44.0   ,                30   ,                  1075   ,                30   ,                  1058   ,           3753   ,          2   ,                       14   ,                   0   ,                    0   ,                5.0   ,                   1.3   ,                1.8   ,                  3.6   ,              12.2   ,               1.8   ,                12.1   ,            3.2   ,             12.3   ,                         1.1   ,              16   ,        0.8700   ,               32.0   ,                 10264   ,
2026-02-12 13:10:48 ,         210.0   ,             50.6   ,               41.0   ,        49.3   ,                  42.0   ,                30   ,                  1068   ,                30   ,                  1059   ,           3753   ,          2   ,                       13   ,                   0   ,                    0   ,                5.0   ,                   1.2   ,                2.0   ,                  3.8   ,              12.2   ,               1.9   ,                12.1   ,            3.2   ,             12.3   ,                         1.1   ,              16   ,        0.8700   ,               31.0   ,                 10264   ,
2026-02-12 13:10:49 ,         210.0   ,             50.6   ,               40.9   ,        49.3   ,                  44.0   ,                30   ,                  1061   ,                30   ,                  1059   ,           3753   ,          2   ,                        5   ,                   0   ,                    0   ,                4.9   ,                   1.2   ,                1.9   ,                  3.6   ,              12.2   ,               1.8   ,                12.1   ,            3.1   ,             12.3   ,                         1.1   ,              16   ,        0.8700   ,               32.0   ,                 10261   ,
2026-02-12 13:10:50 ,         210.0   ,             50.6   ,               40.8   ,        49.2   ,                  42.0   ,                30   ,                  1077   ,                30   ,                  1059   ,           3753   ,          2   ,                        6   ,                   0   ,                    0   ,                4.9   ,                   1.2   ,                1.9   ,                  3.7   ,              12.2   ,               1.8   ,                12.1   ,            3.1   ,             12.3   ,                         1.1   ,              16   ,        0.8700   ,               32.0   ,                 10261   ,
2026-02-12 13:10:51 ,         210.0   ,             50.6   ,               40.7   ,        49.1   ,                  42.0   ,                30   ,                  1074   ,                30   ,                  1060   ,           3753   ,          2   ,                       20   ,                   0   ,                    0   ,                4.8   ,                   1.3   ,                1.8   ,                  3.6   ,              12.2   ,               1.8   ,                12.1   ,            3.1   ,             12.3   ,                         1.1   ,              16   ,        0.8700   ,               31.0   ,                 10259   ,
2026-02-12 13:10:52 ,         210.0   ,             50.6   ,               40.6   ,        49.0   ,                  42.0   ,                30   ,                  1075   ,                30   ,                  1059   ,           3753   ,          2   ,                       15   ,                   0   ,                    0   ,                4.9   ,                   1.4   ,                1.7   ,                  3.5   ,              12.2   ,               1.8   ,                12.1   ,            3.1   ,             12.3   ,                         1.1   ,              16   ,        0.8700   ,               32.0   ,                 10264   ,
2026-02-12 13:10:53 ,         210.0   ,             50.6   ,               40.6   ,        48.9   ,                  42.0   ,                30   ,                  1079   ,                30   ,                  1059   ,           3753   ,          3   ,                       17   ,                   0   ,                    0   ,                4.9   ,                   1.5   ,                1.6   ,                  3.3   ,              12.2   ,               1.8   ,                12.1   ,            3.1   ,             12.3   ,                         1.1   ,              16   ,        0.8700   ,               32.0   ,                 10267   ,
2026-02-12 13:10:54 ,         210.0   ,             50.6   ,               40.5   ,        48.8   ,                  44.0   ,                30   ,                  1075   ,                30   ,                  1058   ,           3753   ,          2   ,                       12   ,                   0   ,                    0   ,                4.9   ,                   1.4   ,                1.7   ,                  3.4   ,              12.2   ,               1.8   ,                12.1   ,            3.1   ,             12.3   ,                         1.1   ,              16   ,        0.8700   ,               37.0   ,                 10284   ,
2026-02-12 13:10:55 ,         210.0   ,             50.6   ,               40.4   ,        48.7   ,                  42.0   ,                30   ,                  1073   ,                30   ,                  1059   ,           3753   ,          2   ,                       11   ,                   0   ,                    0   ,                5.1   ,                   1.4   ,                1.8   ,                  3.7   ,              12.2   ,               1.9   ,                12.1   ,            3.2   ,             12.3   ,                         1.1   ,              16   ,        0.8700   ,               31.0   ,                 10299   ,
2026-02-12 13:10:56 ,         210.0   ,             50.6   ,               40.4   ,        48.6   ,                  42.0   ,                30   ,                  1070   ,                30   ,                  1060   ,           3753   ,          2   ,                       11   ,                   0   ,                    0   ,                5.0   ,                   1.2   ,                2.0   ,                  3.8   ,              12.2   ,               1.8   ,                12.1   ,            3.2   ,             12.3   ,                         1.1   ,              16   ,        0.8700   ,               33.0   ,                 10293   ,
2026-02-12 13:10:57 ,         210.0   ,             50.6   ,               40.3   ,        48.5   ,                  44.0   ,                30   ,                  1069   ,                30   ,                  1059   ,           3753   ,          3   ,                       20   ,                   0   ,                    0   ,                4.9   ,                   1.3   ,                1.9   ,                  3.7   ,              12.2   ,               1.8   ,                12.1   ,            3.2   ,             12.3   ,                         1.1   ,              16   ,        0.8700   ,               32.0   ,                 10291   ,
2026-02-12 13:10:58 ,         210.0   ,             50.6   ,               40.2   ,        48.5   ,                  42.0   ,                30   ,                  1069   ,                30   ,                  1059   ,           3753   ,          2   ,                       27   ,                   0   ,                    0   ,                5.7   ,                   1.1   ,                2.8   ,                  4.6   ,              12.2   ,               1.8   ,                12.1   ,            3.9   ,             12.3   ,                         1.3   ,              16   ,        0.8700   ,               33.0   ,                 10289   ,
2026-02-12 13:10:59 ,         210.0   ,             50.6   ,               40.2   ,        48.3   ,                  42.0   ,                30   ,                  1068   ,                30   ,                  1059   ,           3753   ,          0   ,                       12   ,                   0   ,                    0   ,                5.9   ,                   0.9   ,                3.2   ,                  5.0   ,              12.2   ,               1.9   ,                12.1   ,            4.0   ,             12.3   ,                         1.3   ,              16   ,        0.8700   ,               33.0   ,                 10293   ,
2026-02-12 13:11:00 ,         210.0   ,             50.6   ,               40.1   ,        48.4   ,                  42.0   ,                30   ,                  1064   ,                30   ,                  1058   ,           3753   ,          1   ,                       16   ,                   0   ,                    0   ,                5.8   ,                   0.8   ,                3.2   ,                  5.0   ,              12.2   ,               1.8   ,                12.1   ,            4.1   ,             12.3   ,                         1.3   ,              16   ,        0.8700   ,               31.0   ,                 10290   ,
2026-02-12 13:11:01 ,         210.0   ,             50.6   ,               40.0   ,        48.3   ,                  42.0   ,                30   ,                  1066   ,                30   ,                  1058   ,           3753   ,          0   ,                       20   ,                   0   ,                    0   ,                6.0   ,                   0.9   ,                3.2   ,                  5.1   ,              12.2   ,               1.9   ,                12.1   ,            4.1   ,             12.3   ,                         1.3   ,              16   ,        0.8700   ,               32.0   ,                 10288   ,
2026-02-12 13:11:02 ,         210.0   ,             50.6   ,               40.0   ,        48.2   ,                  42.0   ,                30   ,                  1068   ,                30   ,                  1058   ,           3753   ,          0   ,                       12   ,                   0   ,                    0   ,                6.2   ,                   0.9   ,                3.5   ,                  5.3   ,              12.2   ,               1.8   ,                12.1   ,            4.4   ,             12.3   ,                         1.4   ,              16   ,        0.8700   ,               33.0   ,                 10285   ,
2026-02-12 13:11:03 ,         210.0   ,             50.6   ,               39.9   ,        48.1   ,                  42.0   ,                30   ,                  1066   ,                30   ,                  1058   ,           3753   ,          0   ,                       12   ,                   0   ,                    0   ,                5.8   ,                   0.9   ,                3.2   ,                  4.9   ,              12.2   ,               1.7   ,                12.1   ,            4.1   ,             12.3   ,                         1.3   ,              16   ,        0.8700   ,               33.0   ,                 10283   ,
2026-02-12 13:11:04 ,         210.0   ,             50.6   ,               39.8   ,        48.1   ,                  42.0   ,                30   ,                  1055   ,                30   ,                  1057   ,           3753   ,          0   ,                        5   ,                   0   ,                    0   ,                5.9   ,                   0.7   ,                3.4   ,                  5.2   ,              12.2   ,               1.8   ,                12.1   ,            4.1   ,             12.3   ,                         1.3   ,              16   ,        0.8700   ,               32.0   ,                 10279   ,
2026-02-12 13:11:05 ,         210.0   ,             50.6   ,               39.7   ,        47.9   ,                  42.0   ,                30   ,                  1059   ,                30   ,                  1058   ,           3753   ,          0   ,                       18   ,                   0   ,                    0   ,                6.1   ,                   0.8   ,                3.5   ,                  5.3   ,              12.2   ,               1.8   ,                12.1   ,            4.3   ,             12.3   ,                         1.4   ,              16   ,        0.8700   ,               32.0   ,                 10277   ,
2026-02-12 13:11:06 ,         210.0   ,             50.6   ,               39.7   ,        47.8   ,                  42.0   ,                30   ,                  1075   ,                30   ,                  1058   ,           3753   ,          0   ,                       12   ,                   0   ,                    0   ,                6.0   ,                   0.9   ,                3.3   ,                  5.1   ,              12.2   ,               1.8   ,                12.1   ,            4.2   ,             12.3   ,                         1.3   ,              16   ,        0.8700   ,               31.0   ,                 10276   ,
2026-02-12 13:11:07 ,         210.0   ,             50.6   ,               39.6   ,        47.8   ,                  42.0   ,                30   ,                  1063   ,                30   ,                  1058   ,           3753   ,          0   ,                        9   ,                   0   ,                    0   ,                6.1   ,                   0.7   ,                3.5   ,                  5.4   ,              12.2   ,               1.9   ,                12.1   ,            4.2   ,             12.3   ,                         1.4   ,              16   ,        0.8700   ,               32.0   ,                 10269   ,
2026-02-12 13:11:08 ,         210.0   ,             50.6   ,               39.5   ,        47.8   ,                  42.0   ,                30   ,                  1058   ,                30   ,                  1058   ,           3753   ,          0   ,                       20   ,                   0   ,                    0   ,                6.0   ,                   0.7   ,                3.4   ,                  5.3   ,              12.2   ,               1.9   ,                12.1   ,            4.1   ,             12.3   ,                         1.3   ,              16   ,        0.8700   ,               32.0   ,                 10267   ,
2026-02-12 13:11:09 ,         210.0   ,             50.6   ,               39.5   ,        47.7   ,                  40.0   ,                30   ,                  1052   ,                30   ,                  1058   ,           3753   ,          0   ,                       11   ,                   0   ,                    0   ,                6.1   ,                   0.8   ,                3.4   ,                  5.3   ,              12.2   ,               1.9   ,                12.1   ,            4.2   ,             12.3   ,                         1.4   ,              16   ,        0.8700   ,               31.0   ,                 10263   ,
2026-02-12 13:11:10 ,         210.0   ,             50.6   ,               39.4   ,        47.6   ,                  40.0   ,                30   ,                  1063   ,                30   ,                  1058   ,           3753   ,          0   ,                        7   ,                   0   ,                    0   ,                6.1   ,                   0.6   ,                3.6   ,                  5.5   ,              12.2   ,               1.9   ,                12.1   ,            4.2   ,             12.3   ,                         1.4   ,              16   ,        0.8750   ,               31.0   ,                 10261   ,
2026-02-12 13:11:11 ,         210.0   ,             50.6   ,               39.3   ,        47.4   ,                  40.0   ,                30   ,                  1059   ,                30   ,                  1057   ,           3753   ,          0   ,                        4   ,                   0   ,                    0   ,                6.1   ,                   0.6   ,                3.6   ,                  5.5   ,              12.2   ,               1.9   ,                12.1   ,            4.3   ,             12.3   ,                         1.4   ,              16   ,        0.8750   ,               32.0   ,                 10260   ,
2026-02-12 13:11:12 ,         210.0   ,             50.6   ,               39.3   ,        47.4   ,                  40.0   ,                30   ,                  1064   ,                30   ,                  1057   ,           3753   ,          0   ,                        4   ,                   0   ,                    0   ,                6.1   ,                   0.7   ,                3.4   ,                  5.4   ,              12.2   ,               1.9   ,                12.1   ,            4.2   ,             12.3   ,                         1.4   ,              16   ,        0.8750   ,               32.0   ,                 10257   ,
2026-02-12 13:11:13 ,         210.0   ,             50.6   ,               39.2   ,        47.4   ,                  40.0   ,                30   ,                  1066   ,                30   ,                  1058   ,           3753   ,          2   ,                        8   ,                   0   ,                    0   ,                5.1   ,                   1.5   ,                1.8   ,                  3.6   ,              12.2   ,               1.8   ,                12.1   ,            3.3   ,             12.3   ,                         1.1   ,              16   ,        0.8750   ,               31.0   ,                 10255   ,
2026-02-12 13:11:14 ,         210.0   ,             50.6   ,               39.2   ,        47.3   ,                  40.0   ,                30   ,                  1063   ,                30   ,                  1056   ,           3753   ,          2   ,                        4   ,                   0   ,                    0   ,                5.1   ,                   1.5   ,                1.8   ,                  3.6   ,              12.2   ,               1.8   ,                12.1   ,            3.3   ,             12.3   ,                         1.1   ,              16   ,        0.8750   ,               31.0   ,                 10253   ,
2026-02-12 13:11:15 ,         210.0   ,             50.6   ,               39.0   ,        47.2   ,                  40.0   ,                30   ,                  1060   ,                30   ,                  1057   ,           3753   ,          2   ,                       16   ,                   0   ,                    0   ,                5.1   ,                   1.5   ,                1.7   ,                  3.6   ,              12.2   ,               1.9   ,                12.1   ,            3.2   ,             12.3   ,                         1.1   ,              16   ,        0.8750   ,               32.0   ,                 10250   ,
2026-02-12 13:11:16 ,         210.0   ,             50.6   ,               39.0   ,        47.2   ,                  40.0   ,                30   ,                  1055   ,                30   ,                  1057   ,           3753   ,          2   ,                        4   ,                   0   ,                    0   ,                5.0   ,                   1.5   ,                1.6   ,                  3.5   ,              12.2   ,               1.9   ,                12.1   ,            3.1   ,             12.3   ,                         1.1   ,              16   ,        0.8750   ,               32.0   ,                 10249   ,
2026-02-12 13:11:17 ,         210.0   ,             50.6   ,               39.0   ,        47.1   ,                  40.0   ,                30   ,                  1049   ,                30   ,                  1057   ,           3753   ,          2   ,                       15   ,                   0   ,                    0   ,                5.0   ,                   1.4   ,                1.8   ,                  3.6   ,              12.2   ,               1.8   ,                12.1   ,            3.2   ,             12.3   ,                         1.1   ,              16   ,        0.8750   ,               32.0   ,                 10247   ,
2026-02-12 13:11:18 ,         210.0   ,             50.6   ,               38.9   ,        46.9   ,                  40.0   ,                30   ,                  1061   ,                30   ,                  1057   ,           3753   ,          2   ,                       13   ,                   0   ,                    0   ,                5.1   ,                   1.5   ,                1.8   ,                  3.7   ,              12.2   ,               1.8   ,                12.1   ,            3.3   ,             12.3   ,                         1.1   ,              16   ,        0.8750   ,               32.0   ,                 10246   ,
2026-02-12 13:11:19 ,         210.0   ,             50.6   ,               38.8   ,        46.9   ,                  40.0   ,                30   ,                  1068   ,                30   ,                  1057   ,           3753   ,          2   ,                        9   ,                   0   ,                    0   ,                5.1   ,                   1.5   ,                1.8   ,                  3.6   ,              12.2   ,               1.9   ,                12.1   ,            3.2   ,             12.3   ,                         1.1   ,              16   ,        0.8750   ,               32.0   ,                 10252   ,
2026-02-12 13:11:20 ,         210.0   ,             50.6   ,               38.7   ,        47.0   ,                  40.0   ,                30   ,                  1068   ,                30   ,                  1058   ,           3753   ,          2   ,                        9   ,                   0   ,                    0   ,                5.0   ,                   1.4   ,                1.8   ,                  3.6   ,              12.2   ,               1.9   ,                12.1   ,            3.2   ,             12.3   ,                         1.1   ,              16   ,        0.8750   ,               31.0   ,                 10248   ,
2026-02-12 13:11:21 ,         210.0   ,             50.6   ,               38.7   ,        46.8   ,                  40.0   ,                30   ,                  1065   ,                30   ,                  1058   ,           3753   ,          2   ,                        4   ,                   0   ,                    0   ,                5.4   ,                   1.4   ,                2.2   ,                  4.1   ,              12.2   ,               1.8   ,                12.1   ,            3.6   ,             12.3   ,                         1.2   ,              16   ,        0.8750   ,               30.0   ,                 10240   ,
2026-02-12 13:11:22 ,         210.0   ,             50.6   ,               38.6   ,        46.7   ,                  40.0   ,                30   ,                  1062   ,                30   ,                  1057   ,           3753   ,          2   ,                       11   ,                   0   ,                    0   ,                5.3   ,                   1.3   ,                2.2   ,                  4.0   ,              12.2   ,               1.8   ,                12.1   ,            3.5   ,             12.3   ,                         1.2   ,              16   ,        0.8750   ,               29.0   ,                 10244   ,
2026-02-12 13:11:23 ,         780.0   ,           1281.5   ,               39.3   ,        47.0   ,                  42.0   ,                30   ,                  1071   ,                30   ,                  1057   ,           3770   ,          3   ,                        1   ,                   0   ,                    0   ,               36.1   ,                   7.4   ,               22.8   ,                 28.7   ,              12.2   ,               5.8   ,                12.1   ,           30.2   ,             12.3   ,                         8.0   ,              16   ,        0.8900   ,               36.0   ,                 10311   ,
2026-02-12 13:11:24 ,         780.0   ,           1281.5   ,               39.4   ,        47.1   ,                  42.0   ,                30   ,                  1077   ,                30   ,                  1056   ,           3910   ,          3   ,                        0   ,                   0   ,                    1   ,               35.7   ,                   7.0   ,               22.8   ,                 28.6   ,              12.2   ,               5.8   ,                12.1   ,           29.9   ,             12.3   ,                         7.9   ,              16   ,        0.8900   ,               29.0   ,                 10463   ,
2026-02-12 13:11:25 ,         210.0   ,            101.3   ,               39.0   ,        47.0   ,                  42.0   ,                30   ,                  1077   ,                30   ,                  1057   ,           3864   ,          3   ,                        3   ,                   0   ,                    0   ,               15.1   ,                   2.9   ,                9.7   ,                 12.3   ,              12.3   ,               2.6   ,                12.1   ,           12.6   ,             12.3   ,                         3.4   ,              16   ,        0.8900   ,               28.0   ,                 10457   ,
2026-02-12 13:11:26 ,         210.0   ,             50.6   ,               38.8   ,        46.8   ,                  40.0   ,                30   ,                  1080   ,                30   ,                  1056   ,           3927   ,          9   ,                        3   ,                   0   ,                    5   ,               10.4   ,                   2.2   ,                5.5   ,                  8.1   ,              12.2   ,               2.6   ,                12.1   ,            7.7   ,             12.3   ,                         2.3   ,              16   ,        0.8750   ,               28.0   ,                 10444   ,
2026-02-12 13:11:27 ,         210.0   ,             50.6   ,               38.6   ,        46.7   ,                  40.0   ,                30   ,                  1080   ,                30   ,                  1057   ,           3896   ,         34   ,                        8   ,                   0   ,                   24   ,                8.0   ,                   0.3   ,                5.8   ,                  7.8   ,              12.2   ,               2.0   ,                12.1   ,            6.0   ,             12.3   ,                         1.8   ,              16   ,        0.8750   ,               29.0   ,                 10434   ,
2026-02-12 13:11:28 ,         210.0   ,             50.6   ,               38.5   ,        46.6   ,                  40.0   ,                30   ,                  1086   ,                30   ,                  1057   ,           3895   ,          3   ,                        6   ,                   0   ,                    0   ,                5.7   ,                   1.1   ,                2.8   ,                  4.6   ,              12.2   ,               1.8   ,                12.1   ,            3.8   ,             12.3   ,                         1.3   ,              16   ,        0.8750   ,               29.0   ,                 10512   ,
2026-02-12 13:11:29 ,         210.0   ,             50.6   ,               38.4   ,        46.4   ,                  40.0   ,                30   ,                  1086   ,                30   ,                  1058   ,           3896   ,          6   ,                        3   ,                   0   ,                    0   ,                5.6   ,                   0.4   ,                3.4   ,                  5.2   ,              12.2   ,               1.8   ,                12.1   ,            3.8   ,             12.3   ,                         1.2   ,              16   ,        0.8750   ,               28.0   ,                 10517   ,
2026-02-12 13:11:30 ,         210.0   ,             50.6   ,               38.4   ,        46.5   ,                  40.0   ,                30   ,                  1082   ,                30   ,                  1058   ,           3905   ,          9   ,                        5   ,                   0   ,                    1   ,                6.7   ,                   0.4   ,                4.4   ,                  7.8   ,              12.2   ,               1.9   ,                12.1   ,            6.7   ,             12.3   ,                         1.9   ,              16   ,        0.8750   ,               36.0   ,                 10536   ,
2026-02-12 13:11:31 ,         210.0   ,             50.6   ,               38.3   ,        46.5   ,                  40.0   ,                30   ,                  1084   ,                30   ,                  1057   ,           3900   ,          4   ,                        2   ,                   0   ,                    0   ,                6.2   ,                   0.5   ,                3.9   ,                  5.8   ,              12.2   ,               1.9   ,                12.1   ,            4.3   ,             12.3   ,                         1.4   ,              16   ,        0.8750   ,               29.0   ,                 10526   ,
2026-02-12 13:11:32 ,         210.0   ,             50.6   ,               38.3   ,        46.4   ,                  40.0   ,                30   ,                  1087   ,                30   ,                  1057   ,           3900   ,          3   ,                        2   ,                   0   ,                    0   ,                6.2   ,                   0.8   ,                3.6   ,                  5.5   ,              12.3   ,               1.9   ,                12.1   ,            3.7   ,             12.3   ,                         1.2   ,              16   ,        0.8750   ,               28.0   ,                 10500   ,
2026-02-12 13:11:33 ,         210.0   ,             50.6   ,               38.2   ,        46.2   ,                  38.0   ,                30   ,                  1083   ,                30   ,                  1056   ,           3900   ,          4   ,                        3   ,                   0   ,                    0   ,                6.0   ,                   0.8   ,                3.4   ,                  5.3   ,              12.2   ,               1.9   ,                12.1   ,            4.2   ,             12.3   ,                         1.3   ,              16   ,        0.8750   ,               29.0   ,                 10498   ,
2026-02-12 13:11:34 ,         210.0   ,             50.6   ,               38.1   ,        46.2   ,                  40.0   ,                30   ,                  1085   ,                30   ,                  1057   ,           3900   ,          4   ,                        3   ,                   0   ,                    0   ,                5.8   ,                   0.8   ,                3.1   ,                  5.0   ,              12.2   ,               1.9   ,                12.1   ,            3.9   ,             12.3   ,                         1.3   ,              16   ,        0.8750   ,               29.0   ,                 10492   ,
2026-02-12 13:11:35 ,         210.0   ,             50.6   ,               38.1   ,        46.1   ,                  40.0   ,                30   ,                  1081   ,                30   ,                  1057   ,           3900   ,          7   ,                        2   ,                   0   ,                    1   ,                6.3   ,                   0.5   ,                3.9   ,                  5.8   ,              12.2   ,               1.8   ,                12.1   ,            4.8   ,             12.3   ,                         1.5   ,              16   ,        0.8750   ,               29.0   ,                 10495   ,
2026-02-12 13:11:36 ,         210.0   ,             50.6   ,               38.1   ,        46.1   ,                  40.0   ,                30   ,                  1078   ,                30   ,                  1057   ,           3904   ,         11   ,                       13   ,                   0   ,                    1   ,                8.2   ,                   0.9   ,                5.4   ,                  7.3   ,              12.2   ,               1.9   ,                12.1   ,            6.3   ,             12.3   ,                         1.8   ,              16   ,        0.8750   ,               34.0   ,                 10493   ,
2026-02-12 13:11:37 ,         210.0   ,             50.6   ,               37.9   ,        45.9   ,                  40.0   ,                30   ,                  1051   ,                30   ,                  1055   ,           3900   ,          2   ,                        0   ,                   0   ,                    0   ,                5.5   ,                   1.0   ,                2.7   ,                  4.6   ,              12.2   ,               1.8   ,                12.1   ,            3.7   ,             12.3   ,                         1.2   ,              16   ,        0.8750   ,               28.0   ,                 10493   ,
2026-02-12 13:11:38 ,         210.0   ,             50.6   ,               37.9   ,        46.0   ,                  38.0   ,                30   ,                  1049   ,                30   ,                  1052   ,           3895   ,          3   ,                        0   ,                   0   ,                    0   ,                5.7   ,                   1.0   ,                2.7   ,                  4.6   ,              12.2   ,               1.9   ,                12.1   ,            3.8   ,             12.3   ,                         1.3   ,              16   ,        0.8750   ,               28.0   ,                 10493   ,
2026-02-12 13:11:39 ,         210.0   ,             50.6   ,               38.0   ,        45.8   ,                  40.0   ,                30   ,                  1048   ,                30   ,                  1051   ,           3973   ,         10   ,                        6   ,                   0   ,                    1   ,                7.5   ,                   1.5   ,                8.7   ,                 10.6   ,              12.3   ,               1.9   ,                12.1   ,            9.9   ,             12.3   ,                         2.6   ,              16   ,        0.8750   ,               29.0   ,                 10413   ,
2026-02-12 13:11:40 ,         210.0   ,             50.6   ,               37.8   ,        45.8   ,                  38.0   ,                30   ,                  1046   ,                30   ,                  1051   ,           3910   ,          2   ,                        8   ,                   0   ,                    0   ,                5.5   ,                   1.4   ,                3.0   ,                  4.9   ,              12.2   ,               1.9   ,                12.1   ,            4.1   ,             12.3   ,                         1.3   ,              16   ,        0.8750   ,               28.0   ,                 10422   ,
2026-02-12 13:11:41 ,         210.0   ,             50.6   ,               37.7   ,        45.7   ,                  40.0   ,                30   ,                  1048   ,                30   ,                  1051   ,           3832   ,          3   ,                       15   ,                   0   ,                    0   ,                6.4   ,                   1.0   ,                3.5   ,                  5.4   ,              12.2   ,               1.9   ,                12.1   ,            4.5   ,             12.3   ,                         1.4   ,              16   ,        0.8750   ,               29.0   ,                 10427   ,
2026-02-12 13:11:42 ,         210.0   ,             50.6   ,               37.6   ,        45.6   ,                  40.0   ,                30   ,                  1045   ,                30   ,                  1052   ,           3831   ,          2   ,                       12   ,                   0   ,                    0   ,                5.4   ,                   1.3   ,                2.3   ,                  4.2   ,              12.2   ,               1.9   ,                12.1   ,            3.6   ,             12.3   ,                         1.2   ,              16   ,        0.8750   ,               30.0   ,                 10423   ,
2026-02-12 13:11:43 ,         210.0   ,             50.6   ,               37.6   ,        45.7   ,                  40.0   ,                30   ,                  1045   ,                30   ,                  1052   ,           3798   ,          6   ,                       15   ,                   0   ,                    1   ,                6.2   ,                   0.8   ,                3.5   ,                  5.4   ,              12.2   ,               1.9   ,                12.1   ,            4.3   ,             12.3   ,                         1.4   ,              16   ,        0.8750   ,               29.0   ,                 10418   ,
2026-02-12 13:11:44 ,         210.0   ,             50.6   ,               37.5   ,        45.5   ,                  40.0   ,                30   ,                  1046   ,                30   ,                  1053   ,           3798   ,          2   ,                       31   ,                   0   ,                    0   ,                5.7   ,                   1.4   ,                2.4   ,                  4.3   ,              12.2   ,               1.9   ,                12.1   ,            3.8   ,             12.3   ,                         1.3   ,              16   ,        0.8750   ,               31.0   ,                 10424   ,
2026-02-12 13:11:45 ,         210.0   ,             50.6   ,               37.4   ,        45.4   ,                  38.0   ,                30   ,                  1046   ,                30   ,                  1053   ,           3798   ,          3   ,                       18   ,                   0   ,                    0   ,                5.8   ,                   1.4   ,                2.5   ,                  4.4   ,              12.2   ,               1.9   ,                12.1   ,            3.9   ,             12.3   ,                         1.3   ,              16   ,        0.8750   ,               28.0   ,                 10418   ,
2026-02-12 13:11:46 ,         210.0   ,             50.6   ,               37.4   ,        45.4   ,                  38.0   ,                30   ,                  1046   ,                30   ,                  1053   ,           3789   ,          5   ,                       11   ,                   0   ,                    1   ,                6.9   ,                   0.7   ,                4.4   ,                  6.2   ,              12.3   ,               1.8   ,                12.1   ,            5.1   ,             12.3   ,                         1.5   ,              16   ,        0.8750   ,               29.0   ,                 10423   ,
2026-02-12 13:11:47 ,         210.0   ,             50.6   ,               37.4   ,        45.3   ,                  40.0   ,                30   ,                  1044   ,                30   ,                  1054   ,           3789   ,          7   ,                        2   ,                   0   ,                    1   ,                6.8   ,                   0.8   ,                4.1   ,                  6.0   ,              12.2   ,               1.9   ,                12.1   ,            4.9   ,             12.3   ,                         1.5   ,              16   ,        0.8750   ,               28.0   ,                 10452   ,
2026-02-12 13:11:48 ,         210.0   ,             50.6   ,               37.3   ,        45.2   ,                  40.0   ,                30   ,                  1047   ,                30   ,                  1051   ,           3789   ,          3   ,                        3   ,                   0   ,                    0   ,                5.5   ,                   1.0   ,                2.7   ,                  4.5   ,              12.2   ,               1.8   ,                12.1   ,            3.7   ,             12.3   ,                         1.2   ,              16   ,        0.8750   ,               31.0   ,                 10481   ,
2026-02-12 13:11:49 ,         210.0   ,             50.6   ,               37.1   ,        45.2   ,                  40.0   ,                30   ,                  1046   ,                30   ,                  1052   ,           3789   ,          2   ,                        3   ,                   0   ,                    0   ,                5.5   ,                   1.3   ,                2.4   ,                  4.2   ,              12.2   ,               1.8   ,                12.1   ,            3.7   ,             12.3   ,                         1.2   ,              16   ,        0.8750   ,               28.0   ,                 10467   ,
2026-02-12 13:11:50 ,         210.0   ,             50.6   ,               37.1   ,        45.2   ,                  38.0   ,                30   ,                  1043   ,                30   ,                  1053   ,           3789   ,          3   ,                        7   ,                   0   ,                    0   ,                6.7   ,                   0.6   ,                4.2   ,                  6.1   ,              12.2   ,               1.8   ,                12.1   ,            4.8   ,             12.3   ,                         1.5   ,              16   ,        0.8750   ,               28.0   ,                 10429   ,
2026-02-12 13:11:51 ,         210.0   ,             50.6   ,               37.0   ,        45.1   ,                  38.0   ,                30   ,                  1044   ,                30   ,                  1052   ,           3789   ,          6   ,                        8   ,                   0   ,                    1   ,                5.5   ,                   1.3   ,                2.5   ,                  4.2   ,              12.2   ,               1.8   ,                12.1   ,            3.7   ,             12.3   ,                         1.2   ,              16   ,        0.8750   ,               28.0   ,                 10437   ,
2026-02-12 13:11:52 ,         210.0   ,             50.6   ,               37.0   ,        44.8   ,                  38.0   ,                30   ,                  1045   ,                30   ,                  1051   ,           3789   ,          3   ,                       17   ,                   0   ,                    0   ,                5.5   ,                   1.4   ,                2.2   ,                  4.1   ,              12.2   ,               1.8   ,                12.1   ,            3.6   ,             12.3   ,                         1.2   ,              16   ,        0.8750   ,               29.0   ,                 10399   ,
2026-02-12 13:11:53 ,         210.0   ,             50.6   ,               36.9   ,        44.9   ,                  38.0   ,                30   ,                  1044   ,                30   ,                  1050   ,           3789   ,          7   ,                        3   ,                   0   ,                    2   ,                5.4   ,                   1.4   ,                2.2   ,                  4.1   ,              12.2   ,               1.8   ,                12.1   ,            3.6   ,             12.3   ,                         1.2   ,              16   ,        0.8750   ,               31.0   ,                 10405   ,
2026-02-12 13:11:54 ,         210.0   ,             50.6   ,               36.8   ,        44.8   ,                  38.0   ,                30   ,                  1045   ,                30   ,                  1052   ,           3777   ,          9   ,                        8   ,                   0   ,                    2   ,                6.3   ,                   0.5   ,                3.9   ,                  5.8   ,              12.2   ,               1.8   ,                12.1   ,            4.4   ,             12.3   ,                         1.4   ,              16   ,        0.8750   ,               28.0   ,                 10416   ,
2026-02-12 13:11:55 ,         210.0   ,             50.6   ,               36.8   ,        44.8   ,                  38.0   ,                30   ,                  1046   ,                30   ,                  1052   ,           3777   ,          7   ,                        4   ,                   0   ,                    2   ,                5.9   ,                   1.0   ,                3.1   ,                  4.9   ,              12.2   ,               1.8   ,                12.1   ,            4.1   ,             12.3   ,                         1.3   ,              16   ,        0.8750   ,               29.0   ,                 10413   ,
2026-02-12 13:11:56 ,         210.0   ,             50.6   ,               36.7   ,        44.7   ,                  40.0   ,                30   ,                  1044   ,                30   ,                  1050   ,           3777   ,          3   ,                        8   ,                   0   ,                    0   ,                6.5   ,                   0.7   ,                3.9   ,                  5.8   ,              12.2   ,               1.9   ,                12.1   ,            4.6   ,             12.3   ,                         1.4   ,              16   ,        0.8750   ,               29.0   ,                 10412   ,
2026-02-12 13:11:57 ,         210.0   ,             50.6   ,               36.6   ,        44.6   ,                  38.0   ,                30   ,                  1045   ,                30   ,                  1052   ,           3777   ,          1   ,                        4   ,                   0   ,                    0   ,                5.4   ,                   1.2   ,                2.4   ,                  4.3   ,              12.2   ,               1.8   ,                12.1   ,            3.6   ,             12.3   ,                         1.2   ,              16   ,        0.8750   ,               29.0   ,                 10409   ,
2026-02-12 13:11:58 ,         210.0   ,             50.6   ,               36.6   ,        44.6   ,                  38.0   ,                30   ,                  1046   ,                30   ,                  1053   ,           3778   ,          1   ,                        3   ,                   0   ,                    0   ,                6.0   ,                   0.5   ,                3.6   ,                  5.5   ,              12.2   ,               1.9   ,                12.1   ,            4.1   ,             12.3   ,                         1.3   ,              16   ,        0.8750   ,               28.0   ,                 10406   ,
2026-02-12 13:11:59 ,         210.0   ,             50.6   ,               36.5   ,        44.5   ,                  38.0   ,                30   ,                  1046   ,                30   ,                  1052   ,           3778   ,          1   ,                        4   ,                   0   ,                    0   ,                5.7   ,                   1.1   ,                2.8   ,                  4.6   ,              12.2   ,               1.8   ,                12.1   ,            3.9   ,             12.3   ,                         1.3   ,              16   ,        0.8750   ,               29.0   ,                 10405   ,
2026-02-12 13:12:00 ,         210.0   ,             50.6   ,               36.4   ,        44.4   ,                  38.0   ,                30   ,                  1047   ,                30   ,                  1050   ,           3778   ,          1   ,                        4   ,                   0   ,                    0   ,                5.4   ,                   1.3   ,                2.3   ,                  4.1   ,              12.2   ,               1.8   ,                12.1   ,            3.6   ,             12.3   ,                         1.2   ,              16   ,        0.8750   ,               28.0   ,                 10402   ,
2026-02-12 13:12:01 ,         210.0   ,             50.6   ,               36.6   ,        44.3   ,                  38.0   ,                30   ,                  1045   ,                30   ,                  1050   ,           3818   ,         26   ,                       17   ,                   0   ,                    5   ,               10.5   ,                   1.3   ,                7.3   ,                  9.2   ,              12.3   ,               1.9   ,                12.1   ,            8.6   ,             12.3   ,                         2.3   ,              16   ,        0.8750   ,               30.0   ,                 10566   ,
2026-02-12 13:12:02 ,         210.0   ,             50.6   ,               36.4   ,        44.3   ,                  38.0   ,                30   ,                  1045   ,                30   ,                  1050   ,           3797   ,          2   ,                        1   ,                   0   ,                    0   ,                6.5   ,                   0.7   ,                4.1   ,                  5.8   ,              12.2   ,               1.8   ,                12.1   ,            4.7   ,             12.3   ,                         1.4   ,              16   ,        0.8750   ,               29.0   ,                 10570   ,
2026-02-12 13:12:03 ,         210.0   ,             50.6   ,               36.3   ,        44.3   ,                  38.0   ,                30   ,                  1048   ,                30   ,                  1048   ,           3793   ,          3   ,                        3   ,                   0   ,                    0   ,                5.5   ,                   1.2   ,                2.4   ,                  4.3   ,              12.2   ,               1.9   ,                12.1   ,            3.6   ,             12.3   ,                         1.2   ,              16   ,        0.8750   ,               29.0   ,                 10566   ,
2026-02-12 13:12:04 ,         210.0   ,             50.6   ,               36.3   ,        44.2   ,                  38.0   ,                30   ,                  1047   ,                30   ,                  1051   ,           3845   ,         22   ,                       17   ,                   0   ,                    3   ,               10.2   ,                   1.0   ,                7.3   ,                  9.2   ,              12.3   ,               1.9   ,                12.1   ,            8.3   ,             12.3   ,                         2.3   ,              16   ,        0.8750   ,               31.0   ,                 10457   ,
2026-02-12 13:12:05 ,         210.0   ,             50.6   ,               36.1   ,        44.2   ,                  38.0   ,                30   ,                  1045   ,                30   ,                  1050   ,           3824   ,          3   ,                        3   ,                   0   ,                    0   ,                6.0   ,                   0.8   ,                3.3   ,                  5.2   ,              12.2   ,               1.9   ,                12.1   ,            4.2   ,             12.3   ,                         1.3   ,              16   ,        0.8750   ,               28.0   ,                 10460   ,
2026-02-12 13:12:06 ,         210.0   ,             50.6   ,               36.1   ,        44.0   ,                  38.0   ,                30   ,                  1043   ,                30   ,                  1051   ,           3822   ,          1   ,                       13   ,                   0   ,                    0   ,                5.7   ,                   1.2   ,                2.6   ,                  4.5   ,              12.2   ,               1.9   ,                12.1   ,            3.8   ,             12.3   ,                         1.3   ,              16   ,        0.8750   ,               29.0   ,                 10438   ,
2026-02-12 13:12:07 ,         210.0   ,             50.6   ,               36.0   ,        44.0   ,                  38.0   ,                30   ,                  1042   ,                30   ,                  1051   ,           3818   ,          1   ,                        6   ,                   0   ,                    0   ,                5.8   ,                   1.2   ,                2.8   ,                  4.6   ,              12.2   ,               1.8   ,                12.1   ,            3.9   ,             12.3   ,                         1.3   ,              16   ,        0.8750   ,               28.0   ,                 10437   ,
2026-02-12 13:12:08 ,         210.0   ,             50.6   ,               35.9   ,        43.8   ,                  38.0   ,                30   ,                  1043   ,                30   ,                  1051   ,           3818   ,          0   ,                       10   ,                   0   ,                    0   ,                5.8   ,                   1.1   ,                2.9   ,                  4.7   ,              12.2   ,               1.8   ,                12.1   ,            4.0   ,             12.3   ,                         1.3   ,              16   ,        0.8750   ,               28.0   ,                 10433   ,
2026-02-12 13:12:09 ,         210.0   ,             50.6   ,               35.9   ,        43.9   ,                  36.0   ,                30   ,                  1042   ,                30   ,                  1052   ,           3836   ,          3   ,                        8   ,                   0   ,                    1   ,                5.9   ,                   0.9   ,                3.1   ,                  4.9   ,              12.2   ,               1.8   ,                12.1   ,            4.0   ,             12.3   ,                         1.3   ,              16   ,        0.8750   ,               32.0   ,                 10459   ,
2026-02-12 13:12:10 ,         210.0   ,             50.6   ,               35.8   ,        43.8   ,                  38.0   ,                30   ,                  1044   ,                30   ,                  1051   ,           3836   ,          0   ,                       16   ,                   0   ,                    0   ,                5.9   ,                   1.0   ,                3.0   ,                  4.9   ,              12.2   ,               1.9   ,                12.1   ,            4.0   ,             12.3   ,                         1.3   ,              16   ,        0.8750   ,               30.0   ,                 10820   ,
2026-02-12 13:12:11 ,         210.0   ,             50.6   ,               35.8   ,        43.7   ,                  36.0   ,                30   ,                  1045   ,                30   ,                  1050   ,           3836   ,          0   ,                       12   ,                   0   ,                    0   ,                5.8   ,                   1.0   ,                3.0   ,                  4.8   ,              12.2   ,               1.8   ,                12.1   ,            4.0   ,             12.3   ,                         1.3   ,              16   ,        0.8750   ,               34.0   ,                 11123   ,
2026-02-12 13:12:12 ,         210.0   ,             50.6   ,               35.7   ,        43.7   ,                  38.0   ,                30   ,                  1045   ,                30   ,                  1049   ,           3836   ,          1   ,                       13   ,                   0   ,                    0   ,                5.7   ,                   1.0   ,                2.9   ,                  4.8   ,              12.2   ,               1.9   ,                12.1   ,            3.9   ,             12.3   ,                         1.3   ,              16   ,        0.8750   ,               38.0   ,                 11331   ,
2026-02-12 13:12:13 ,         210.0   ,             50.6   ,               35.6   ,        43.6   ,                  38.0   ,                30   ,                  1047   ,                30   ,                  1050   ,           3836   ,          1   ,                       10   ,                   0   ,                    0   ,                6.0   ,                   0.9   ,                3.2   ,                  5.1   ,              12.2   ,               1.8   ,                12.1   ,            4.1   ,             12.3   ,                         1.3   ,              16   ,        0.8750   ,               35.0   ,                 10613   ,
2026-02-12 13:12:14 ,         210.0   ,             50.6   ,               35.6   ,        43.5   ,                  38.0   ,                30   ,                  1047   ,                30   ,                  1049   ,           3836   ,          1   ,                        5   ,                   0   ,                    0   ,                5.8   ,                   0.9   ,                3.1   ,                  4.9   ,              12.2   ,               1.8   ,                12.1   ,            3.9   ,             12.3   ,                         1.3   ,              16   ,        0.8750   ,               35.0   ,                 10653   ,
2026-02-12 13:12:15 ,         210.0   ,             50.6   ,               35.5   ,        43.5   ,                  38.0   ,                30   ,                  1045   ,                30   ,                  1050   ,           3836   ,          1   ,                        5   ,                   0   ,                    0   ,                5.7   ,                   0.9   ,                2.9   ,                  4.8   ,              12.2   ,               1.8   ,                12.1   ,            3.9   ,             12.3   ,                         1.3   ,              16   ,        0.8750   ,               34.0   ,                 10722   ,
2026-02-12 13:12:16 ,         210.0   ,             50.6   ,               35.5   ,        43.4   ,                  38.0   ,                30   ,                  1047   ,                30   ,                  1047   ,           3836   ,          1   ,                        5   ,                   0   ,                    0   ,                5.7   ,                   0.9   ,                2.9   ,                  4.7   ,              12.2   ,               1.8   ,                12.1   ,            3.9   ,             12.3   ,                         1.3   ,              16   ,        0.8750   ,               34.0   ,                 10805   ,
2026-02-12 13:12:17 ,         210.0   ,             50.6   ,               35.4   ,        43.4   ,                  38.0   ,                30   ,                  1046   ,                30   ,                  1048   ,           3835   ,          1   ,                       14   ,                   0   ,                    0   ,                6.5   ,                   0.7   ,                3.9   ,                  5.8   ,              12.2   ,               1.9   ,                12.1   ,            4.6   ,             12.3   ,                         1.4   ,              16   ,        0.8750   ,               35.0   ,                 10845   ,
2026-02-12 13:12:18 ,         210.0   ,             50.6   ,               35.4   ,        43.3   ,                  38.0   ,                30   ,                  1046   ,                30   ,                  1048   ,           3835   ,          0   ,                        5   ,                   0   ,                    0   ,                5.7   ,                   0.9   ,                2.9   ,                  4.8   ,              12.2   ,               1.8   ,                12.1   ,            3.9   ,             12.3   ,                         1.3   ,              16   ,        0.8750   ,               36.0   ,                 10890   ,
2026-02-12 13:12:19 ,         210.0   ,             50.6   ,               35.3   ,        43.3   ,                  38.0   ,                30   ,                  1047   ,                30   ,                  1049   ,           3814   ,          1   ,                       11   ,                   0   ,                    0   ,                5.7   ,                   1.0   ,                3.0   ,                  4.8   ,              12.2   ,               1.8   ,                12.1   ,            3.9   ,             12.3   ,                         1.3   ,              16   ,        0.8750   ,               36.0   ,                 10904   ,
2026-02-12 13:12:20 ,         210.0   ,             50.6   ,               35.3   ,        43.2   ,                  36.0   ,                30   ,                  1048   ,                30   ,                  1049   ,           3783   ,          0   ,                        5   ,                   0   ,                    0   ,                5.9   ,                   0.8   ,                3.3   ,                  5.0   ,              12.2   ,               1.7   ,                12.1   ,            4.1   ,             12.3   ,                         1.3   ,              16   ,        0.8750   ,               37.0   ,                 11035   ,
2026-02-12 13:12:21 ,         210.0   ,             50.6   ,               35.2   ,        43.1   ,                  36.0   ,                30   ,                  1047   ,                30   ,                  1049   ,           3782   ,          1   ,                        8   ,                   0   ,                    0   ,                6.2   ,                   0.5   ,                3.8   ,                  5.7   ,              12.2   ,               1.8   ,                12.1   ,            4.4   ,             12.3   ,                         1.4   ,              16   ,        0.8750   ,               36.0   ,                 11206   ,
2026-02-12 13:12:22 ,        2520.0   ,           1312.7   ,               36.2   ,        43.5   ,                  38.0   ,                30   ,                  1046   ,                30   ,                  1048   ,            956   ,          7   ,                        5   ,                   0   ,                    0   ,               48.0   ,                  19.0   ,               23.1   ,                 28.9   ,              12.2   ,               5.9   ,                12.1   ,           42.1   ,             12.3   ,                        10.7   ,              16   ,        0.9500   ,               32.0   ,                 11317   ,
2026-02-12 13:12:23 ,         435.0   ,            101.3   ,               35.5   ,        43.3   ,                  36.0   ,                30   ,                  1048   ,                30   ,                  1049   ,            956   ,          0   ,                        5   ,                   0   ,                    0   ,               15.3   ,                   2.9   ,                9.8   ,                 12.4   ,              12.3   ,               2.6   ,                12.1   ,           12.7   ,             12.3   ,                         3.4   ,              16   ,        0.8900   ,               36.0   ,                 11600   ,
2026-02-12 13:12:24 ,         255.0   ,            101.3   ,               35.3   ,        43.2   ,                  38.0   ,                30   ,                  1048   ,                30   ,                  1049   ,            952   ,          1   ,                        3   ,                   0   ,                    0   ,               10.3   ,                   2.2   ,                5.7   ,                  8.2   ,              12.2   ,               2.5   ,                12.1   ,            7.8   ,             12.3   ,                         2.3   ,              16   ,        0.8900   ,               36.0   ,                 11879   ,
2026-02-12 13:12:25 ,         210.0   ,             50.6   ,               35.1   ,        43.0   ,                  36.0   ,                30   ,                  1047   ,                30   ,                  1049   ,            952   ,          0   ,                        9   ,                   0   ,                    0   ,                5.6   ,                   1.3   ,                2.4   ,                  4.3   ,              12.2   ,               1.9   ,                12.1   ,            3.7   ,             12.3   ,                         1.2   ,              16   ,        0.8750   ,               36.0   ,                 12166   ,
2026-02-12 13:12:26 ,         210.0   ,             50.6   ,               35.0   ,        42.9   ,                  36.0   ,                30   ,                  1049   ,                30   ,                  1049   ,            952   ,          0   ,                       15   ,                   0   ,                    0   ,                5.7   ,                   1.1   ,                2.7   ,                  4.6   ,              12.2   ,               1.9   ,                12.1   ,            3.9   ,             12.3   ,                         1.3   ,              16   ,        0.8750   ,               35.0   ,                 11729   ,
2026-02-12 13:12:27 ,         210.0   ,             50.6   ,               35.0   ,        42.9   ,                  36.0   ,                30   ,                  1047   ,                30   ,                  1050   ,            952   ,          1   ,                       10   ,                   0   ,                    0   ,                5.7   ,                   1.1   ,                2.8   ,                  4.6   ,              12.2   ,               1.8   ,                12.1   ,            3.8   ,             12.3   ,                         1.3   ,              16   ,        0.8750   ,               36.0   ,                 11767   ,
2026-02-12 13:12:28 ,         210.0   ,             50.6   ,               34.9   ,        42.8   ,                  36.0   ,                30   ,                  1047   ,                30   ,                  1050   ,            952   ,          1   ,                       12   ,                   0   ,                    0   ,                5.9   ,                   1.1   ,                2.8   ,                  4.7   ,              12.2   ,               1.9   ,                12.1   ,            4.0   ,             12.3   ,                         1.3   ,              16   ,        0.8750   ,               36.0   ,                 11777   ,
2026-02-12 13:12:29 ,         210.0   ,             50.6   ,               34.9   ,        42.7   ,                  36.0   ,                30   ,                  1048   ,                30   ,                  1050   ,            952   ,          0   ,                       10   ,                   0   ,                    0   ,                5.9   ,                   1.1   ,                2.9   ,                  4.8   ,              12.2   ,               1.9   ,                12.1   ,            4.0   ,             12.3   ,                         1.3   ,              16   ,        0.8750   ,               36.0   ,                 11776   ,
2026-02-12 13:12:30 ,         210.0   ,             50.6   ,               34.8   ,        42.8   ,                  36.0   ,                30   ,                  1047   ,                30   ,                  1049   ,            952   ,          0   ,                        9   ,                   0   ,                    0   ,                5.8   ,                   0.9   ,                3.0   ,                  4.8   ,              12.2   ,               1.9   ,                12.1   ,            3.9   ,             12.3   ,                         1.3   ,              16   ,        0.8750   ,               36.0   ,                 11775   ,
2026-02-12 13:12:31 ,         210.0   ,             50.6   ,               34.8   ,        42.7   ,                  36.0   ,                30   ,                  1047   ,                30   ,                  1049   ,            952   ,          0   ,                        5   ,                   0   ,                    0   ,                5.9   ,                   1.1   ,                3.0   ,                  4.9   ,              12.2   ,               1.9   ,                12.1   ,            4.0   ,             12.3   ,                         1.3   ,              16   ,        0.8750   ,               35.0   ,                 11774   ,
2026-02-12 13:12:32 ,         210.0   ,             50.6   ,               34.7   ,        42.6   ,                  36.0   ,                30   ,                  1048   ,                30   ,                  1050   ,            952   ,          0   ,                       15   ,                   0   ,                    0   ,                5.8   ,                   0.9   ,                3.0   ,                  4.9   ,              12.2   ,               1.9   ,                12.1   ,            3.9   ,             12.3   ,                         1.3   ,              16   ,        0.8750   ,               36.0   ,                 11775   ,
2026-02-12 13:12:33 ,         210.0   ,             50.6   ,               34.6   ,        42.6   ,                  36.0   ,                30   ,                  1047   ,                30   ,                  1050   ,            952   ,          0   ,                       16   ,                   0   ,                    0   ,                5.7   ,                   1.0   ,                3.0   ,                  4.7   ,              12.2   ,               1.8   ,                12.1   ,            3.9   ,             12.3   ,                         1.3   ,              16   ,        0.8750   ,               36.0   ,                 11773   ,
2026-02-12 13:12:34 ,         210.0   ,             50.6   ,               34.6   ,        42.5   ,                  36.0   ,                30   ,                  1047   ,                30   ,                  1050   ,            952   ,          0   ,                        6   ,                   0   ,                    0   ,                5.8   ,                   1.0   ,                2.9   ,                  4.8   ,              12.2   ,               1.9   ,                12.1   ,            3.9   ,             12.3   ,                         1.3   ,              16   ,        0.8750   ,               34.0   ,                 11781   ,
2026-02-12 13:12:35 ,         210.0   ,             50.6   ,               34.6   ,        42.5   ,                  36.0   ,                30   ,                  1047   ,                30   ,                  1048   ,            952   ,          0   ,                        5   ,                   0   ,                    0   ,                5.9   ,                   0.9   ,                3.2   ,                  4.9   ,              12.2   ,               1.8   ,                12.1   ,            4.1   ,             12.3   ,                         1.3   ,              16   ,        0.8750   ,               36.0   ,                 11803   ,
2026-02-12 13:12:36 ,         210.0   ,             50.6   ,               34.5   ,        42.5   ,                  36.0   ,                30   ,                  1047   ,                30   ,                  1049   ,            952   ,          1   ,                        5   ,                   0   ,                    0   ,                5.8   ,                   1.0   ,                2.9   ,                  4.8   ,              12.2   ,               1.9   ,                12.1   ,            3.9   ,             12.3   ,                         1.3   ,              16   ,        0.8750   ,               44.0   ,                 11969   ,
2026-02-12 13:12:37 ,         210.0   ,             50.6   ,               34.5   ,        42.3   ,                  36.0   ,                30   ,                  1047   ,                30   ,                  1049   ,            952   ,          1   ,                        9   ,                   0   ,                    0   ,                6.0   ,                   0.8   ,                3.3   ,                  5.2   ,              12.2   ,               1.9   ,                12.1   ,            4.2   ,             12.3   ,                         1.3   ,              16   ,        0.8750   ,               44.0   ,                 11835   ,
2026-02-12 13:12:38 ,         210.0   ,             50.6   ,               34.4   ,        42.3   ,                  36.0   ,                30   ,                  1046   ,                30   ,                  1049   ,            952   ,          0   ,                        8   ,                   0   ,                    0   ,                6.1   ,                   0.8   ,                3.4   ,                  5.3   ,              12.2   ,               1.9   ,                12.1   ,            4.2   ,             12.3   ,                         1.4   ,              16   ,        0.8750   ,               43.0   ,                 12088   ,
2026-02-12 13:12:39 ,         210.0   ,             50.6   ,               34.4   ,        42.3   ,                  36.0   ,                30   ,                  1047   ,                30   ,                  1050   ,            952   ,          0   ,                        9   ,                   0   ,                    0   ,                6.7   ,                   0.8   ,                3.9   ,                  5.8   ,              12.2   ,               1.9   ,                12.1   ,            4.7   ,             12.3   ,                         1.5   ,              16   ,        0.8800   ,               46.0   ,                 12296   ,
2026-02-12 13:12:40 ,         210.0   ,             50.6   ,               34.3   ,        42.3   ,                  36.0   ,                30   ,                  1046   ,                30   ,                  1046   ,            952   ,          0   ,                        9   ,                   0   ,                    0   ,                6.2   ,                   0.9   ,                3.5   ,                  5.3   ,              12.2   ,               1.8   ,                12.1   ,            4.4   ,             12.3   ,                         1.4   ,              16   ,        0.8800   ,               47.0   ,                 12467   ,
2026-02-12 13:12:41 ,         210.0   ,             50.6   ,               34.3   ,        42.2   ,                  36.0   ,                30   ,                  1045   ,                30   ,                  1048   ,            952   ,          0   ,                        5   ,                   0   ,                    0   ,                6.3   ,                   1.1   ,                3.4   ,                  5.3   ,              12.2   ,               1.9   ,                12.1   ,            4.5   ,             12.3   ,                         1.3   ,              16   ,        0.8800   ,               46.0   ,                 12381   ,
2026-02-12 13:12:42 ,         210.0   ,             50.6   ,               34.3   ,        42.2   ,                  36.0   ,                30   ,                  1046   ,                30   ,                  1048   ,            952   ,          0   ,                       15   ,                   0   ,                    0   ,                6.2   ,                   1.2   ,                3.2   ,                  5.0   ,              12.2   ,               1.8   ,                12.1   ,            4.4   ,             12.3   ,                         1.4   ,              16   ,        0.8800   ,               46.0   ,                 12179   ,
2026-02-12 13:12:43 ,         210.0   ,             50.6   ,               34.2   ,        42.1   ,                  36.0   ,                30   ,                  1045   ,                30   ,                  1047   ,            952   ,          0   ,                       14   ,                   0   ,                    0   ,                6.0   ,                   0.9   ,                3.3   ,                  5.1   ,              12.2   ,               1.8   ,                12.1   ,            4.2   ,             12.3   ,                         1.3   ,              16   ,        0.8800   ,               45.0   ,                 12268   ,
2026-02-12 13:12:44 ,         210.0   ,             50.6   ,               34.2   ,        42.0   ,                  36.0   ,                30   ,                  1045   ,                30   ,                  1049   ,            952   ,          0   ,                       10   ,                   0   ,                    0   ,                6.2   ,                   1.2   ,                3.2   ,                  5.0   ,              12.2   ,               1.8   ,                12.1   ,            4.3   ,             12.3   ,                         1.4   ,              16   ,        0.8800   ,               46.0   ,                 12530   ,
2026-02-12 13:12:45 ,         210.0   ,             50.6   ,               34.1   ,        42.0   ,                  34.0   ,                30   ,                  1045   ,                30   ,                  1050   ,            952   ,          0   ,                       18   ,                   0   ,                    0   ,                6.2   ,                   1.3   ,                3.1   ,                  4.9   ,              12.2   ,               1.8   ,                12.1   ,            4.0   ,             12.3   ,                         1.3   ,              16   ,        0.8800   ,               44.0   ,                 12614   ,
2026-02-12 13:12:46 ,         210.0   ,             50.6   ,               34.1   ,        41.9   ,                  34.0   ,                30   ,                  1045   ,                30   ,                  1049   ,            952   ,          0   ,                        6   ,                   0   ,                    0   ,                5.9   ,                   1.1   ,                3.1   ,                  4.8   ,              12.2   ,               1.8   ,                12.1   ,            4.2   ,             12.3   ,                         1.3   ,              16   ,        0.8800   ,               41.0   ,                 12513   ,
2026-02-12 13:12:47 ,         210.0   ,             50.6   ,               34.1   ,        41.9   ,                  34.0   ,                30   ,                  1045   ,                30   ,                  1050   ,            952   ,          0   ,                       16   ,                   0   ,                    0   ,                6.1   ,                   1.1   ,                3.1   ,                  4.9   ,              12.2   ,               1.8   ,                12.1   ,            4.3   ,             12.3   ,                         1.3   ,              16   ,        0.8800   ,               41.0   ,                 12102   ,
2026-02-12 13:12:48 ,         210.0   ,             50.6   ,               34.0   ,        41.9   ,                  34.0   ,                30   ,                  1045   ,                30   ,                  1051   ,            952   ,          0   ,                        5   ,                   0   ,                    0   ,                6.1   ,                   1.1   ,                3.1   ,                  4.9   ,              12.2   ,               1.8   ,                12.1   ,            4.3   ,             12.3   ,                         1.4   ,              16   ,        0.8800   ,               40.0   ,                 12066   ,
2026-02-12 13:12:49 ,        2520.0   ,           1281.5   ,               34.9   ,        42.2   ,                  36.0   ,                30   ,                  1047   ,                30   ,                  1050   ,           3401   ,          2   ,                        7   ,                   0   ,                    0   ,               25.6   ,                   9.0   ,               13.2   ,                 16.6   ,              12.2   ,               3.4   ,                12.1   ,           22.3   ,             12.3   ,                         5.7   ,              16   ,        0.9500   ,               34.0   ,                 11769   ,
2026-02-12 13:12:50 ,        2520.0   ,           1281.5   ,               35.3   ,        42.4   ,                  38.0   ,                30   ,                  1047   ,                30   ,                  1051   ,           3450   ,          0   ,                        0   ,                   0   ,                    0   ,               47.3   ,                  18.4   ,               23.0   ,                 28.8   ,              12.2   ,               5.8   ,                12.1   ,           41.5   ,             12.3   ,                        10.5   ,              16   ,        0.9500   ,               36.0   ,                 12410   ,
2026-02-12 13:12:51 ,        2520.0   ,           1281.5   ,               35.4   ,        42.6   ,                  36.0   ,                30   ,                  1046   ,                30   ,                  1049   ,           3595   ,          0   ,                        0   ,                   0   ,                    0   ,               47.7   ,                  18.8   ,               23.1   ,                 28.9   ,              12.2   ,               5.9   ,                12.1   ,           42.6   ,             12.3   ,                        10.8   ,              16   ,        0.9500   ,               36.0   ,                 12508   ,
2026-02-12 13:12:52 ,        2520.0   ,           1281.5   ,               35.5   ,        42.7   ,                  38.0   ,                30   ,                  1046   ,                30   ,                  1050   ,           3713   ,          1   ,                        0   ,                   0   ,                    0   ,               47.2   ,                  18.4   ,               22.9   ,                 28.8   ,              12.2   ,               5.9   ,                12.1   ,           41.4   ,             12.3   ,                        10.5   ,              16   ,        0.9500   ,               41.0   ,                 13048   ,
2026-02-12 13:12:53 ,        2520.0   ,           1281.5   ,               35.5   ,        42.7   ,                  36.0   ,                30   ,                  1046   ,                30   ,                  1048   ,           3837   ,          0   ,                        0   ,                   0   ,                    0   ,               47.3   ,                  18.5   ,               23.0   ,                 28.8   ,              12.2   ,               5.8   ,                12.1   ,           41.5   ,             12.3   ,                        10.5   ,              16   ,        0.9500   ,               38.0   ,                 12950   ,
2026-02-12 13:12:54 ,        2520.0   ,           1281.5   ,               35.5   ,        42.7   ,                  38.0   ,                30   ,                  1045   ,                30   ,                  1048   ,           3837   ,          0   ,                        0   ,                   0   ,                    0   ,               47.3   ,                  18.6   ,               22.9   ,                 28.7   ,              12.2   ,               5.8   ,                12.1   ,           41.5   ,             12.3   ,                        10.5   ,              16   ,        0.9500   ,               37.0   ,                 12948   ,
2026-02-12 13:12:55 ,        2520.0   ,           1281.5   ,               35.6   ,        42.8   ,                  38.0   ,                30   ,                  1045   ,                30   ,                  1049   ,           3837   ,          0   ,                        0   ,                   0   ,                    0   ,               47.3   ,                  18.6   ,               22.9   ,                 28.7   ,              12.2   ,               5.8   ,                12.1   ,           41.5   ,             12.3   ,                        10.5   ,              16   ,        0.9500   ,               36.0   ,                 12974   ,
2026-02-12 13:12:56 ,         465.0   ,            101.3   ,               34.6   ,        42.4   ,                  36.0   ,                30   ,                  1045   ,                30   ,                  1047   ,           3837   ,          0   ,                        3   ,                   0   ,                    0   ,               16.2   ,                   3.7   ,                9.9   ,                 12.5   ,              12.3   ,               2.6   ,                12.1   ,           13.6   ,             12.3   ,                         3.6   ,              16   ,        0.8950   ,               33.0   ,                 13004   ,
2026-02-12 13:12:57 ,         270.0   ,            101.3   ,               34.3   ,        42.3   ,                  36.0   ,                30   ,                  1046   ,                30   ,                  1048   ,           3837   ,          0   ,                        3   ,                   0   ,                    0   ,                9.9   ,                   2.4   ,                5.1   ,                  7.5   ,              12.2   ,               2.4   ,                12.1   ,            7.4   ,             12.3   ,                         2.2   ,              16   ,        0.8950   ,               35.0   ,                 13041   ,
2026-02-12 13:12:58 ,         210.0   ,             50.6   ,               34.3   ,        42.1   ,                  36.0   ,                30   ,                  1046   ,                30   ,                  1049   ,           3883   ,          0   ,                        7   ,                   0   ,                    0   ,                7.3   ,                   0.7   ,                4.8   ,                  6.5   ,              12.2   ,               1.8   ,                12.1   ,           10.4   ,             12.3   ,                         2.7   ,              16   ,        0.8800   ,               31.0   ,                 13170   ,
2026-02-12 13:12:59 ,         210.0   ,             50.6   ,               34.3   ,        42.1   ,                  36.0   ,                30   ,                  1046   ,                30   ,                  1048   ,           4229   ,          2   ,                       11   ,                   0   ,                    1   ,                9.8   ,                   0.3   ,                7.7   ,                  9.5   ,              12.3   ,               1.8   ,                12.1   ,            8.5   ,             12.3   ,                         2.3   ,              16   ,        0.8800   ,               30.0   ,                 13472   ,
2026-02-12 13:13:00 ,        1650.0   ,           1281.5   ,               36.0   ,        42.5   ,                  38.0   ,                30   ,                  1045   ,                30   ,                  1049   ,          10399   ,        100   ,                        3   ,                   0   ,                    2   ,               61.6   ,                  27.1   ,               28.6   ,                 34.5   ,              12.2   ,               5.9   ,                12.1   ,           55.7   ,             12.3   ,                        13.7   ,              16   ,        0.8950   ,               31.0   ,                 13686   ,
2026-02-12 13:13:01 ,        2130.0   ,           1281.5   ,               39.4   ,        43.7   ,                  40.0   ,                30   ,                  1046   ,                30   ,                  1050   ,          10416   ,        100   ,                       36   ,                   0   ,                    1   ,              158.3   ,                  96.8   ,               55.0   ,                 61.5   ,              12.1   ,               6.5   ,                12.1   ,          151.8   ,             12.2   ,                        35.2   ,              16   ,        1.0450   ,               31.0   ,                 13775   ,
2026-02-12 13:13:02 ,        2745.0   ,           1281.5   ,               42.0   ,        45.9   ,                  44.0   ,                30   ,                  1044   ,                30   ,                  1048   ,          10416   ,        100   ,                       50   ,                   0   ,                    1   ,              218.1   ,                 139.8   ,               71.3   ,                 78.3   ,              12.0   ,               7.0   ,                12.1   ,          211.1   ,             12.1   ,                        48.8   ,               4   ,        1.0500   ,               35.0   ,                 13898   ,
2026-02-12 13:13:03 ,        2745.0   ,           1281.5   ,               42.0   ,        46.3   ,                  44.0   ,                30   ,                  1045   ,                30   ,                  1047   ,          10416   ,        100   ,                       52   ,                   0   ,                    1   ,              216.8   ,                 139.1   ,               70.8   ,                 77.7   ,              12.1   ,               6.9   ,                12.1   ,          209.9   ,             12.1   ,                        47.6   ,               4   ,        1.0500   ,               31.0   ,                 13845   ,
2026-02-12 13:13:04 ,        2745.0   ,           1281.5   ,               42.5   ,        46.6   ,                  44.0   ,                30   ,                  1060   ,                30   ,                  1052   ,          10413   ,        100   ,                       51   ,                   0   ,                    1   ,              210.0   ,                 136.2   ,               67.5   ,                 74.3   ,              12.1   ,               6.8   ,                12.1   ,          203.6   ,             12.1   ,                        46.8   ,               4   ,        1.0500   ,               31.0   ,                 13867   ,
2026-02-12 13:13:05 ,        2745.0   ,           1281.5   ,               43.0   ,        47.3   ,                  46.0   ,                30   ,                  1065   ,                30   ,                  1053   ,          10413   ,        100   ,                       53   ,                   0   ,                    1   ,              220.2   ,                 142.1   ,               66.6   ,                 73.5   ,              12.1   ,               6.9   ,                12.1   ,          202.8   ,             12.1   ,                        46.6   ,               4   ,        1.0500   ,               30.0   ,                 13864   ,
2026-02-12 13:13:06 ,        2745.0   ,           1281.5   ,               43.2   ,        47.3   ,                  46.0   ,                30   ,                  1055   ,                30   ,                  1053   ,          10410   ,        100   ,                       52   ,                   0   ,                    1   ,              200.7   ,                 131.1   ,               62.9   ,                 69.6   ,              12.1   ,               6.7   ,                12.1   ,          194.0   ,             12.1   ,                        44.6   ,               4   ,        1.0500   ,               31.0   ,                 13889   ,
2026-02-12 13:13:07 ,        2745.0   ,           1281.5   ,               43.6   ,        47.8   ,                  46.0   ,                30   ,                  1046   ,                30   ,                  1053   ,          10403   ,        100   ,                       46   ,                   0   ,                    1   ,              209.3   ,                 136.8   ,               65.6   ,                 72.5   ,              12.1   ,               6.9   ,                12.1   ,          202.4   ,             12.1   ,                        46.5   ,               4   ,        1.0500   ,               35.0   ,                 13843   ,
2026-02-12 13:13:08 ,        2745.0   ,           1281.5   ,               43.8   ,        48.2   ,                  46.0   ,                30   ,                  1040   ,                30   ,                  1052   ,          10403   ,        100   ,                       47   ,                   0   ,                    1   ,              213.6   ,                 139.0   ,               67.7   ,                 74.6   ,              12.1   ,               6.9   ,                12.1   ,          206.7   ,             12.1   ,                        47.5   ,               4   ,        1.0500   ,               36.0   ,                 13871   ,
2026-02-12 13:13:09 ,        2745.0   ,           1281.5   ,               44.4   ,        48.9   ,                  46.0   ,                30   ,                  1043   ,                30   ,                  1053   ,          10403   ,        100   ,                       50   ,                   0   ,                    1   ,              213.6   ,                 138.2   ,               68.5   ,                 75.3   ,              12.0   ,               6.9   ,                12.1   ,          206.7   ,             12.1   ,                        47.5   ,               4   ,        1.0500   ,               33.0   ,                 13847   ,
2026-02-12 13:13:10 ,        2745.0   ,           1281.5   ,               44.6   ,        48.7   ,                  46.0   ,                30   ,                  1057   ,                30   ,                  1053   ,          10403   ,        100   ,                       52   ,                   0   ,                    1   ,              222.5   ,                 143.5   ,               72.0   ,                 79.0   ,              12.0   ,               7.0   ,                12.1   ,          215.5   ,             12.1   ,                        49.4   ,               4   ,        1.0500   ,               31.0   ,                 13886   ,
2026-02-12 13:13:11 ,        2745.0   ,           1281.5   ,               44.8   ,        49.1   ,                  48.0   ,                30   ,                  1064   ,                30   ,                  1054   ,          10402   ,        100   ,                       51   ,                   0   ,                    1   ,              209.8   ,                 135.6   ,               67.3   ,                 74.2   ,              12.1   ,               6.9   ,                12.1   ,          203.0   ,             12.1   ,                        46.6   ,               4   ,        1.0500   ,               33.0   ,                 13870   ,
2026-02-12 13:13:12 ,        2745.0   ,           1281.5   ,               45.2   ,        49.4   ,                  48.0   ,                30   ,                  1067   ,                30   ,                  1054   ,          10402   ,        100   ,                       52   ,                   0   ,                    1   ,              214.2   ,                 138.2   ,               69.1   ,                 76.0   ,              12.0   ,               6.9   ,                12.1   ,          207.3   ,             12.1   ,                        47.6   ,               4   ,        1.0500   ,               31.0   ,                 13864   ,
2026-02-12 13:13:13 ,        2745.0   ,           1281.5   ,               45.4   ,        49.8   ,                  48.0   ,                30   ,                  1055   ,                30   ,                  1054   ,          10402   ,        100   ,                       53   ,                   0   ,                    1   ,              216.2   ,                 139.1   ,               70.1   ,                 77.1   ,              12.0   ,               6.9   ,                12.1   ,          209.3   ,             12.1   ,                        48.0   ,               4   ,        1.0500   ,               31.0   ,                 13884   ,
2026-02-12 13:13:14 ,        2745.0   ,           1281.5   ,               45.6   ,        50.4   ,                  48.0   ,                30   ,                  1065   ,                30   ,                  1054   ,          10402   ,        100   ,                       54   ,                   0   ,                    1   ,              219.4   ,                 141.2   ,               71.2   ,                 78.2   ,              12.0   ,               7.0   ,                12.1   ,          212.4   ,             12.1   ,                        48.8   ,               4   ,        1.0500   ,               31.0   ,                 13866   ,
2026-02-12 13:13:15 ,        2745.0   ,           1281.5   ,               45.9   ,        50.2   ,                  48.0   ,                30   ,                  1069   ,                30   ,                  1055   ,          10402   ,        100   ,                       54   ,                   0   ,                    1   ,              219.9   ,                 142.2   ,               70.6   ,                 77.7   ,              12.0   ,               7.0   ,                12.1   ,          212.9   ,             12.1   ,                        48.9   ,               4   ,        1.0500   ,               31.0   ,                 13845   ,
2026-02-12 13:13:16 ,        2745.0   ,           1281.5   ,               46.2   ,        50.6   ,                  48.0   ,                30   ,                  1072   ,                30   ,                  1056   ,          10402   ,        100   ,                       52   ,                   0   ,                    1   ,              213.7   ,                 138.3   ,               68.5   ,                 75.4   ,              12.0   ,               6.9   ,                12.1   ,          206.8   ,             12.1   ,                        47.5   ,               4   ,        1.0500   ,               31.0   ,                 13831   ,
2026-02-12 13:13:17 ,        2745.0   ,           1281.5   ,               46.6   ,        51.1   ,                  50.0   ,                30   ,                  1071   ,                30   ,                  1054   ,          10402   ,        100   ,                       53   ,                   0   ,                    1   ,              215.2   ,                 139.2   ,               69.0   ,                 76.0   ,              12.0   ,               7.0   ,                12.1   ,          208.2   ,             12.1   ,                        47.8   ,               4   ,        1.0500   ,               36.0   ,                 13847   ,
2026-02-12 13:13:19 ,        2745.0   ,           1281.5   ,               46.8   ,        51.4   ,                  50.0   ,                30   ,                  1066   ,                30   ,                  1055   ,          10402   ,        100   ,                       53   ,                   0   ,                    1   ,              212.8   ,                 137.8   ,               68.1   ,                 75.0   ,              12.0   ,               7.0   ,                12.1   ,          205.9   ,             12.1   ,                        47.3   ,               4   ,        1.0500   ,               33.0   ,                 13847   ,
2026-02-12 13:13:19 ,        2745.0   ,           1281.5   ,               47.0   ,        51.6   ,                  48.0   ,                30   ,                  1058   ,                30   ,                  1055   ,          10402   ,        100   ,                       51   ,                   0   ,                    1   ,              211.0   ,                 136.9   ,               67.1   ,                 74.0   ,              12.0   ,               6.9   ,                12.1   ,          204.0   ,             12.1   ,                        46.9   ,               4   ,        1.0500   ,               31.0   ,                 13829   ,
2026-02-12 13:13:20 ,        2745.0   ,           1281.5   ,               47.0   ,        51.4   ,                  48.0   ,                30   ,                  1066   ,                30   ,                  1055   ,          10402   ,        100   ,                       50   ,                   0   ,                    1   ,              208.8   ,                 135.3   ,               66.6   ,                 73.5   ,              12.1   ,               6.9   ,                12.1   ,          201.9   ,             12.1   ,                        46.4   ,               4   ,        1.0500   ,               31.0   ,                 13857   ,
2026-02-12 13:13:21 ,        2745.0   ,           1281.5   ,               47.2   ,        51.8   ,                  50.0   ,                30   ,                  1067   ,                30   ,                  1056   ,          10402   ,        100   ,                       48   ,                   0   ,                    1   ,              210.3   ,                 136.5   ,               66.9   ,                 73.8   ,              12.0   ,               6.9   ,                12.1   ,          203.4   ,             12.1   ,                        46.7   ,               4   ,        1.0500   ,               35.0   ,                 13852   ,
2026-02-12 13:13:22 ,        2745.0   ,           1281.5   ,               47.6   ,        52.2   ,                  50.0   ,                30   ,                  1069   ,                30   ,                  1055   ,          10402   ,        100   ,                       47   ,                   0   ,                    1   ,              209.7   ,                 137.7   ,               65.1   ,                 72.0   ,              12.1   ,               6.9   ,                12.1   ,          202.8   ,             12.1   ,                        46.6   ,               4   ,        1.0500   ,               31.0   ,                 13862   ,
2026-02-12 13:13:23 ,        2745.0   ,           1281.5   ,               48.0   ,        52.5   ,                  50.0   ,                30   ,                  1069   ,                30   ,                  1055   ,          10402   ,        100   ,                       47   ,                   0   ,                    1   ,              212.8   ,                 139.4   ,               66.5   ,                 73.4   ,              12.1   ,               6.9   ,                12.1   ,          205.9   ,             12.1   ,                        47.3   ,               4   ,        1.0500   ,               32.0   ,                 13825   ,
2026-02-12 13:13:24 ,        2745.0   ,           1281.5   ,               48.2   ,        52.9   ,                  50.0   ,                30   ,                  1069   ,                30   ,                  1054   ,          10402   ,        100   ,                       47   ,                   0   ,                    1   ,              211.8   ,                 138.3   ,               66.6   ,                 73.5   ,              12.0   ,               6.9   ,                12.1   ,          204.9   ,             12.1   ,                        47.1   ,               4   ,        1.0500   ,               31.0   ,                 13835   ,
2026-02-12 13:13:26 ,        2745.0   ,           1281.5   ,               48.2   ,        52.7   ,                  50.0   ,                30   ,                  1065   ,                30   ,                  1055   ,          10402   ,        100   ,                       49   ,                   0   ,                    1   ,              216.1   ,                 140.5   ,               68.6   ,                 75.5   ,              12.0   ,               7.0   ,                12.1   ,          209.1   ,             12.1   ,                        48.0   ,               4   ,        1.0500   ,               33.0   ,                 13844   ,
2026-02-12 13:13:26 ,        2745.0   ,           1281.5   ,               48.4   ,        53.3   ,                  50.0   ,                30   ,                  1069   ,                30   ,                  1053   ,          10402   ,        100   ,                       52   ,                   0   ,                    1   ,              216.8   ,                 140.4   ,               69.4   ,                 76.4   ,              12.0   ,               7.0   ,                12.1   ,          209.9   ,             12.1   ,                        48.2   ,               4   ,        1.0500   ,               31.0   ,                 13851   ,
2026-02-12 13:13:27 ,        2745.0   ,           1281.5   ,               48.6   ,        53.3   ,                  50.0   ,                30   ,                  1065   ,                30   ,                  1054   ,          10402   ,        100   ,                       52   ,                   0   ,                    1   ,              219.7   ,                 142.3   ,               70.3   ,                 77.4   ,              12.0   ,               7.0   ,                12.1   ,          212.6   ,             12.1   ,                        48.8   ,               4   ,        1.0500   ,               30.0   ,                 13835   ,
2026-02-12 13:13:28 ,        2745.0   ,           1281.5   ,               49.1   ,        54.0   ,                  50.0   ,                30   ,                  1063   ,                30   ,                  1054   ,          10402   ,        100   ,                       52   ,                   0   ,                    1   ,              212.4   ,                 137.6   ,               67.9   ,                 74.8   ,              12.0   ,               6.9   ,                12.1   ,          205.5   ,             12.1   ,                        47.2   ,               4   ,        1.0500   ,               36.0   ,                 13831   ,
2026-02-12 13:13:29 ,        2745.0   ,           1281.5   ,               49.4   ,        54.2   ,                  50.0   ,                30   ,                  1074   ,                30   ,                  1054   ,          10402   ,        100   ,                       53   ,                   0   ,                    1   ,              224.2   ,                 145.1   ,               72.1   ,                 79.1   ,              12.0   ,               7.0   ,                12.1   ,          217.2   ,             12.1   ,                        49.8   ,               4   ,        1.0500   ,               31.0   ,                 13856   ,
2026-02-12 13:13:30 ,        2745.0   ,           1281.5   ,               49.4   ,        54.0   ,                  52.0   ,                30   ,                  1068   ,                30   ,                  1054   ,          10402   ,        100   ,                       54   ,                   0   ,                    1   ,              223.5   ,                 144.5   ,               72.0   ,                 79.0   ,              12.0   ,               7.0   ,                12.1   ,          216.5   ,             12.1   ,                        49.7   ,               4   ,        1.0500   ,               35.0   ,                 13841   ,
2026-02-12 13:13:31 ,        2730.0   ,           1281.5   ,               49.7   ,        54.6   ,                  52.0   ,                30   ,                  1067   ,                30   ,                  1055   ,          10402   ,        100   ,                       54   ,                   0   ,                    1   ,              218.7   ,                 141.5   ,               70.1   ,                 77.1   ,              12.0   ,               7.0   ,                12.1   ,          211.6   ,             12.1   ,                        48.6   ,               4   ,        1.0500   ,               31.0   ,                 13879   ,
2026-02-12 13:13:33 ,        2730.0   ,           1281.5   ,               50.0   ,        54.8   ,                  52.0   ,                30   ,                  1062   ,                30   ,                  1054   ,          10402   ,        100   ,                       55   ,                   0   ,                    1   ,              227.2   ,                 147.5   ,               72.7   ,                 79.7   ,              12.0   ,               7.0   ,                12.1   ,          220.2   ,             12.1   ,                        50.5   ,               4   ,        1.0500   ,               34.0   ,                 13825   ,
2026-02-12 13:13:33 ,        2730.0   ,           1281.5   ,               50.0   ,        55.1   ,                  52.0   ,                30   ,                  1069   ,                30   ,                  1055   ,          10402   ,        100   ,                       52   ,                   0   ,                    1   ,              217.5   ,                 141.4   ,               69.1   ,                 76.1   ,              12.0   ,               7.0   ,                12.1   ,          210.5   ,             12.1   ,                        48.3   ,               4   ,        1.0500   ,               31.0   ,                 13867   ,
2026-02-12 13:13:34 ,        2730.0   ,           1281.5   ,               50.1   ,        55.0   ,                  52.0   ,                30   ,                  1055   ,                30   ,                  1054   ,          10402   ,        100   ,                       50   ,                   0   ,                    1   ,              220.1   ,                 143.4   ,               69.7   ,                 76.7   ,              12.0   ,               7.0   ,                12.1   ,          213.1   ,             12.1   ,                        48.9   ,               4   ,        1.0500   ,               31.0   ,                 13881   ,
2026-02-12 13:13:35 ,        2730.0   ,           1281.5   ,               50.6   ,        55.4   ,                  52.0   ,                30   ,                  1047   ,                30   ,                  1054   ,          10402   ,        100   ,                       52   ,                   0   ,                    1   ,              223.2   ,                 145.1   ,               71.1   ,                 78.1   ,              12.0   ,               6.9   ,                12.1   ,          216.3   ,             12.1   ,                        49.6   ,               4   ,        1.0500   ,               32.0   ,                 13876   ,
2026-02-12 13:13:36 ,        2730.0   ,           1281.5   ,               50.7   ,        55.7   ,                  52.0   ,                30   ,                  1047   ,                30   ,                  1054   ,          10402   ,        100   ,                       51   ,                   0   ,                    1   ,              212.9   ,                 138.8   ,               67.2   ,                 74.1   ,              12.1   ,               6.9   ,                12.1   ,          206.0   ,             12.1   ,                        47.3   ,               4   ,        1.0500   ,               34.0   ,                 13839   ,
2026-02-12 13:13:37 ,        2730.0   ,           1281.5   ,               50.9   ,        55.8   ,                  54.0   ,                30   ,                  1051   ,                30   ,                  1055   ,          10402   ,        100   ,                       48   ,                   0   ,                    1   ,              203.2   ,                 132.9   ,               63.5   ,                 70.3   ,              12.1   ,               6.8   ,                12.1   ,          196.4   ,             12.1   ,                        45.2   ,               4   ,        1.0500   ,               32.0   ,                 13824   ,
2026-02-12 13:13:39 ,        2730.0   ,           1281.5   ,               51.0   ,        56.2   ,                  54.0   ,                30   ,                  1063   ,                30   ,                  1055   ,          10402   ,        100   ,                       47   ,                   0   ,                    1   ,              206.4   ,                 135.9   ,               63.7   ,                 70.5   ,              12.1   ,               6.8   ,                12.1   ,          199.6   ,             12.1   ,                        45.9   ,               4   ,        1.0500   ,               31.0   ,                 13857   ,
2026-02-12 13:13:40 ,        2730.0   ,           1281.5   ,               51.1   ,        56.3   ,                  54.0   ,                30   ,                  1066   ,                30   ,                  1054   ,          10402   ,        100   ,                       47   ,                   0   ,                    1   ,              214.7   ,                 141.1   ,               66.8   ,                 76.4   ,              12.0   ,               6.9   ,                12.1   ,          213.4   ,             12.1   ,                        49.0   ,               4   ,        1.0500   ,               31.0   ,                 13841   ,
2026-02-12 13:13:41 ,        2730.0   ,           1281.5   ,               51.3   ,        56.3   ,                  54.0   ,                30   ,                  1059   ,                30   ,                  1055   ,          10402   ,        100   ,                       47   ,                   0   ,                    1   ,              218.6   ,                 142.2   ,               69.5   ,                 76.5   ,              12.0   ,               7.0   ,                12.1   ,          211.6   ,             12.1   ,                        48.6   ,               4   ,        1.0500   ,               31.0   ,                 13849   ,
2026-02-12 13:13:42 ,        2730.0   ,           1281.5   ,               51.5   ,        56.6   ,                  54.0   ,                30   ,                  1054   ,                30   ,                  1054   ,          10402   ,        100   ,                       49   ,                   0   ,                    1   ,              223.9   ,                 146.2   ,               70.7   ,                 77.7   ,              12.0   ,               7.0   ,                12.1   ,          216.9   ,             12.1   ,                        49.7   ,               4   ,        1.0500   ,               31.0   ,                 13893   ,
2026-02-12 13:13:43 ,        2730.0   ,           1281.5   ,               51.8   ,        56.8   ,                  54.0   ,                30   ,                  1059   ,                30   ,                  1055   ,          10398   ,        100   ,                       50   ,                   0   ,                    1   ,              219.8   ,                 142.9   ,               69.9   ,                 76.9   ,              12.0   ,               6.9   ,                12.1   ,          212.9   ,             12.1   ,                        48.8   ,               4   ,        1.0500   ,               31.0   ,                 13852   ,
2026-02-12 13:13:44 ,        2730.0   ,           1281.5   ,               52.2   ,        57.5   ,                  56.0   ,                30   ,                  1063   ,                30   ,                  1054   ,          10398   ,        100   ,                       51   ,                   0   ,                    1   ,              213.8   ,                 138.7   ,               68.1   ,                 75.0   ,              12.0   ,               6.9   ,                12.1   ,          206.8   ,             12.1   ,                        47.5   ,               4   ,        1.0500   ,               36.0   ,                 13891   ,
2026-02-12 13:13:45 ,        2730.0   ,           1281.5   ,               52.4   ,        57.7   ,                  54.0   ,                30   ,                  1060   ,                30   ,                  1055   ,          10398   ,        100   ,                       52   ,                   0   ,                    1   ,              218.1   ,                 141.7   ,               69.6   ,                 76.5   ,              12.0   ,               6.9   ,                12.1   ,          211.2   ,             12.1   ,                        48.5   ,               4   ,        1.0500   ,               32.0   ,                 13831   ,
2026-02-12 13:13:46 ,        2730.0   ,           1281.5   ,               52.6   ,        57.8   ,                  56.0   ,                30   ,                  1059   ,                30   ,                  1055   ,          10398   ,        100   ,                       52   ,                   0   ,                    1   ,              222.0   ,                 144.1   ,               70.9   ,                 77.8   ,              12.0   ,               6.9   ,                12.1   ,          215.0   ,             12.1   ,                        49.3   ,               4   ,        1.0500   ,               34.0   ,                 13852   ,
2026-02-12 13:13:47 ,        2730.0   ,           1281.5   ,               52.8   ,        58.1   ,                  56.0   ,                30   ,                  1065   ,                30   ,                  1056   ,          10398   ,        100   ,                       54   ,                   0   ,                    1   ,              210.8   ,                 137.2   ,               66.8   ,                 73.6   ,              12.0   ,               6.8   ,                12.1   ,          204.0   ,             12.1   ,                        46.9   ,               4   ,        1.0500   ,               34.0   ,                 13850   ,
2026-02-12 13:13:48 ,        2730.0   ,           1281.5   ,               52.8   ,        58.0   ,                  54.0   ,                30   ,                  1063   ,                30   ,                  1055   ,          10398   ,        100   ,                       51   ,                   0   ,                    1   ,              228.4   ,                 148.7   ,               72.7   ,                 79.7   ,              12.0   ,               7.0   ,                12.1   ,          221.5   ,             12.1   ,                        50.8   ,               4   ,        1.0500   ,               34.0   ,                 13850   ,
2026-02-12 13:13:49 ,        2730.0   ,           1281.5   ,               53.1   ,        58.2   ,                  56.0   ,                30   ,                  1062   ,                30   ,                  1056   ,          10398   ,        100   ,                       52   ,                   0   ,                    1   ,              219.6   ,                 143.0   ,               69.7   ,                 76.6   ,              12.0   ,               6.9   ,                12.1   ,          212.7   ,             12.1   ,                        48.8   ,               4   ,        1.0500   ,               31.0   ,                 13831   ,
2026-02-12 13:13:50 ,        2730.0   ,           1281.5   ,               53.4   ,        58.7   ,                  56.0   ,                30   ,                  1068   ,                30   ,                  1055   ,          10398   ,        100   ,                       53   ,                   0   ,                    1   ,              225.0   ,                 147.0   ,               71.0   ,                 78.0   ,              12.0   ,               7.0   ,                12.1   ,          218.1   ,             12.1   ,                        50.0   ,               4   ,        1.0500   ,               31.0   ,                 13825   ,
2026-02-12 13:13:51 ,        2730.0   ,           1281.5   ,               53.6   ,        59.1   ,                  56.0   ,                30   ,                  1062   ,                30   ,                  1055   ,          10398   ,        100   ,                       54   ,                   0   ,                    1   ,              214.4   ,                 140.5   ,               67.0   ,                 73.8   ,              12.0   ,               6.9   ,                12.1   ,          207.5   ,             12.1   ,                        47.6   ,               4   ,        1.0500   ,               32.0   ,                 13848   ,
2026-02-12 13:13:52 ,        2730.0   ,           1281.5   ,               53.7   ,        59.0   ,                  56.0   ,                30   ,                  1057   ,                30   ,                  1055   ,          10398   ,        100   ,                       52   ,                   0   ,                    1   ,              214.8   ,                 140.6   ,               67.3   ,                 74.2   ,              12.1   ,               6.9   ,                12.1   ,          207.9   ,             12.1   ,                        47.7   ,               4   ,        1.0500   ,               31.0   ,                 13842   ,
2026-02-12 13:13:53 ,        2730.0   ,           1281.5   ,               53.7   ,        59.0   ,                  56.0   ,                30   ,                  1053   ,                30   ,                  1055   ,          10398   ,        100   ,                       52   ,                   0   ,                    1   ,              209.7   ,                 137.6   ,               65.3   ,                 72.1   ,              12.0   ,               6.8   ,                12.1   ,          202.9   ,             12.1   ,                        46.6   ,               4   ,        1.0500   ,               31.0   ,                 13867   ,
2026-02-12 13:13:54 ,        2730.0   ,           1281.5   ,               54.2   ,        59.6   ,                  56.0   ,                30   ,                  1051   ,                30   ,                  1054   ,          10398   ,        100   ,                       49   ,                   0   ,                    1   ,              207.2   ,                 137.0   ,               63.3   ,                 70.1   ,              12.1   ,               6.8   ,                12.1   ,          200.4   ,             12.1   ,                        46.0   ,               4   ,        1.0500   ,               32.0   ,                 13825   ,
2026-02-12 13:13:55 ,        2730.0   ,           1281.5   ,               54.1   ,        59.3   ,                  56.0   ,                30   ,                  1047   ,                30   ,                  1055   ,          10398   ,        100   ,                       48   ,                   0   ,                    1   ,              213.8   ,                 141.3   ,               65.7   ,                 72.5   ,              12.0   ,               6.8   ,                12.1   ,          207.0   ,             12.1   ,                        47.5   ,               4   ,        1.0500   ,               31.0   ,                 13834   ,
2026-02-12 13:13:56 ,        2730.0   ,           1281.5   ,               54.5   ,        59.9   ,                  56.0   ,                30   ,                  1049   ,                30   ,                  1055   ,          10398   ,        100   ,                       47   ,                   0   ,                    1   ,              219.3   ,                 144.6   ,               67.7   ,                 74.6   ,              12.0   ,               6.9   ,                12.1   ,          212.4   ,             12.1   ,                        48.7   ,               4   ,        1.0500   ,               33.0   ,                 13822   ,
2026-02-12 13:13:57 ,        2730.0   ,           1281.5   ,               54.7   ,        60.3   ,                  58.0   ,                30   ,                  1061   ,                30   ,                  1055   ,          10398   ,        100   ,                       48   ,                   0   ,                    1   ,              219.1   ,                 143.7   ,               68.5   ,                 75.4   ,              12.0   ,               6.9   ,                12.1   ,          212.2   ,             12.1   ,                        48.7   ,               4   ,        1.0500   ,               31.0   ,                 13864   ,
2026-02-12 13:13:58 ,        2730.0   ,           1281.5   ,               54.5   ,        59.8   ,                  58.0   ,                30   ,                  1058   ,                30   ,                  1054   ,          10398   ,        100   ,                       49   ,                   0   ,                    1   ,              222.4   ,                 145.6   ,               69.9   ,                 76.8   ,              12.0   ,               7.0   ,                12.1   ,          215.4   ,             12.1   ,                        49.4   ,               4   ,        1.0500   ,               31.0   ,                 13802   ,
2026-02-12 13:13:59 ,        2730.0   ,           1281.5   ,               54.8   ,        60.5   ,                  58.0   ,                30   ,                  1055   ,                30   ,                  1055   ,          10398   ,        100   ,                       51   ,                   0   ,                    1   ,              217.9   ,                 142.6   ,               68.3   ,                 75.3   ,              12.0   ,               7.0   ,                12.1   ,          210.9   ,             12.1   ,                        48.4   ,               4   ,        1.0500   ,               36.0   ,                 13838   ,
2026-02-12 13:14:00 ,        2730.0   ,           1281.5   ,               55.1   ,        60.5   ,                  58.0   ,                30   ,                  1051   ,                30   ,                  1056   ,          10398   ,        100   ,                       51   ,                   0   ,                    1   ,              221.0   ,                 144.2   ,               69.9   ,                 76.9   ,              12.0   ,               7.0   ,                12.1   ,          214.1   ,             12.1   ,                        49.1   ,               4   ,        1.0500   ,               31.0   ,                 13859   ,
2026-02-12 13:14:01 ,        2730.0   ,           1281.5   ,               55.3   ,        60.9   ,                  58.0   ,                30   ,                  1054   ,                30   ,                  1055   ,          10398   ,        100   ,                       53   ,                   0   ,                    1   ,              223.0   ,                 146.2   ,               69.9   ,                 76.9   ,              12.0   ,               7.0   ,                12.1   ,          216.0   ,             12.1   ,                        49.6   ,               4   ,        1.0500   ,               34.0   ,                 13839   ,
2026-02-12 13:14:02 ,        2730.0   ,           1281.5   ,               55.6   ,        61.1   ,                  58.0   ,                30   ,                  1061   ,                30   ,                  1055   ,          10398   ,        100   ,                       53   ,                   0   ,                    1   ,              226.3   ,                 147.6   ,               71.7   ,                 78.7   ,              12.0   ,               7.0   ,                12.1   ,          219.3   ,             12.1   ,                        50.3   ,               4   ,        1.0500   ,               36.0   ,                 13845   ,
2026-02-12 13:14:03 ,        2730.0   ,           1281.5   ,               55.7   ,        61.2   ,                  58.0   ,                30   ,                  1069   ,                30   ,                  1055   ,          10398   ,        100   ,                       53   ,                   0   ,                    1   ,              224.0   ,                 146.5   ,               70.6   ,                 77.5   ,              12.0   ,               6.9   ,                12.1   ,          217.1   ,             12.1   ,                        49.8   ,               4   ,        1.0500   ,               36.0   ,                 13820   ,
2026-02-12 13:14:04 ,        2730.0   ,           1281.5   ,               55.8   ,        61.6   ,                  58.0   ,                30   ,                  1065   ,                30   ,                  1056   ,          10398   ,        100   ,                       53   ,                   0   ,                    1   ,              233.3   ,                 152.8   ,               73.5   ,                 80.5   ,              12.0   ,               7.1   ,                12.1   ,          226.2   ,             12.1   ,                        51.8   ,               4   ,        1.0500   ,               34.0   ,                 13827   ,
2026-02-12 13:14:05 ,        2730.0   ,           1281.5   ,               55.8   ,        61.5   ,                  58.0   ,                30   ,                  1064   ,                30   ,                  1056   ,          10398   ,        100   ,                       55   ,                   0   ,                    1   ,              231.5   ,                 152.1   ,               72.4   ,                 79.4   ,              12.0   ,               7.0   ,                12.1   ,          224.5   ,             12.1   ,                        51.4   ,               4   ,        1.0500   ,               31.0   ,                 13824   ,
2026-02-12 13:14:06 ,        2730.0   ,           1281.5   ,               55.8   ,        61.7   ,                  58.0   ,                30   ,                  1053   ,                30   ,                  1055   ,          10398   ,        100   ,                       54   ,                   0   ,                    1   ,              217.2   ,                 142.4   ,               67.9   ,                 74.8   ,              12.0   ,               6.8   ,                12.1   ,          210.3   ,             12.1   ,                        48.3   ,               4   ,        1.0500   ,               31.0   ,                 13839   ,
2026-02-12 13:14:07 ,        2730.0   ,           1281.5   ,               56.4   ,        62.1   ,                  60.0   ,                30   ,                  1063   ,                30   ,                  1056   ,          10398   ,        100   ,                       51   ,                   0   ,                    1   ,              228.4   ,                 149.8   ,               71.7   ,                 78.6   ,              12.0   ,               7.0   ,                12.1   ,          221.4   ,             12.1   ,                        50.8   ,               4   ,        1.0500   ,               37.0   ,                 13886   ,
2026-02-12 13:14:08 ,        2730.0   ,           1281.5   ,               56.4   ,        61.9   ,                  60.0   ,                30   ,                  1061   ,                30   ,                  1055   ,          10398   ,        100   ,                       53   ,                   0   ,                    1   ,              219.0   ,                 143.9   ,               68.2   ,                 75.2   ,              12.0   ,               7.0   ,                12.1   ,          212.1   ,             12.1   ,                        48.7   ,               4   ,        1.0500   ,               33.0   ,                 13838   ,
2026-02-12 13:14:09 ,        2730.0   ,           1281.5   ,               56.7   ,        62.5   ,                  60.0   ,                30   ,                  1063   ,                30   ,                  1056   ,          10398   ,        100   ,                       52   ,                   0   ,                    1   ,              225.3   ,                 148.3   ,               70.0   ,                 77.0   ,              12.0   ,               7.0   ,                12.1   ,          218.3   ,             12.1   ,                        50.1   ,               4   ,        1.0500   ,               36.0   ,                 13858   ,
2026-02-12 13:14:10 ,        2730.0   ,           1281.5   ,               56.5   ,        62.2   ,                  58.0   ,                30   ,                  1069   ,                30   ,                  1057   ,          10398   ,        100   ,                       53   ,                   0   ,                    1   ,              215.1   ,                 142.5   ,               65.8   ,                 72.6   ,              12.0   ,               6.9   ,                12.1   ,          208.3   ,             12.1   ,                        47.8   ,               4   ,        1.0500   ,               30.0   ,                 13842   ,
2026-02-12 13:14:11 ,        2730.0   ,           1281.5   ,               56.9   ,        62.6   ,                  60.0   ,                30   ,                  1069   ,                30   ,                  1055   ,          10398   ,        100   ,                       49   ,                   0   ,                    1   ,              219.6   ,                 145.9   ,               66.7   ,                 73.7   ,              12.0   ,               7.0   ,                12.1   ,          212.7   ,             12.1   ,                        48.8   ,               4   ,        1.0500   ,               33.0   ,                 13867   ,
2026-02-12 13:14:12 ,        2730.0   ,           1281.5   ,               57.1   ,        62.7   ,                  60.0   ,                30   ,                  1068   ,                30   ,                  1056   ,          10398   ,        100   ,                       48   ,                   0   ,                    1   ,              217.1   ,                 144.3   ,               65.9   ,                 72.8   ,              12.0   ,               6.9   ,                12.1   ,          210.2   ,             12.1   ,                        48.2   ,               4   ,        1.0500   ,               31.0   ,                 13815   ,
2026-02-12 13:14:13 ,        2730.0   ,           1281.5   ,               57.2   ,        62.9   ,                  60.0   ,                30   ,                  1055   ,                30   ,                  1055   ,          10398   ,        100   ,                       46   ,                   0   ,                    1   ,              218.9   ,                 144.7   ,               67.1   ,                 74.2   ,              12.0   ,               7.0   ,                12.1   ,          211.9   ,             12.1   ,                        48.6   ,               4   ,        1.0500   ,               36.0   ,                 13836   ,
2026-02-12 13:14:14 ,        2730.0   ,           1281.5   ,               57.6   ,        63.4   ,                  60.0   ,                30   ,                  1069   ,                30   ,                  1055   ,          10398   ,        100   ,                       47   ,                   0   ,                    1   ,              224.9   ,                 147.9   ,               70.0   ,                 77.0   ,              12.0   ,               7.0   ,                12.1   ,          217.9   ,             12.1   ,                        50.0   ,               4   ,        1.0500   ,               34.0   ,                 13881   ,
2026-02-12 13:14:15 ,        2730.0   ,           1281.5   ,               57.7   ,        63.6   ,                  60.0   ,                30   ,                  1064   ,                30   ,                  1055   ,          10398   ,        100   ,                       49   ,                   0   ,                    1   ,              224.1   ,                 146.9   ,               70.2   ,                 77.2   ,              12.0   ,               7.1   ,                12.1   ,          217.1   ,             12.1   ,                        49.8   ,               4   ,        1.0500   ,               31.0   ,                 13856   ,
2026-02-12 13:14:16 ,        2730.0   ,           1281.5   ,               57.7   ,        63.5   ,                  60.0   ,                30   ,                  1047   ,                30   ,                  1055   ,          10398   ,        100   ,                       50   ,                   0   ,                    1   ,              226.5   ,                 148.6   ,               70.8   ,                 77.9   ,              12.0   ,               7.1   ,                12.1   ,          219.5   ,             12.1   ,                        50.3   ,               4   ,        1.0500   ,               34.0   ,                 13883   ,
2026-02-12 13:14:17 ,        2730.0   ,           1281.5   ,               58.0   ,        64.0   ,                  60.0   ,                30   ,                  1049   ,                30   ,                  1055   ,          10398   ,        100   ,                       52   ,                   0   ,                    1   ,              221.8   ,                 145.2   ,               69.6   ,                 76.6   ,              12.0   ,               7.0   ,                12.1   ,          214.8   ,             12.1   ,                        49.2   ,               4   ,        1.0500   ,               32.0   ,                 13833   ,
2026-02-12 13:14:18 ,        2730.0   ,           1281.5   ,               58.0   ,        63.8   ,                  60.0   ,                30   ,                  1049   ,                30   ,                  1056   ,          10398   ,        100   ,                       52   ,                   0   ,                    1   ,              227.0   ,                 148.7   ,               71.2   ,                 78.3   ,              12.0   ,               7.1   ,                12.1   ,          219.9   ,             12.1   ,                        50.4   ,               4   ,        1.0500   ,               33.0   ,                 13866   ,
2026-02-12 13:14:19 ,        2730.0   ,           1281.5   ,               58.3   ,        64.3   ,                  62.0   ,                30   ,                  1048   ,                30   ,                  1056   ,          10398   ,        100   ,                       53   ,                   0   ,                    1   ,              223.2   ,                 146.1   ,               70.0   ,                 77.1   ,              12.0   ,               7.1   ,                12.1   ,          216.1   ,             12.1   ,                        49.6   ,               4   ,        1.0500   ,               33.0   ,                 13862   ,
2026-02-12 13:14:20 ,        2730.0   ,           1281.5   ,               58.3   ,        64.0   ,                  62.0   ,                30   ,                  1044   ,                30   ,                  1055   ,          10398   ,        100   ,                       52   ,                   0   ,                    1   ,              225.0   ,                 147.9   ,               70.1   ,                 77.1   ,              12.0   ,               7.0   ,                12.1   ,          218.0   ,             12.1   ,                        50.0   ,               4   ,        1.0500   ,               31.0   ,                 13861   ,
2026-02-12 13:14:21 ,        2730.0   ,           1281.5   ,               58.4   ,        64.4   ,                  62.0   ,                30   ,                  1045   ,                30   ,                  1055   ,          10398   ,        100   ,                       51   ,                   0   ,                    1   ,              221.8   ,                 146.1   ,               68.7   ,                 75.8   ,              12.0   ,               7.0   ,                12.1   ,          214.8   ,             12.1   ,                        49.3   ,               4   ,        1.0500   ,               34.0   ,                 13822   ,
2026-02-12 13:14:22 ,        2730.0   ,           1281.5   ,               58.4   ,        64.5   ,                  62.0   ,                30   ,                  1049   ,                30   ,                  1056   ,          10398   ,        100   ,                       52   ,                   0   ,                    1   ,              222.4   ,                 146.5   ,               68.9   ,                 75.9   ,              12.0   ,               7.0   ,                12.1   ,          215.4   ,             12.1   ,                        49.4   ,               4   ,        1.0500   ,               31.0   ,                 13837   ,
2026-02-12 13:14:23 ,        2730.0   ,           1281.5   ,               58.7   ,        64.5   ,                  62.0   ,                30   ,                  1062   ,                30   ,                  1056   ,          10398   ,        100   ,                       52   ,                   0   ,                    1   ,              219.3   ,                 144.8   ,               67.6   ,                 74.5   ,              12.0   ,               6.9   ,                12.1   ,          212.3   ,             12.1   ,                        48.7   ,               4   ,        1.0500   ,               32.0   ,                 13877   ,
2026-02-12 13:14:24 ,        2730.0   ,           1281.5   ,               58.8   ,        64.8   ,                  62.0   ,                30   ,                  1064   ,                30   ,                  1057   ,          10398   ,        100   ,                       49   ,                   0   ,                    1   ,              213.6   ,                 141.0   ,               65.7   ,                 72.6   ,              12.0   ,               6.9   ,                12.1   ,          206.7   ,             12.1   ,                        47.5   ,               4   ,        1.0500   ,               31.0   ,                 13855   ,
2026-02-12 13:14:25 ,        2730.0   ,           1281.5   ,               59.2   ,        65.3   ,                  62.0   ,                30   ,                  1056   ,                30   ,                  1057   ,          10398   ,        100   ,                       48   ,                   0   ,                    1   ,              215.2   ,                 142.6   ,               65.6   ,                 72.6   ,              12.0   ,               7.0   ,                12.1   ,          208.2   ,             12.1   ,                        47.8   ,               4   ,        1.0500   ,               31.0   ,                 13879   ,
2026-02-12 13:14:26 ,        2730.0   ,           1281.5   ,               58.9   ,        64.9   ,                  64.0   ,                30   ,                  1046   ,                30   ,                  1055   ,          10398   ,        100   ,                       47   ,                   0   ,                    1   ,              218.2   ,                 145.0   ,               66.2   ,                 73.2   ,              12.0   ,               7.0   ,                12.1   ,          211.2   ,             12.1   ,                        48.5   ,               4   ,        1.0500   ,               31.0   ,                 13838   ,
2026-02-12 13:14:27 ,        2730.0   ,           1281.5   ,               59.3   ,        65.3   ,                  62.0   ,                30   ,                  1047   ,                30   ,                  1056   ,          10398   ,        100   ,                       46   ,                   0   ,                    1   ,              222.9   ,                 148.5   ,               67.4   ,                 74.4   ,              12.0   ,               7.0   ,                12.1   ,          215.9   ,             12.1   ,                        49.5   ,               4   ,        1.0500   ,               31.0   ,                 13858   ,
2026-02-12 13:14:28 ,        2715.0   ,           1281.5   ,               59.4   ,        65.5   ,                  64.0   ,                30   ,                  1056   ,                30   ,                  1057   ,          10398   ,        100   ,                       47   ,                   0   ,                    1   ,              225.7   ,                 148.4   ,               70.2   ,                 77.3   ,              12.0   ,               7.1   ,                12.1   ,          218.6   ,             12.1   ,                        50.2   ,               4   ,        1.0500   ,               36.0   ,                 13843   ,
2026-02-12 13:14:29 ,        2715.0   ,           1281.5   ,               59.7   ,        65.5   ,                  62.0   ,                30   ,                  1057   ,                30   ,                  1057   ,          10398   ,        100   ,                       50   ,                   0   ,                    1   ,              219.1   ,                 143.9   ,               68.1   ,                 75.2   ,              12.0   ,               7.1   ,                12.1   ,          212.0   ,             12.1   ,                        48.7   ,               4   ,        1.0500   ,               35.0   ,                 13875   ,
2026-02-12 13:14:30 ,        2715.0   ,           1281.5   ,               59.9   ,        65.8   ,                  62.0   ,                30   ,                  1063   ,                30   ,                  1058   ,          10398   ,        100   ,                       49   ,                   0   ,                    1   ,              221.4   ,                 145.1   ,               69.2   ,                 76.3   ,              12.0   ,               7.1   ,                12.1   ,          214.3   ,             12.1   ,                        49.2   ,               4   ,        1.0500   ,               33.0   ,                 13823   ,
2026-02-12 13:14:31 ,        2715.0   ,           1281.5   ,               60.1   ,        66.1   ,                  62.0   ,                30   ,                  1067   ,                30   ,                  1058   ,          10398   ,        100   ,                       53   ,                   0   ,                    1   ,              227.6   ,                 149.5   ,               71.1   ,                 78.1   ,              12.0   ,               7.1   ,                12.1   ,          220.6   ,             12.1   ,                        50.6   ,               4   ,        1.0500   ,               36.0   ,                 13853   ,
2026-02-12 13:14:32 ,        2715.0   ,           1281.5   ,               60.0   ,        66.4   ,                  62.0   ,                30   ,                  1070   ,                30   ,                  1057   ,          10398   ,        100   ,                       50   ,                   0   ,                    1   ,              225.4   ,                 147.9   ,               70.4   ,                 77.5   ,              12.0   ,               7.1   ,                12.1   ,          218.3   ,             12.1   ,                        50.1   ,               4   ,        1.0500   ,               31.0   ,                 13858   ,
2026-02-12 13:14:33 ,        2715.0   ,           1281.5   ,               59.9   ,        66.2   ,                  62.0   ,                30   ,                  1071   ,                30   ,                  1057   ,          10398   ,        100   ,                       52   ,                   0   ,                    1   ,              219.5   ,                 144.4   ,               68.1   ,                 75.1   ,              12.0   ,               7.0   ,                12.1   ,          212.5   ,             12.1   ,                        48.8   ,               4   ,        1.0500   ,               35.0   ,                 13852   ,
2026-02-12 13:14:34 ,        2715.0   ,           1281.5   ,               60.2   ,        66.4   ,                  62.0   ,                30   ,                  1067   ,                30   ,                  1057   ,          10398   ,        100   ,                       52   ,                   0   ,                    1   ,              232.2   ,                 153.0   ,               72.0   ,                 79.2   ,              12.0   ,               7.1   ,                12.1   ,          225.1   ,             12.1   ,                        51.6   ,               4   ,        1.0500   ,               31.0   ,                 13873   ,
2026-02-12 13:14:35 ,        2715.0   ,           1281.5   ,               60.6   ,        66.6   ,                  64.0   ,                30   ,                  1072   ,                30   ,                  1058   ,          10398   ,        100   ,                       54   ,                   0   ,                    1   ,              226.3   ,                 148.5   ,               70.7   ,                 77.8   ,              12.0   ,               7.1   ,                12.1   ,          219.2   ,             12.1   ,                        50.3   ,               4   ,        1.0500   ,               31.0   ,                 13834   ,
2026-02-12 13:14:36 ,        2715.0   ,           1281.5   ,               60.6   ,        66.9   ,                  64.0   ,                30   ,                  1073   ,                30   ,                  1058   ,          10398   ,        100   ,                       53   ,                   0   ,                    1   ,              226.2   ,                 148.9   ,               70.2   ,                 77.3   ,              12.0   ,               7.1   ,                12.1   ,          219.1   ,             12.1   ,                        50.3   ,               4   ,        1.0500   ,               35.0   ,                 13840   ,
2026-02-12 13:14:37 ,        2715.0   ,           1281.5   ,               61.0   ,        67.2   ,                  64.0   ,                30   ,                  1075   ,                30   ,                  1058   ,          10398   ,        100   ,                       54   ,                   0   ,                    1   ,              222.5   ,                 146.7   ,               68.8   ,                 75.9   ,              12.0   ,               7.1   ,                12.1   ,          215.4   ,             12.1   ,                        49.5   ,               4   ,        1.0500   ,               34.0   ,                 13866   ,
2026-02-12 13:14:38 ,        2715.0   ,           1281.5   ,               61.1   ,        67.4   ,                  64.0   ,                30   ,                  1069   ,                30   ,                  1058   ,          10398   ,        100   ,                       53   ,                   0   ,                    1   ,              227.1   ,                 150.1   ,               69.9   ,                 77.1   ,              12.0   ,               7.1   ,                12.1   ,          220.0   ,             12.1   ,                        50.5   ,               4   ,        1.0500   ,               34.0   ,                 13853   ,
2026-02-12 13:14:39 ,        2715.0   ,           1281.5   ,               61.0   ,        66.9   ,                  66.0   ,                30   ,                  1065   ,                30   ,                  1057   ,          10398   ,        100   ,                       51   ,                   0   ,                    1   ,              223.1   ,                 147.7   ,               68.3   ,                 75.4   ,              12.0   ,               7.1   ,                12.1   ,          216.0   ,             12.1   ,                        49.6   ,               4   ,        1.0500   ,               32.0   ,                 13853   ,
2026-02-12 13:14:40 ,        2715.0   ,           1281.5   ,               60.9   ,        67.1   ,                  64.0   ,                30   ,                  1063   ,                30   ,                  1057   ,          10398   ,        100   ,                       51   ,                   0   ,                    1   ,              219.9   ,                 145.3   ,               67.6   ,                 74.7   ,              12.0   ,               7.1   ,                12.1   ,          212.9   ,             12.1   ,                        48.9   ,               4   ,        1.0500   ,               31.0   ,                 13849   ,
2026-02-12 13:14:41 ,        2715.0   ,           1281.5   ,               61.0   ,        67.3   ,                  64.0   ,                30   ,                  1058   ,                30   ,                  1057   ,          10398   ,        100   ,                       52   ,                   0   ,                    1   ,              218.8   ,                 145.5   ,               66.4   ,                 73.3   ,              12.0   ,               6.9   ,                12.1   ,          211.9   ,             12.1   ,                        48.6   ,               4   ,        1.0500   ,               31.0   ,                 13875   ,
2026-02-12 13:14:42 ,        2715.0   ,           1281.5   ,               61.2   ,        67.7   ,                  66.0   ,                30   ,                  1067   ,                30   ,                  1058   ,          10398   ,        100   ,                       49   ,                   0   ,                    1   ,              222.7   ,                 148.8   ,               66.9   ,                 73.9   ,              12.0   ,               7.0   ,                12.1   ,          215.8   ,             12.1   ,                        49.5   ,               4   ,        1.0500   ,               36.0   ,                 13855   ,
2026-02-12 13:14:43 ,        2715.0   ,           1281.5   ,               61.6   ,        67.8   ,                  64.0   ,                30   ,                  1062   ,                30   ,                  1058   ,          10398   ,        100   ,                       47   ,                   0   ,                    1   ,              218.0   ,                 145.8   ,               65.2   ,                 72.2   ,              12.0   ,               7.0   ,                12.1   ,          211.0   ,             12.1   ,                        48.4   ,               4   ,        1.0500   ,               31.0   ,                 13872   ,
2026-02-12 13:14:44 ,        2715.0   ,           1281.5   ,               61.8   ,        67.9   ,                  64.0   ,                30   ,                  1066   ,                30   ,                  1057   ,          10398   ,        100   ,                       47   ,                   0   ,                    1   ,              220.7   ,                 147.0   ,               66.7   ,                 73.8   ,              12.0   ,               7.1   ,                12.1   ,          213.7   ,             12.1   ,                        49.1   ,               4   ,        1.0500   ,               32.0   ,                 13816   ,
2026-02-12 13:14:45 ,        2715.0   ,           1281.5   ,               61.8   ,        67.9   ,                  64.0   ,                30   ,                  1070   ,                30   ,                  1057   ,          10398   ,        100   ,                       45   ,                   0   ,                    1   ,              225.2   ,                 148.5   ,               69.6   ,                 76.7   ,              12.0   ,               7.1   ,                12.1   ,          218.1   ,             12.1   ,                        50.0   ,               4   ,        1.0500   ,               31.0   ,                 13851   ,
2026-02-12 13:14:46 ,        2715.0   ,           1281.5   ,               62.0   ,        68.1   ,                  66.0   ,                30   ,                  1063   ,                30   ,                  1057   ,          10398   ,        100   ,                       48   ,                   0   ,                    1   ,              220.0   ,                 145.0   ,               67.9   ,                 75.0   ,              12.0   ,               7.1   ,                12.1   ,          212.9   ,             12.1   ,                        48.9   ,               4   ,        1.0500   ,               33.0   ,                 13832   ,
2026-02-12 13:14:47 ,        2715.0   ,           1281.5   ,               62.2   ,        68.4   ,                  66.0   ,                30   ,                  1066   ,                30   ,                  1058   ,          10398   ,        100   ,                       48   ,                   0   ,                    1   ,              222.4   ,                 146.4   ,               68.9   ,                 76.0   ,              12.0   ,               7.1   ,                12.1   ,          215.3   ,             12.1   ,                        49.4   ,               4   ,        1.0500   ,               34.0   ,                 13852   ,
2026-02-12 13:14:48 ,        2715.0   ,           1281.5   ,               62.4   ,        68.6   ,                  66.0   ,                30   ,                  1066   ,                30   ,                  1058   ,          10398   ,        100   ,                       52   ,                   0   ,                    1   ,              230.7   ,                 152.2   ,               71.4   ,                 78.5   ,              12.0   ,               7.1   ,                12.1   ,          223.6   ,             12.1   ,                        51.3   ,               4   ,        1.0500   ,               32.0   ,                 13856   ,
2026-02-12 13:14:49 ,        2715.0   ,           1281.5   ,               62.5   ,        68.5   ,                  66.0   ,                30   ,                  1074   ,                30   ,                  1059   ,          10398   ,        100   ,                       52   ,                   0   ,                    1   ,              229.4   ,                 151.3   ,               71.0   ,                 78.1   ,              12.0   ,               7.2   ,                12.1   ,          222.3   ,             12.1   ,                        51.0   ,               4   ,        1.0500   ,               31.0   ,                 13834   ,
2026-02-12 13:14:50 ,        2715.0   ,           1281.5   ,               62.5   ,        68.8   ,                  66.0   ,                30   ,                  1076   ,                30   ,                  1057   ,          10398   ,        100   ,                       51   ,                   0   ,                    1   ,              230.4   ,                 151.9   ,               71.3   ,                 78.5   ,              12.0   ,               7.2   ,                12.1   ,          223.2   ,             12.1   ,                        51.2   ,               4   ,        1.0500   ,               37.0   ,                 13853   ,
2026-02-12 13:14:51 ,        2715.0   ,           1281.5   ,               62.6   ,        68.7   ,                  66.0   ,                30   ,                  1068   ,                30   ,                  1058   ,          10398   ,        100   ,                       51   ,                   0   ,                    1   ,              235.1   ,                 155.0   ,               72.9   ,                 80.1   ,              12.0   ,               7.2   ,                12.1   ,          227.9   ,             12.1   ,                        52.2   ,               4   ,        1.0500   ,               31.0   ,                 13852   ,
2026-02-12 13:14:52 ,        2715.0   ,           1281.5   ,               62.5   ,        69.0   ,                  66.0   ,                30   ,                  1060   ,                30   ,                  1058   ,          10398   ,        100   ,                       52   ,                   0   ,                    1   ,              231.4   ,                 153.1   ,               71.2   ,                 78.3   ,              12.0   ,               7.1   ,                12.1   ,          224.3   ,             12.1   ,                        51.4   ,               4   ,        1.0500   ,               31.0   ,                 13864   ,
2026-02-12 13:14:53 ,        2715.0   ,           1281.5   ,               63.1   ,        69.6   ,                  66.0   ,                30   ,                  1065   ,                30   ,                  1059   ,          10398   ,        100   ,                       53   ,                   0   ,                    1   ,              233.9   ,                 154.7   ,               72.0   ,                 79.2   ,              12.0   ,               7.1   ,                12.1   ,          226.8   ,             12.1   ,                        52.0   ,               4   ,        1.0500   ,               35.0   ,                 13833   ,
2026-02-12 13:14:54 ,        2715.0   ,           1281.5   ,               63.3   ,        69.5   ,                  66.0   ,                31   ,                  1067   ,                31   ,                  1059   ,          10398   ,        100   ,                       53   ,                   0   ,                    1   ,              226.2   ,                 149.9   ,               69.1   ,                 76.3   ,              12.0   ,               7.2   ,                12.1   ,          219.0   ,             12.1   ,                        50.3   ,               4   ,        1.0500   ,               30.0   ,                 13842   ,
2026-02-12 13:14:55 ,        2715.0   ,           1281.5   ,               63.0   ,        69.2   ,                  68.0   ,                31   ,                  1072   ,                31   ,                  1059   ,          10398   ,        100   ,                       53   ,                   0   ,                    1   ,              237.1   ,                 157.5   ,               72.5   ,                 79.6   ,              12.0   ,               7.1   ,                12.1   ,          230.0   ,             12.1   ,                        52.7   ,               4   ,        1.0500   ,               32.0   ,                 13825   ,
2026-02-12 13:14:56 ,        2715.0   ,           1281.5   ,               63.2   ,        69.3   ,                  68.0   ,                31   ,                  1074   ,                31   ,                  1059   ,          10398   ,        100   ,                       51   ,                   0   ,                    1   ,              217.0   ,                 144.9   ,               65.2   ,                 72.1   ,              12.0   ,               6.9   ,                12.1   ,          210.1   ,             12.1   ,                        48.2   ,               4   ,        1.0500   ,               33.0   ,                 13861   ,
2026-02-12 13:14:57 ,        2715.0   ,           1281.5   ,               63.4   ,        69.8   ,                  66.0   ,                31   ,                  1070   ,                31   ,                  1060   ,          10398   ,        100   ,                       47   ,                   0   ,                    1   ,              217.0   ,                 145.0   ,               65.1   ,                 72.0   ,              12.0   ,               7.0   ,                12.1   ,          210.0   ,             12.1   ,                        48.2   ,               4   ,        1.0500   ,               31.0   ,                 13838   ,
2026-02-12 13:14:58 ,        2715.0   ,           1281.5   ,               63.6   ,        70.0   ,                  68.0   ,                32   ,                  1078   ,                32   ,                  1059   ,          10398   ,        100   ,                       46   ,                   0   ,                    1   ,              227.8   ,                 152.5   ,               68.3   ,                 75.3   ,              12.0   ,               7.0   ,                12.1   ,          220.8   ,             12.1   ,                        50.6   ,               4   ,        1.0500   ,               32.0   ,                 13842   ,
2026-02-12 13:14:59 ,        2715.0   ,           1281.5   ,               63.6   ,        70.2   ,                  68.0   ,                32   ,                  1070   ,                32   ,                  1064   ,          10398   ,        100   ,                       47   ,                   0   ,                    1   ,              219.7   ,                 147.1   ,               65.6   ,                 72.6   ,              12.0   ,               6.9   ,                12.1   ,          212.8   ,             12.1   ,                        48.8   ,               4   ,        1.0500   ,               30.0   ,                 13852   ,
2026-02-12 13:15:00 ,        2715.0   ,           1281.5   ,               63.9   ,        70.2   ,                  66.0   ,                32   ,                  1072   ,                32   ,                  1071   ,          10398   ,        100   ,                       47   ,                   0   ,                    1   ,              227.1   ,                 151.3   ,               68.7   ,                 75.8   ,              12.0   ,               7.1   ,                12.1   ,          220.0   ,             12.1   ,                        50.5   ,               4   ,        1.0500   ,               33.0   ,                 13846   ,
2026-02-12 13:15:01 ,        2715.0   ,           1281.5   ,               63.8   ,        70.5   ,                  68.0   ,                32   ,                  1076   ,                32   ,                  1077   ,          10398   ,        100   ,                       50   ,                   0   ,                    1   ,              227.1   ,                 150.7   ,               69.4   ,                 76.4   ,              12.0   ,               7.0   ,                12.1   ,          220.1   ,             12.1   ,                        50.5   ,               4   ,        1.0500   ,               31.0   ,                 13875   ,
2026-02-12 13:15:02 ,        2715.0   ,           1281.5   ,               63.9   ,        70.3   ,                  68.0   ,                32   ,                  1088   ,                32   ,                  1087   ,          10398   ,        100   ,                       50   ,                   0   ,                    1   ,              223.5   ,                 148.2   ,               68.3   ,                 75.3   ,              12.0   ,               7.0   ,                12.1   ,          216.4   ,             12.1   ,                        49.7   ,               4   ,        1.0500   ,               32.0   ,                 13815   ,
2026-02-12 13:15:03 ,        2715.0   ,           1281.5   ,               64.3   ,        70.7   ,                  68.0   ,                33   ,                  1081   ,                33   ,                  1094   ,          10398   ,        100   ,                       52   ,                   0   ,                    1   ,              228.0   ,                 151.4   ,               69.5   ,                 76.6   ,              12.0   ,               7.1   ,                12.1   ,          220.9   ,             12.1   ,                        50.7   ,               4   ,        1.0500   ,               31.0   ,                 13856   ,
2026-02-12 13:15:04 ,        2715.0   ,           1281.5   ,               64.0   ,        70.2   ,                  68.0   ,                33   ,                  1091   ,                33   ,                  1103   ,          10398   ,        100   ,                       52   ,                   0   ,                    1   ,              223.6   ,                 147.9   ,               68.6   ,                 75.7   ,              12.0   ,               7.1   ,                12.1   ,          216.5   ,             12.1   ,                        49.7   ,               4   ,        1.0500   ,               32.0   ,                 13852   ,
2026-02-12 13:15:05 ,        2715.0   ,           1281.5   ,               64.6   ,        70.9   ,                  68.0   ,                33   ,                  1103   ,                33   ,                  1114   ,          10398   ,        100   ,                       51   ,                   0   ,                    1   ,              227.8   ,                 150.3   ,               70.3   ,                 77.4   ,              12.0   ,               7.1   ,                12.1   ,          220.7   ,             12.1   ,                        50.6   ,               4   ,        1.0500   ,               31.0   ,                 13879   ,
2026-02-12 13:15:06 ,        2715.0   ,           1281.5   ,               64.5   ,        71.2   ,                  66.0   ,                33   ,                  1120   ,                33   ,                  1126   ,          10398   ,        100   ,                       54   ,                   0   ,                    1   ,              230.6   ,                 152.2   ,               71.2   ,                 78.3   ,              12.0   ,               7.1   ,                12.1   ,          223.4   ,             12.1   ,                        51.2   ,               4   ,        1.0500   ,               31.0   ,                 13809   ,
2026-02-12 13:15:07 ,        2715.0   ,           1281.5   ,               64.5   ,        71.2   ,                  68.0   ,                34   ,                  1128   ,                34   ,                  1136   ,          10398   ,        100   ,                       52   ,                   0   ,                    1   ,              225.9   ,                 149.2   ,               69.5   ,                 76.7   ,              12.0   ,               7.2   ,                12.1   ,          218.7   ,             12.1   ,                        50.2   ,               4   ,        1.0500   ,               31.0   ,                 13830   ,
2026-02-12 13:15:08 ,        2715.0   ,           1281.5   ,               64.5   ,        70.9   ,                  68.0   ,                34   ,                  1134   ,                34   ,                  1142   ,          10398   ,        100   ,                       53   ,                   0   ,                    1   ,              229.1   ,                 151.8   ,               70.2   ,                 77.3   ,              12.0   ,               7.1   ,                12.1   ,          222.0   ,             12.1   ,                        50.9   ,               4   ,        1.0500   ,               33.0   ,                 13851   ,
2026-02-12 13:15:09 ,        2715.0   ,           1281.5   ,               64.6   ,        71.2   ,                  68.0   ,                34   ,                  1144   ,                34   ,                  1149   ,          10398   ,        100   ,                       51   ,                   0   ,                    1   ,              227.2   ,                 150.9   ,               69.3   ,                 76.4   ,              12.0   ,               7.1   ,                12.1   ,          220.1   ,             12.1   ,                        50.5   ,               4   ,        1.0500   ,               37.0   ,                 13833   ,
2026-02-12 13:15:10 ,        2715.0   ,           1281.5   ,               64.6   ,        71.3   ,                  68.0   ,                34   ,                  1154   ,                34   ,                  1161   ,          10398   ,        100   ,                       54   ,                   0   ,                    1   ,              227.0   ,                 150.6   ,               69.3   ,                 76.4   ,              12.0   ,               7.1   ,                12.1   ,          219.9   ,             12.1   ,                        50.5   ,               4   ,        1.0500   ,               32.0   ,                 13867   ,
2026-02-12 13:15:11 ,        2715.0   ,           1281.5   ,               65.0   ,        71.4   ,                  68.0   ,                34   ,                  1167   ,                34   ,                  1169   ,          10398   ,        100   ,                       52   ,                   0   ,                    1   ,              222.7   ,                 148.1   ,               67.5   ,                 74.6   ,              12.0   ,               7.1   ,                12.1   ,          215.6   ,             12.1   ,                        49.5   ,               4   ,        1.0500   ,               34.0   ,                 13817   ,
2026-02-12 13:15:12 ,        2715.0   ,           1281.5   ,               65.0   ,        71.4   ,                  68.0   ,                34   ,                  1174   ,                34   ,                  1176   ,          10398   ,        100   ,                       51   ,                   0   ,                    1   ,              224.9   ,                 149.5   ,               68.4   ,                 75.5   ,              12.0   ,               7.1   ,                12.1   ,          217.8   ,             12.1   ,                        50.0   ,               4   ,        1.0500   ,               31.0   ,                 13853   ,
2026-02-12 13:15:13 ,        2715.0   ,           1281.5   ,               64.9   ,        71.4   ,                  68.0   ,                35   ,                  1179   ,                35   ,                  1183   ,          10398   ,        100   ,                       50   ,                   0   ,                    1   ,              222.8   ,                 148.3   ,               67.5   ,                 74.5   ,              12.0   ,               7.1   ,                12.1   ,          215.8   ,             12.1   ,                        49.5   ,               4   ,        1.0500   ,               31.0   ,                 13836   ,
2026-02-12 13:15:14 ,        2715.0   ,           1281.5   ,               65.4   ,        71.8   ,                  68.0   ,                35   ,                  1189   ,                35   ,                  1193   ,          10398   ,        100   ,                       49   ,                   0   ,                    1   ,              225.3   ,                 150.8   ,               67.4   ,                 74.5   ,              12.0   ,               7.1   ,                12.1   ,          218.2   ,             12.1   ,                        50.1   ,               4   ,        1.0500   ,               37.0   ,                 13870   ,
2026-02-12 13:15:15 ,        2715.0   ,           1281.5   ,               65.2   ,        71.6   ,                  68.0   ,                35   ,                  1200   ,                35   ,                  1200   ,          10398   ,        100   ,                       47   ,                   0   ,                    1   ,              221.2   ,                 148.8   ,               65.3   ,                 72.4   ,              12.0   ,               7.1   ,                12.1   ,          214.1   ,             12.1   ,                        49.2   ,               4   ,        1.0500   ,               36.0   ,                 13847   ,
2026-02-12 13:15:16 ,        2715.0   ,           1281.5   ,               65.6   ,        72.0   ,                  68.0   ,                35   ,                  1204   ,                35   ,                  1208   ,          10398   ,        100   ,                       46   ,                   0   ,                    1   ,              223.9   ,                 150.4   ,               66.4   ,                 73.5   ,              12.0   ,               7.1   ,                12.1   ,          221.7   ,             12.1   ,                        50.8   ,               4   ,        1.0500   ,               33.0   ,                 13828   ,
2026-02-12 13:15:17 ,        2715.0   ,           1281.5   ,               65.5   ,        72.2   ,                  68.0   ,                35   ,                  1210   ,                35   ,                  1213   ,          10398   ,        100   ,                       47   ,                   0   ,                    1   ,              231.5   ,                 154.0   ,               70.3   ,                 77.5   ,              12.0   ,               7.2   ,                12.1   ,          224.3   ,             12.1   ,                        51.4   ,               4   ,        1.0500   ,               31.0   ,                 13845   ,
2026-02-12 13:15:18 ,        2715.0   ,           1281.5   ,               65.8   ,        72.4   ,                  68.0   ,                35   ,                  1218   ,                35   ,                  1219   ,          10398   ,        100   ,                       48   ,                   0   ,                    1   ,              227.8   ,                 156.2   ,               72.1   ,                 79.3   ,              12.0   ,               7.2   ,                12.1   ,          228.2   ,             12.1   ,                        52.3   ,               4   ,        1.0500   ,               31.0   ,                 13844   ,
2026-02-12 13:15:19 ,        2715.0   ,           1281.5   ,               65.5   ,        71.9   ,                  70.0   ,                35   ,                  1225   ,                35   ,                  1227   ,          10398   ,        100   ,                       50   ,                   0   ,                    1   ,              228.2   ,                 151.3   ,               69.6   ,                 76.9   ,              12.0   ,               7.3   ,                12.1   ,          220.9   ,             12.1   ,                        50.7   ,               4   ,        1.0500   ,               31.0   ,                 13861   ,
2026-02-12 13:15:20 ,        2715.0   ,           1281.5   ,               65.6   ,        72.0   ,                  70.0   ,                36   ,                  1230   ,                36   ,                  1235   ,          10398   ,        100   ,                       51   ,                   0   ,                    1   ,              227.2   ,                 150.3   ,               69.6   ,                 76.9   ,              12.0   ,               7.3   ,                12.1   ,          219.9   ,             12.1   ,                        50.5   ,               4   ,        1.0500   ,               36.0   ,                 13808   ,
2026-02-12 13:15:21 ,        2715.0   ,           1281.5   ,               66.0   ,        72.6   ,                  70.0   ,                36   ,                  1237   ,                36   ,                  1240   ,          10398   ,        100   ,                       52   ,                   0   ,                    1   ,              232.3   ,                 153.9   ,               71.2   ,                 78.5   ,              12.0   ,               7.3   ,                12.1   ,          225.0   ,             12.1   ,                        51.6   ,               4   ,        1.0500   ,               35.0   ,                 13843   ,
2026-02-12 13:15:22 ,        2715.0   ,           1281.5   ,               66.0   ,        72.7   ,                  70.0   ,                36   ,                  1244   ,                36   ,                  1246   ,          10398   ,        100   ,                       51   ,                   0   ,                    1   ,              228.9   ,                 151.4   ,               70.2   ,                 77.5   ,              12.0   ,               7.3   ,                12.1   ,          221.7   ,             12.1   ,                        50.9   ,               4   ,        1.0500   ,               36.0   ,                 13824   ,
2026-02-12 13:15:23 ,        2715.0   ,           1281.5   ,               65.8   ,        72.2   ,                  70.0   ,                36   ,                  1253   ,                36   ,                  1252   ,          10398   ,        100   ,                       51   ,                   0   ,                    1   ,              233.4   ,                 154.3   ,               71.8   ,                 79.1   ,              12.0   ,               7.3   ,                12.1   ,          226.2   ,             12.1   ,                        51.9   ,               4   ,        1.0500   ,               34.0   ,                 13848   ,
2026-02-12 13:15:24 ,        2715.0   ,           1281.5   ,               66.2   ,        72.7   ,                  70.0   ,                36   ,                  1259   ,                36   ,                  1259   ,          10398   ,        100   ,                       52   ,                   0   ,                    1   ,              225.2   ,                 149.4   ,               68.5   ,                 75.8   ,              12.0   ,               7.2   ,                12.1   ,          217.9   ,             12.1   ,                        50.0   ,               4   ,        1.0500   ,               31.0   ,                 13854   ,
2026-02-12 13:15:25 ,        2715.0   ,           1281.5   ,               66.3   ,        72.8   ,                  70.0   ,                36   ,                  1263   ,                36   ,                  1267   ,          10398   ,        100   ,                       53   ,                   0   ,                    1   ,              224.8   ,                 149.3   ,               68.2   ,                 75.4   ,              12.0   ,               7.3   ,                12.1   ,          217.5   ,             12.1   ,                        50.0   ,               4   ,        1.0500   ,               31.0   ,                 13829   ,
2026-02-12 13:15:26 ,        2715.0   ,           1281.5   ,               66.1   ,        72.8   ,                  70.0   ,                36   ,                  1272   ,                36   ,                  1276   ,          10398   ,        100   ,                       54   ,                   0   ,                    1   ,              236.5   ,                 157.4   ,               71.7   ,                 79.1   ,              12.0   ,               7.4   ,                12.1   ,          229.2   ,             12.1   ,                        52.6   ,               4   ,        1.0500   ,               32.0   ,                 13867   ,
2026-02-12 13:15:27 ,        2715.0   ,           1281.5   ,               66.4   ,        72.8   ,                  70.0   ,                37   ,                  1285   ,                37   ,                  1283   ,          10398   ,        100   ,                       52   ,                   0   ,                    1   ,              236.3   ,                 157.3   ,               71.7   ,                 79.0   ,              12.0   ,               7.2   ,                12.1   ,          229.0   ,             12.1   ,                        52.5   ,               4   ,        1.0500   ,               34.0   ,                 13844   ,
2026-02-12 13:15:28 ,        2715.0   ,           1281.5   ,               66.4   ,        72.9   ,                  70.0   ,                37   ,                  1293   ,                37   ,                  1289   ,          10398   ,        100   ,                       52   ,                   0   ,                    1   ,              229.9   ,                 153.5   ,               69.2   ,                 76.4   ,              12.0   ,               7.3   ,                12.1   ,          222.7   ,             12.1   ,                        51.1   ,               4   ,        1.0500   ,               37.0   ,                 13878   ,
2026-02-12 13:15:29 ,        2715.0   ,           1281.5   ,               66.4   ,        72.9   ,                  70.0   ,                37   ,                  1296   ,                37   ,                  1294   ,          10398   ,        100   ,                       52   ,                   0   ,                    1   ,              225.7   ,                 150.8   ,               67.7   ,                 75.0   ,              12.0   ,               7.2   ,                12.1   ,          218.5   ,             12.1   ,                        50.2   ,               4   ,        1.0500   ,               32.0   ,                 13841   ,
2026-02-12 13:15:30 ,        2715.0   ,           1281.5   ,               66.4   ,        72.9   ,                  70.0   ,                37   ,                  1299   ,                37   ,                  1302   ,          10398   ,        100   ,                       51   ,                   0   ,                    1   ,              221.4   ,                 148.0   ,               66.1   ,                 73.4   ,              12.0   ,               7.3   ,                12.1   ,          214.1   ,             12.1   ,                        49.2   ,               4   ,        1.0500   ,               31.0   ,                 13864   ,
2026-02-12 13:15:31 ,        2715.0   ,           1281.5   ,               66.2   ,        72.9   ,                  70.0   ,                37   ,                  1302   ,                37   ,                  1305   ,          10398   ,        100   ,                       50   ,                   0   ,                    1   ,              226.6   ,                 151.8   ,               67.5   ,                 74.8   ,              12.0   ,               7.3   ,                12.1   ,          219.3   ,             12.1   ,                        50.3   ,               4   ,        1.0500   ,               31.0   ,                 13846   ,
2026-02-12 13:15:32 ,        2715.0   ,           1281.5   ,               66.8   ,        73.4   ,                  70.0   ,                37   ,                  1309   ,                37   ,                  1310   ,          10398   ,        100   ,                       49   ,                   0   ,                    1   ,              219.7   ,                 148.0   ,               64.5   ,                 71.7   ,              12.0   ,               7.2   ,                12.1   ,          212.4   ,             12.1   ,                        48.8   ,               4   ,        1.0500   ,               33.0   ,                 13875   ,
2026-02-12 13:15:33 ,        2715.0   ,           1281.5   ,               66.8   ,        73.4   ,                  70.0   ,                37   ,                  1316   ,                37   ,                  1315   ,          10398   ,        100   ,                       48   ,                   0   ,                    1   ,              227.8   ,                 153.2   ,               67.3   ,                 74.5   ,              12.0   ,               7.2   ,                12.1   ,          220.5   ,             12.1   ,                        50.6   ,               4   ,        1.0500   ,               31.0   ,                 13807   ,
2026-02-12 13:15:34 ,        2715.0   ,           1281.5   ,               66.6   ,        73.2   ,                  70.0   ,                37   ,                  1322   ,                37   ,                  1322   ,          10398   ,        100   ,                       47   ,                   0   ,                    1   ,              224.8   ,                 150.8   ,               66.8   ,                 74.0   ,              12.0   ,               7.2   ,                12.1   ,          217.6   ,             12.1   ,                        50.0   ,               4   ,        1.0500   ,               31.0   ,                 13830   ,
2026-02-12 13:15:35 ,        2715.0   ,           1281.5   ,               66.9   ,        73.4   ,                  70.0   ,                38   ,                  1328   ,                38   ,                  1327   ,          10398   ,        100   ,                       46   ,                   0   ,                    1   ,              233.6   ,                 155.7   ,               70.4   ,                 77.8   ,              12.0   ,               7.4   ,                12.1   ,          226.1   ,             12.1   ,                        51.9   ,               4   ,        1.0500   ,               36.0   ,                 13850   ,
2026-02-12 13:15:36 ,        2715.0   ,           1281.5   ,               67.0   ,        73.6   ,                  72.0   ,                38   ,                  1333   ,                38   ,                  1333   ,          10398   ,        100   ,                       48   ,                   0   ,                    1   ,              230.4   ,                 153.0   ,               70.0   ,                 77.3   ,              12.0   ,               7.4   ,                12.1   ,          223.0   ,             12.1   ,                        51.2   ,               4   ,        1.0500   ,               32.0   ,                 13849   ,
2026-02-12 13:15:37 ,        2715.0   ,           1281.5   ,               66.9   ,        73.4   ,                  72.0   ,                38   ,                  1338   ,                38   ,                  1339   ,          10398   ,        100   ,                       52   ,                   0   ,                    1   ,              227.5   ,                 151.1   ,               69.0   ,                 76.4   ,              12.0   ,               7.4   ,                12.1   ,          220.1   ,             12.1   ,                        50.7   ,               4   ,        1.0500   ,               36.0   ,                 13852   ,
2026-02-12 13:15:38 ,        2715.0   ,           1281.5   ,               67.0   ,        73.6   ,                  70.0   ,                38   ,                  1346   ,                38   ,                  1349   ,          10398   ,        100   ,                       53   ,                   0   ,                    1   ,              234.0   ,                 155.0   ,               71.7   ,                 79.1   ,              12.0   ,               7.4   ,                12.1   ,          226.6   ,             12.1   ,                        52.0   ,               4   ,        1.0500   ,               31.0   ,                 13814   ,
2026-02-12 13:15:39 ,        2715.0   ,           1281.5   ,               67.1   ,        73.7   ,                  70.0   ,                38   ,                  1351   ,                38   ,                  1353   ,          10398   ,        100   ,                       54   ,                   0   ,                    1   ,              221.0   ,                 158.4   ,               73.3   ,                 80.8   ,              12.0   ,               7.5   ,                12.1   ,          231.8   ,             12.1   ,                        53.2   ,               4   ,        1.0500   ,               35.0   ,                 13834   ,
2026-02-12 13:15:40 ,        2715.0   ,           1281.5   ,               67.2   ,        73.7   ,                  72.0   ,                38   ,                  1358   ,                38   ,                  1358   ,          10398   ,        100   ,                       51   ,                   0   ,                    1   ,              232.0   ,                 154.2   ,               70.4   ,                 77.7   ,              12.0   ,               7.4   ,                12.1   ,          224.6   ,             12.1   ,                        51.5   ,               4   ,        1.0500   ,               31.0   ,                 13829   ,
2026-02-12 13:15:41 ,        2715.0   ,           1281.5   ,               67.0   ,        73.6   ,                  72.0   ,                38   ,                  1365   ,                38   ,                  1363   ,          10398   ,        100   ,                       53   ,                   0   ,                    1   ,              240.3   ,                 159.8   ,               73.0   ,                 80.5   ,              12.0   ,               7.5   ,                12.1   ,          232.8   ,             12.1   ,                        53.4   ,               4   ,        1.0500   ,               30.0   ,                 13851   ,
2026-02-12 13:15:42 ,        2715.0   ,           1281.5   ,               67.1   ,        73.7   ,                  70.0   ,                38   ,                  1370   ,                38   ,                  1369   ,          10398   ,        100   ,                       54   ,                   0   ,                    1   ,              232.2   ,                 154.4   ,               70.3   ,                 77.8   ,              12.0   ,               7.5   ,                12.1   ,          224.7   ,             12.1   ,                        51.6   ,               4   ,        1.0500   ,               31.0   ,                 13847   ,
2026-02-12 13:15:43 ,        2715.0   ,           1281.5   ,               67.3   ,        73.9   ,                  72.0   ,                39   ,                  1373   ,                39   ,                  1376   ,          10398   ,        100   ,                       54   ,                   0   ,                    1   ,              240.3   ,                 160.1   ,               72.7   ,                 80.2   ,              12.0   ,               7.5   ,                12.1   ,          232.8   ,             12.1   ,                        53.4   ,               4   ,        1.0500   ,               31.0   ,                 13821   ,
2026-02-12 13:15:44 ,        2715.0   ,           1281.5   ,               67.3   ,        74.0   ,                  70.0   ,                39   ,                  1375   ,                39   ,                  1381   ,          10398   ,        100   ,                       51   ,                   0   ,                    1   ,              233.3   ,                 155.0   ,               70.7   ,                 78.2   ,              12.0   ,               7.5   ,                12.1   ,          225.8   ,             12.1   ,                        51.8   ,               4   ,        1.0500   ,               34.0   ,                 13865   ,
2026-02-12 13:15:45 ,        2715.0   ,           1281.5   ,               67.1   ,        73.7   ,                  70.0   ,                39   ,                  1382   ,                39   ,                  1386   ,          10398   ,        100   ,                       49   ,                   0   ,                    1   ,              223.8   ,                 149.7   ,               66.7   ,                 74.1   ,              12.0   ,               7.4   ,                12.1   ,          216.4   ,             12.1   ,                        49.7   ,               4   ,        1.0500   ,               31.0   ,                 13862   ,
2026-02-12 13:15:46 ,        2715.0   ,           1281.5   ,               67.6   ,        74.3   ,                  72.0   ,                39   ,                  1387   ,                39   ,                  1391   ,          10398   ,        100   ,                       49   ,                   0   ,                    1   ,              234.8   ,                 156.7   ,               70.6   ,                 71.9   ,              12.0   ,               7.3   ,                12.1   ,          214.7   ,             12.1   ,                        49.3   ,               4   ,        1.0500   ,               35.0   ,                 13863   ,
2026-02-12 13:15:47 ,        2715.0   ,           1281.5   ,               67.6   ,        74.3   ,                  72.0   ,                39   ,                  1394   ,                39   ,                  1394   ,          10398   ,        100   ,                       48   ,                   0   ,                    1   ,              221.5   ,                 149.0   ,               65.2   ,                 72.5   ,              12.0   ,               7.3   ,                12.1   ,          214.2   ,             12.1   ,                        49.2   ,               4   ,        1.0500   ,               36.0   ,                 13822   ,
2026-02-12 13:15:48 ,        2715.0   ,           1281.5   ,               67.7   ,        74.5   ,                  72.0   ,                39   ,                  1396   ,                39   ,                  1399   ,          10398   ,        100   ,                       46   ,                   0   ,                    1   ,              230.4   ,                 155.0   ,               68.0   ,                 75.4   ,              12.0   ,               7.4   ,                12.1   ,          223.0   ,             12.1   ,                        51.2   ,               4   ,        1.0500   ,               31.0   ,                 13839   ,
2026-02-12 13:15:49 ,        2715.0   ,           1281.5   ,               67.6   ,        74.3   ,                  72.0   ,                39   ,                  1398   ,                39   ,                  1399   ,          10398   ,        100   ,                       46   ,                   0   ,                    1   ,              230.8   ,                 154.4   ,               69.0   ,                 76.4   ,              12.0   ,               7.5   ,                12.1   ,          223.4   ,             12.1   ,                        51.3   ,               4   ,        1.0500   ,               31.0   ,                 13825   ,
2026-02-12 13:15:50 ,        2715.0   ,           1281.5   ,               67.6   ,        74.2   ,                  72.0   ,                39   ,                  1405   ,                39   ,                  1404   ,          10398   ,        100   ,                       45   ,                   0   ,                    1   ,              236.3   ,                 157.2   ,               71.6   ,                 79.1   ,              12.0   ,               7.5   ,                12.1   ,          228.8   ,             12.1   ,                        52.5   ,               4   ,        1.0500   ,               30.0   ,                 13860   ,
2026-02-12 13:15:51 ,        2715.0   ,           1281.5   ,               67.8   ,        74.3   ,                  72.0   ,                39   ,                  1407   ,                39   ,                  1408   ,          10398   ,        100   ,                       48   ,                   0   ,                    1   ,              236.7   ,                 157.4   ,               71.9   ,                 79.4   ,              12.0   ,               7.5   ,                12.1   ,          229.2   ,             12.1   ,                        52.6   ,               4   ,        1.0500   ,               31.0   ,                 13853   ,
2026-02-12 13:15:52 ,        2715.0   ,           1281.5   ,               67.8   ,        74.5   ,                  72.0   ,                39   ,                  1412   ,                39   ,                  1409   ,          10398   ,        100   ,                       49   ,                   0   ,                    1   ,              235.7   ,                 156.5   ,               71.7   ,                 79.2   ,              12.0   ,               7.5   ,                12.1   ,          228.2   ,             12.1   ,                        52.4   ,               4   ,        1.0500   ,               31.0   ,                 13828   ,
2026-02-12 13:15:53 ,        2715.0   ,           1281.5   ,               67.8   ,        74.5   ,                  70.0   ,                39   ,                  1412   ,                39   ,                  1415   ,          10398   ,        100   ,                       51   ,                   0   ,                    1   ,              227.5   ,                 151.6   ,               68.5   ,                 76.0   ,              12.0   ,               7.5   ,                12.1   ,          220.1   ,             12.1   ,                        50.6   ,               4   ,        1.0500   ,               32.0   ,                 13879   ,
2026-02-12 13:15:54 ,        2715.0   ,           1281.5   ,               67.7   ,        74.2   ,                  72.0   ,                39   ,                  1416   ,                39   ,                  1420   ,          10398   ,        100   ,                       51   ,                   0   ,                    1   ,              232.6   ,                 154.6   ,               70.5   ,                 78.1   ,              12.0   ,               7.6   ,                12.1   ,          225.1   ,             12.1   ,                        51.7   ,               4   ,        1.0500   ,               31.0   ,                 13859   ,
2026-02-12 13:15:55 ,        2715.0   ,           1281.5   ,               68.0   ,        74.8   ,                  72.0   ,                39   ,                  1419   ,                39   ,                  1423   ,          10398   ,        100   ,                       52   ,                   0   ,                    1   ,              226.5   ,                 150.8   ,               68.3   ,                 75.7   ,              12.0   ,               7.4   ,                12.1   ,          219.1   ,             12.1   ,                        50.3   ,               4   ,        1.0500   ,               36.0   ,                 13886   ,
2026-02-12 13:15:56 ,        2715.0   ,           1281.5   ,               67.8   ,        74.5   ,                  72.0   ,                40   ,                  1423   ,                40   ,                  1425   ,          10398   ,        100   ,                       51   ,                   0   ,                    1   ,              234.1   ,                 155.5   ,               71.0   ,                 78.6   ,              12.0   ,               7.5   ,                12.1   ,          226.5   ,             12.1   ,                        52.0   ,               4   ,        1.0500   ,               32.0   ,                 13842   ,
2026-02-12 13:15:57 ,        2715.0   ,           1281.5   ,               67.6   ,        74.3   ,                  72.0   ,                40   ,                  1427   ,                40   ,                  1430   ,          10398   ,        100   ,                       53   ,                   0   ,                    1   ,              238.8   ,                 158.8   ,               72.4   ,                 80.0   ,              12.0   ,               7.6   ,                12.1   ,          231.2   ,             12.1   ,                        53.1   ,               4   ,        1.0500   ,               30.0   ,                 13833   ,
2026-02-12 13:15:58 ,        2715.0   ,           1281.5   ,               68.1   ,        75.0   ,                  72.0   ,                40   ,                  1429   ,                40   ,                  1434   ,          10398   ,        100   ,                       53   ,                   0   ,                    1   ,              233.8   ,                 155.4   ,               70.8   ,                 78.4   ,              12.0   ,               7.6   ,                12.1   ,          226.2   ,             12.1   ,                        52.0   ,               4   ,        1.0500   ,               36.0   ,                 13830   ,
2026-02-12 13:15:59 ,        2715.0   ,           1281.5   ,               68.1   ,        75.0   ,                  72.0   ,                40   ,                  1434   ,                40   ,                  1437   ,          10398   ,        100   ,                       53   ,                   0   ,                    1   ,              234.8   ,                 156.4   ,               70.8   ,                 78.4   ,              12.0   ,               7.6   ,                12.1   ,          227.2   ,             12.1   ,                        52.2   ,               4   ,        1.0500   ,               33.0   ,                 13846   ,
2026-02-12 13:16:00 ,        2715.0   ,           1281.5   ,               67.9   ,        74.6   ,                  72.0   ,                40   ,                  1442   ,                40   ,                  1437   ,          10398   ,        100   ,                       52   ,                   0   ,                    1   ,              228.6   ,                 152.4   ,               68.6   ,                 76.2   ,              12.0   ,               7.6   ,                12.1   ,          221.0   ,             12.1   ,                        50.8   ,               4   ,        1.0500   ,               33.0   ,                 13850   ,
2026-02-12 13:16:01 ,        2715.0   ,           1281.5   ,               67.7   ,        74.6   ,                  72.0   ,                40   ,                  1442   ,                40   ,                  1443   ,          10398   ,        100   ,                       52   ,                   0   ,                    1   ,              230.5   ,                 153.6   ,               69.4   ,                 76.9   ,              12.0   ,               7.5   ,                12.1   ,          223.0   ,             12.1   ,                        51.2   ,               4   ,        1.0500   ,               32.0   ,                 13845   ,
2026-02-12 13:16:02 ,        2715.0   ,           1281.5   ,               67.8   ,        74.5   ,                  72.0   ,                40   ,                  1445   ,                40   ,                  1443   ,          10398   ,        100   ,                       52   ,                   0   ,                    1   ,              230.1   ,                 153.7   ,               68.9   ,                 76.4   ,              12.0   ,               7.5   ,                12.1   ,          222.6   ,             12.1   ,                        51.1   ,               4   ,        1.0500   ,               32.0   ,                 13853   ,
2026-02-12 13:16:03 ,        2715.0   ,           1281.5   ,               68.2   ,        74.8   ,                  72.0   ,                40   ,                  1447   ,                40   ,                  1448   ,          10398   ,        100   ,                       51   ,                   0   ,                    1   ,              219.6   ,                 147.0   ,               65.2   ,                 72.6   ,              12.0   ,               7.4   ,                12.1   ,          212.2   ,             12.1   ,                        48.8   ,               4   ,        1.0500   ,               32.0   ,                 13835   ,
2026-02-12 13:16:04 ,        2715.0   ,           1281.5   ,               68.0   ,        74.8   ,                  72.0   ,                40   ,                  1451   ,                40   ,                  1454   ,          10398   ,        100   ,                       48   ,                   0   ,                    1   ,              229.1   ,                 154.0   ,               67.6   ,                 75.1   ,              12.0   ,               7.5   ,                12.1   ,          221.6   ,             12.1   ,                        50.9   ,               4   ,        1.0500   ,               31.0   ,                 13871   ,
2026-02-12 13:16:05 ,        2715.0   ,           1281.5   ,               68.0   ,        74.9   ,                  72.0   ,                40   ,                  1451   ,                40   ,                  1455   ,          10398   ,        100   ,                       48   ,                   0   ,                    1   ,              225.8   ,                 152.1   ,               66.2   ,                 73.7   ,              12.0   ,               7.5   ,                12.1   ,          218.3   ,             12.1   ,                        50.2   ,               4   ,        1.0500   ,               31.0   ,                 13832   ,
2026-02-12 13:16:06 ,        2715.0   ,           1281.5   ,               68.2   ,        75.0   ,                  72.0   ,                40   ,                  1455   ,                40   ,                  1459   ,          10398   ,        100   ,                       47   ,                   0   ,                    1   ,              234.9   ,                 157.6   ,               69.8   ,                 77.3   ,              12.0   ,               7.6   ,                12.1   ,          227.4   ,             12.1   ,                        52.2   ,               4   ,        1.0500   ,               32.0   ,                 13830   ,
2026-02-12 13:16:07 ,        2715.0   ,           1281.5   ,               68.4   ,        75.2   ,                  72.0   ,                40   ,                  1461   ,                40   ,                  1461   ,          10398   ,        100   ,                       47   ,                   0   ,                    1   ,              233.1   ,                 155.8   ,               69.8   ,                 77.4   ,              12.0   ,               7.7   ,                12.1   ,          232.2   ,             12.1   ,                        53.3   ,               4   ,        1.0500   ,               35.0   ,                 13830   ,
2026-02-12 13:16:08 ,        2715.0   ,           1281.5   ,               68.4   ,        75.4   ,                  72.0   ,                40   ,                  1461   ,                40   ,                  1463   ,          10398   ,        100   ,                       53   ,                   0   ,                    1   ,              227.7   ,                 151.5   ,               68.6   ,                 76.2   ,              12.0   ,               7.6   ,                12.1   ,          220.1   ,             12.1   ,                        50.6   ,               4   ,        1.0500   ,               35.0   ,                 13841   ,
2026-02-12 13:16:09 ,        2715.0   ,           1281.5   ,               68.5   ,        75.3   ,                  72.0   ,                40   ,                  1467   ,                40   ,                  1468   ,          10398   ,        100   ,                       50   ,                   0   ,                    1   ,              226.9   ,                 151.1   ,               68.3   ,                 75.8   ,              12.0   ,               7.6   ,                12.1   ,          219.3   ,             12.1   ,                        50.4   ,               4   ,        1.0500   ,               33.0   ,                 13811   ,
2026-02-12 13:16:10 ,        2715.0   ,           1281.5   ,               68.0   ,        74.8   ,                  72.0   ,                40   ,                  1469   ,                40   ,                  1470   ,          10398   ,        100   ,                       49   ,                   0   ,                    1   ,              238.1   ,                 158.2   ,               72.2   ,                 79.9   ,              12.0   ,               7.7   ,                12.1   ,          230.4   ,             12.1   ,                        52.9   ,               4   ,        1.0500   ,               31.0   ,                 13820   ,
2026-02-12 13:16:11 ,        2715.0   ,           1281.5   ,               68.2   ,        74.9   ,                  74.0   ,                41   ,                  1472   ,                41   ,                  1474   ,          10398   ,        100   ,                       52   ,                   0   ,                    1   ,              238.1   ,                 158.2   ,               72.1   ,                 79.9   ,              12.0   ,               7.7   ,                12.1   ,          230.4   ,             12.1   ,                        52.9   ,               4   ,        1.0500   ,               31.0   ,                 13865   ,
2026-02-12 13:16:12 ,        2715.0   ,           1281.5   ,               68.4   ,        75.3   ,                  72.0   ,                41   ,                  1476   ,                41   ,                  1476   ,          10398   ,        100   ,                       53   ,                   0   ,                    1   ,              243.0   ,                 161.3   ,               74.0   ,                 81.7   ,              12.0   ,               7.7   ,                12.1   ,          235.3   ,             12.1   ,                        54.0   ,               4   ,        1.0500   ,               35.0   ,                 13844   ,
2026-02-12 13:16:13 ,        2715.0   ,           1281.5   ,               68.3   ,        75.2   ,                  72.0   ,                41   ,                  1482   ,                41   ,                  1480   ,          10398   ,        100   ,                       51   ,                   0   ,                    1   ,              234.8   ,                 156.3   ,               70.9   ,                 78.5   ,              12.0   ,               7.6   ,                12.1   ,          227.1   ,             12.1   ,                        52.2   ,               4   ,        1.0500   ,               31.0   ,                 13908   ,
2026-02-12 13:16:14 ,        2715.0   ,           1281.5   ,               68.4   ,        75.3   ,                  74.0   ,                41   ,                  1478   ,                41   ,                  1482   ,          10398   ,        100   ,                       52   ,                   0   ,                    1   ,              234.1   ,                 156.2   ,               70.4   ,                 77.9   ,              12.0   ,               7.6   ,                12.1   ,          226.6   ,             12.1   ,                        52.0   ,               4   ,        1.0500   ,               31.0   ,                 13855   ,
2026-02-12 13:16:15 ,        2715.0   ,           1281.5   ,               68.6   ,        75.8   ,                  74.0   ,                41   ,                  1484   ,                41   ,                  1487   ,          10398   ,        100   ,                       52   ,                   0   ,                    1   ,              232.8   ,                 154.7   ,               70.4   ,                 78.1   ,              12.0   ,               7.7   ,                12.1   ,          225.2   ,             12.1   ,                        51.7   ,               4   ,        1.0500   ,               34.0   ,                 13887   ,
2026-02-12 13:16:16 ,        2715.0   ,           1281.5   ,               68.4   ,        75.3   ,                  72.0   ,                41   ,                  1484   ,                41   ,                  1487   ,          10398   ,        100   ,                       53   ,                   0   ,                    1   ,              239.5   ,                 159.7   ,               72.1   ,                 79.8   ,              12.0   ,               7.7   ,                12.1   ,          231.8   ,             12.1   ,                        53.2   ,               4   ,        1.0500   ,               34.0   ,                 13876   ,
2026-02-12 13:16:17 ,        2715.0   ,           1281.5   ,               68.8   ,        75.7   ,                  74.0   ,                41   ,                  1488   ,                41   ,                  1491   ,          10398   ,        100   ,                       51   ,                   0   ,                    1   ,              230.5   ,                 153.8   ,               69.1   ,                 76.7   ,              12.0   ,               7.6   ,                12.1   ,          222.9   ,             12.1   ,                        51.2   ,               4   ,        1.0500   ,               36.0   ,                 13900   ,
2026-02-12 13:16:18 ,        2715.0   ,           1281.5   ,               68.4   ,        75.5   ,                  72.0   ,                41   ,                  1490   ,                41   ,                  1493   ,          10398   ,        100   ,                       50   ,                   0   ,                    1   ,              230.4   ,                 153.7   ,               69.1   ,                 76.7   ,              12.0   ,               7.6   ,                12.1   ,          222.8   ,             12.1   ,                        51.2   ,               4   ,        1.0500   ,               33.0   ,                 13861   ,
2026-02-12 13:16:19 ,        2715.0   ,           1281.5   ,               68.8   ,        75.5   ,                  74.0   ,                41   ,                  1497   ,                41   ,                  1497   ,          10398   ,        100   ,                       48   ,                   0   ,                    1   ,              223.5   ,                 151.1   ,               64.9   ,                 72.4   ,              12.0   ,               7.5   ,                12.1   ,          216.0   ,             12.1   ,                        49.7   ,               4   ,        1.0500   ,               31.0   ,                 13891   ,
2026-02-12 13:16:20 ,        2715.0   ,           1281.5   ,               68.8   ,        75.7   ,                  72.0   ,                41   ,                  1499   ,                41   ,                  1501   ,          10398   ,        100   ,                       48   ,                   0   ,                    1   ,              235.6   ,                 158.4   ,               69.7   ,                 77.3   ,              12.0   ,               7.6   ,                12.1   ,          228.1   ,             12.1   ,                        52.4   ,               4   ,        1.0500   ,               32.0   ,                 13923   ,
2026-02-12 13:16:21 ,        2715.0   ,           1281.5   ,               68.6   ,        75.3   ,                  72.0   ,                41   ,                  1505   ,                41   ,                  1503   ,          10398   ,        100   ,                       47   ,                   0   ,                    1   ,              230.4   ,                 154.9   ,               67.9   ,                 75.5   ,              12.0   ,               7.6   ,                12.1   ,          222.8   ,             12.1   ,                        51.2   ,               4   ,        1.0500   ,               31.0   ,                 13905   ,
2026-02-12 13:16:22 ,        2715.0   ,           1281.5   ,               68.9   ,        75.8   ,                  72.0   ,                41   ,                  1505   ,                41   ,                  1505   ,          10398   ,        100   ,                       47   ,                   0   ,                    1   ,              225.0   ,                 151.7   ,               65.8   ,                 73.3   ,              12.0   ,               7.5   ,                12.1   ,          217.5   ,             12.1   ,                        50.0   ,               4   ,        1.0500   ,               31.0   ,                 13926   ,
2026-02-12 13:16:23 ,        2715.0   ,           1281.5   ,               68.6   ,        75.7   ,                  72.0   ,                41   ,                  1511   ,                41   ,                  1505   ,          10398   ,        100   ,                       47   ,                   0   ,                    1   ,              234.8   ,                 156.6   ,               70.5   ,                 78.1   ,              12.0   ,               7.6   ,                12.1   ,          227.1   ,             12.1   ,                        52.2   ,               4   ,        1.0500   ,               30.0   ,                 13871   ,
2026-02-12 13:16:24 ,        2715.0   ,           1281.5   ,               68.9   ,        75.6   ,                  72.0   ,                41   ,                  1511   ,                41   ,                  1509   ,          10398   ,        100   ,                       49   ,                   0   ,                    1   ,              236.9   ,                 158.0   ,               71.2   ,                 78.9   ,              12.0   ,               7.7   ,                12.1   ,          229.3   ,             12.1   ,                        52.6   ,               4   ,        1.0500   ,               35.0   ,                 13894   ,
2026-02-12 13:16:25 ,        2715.0   ,           1281.5   ,               68.8   ,        75.7   ,                  74.0   ,                41   ,                  1511   ,                41   ,                  1513   ,          10398   ,        100   ,                       51   ,                   0   ,                    1   ,              234.5   ,                 156.2   ,               70.6   ,                 78.3   ,              12.0   ,               7.7   ,                12.1   ,          226.8   ,             12.1   ,                        52.1   ,               4   ,        1.0500   ,               35.0   ,                 13891   ,
2026-02-12 13:16:26 ,        2715.0   ,           1281.5   ,               68.7   ,        75.7   ,                  74.0   ,                41   ,                  1515   ,                41   ,                  1518   ,          10398   ,        100   ,                       52   ,                   0   ,                    1   ,              230.7   ,                 154.0   ,               69.0   ,                 76.7   ,              12.0   ,               7.7   ,                12.1   ,          223.0   ,             12.1   ,                        51.3   ,               4   ,        1.0500   ,               35.0   ,                 13911   ,
2026-02-12 13:16:27 ,        2715.0   ,           1281.5   ,               68.8   ,        75.7   ,                  72.0   ,                42   ,                  1517   ,                42   ,                  1516   ,          10398   ,        100   ,                       52   ,                   0   ,                    1   ,              229.7   ,                 152.4   ,               69.6   ,                 77.2   ,              12.0   ,               7.6   ,                12.1   ,          222.0   ,             12.1   ,                        51.0   ,               4   ,        1.0500   ,               33.0   ,                 13856   ,
2026-02-12 13:16:28 ,        2715.0   ,           1281.5   ,               69.1   ,        76.0   ,                  72.0   ,                42   ,                  1521   ,                42   ,                  1522   ,          10398   ,        100   ,                       50   ,                   0   ,                    1   ,              242.5   ,                 161.2   ,               73.5   ,                 81.3   ,              12.0   ,               7.8   ,                12.1   ,          234.7   ,             12.1   ,                        53.9   ,               4   ,        1.0500   ,               36.0   ,                 13880   ,
2026-02-12 13:16:29 ,        2715.0   ,           1281.5   ,               69.1   ,        76.0   ,                  72.0   ,                42   ,                  1521   ,                42   ,                  1524   ,          10398   ,        100   ,                       52   ,                   0   ,                    1   ,              231.7   ,                 154.1   ,               69.9   ,                 77.5   ,              12.0   ,               7.7   ,                12.1   ,          224.0   ,             12.1   ,                        51.5   ,               4   ,        1.0500   ,               30.0   ,                 13919   ,
2026-02-12 13:16:30 ,        2715.0   ,           1281.5   ,               69.0   ,        76.0   ,                  74.0   ,                42   ,                  1528   ,                42   ,                  1526   ,          10398   ,        100   ,                       51   ,                   0   ,                    1   ,              244.5   ,                 162.8   ,               73.9   ,                 81.7   ,              12.0   ,               7.8   ,                12.1   ,          236.7   ,             12.1   ,                        54.3   ,               4   ,        1.0500   ,               31.0   ,                 13893   ,
2026-02-12 13:16:31 ,        2715.0   ,           1281.5   ,               69.3   ,        76.3   ,                  74.0   ,                42   ,                  1528   ,                42   ,                  1529   ,          10398   ,        100   ,                       50   ,                   0   ,                    1   ,              236.8   ,                 157.8   ,               71.3   ,                 79.0   ,              12.0   ,               7.7   ,                12.1   ,          229.1   ,             12.1   ,                        52.6   ,               4   ,        1.0500   ,               31.0   ,                 13931   ,
2026-02-12 13:16:32 ,        2715.0   ,           1281.5   ,               69.0   ,        75.9   ,                  74.0   ,                42   ,                  1530   ,                42   ,                  1529   ,          10398   ,        100   ,                       53   ,                   0   ,                    1   ,              233.6   ,                 155.9   ,               70.0   ,                 77.6   ,              12.0   ,               7.6   ,                12.1   ,          226.0   ,             12.1   ,                        51.9   ,               4   ,        1.0500   ,               31.0   ,                 13874   ,
2026-02-12 13:16:33 ,        2715.0   ,           1281.5   ,               69.1   ,        76.3   ,                  72.0   ,                42   ,                  1530   ,                42   ,                  1533   ,          10398   ,        100   ,                       49   ,                   0   ,                    1   ,              242.4   ,                 162.1   ,               72.6   ,                 80.3   ,              12.0   ,               7.7   ,                12.1   ,          234.7   ,             12.1   ,                        53.9   ,               4   ,        1.0500   ,               36.0   ,                 13889   ,
2026-02-12 13:16:34 ,        2715.0   ,           1281.5   ,               69.2   ,        76.1   ,                  74.0   ,                42   ,                  1532   ,                42   ,                  1539   ,          10398   ,        100   ,                       51   ,                   0   ,                    1   ,              233.6   ,                 156.6   ,               69.5   ,                 77.1   ,              12.0   ,               7.6   ,                12.1   ,          226.0   ,             12.1   ,                        51.9   ,               4   ,        1.0500   ,               31.0   ,                 13881   ,
2026-02-12 13:16:35 ,        2715.0   ,           1281.5   ,               69.1   ,        75.8   ,                  74.0   ,                42   ,                  1538   ,                42   ,                  1537   ,          10398   ,        100   ,                       52   ,                   0   ,                    1   ,              227.4   ,                 152.2   ,               67.7   ,                 75.2   ,              12.0   ,               7.6   ,                12.1   ,          219.8   ,             12.1   ,                        50.5   ,               4   ,        1.0500   ,               36.0   ,                 13889   ,
2026-02-12 13:16:36 ,        2715.0   ,           1281.5   ,               69.3   ,        76.3   ,                  72.0   ,                42   ,                  1541   ,                42   ,                  1541   ,          10398   ,        100   ,                       51   ,                   0   ,                    1   ,              228.6   ,                 153.9   ,               67.0   ,                 74.7   ,              12.0   ,               7.7   ,                12.1   ,          220.9   ,             12.1   ,                        50.8   ,               4   ,        1.0500   ,               36.0   ,                 13872   ,
2026-02-12 13:16:37 ,        2715.0   ,           1281.5   ,               69.1   ,        75.8   ,                  72.0   ,                42   ,                  1545   ,                42   ,                  1543   ,          10398   ,        100   ,                       49   ,                   0   ,                    1   ,              227.4   ,                 153.8   ,               66.0   ,                 73.6   ,              12.0   ,               7.6   ,                12.1   ,          219.8   ,             12.1   ,                        50.5   ,               4   ,        1.0500   ,               36.0   ,                 13866   ,
2026-02-12 13:16:38 ,        2715.0   ,           1281.5   ,               69.3   ,        76.2   ,                  74.0   ,                42   ,                  1545   ,                42   ,                  1543   ,          10398   ,        100   ,                       48   ,                   0   ,                    1   ,              229.1   ,                 154.4   ,               67.1   ,                 74.7   ,              12.0   ,               7.6   ,                12.1   ,          221.5   ,             12.1   ,                        50.9   ,               4   ,        1.0500   ,               36.0   ,                 13910   ,
2026-02-12 13:16:39 ,        2715.0   ,           1281.5   ,               69.4   ,        76.3   ,                  74.0   ,                42   ,                  1549   ,                42   ,                  1549   ,          10398   ,        100   ,                       46   ,                   0   ,                    1   ,              235.8   ,                 158.8   ,               69.4   ,                 77.0   ,              12.0   ,               7.7   ,                12.1   ,          228.1   ,             12.1   ,                        52.4   ,               4   ,        1.0500   ,               32.0   ,                 13886   ,
2026-02-12 13:16:40 ,        2715.0   ,           1281.5   ,               69.4   ,        76.3   ,                  74.0   ,                42   ,                  1549   ,                42   ,                  1551   ,          10398   ,        100   ,                       47   ,                   0   ,                    1   ,              232.7   ,                 155.9   ,               69.2   ,                 76.9   ,              12.0   ,               7.7   ,                12.1   ,          225.0   ,             12.1   ,                        51.7   ,               4   ,        1.0500   ,               33.0   ,                 13919   ,
2026-02-12 13:16:41 ,        2715.0   ,           1281.5   ,               69.2   ,        76.1   ,                  74.0   ,                42   ,                  1551   ,                42   ,                  1555   ,          10398   ,        100   ,                       47   ,                   0   ,                    1   ,              236.7   ,                 157.7   ,               71.3   ,                 79.0   ,              12.0   ,               7.7   ,                12.1   ,          229.0   ,             12.1   ,                        52.6   ,               4   ,        1.0500   ,               35.0   ,                 13879   ,
2026-02-12 13:16:42 ,        2715.0   ,           1281.5   ,               69.2   ,        76.1   ,                  74.0   ,                42   ,                  1554   ,                42   ,                  1557   ,          10398   ,        100   ,                       48   ,                   0   ,                    1   ,              232.1   ,                 154.4   ,               70.0   ,                 77.7   ,              12.0   ,               7.7   ,                12.1   ,          224.4   ,             12.1   ,                        51.6   ,               4   ,        1.0500   ,               31.0   ,                 13909   ,
2026-02-12 13:16:43 ,        2715.0   ,           1281.5   ,               69.4   ,        76.2   ,                  74.0   ,                42   ,                  1558   ,                42   ,                  1555   ,          10398   ,        100   ,                       50   ,                   0   ,                    1   ,              233.1   ,                 154.8   ,               70.5   ,                 78.2   ,              12.0   ,               7.7   ,                12.0   ,          225.3   ,             12.1   ,                        51.8   ,               4   ,        1.0500   ,               31.0   ,                 13901   ,
2026-02-12 13:16:44 ,        2715.0   ,           1281.5   ,               69.5   ,        76.4   ,                  72.0   ,                42   ,                  1560   ,                42   ,                  1562   ,          10398   ,        100   ,                       51   ,                   0   ,                    1   ,              231.0   ,                 153.7   ,               69.7   ,                 77.4   ,              12.0   ,               7.7   ,                12.1   ,          223.3   ,             12.1   ,                        51.3   ,               4   ,        1.0500   ,               31.0   ,                 13911   ,
2026-02-12 13:16:45 ,        2715.0   ,           1281.5   ,               69.5   ,        76.4   ,                  74.0   ,                42   ,                  1560   ,                42   ,                  1562   ,          10398   ,        100   ,                       53   ,                   0   ,                    1   ,              238.3   ,                 158.4   ,               72.1   ,                 79.9   ,              12.0   ,               7.8   ,                12.1   ,          230.5   ,             12.1   ,                        52.9   ,               4   ,        1.0500   ,               35.0   ,                 13862   ,
2026-02-12 13:16:46 ,        2715.0   ,           1281.5   ,               69.5   ,        76.6   ,                  74.0   ,                42   ,                  1560   ,                42   ,                  1564   ,          10398   ,        100   ,                       54   ,                   0   ,                    1   ,              234.4   ,                 156.3   ,               70.3   ,                 78.1   ,              12.0   ,               7.7   ,                12.1   ,          226.6   ,             12.1   ,                        52.1   ,               4   ,        1.0500   ,               32.0   ,                 13889   ,
2026-02-12 13:16:47 ,        2715.0   ,           1281.5   ,               69.2   ,        76.1   ,                  74.0   ,                42   ,                  1567   ,                42   ,                  1566   ,          10398   ,        100   ,                       50   ,                   0   ,                    1   ,              235.1   ,                 156.8   ,               70.4   ,                 78.2   ,              12.0   ,               7.8   ,                12.1   ,          227.3   ,             12.1   ,                        52.2   ,               4   ,        1.0500   ,               33.0   ,                 13921   ,
2026-02-12 13:16:48 ,        2715.0   ,           1281.5   ,               69.6   ,        76.5   ,                  74.0   ,                43   ,                  1567   ,                43   ,                  1566   ,          10398   ,        100   ,                       52   ,                   0   ,                    1   ,              234.5   ,                 156.5   ,               70.2   ,                 78.0   ,              12.0   ,               7.8   ,                12.1   ,          226.7   ,             12.1   ,                        52.1   ,               4   ,        1.0500   ,               36.0   ,                 13917   ,
2026-02-12 13:16:49 ,        2715.0   ,           1281.5   ,               69.4   ,        76.3   ,                  74.0   ,                43   ,                  1567   ,                43   ,                  1568   ,          10398   ,        100   ,                       52   ,                   0   ,                    1   ,              239.1   ,                 159.5   ,               71.9   ,                 79.7   ,              12.0   ,               7.8   ,                12.1   ,          231.3   ,             12.1   ,                        53.1   ,               4   ,        1.0500   ,               33.0   ,                 13907   ,
2026-02-12 13:16:50 ,        2715.0   ,           1281.5   ,               69.6   ,        76.7   ,                  74.0   ,                43   ,                  1572   ,                43   ,                  1570   ,          10398   ,        100   ,                       51   ,                   0   ,                    1   ,              233.5   ,                 156.1   ,               69.7   ,                 77.4   ,              12.0   ,               7.7   ,                12.1   ,          225.8   ,             12.1   ,                        51.9   ,               4   ,        1.0500   ,               35.0   ,                 13858   ,
2026-02-12 13:16:51 ,        2715.0   ,           1281.5   ,               69.3   ,        76.3   ,                  74.0   ,                43   ,                  1572   ,                43   ,                  1572   ,          10398   ,        100   ,                       49   ,                   0   ,                    1   ,              227.6   ,                 152.5   ,               67.4   ,                 75.1   ,              12.0   ,               7.7   ,                12.1   ,          219.9   ,             12.1   ,                        50.6   ,               4   ,        1.0500   ,               31.0   ,                 13894   ,
2026-02-12 13:16:52 ,        2715.0   ,           1281.5   ,               69.4   ,        76.3   ,                  74.0   ,                43   ,                  1572   ,                43   ,                  1572   ,          10398   ,        100   ,                       50   ,                   0   ,                    1   ,              232.1   ,                 156.2   ,               68.2   ,                 75.8   ,              12.0   ,               7.7   ,                12.1   ,          224.4   ,             12.1   ,                        51.6   ,               4   ,        1.0500   ,               31.0   ,                 13878   ,
2026-02-12 13:16:53 ,        2715.0   ,           1281.5   ,               69.4   ,        76.3   ,                  74.0   ,                43   ,                  1576   ,                43   ,                  1576   ,          10398   ,        100   ,                       48   ,                   0   ,                    1   ,              226.8   ,                 152.9   ,               66.2   ,                 73.9   ,              12.0   ,               7.7   ,                12.1   ,          219.2   ,             12.1   ,                        50.4   ,               4   ,        1.0500   ,               31.0   ,                 13895   ,
2026-02-12 13:16:54 ,        2715.0   ,           1281.5   ,               69.5   ,        76.6   ,                  74.0   ,                43   ,                  1576   ,                43   ,                  1579   ,          10398   ,        100   ,                       46   ,                   0   ,                    1   ,              227.2   ,                 153.7   ,               65.8   ,                 73.5   ,              12.0   ,               7.7   ,                12.1   ,          219.5   ,             12.1   ,                        50.5   ,               4   ,        1.0500   ,               31.0   ,                 13900   ,
2026-02-12 13:16:55 ,        2715.0   ,           1281.5   ,               69.5   ,        76.5   ,                  74.0   ,                43   ,                  1576   ,                43   ,                  1576   ,          10398   ,        100   ,                       46   ,                   0   ,                    1   ,              226.6   ,                 153.1   ,               65.8   ,                 73.4   ,              12.0   ,               7.6   ,                12.1   ,          218.9   ,             12.1   ,                        50.3   ,               4   ,        1.0500   ,               32.0   ,                 13878   ,
2026-02-12 13:16:56 ,        2715.0   ,           1281.5   ,               69.5   ,        76.5   ,                  74.0   ,                43   ,                  1581   ,                43   ,                  1579   ,          10398   ,        100   ,                       48   ,                   0   ,                    1   ,              237.3   ,                 159.4   ,               70.2   ,                 77.9   ,              12.0   ,               7.7   ,                12.1   ,          229.6   ,             12.1   ,                        52.7   ,               4   ,        1.0500   ,               35.0   ,                 13896   ,
2026-02-12 13:16:57 ,        2715.0   ,           1281.5   ,               69.4   ,        76.3   ,                  72.0   ,                43   ,                  1583   ,                43   ,                  1583   ,          10398   ,        100   ,                       48   ,                   0   ,                    1   ,              230.4   ,                 153.9   ,               68.8   ,                 76.5   ,              12.0   ,               7.7   ,                12.0   ,          222.7   ,             12.1   ,                        51.2   ,               4   ,        1.0500   ,               36.0   ,                 13879   ,
2026-02-12 13:16:58 ,        2715.0   ,           1281.5   ,               69.5   ,        76.4   ,                  74.0   ,                43   ,                  1583   ,                43   ,                  1583   ,          10398   ,        100   ,                       52   ,                   0   ,                    1   ,              243.5   ,                 162.3   ,               73.4   ,                 81.2   ,              12.0   ,               7.8   ,                12.0   ,          235.7   ,             12.1   ,                        54.1   ,               4   ,        1.0500   ,               33.0   ,                 13906   ,
2026-02-12 13:16:59 ,        2715.0   ,           1281.5   ,               69.4   ,        76.5   ,                  74.0   ,                43   ,                  1585   ,                43   ,                  1585   ,          10398   ,        100   ,                       51   ,                   0   ,                    1   ,              233.0   ,                 155.0   ,               70.2   ,                 78.0   ,              12.0   ,               7.8   ,                12.1   ,          225.2   ,             12.1   ,                        51.8   ,               4   ,        1.0500   ,               33.0   ,                 13852   ,
2026-02-12 13:17:00 ,        2715.0   ,           1281.5   ,               69.5   ,        76.5   ,                  74.0   ,                43   ,                  1587   ,                43   ,                  1587   ,          10398   ,        100   ,                       52   ,                   0   ,                    1   ,              238.2   ,                 158.5   ,               71.9   ,                 79.7   ,              12.0   ,               7.8   ,                12.1   ,          230.4   ,             12.1   ,                        52.9   ,               4   ,        1.0500   ,               33.0   ,                 13885   ,
2026-02-12 13:17:01 ,        2295.0   ,           1281.5   ,               65.8   ,        74.1   ,                  72.0   ,                43   ,                  1587   ,                43   ,                  1587   ,          10398   ,         81   ,                       41   ,                   0   ,                    1   ,              176.3   ,                 115.6   ,               53.4   ,                 60.7   ,              12.0   ,               7.3   ,                12.1   ,          169.0   ,             12.1   ,                        39.2   ,              16   ,        1.0500   ,               33.0   ,                 13656   ,
2026-02-12 13:17:02 ,         780.0   ,           1281.5   ,               62.6   ,        72.5   ,                  68.0   ,                43   ,                  1587   ,                43   ,                  1592   ,           8774   ,          1   ,                        0   ,                   0   ,                    0   ,               42.4   ,                  13.1   ,               22.7   ,                 29.2   ,              12.2   ,               6.5   ,                12.1   ,           35.8   ,             12.3   ,                         9.4   ,              16   ,        0.8750   ,               36.0   ,                 12375   ,
2026-02-12 13:17:03 ,         210.0   ,            625.2   ,               61.7   ,        71.8   ,                  68.0   ,                43   ,                  1587   ,                43   ,                  1592   ,           8536   ,          1   ,                        0   ,                   0   ,                    0   ,               27.2   ,                   7.3   ,               13.4   ,                 19.8   ,              12.2   ,               6.4   ,                12.1   ,           20.7   ,             12.3   ,                         6.0   ,              16   ,        0.8750   ,               33.0   ,                 12017   ,
2026-02-12 13:17:04 ,         210.0   ,            625.2   ,               61.2   ,        71.5   ,                  66.0   ,                43   ,                  1587   ,                43   ,                  1592   ,           8539   ,          2   ,                        0   ,                   0   ,                    0   ,               26.6   ,                   6.8   ,               13.4   ,                 19.9   ,              12.2   ,               6.5   ,                12.1   ,           20.2   ,             12.3   ,                         5.9   ,              16   ,        0.8750   ,               37.0   ,                 11421   ,
2026-02-12 13:17:05 ,         210.0   ,            625.2   ,               60.8   ,        70.9   ,                  66.0   ,                43   ,                  1587   ,                43   ,                  1592   ,           8539   ,          1   ,                        0   ,                   0   ,                    0   ,               26.3   ,                   6.6   ,               13.4   ,                 19.7   ,              12.2   ,               6.3   ,                12.1   ,           20.0   ,             12.3   ,                         5.9   ,              16   ,        0.8750   ,               36.0   ,                 11439   ,
2026-02-12 13:17:06 ,         210.0   ,            625.2   ,               60.4   ,        70.8   ,                  66.0   ,                43   ,                  1587   ,                43   ,                  1589   ,           8539   ,          1   ,                        0   ,                   0   ,                    0   ,               26.4   ,                   6.8   ,               13.2   ,                 19.6   ,              12.2   ,               6.4   ,                12.1   ,           20.0   ,             12.3   ,                         5.9   ,              16   ,        0.8750   ,               36.0   ,                 11449   ,
2026-02-12 13:17:07 ,         210.0   ,            625.2   ,               60.1   ,        70.3   ,                  66.0   ,                43   ,                  1587   ,                43   ,                  1587   ,           8539   ,          1   ,                        0   ,                   0   ,                    0   ,               26.0   ,                   6.4   ,               13.2   ,                 19.6   ,              12.2   ,               6.4   ,                12.1   ,           19.6   ,             12.3   ,                         5.8   ,              16   ,        0.8750   ,               37.0   ,                 11597   ,
2026-02-12 13:17:08 ,         210.0   ,            101.3   ,               59.5   ,        70.0   ,                  64.0   ,                43   ,                  1587   ,                43   ,                  1587   ,           8539   ,          2   ,                        3   ,                   0   ,                    0   ,                9.2   ,                   3.1   ,                2.7   ,                  6.0   ,              12.2   ,               3.4   ,                12.1   ,            5.8   ,             12.3   ,                         2.0   ,              16   ,        0.8750   ,               36.0   ,                 11739   ,
2026-02-12 13:17:09 ,        2520.0   ,           1281.5   ,               60.3   ,        70.0   ,                  66.0   ,                43   ,                  1585   ,                43   ,                  1585   ,           8591   ,          1   ,                        0   ,                   0   ,                    0   ,               54.8   ,                  25.5   ,               22.6   ,                 29.2   ,              12.2   ,               6.6   ,                12.1   ,           48.2   ,             12.3   ,                        12.2   ,              16   ,        0.9600   ,               38.0   ,                 12356   ,
2026-02-12 13:17:10 ,        2520.0   ,           1281.5   ,               60.2   ,        69.8   ,                  66.0   ,                42   ,                  1578   ,                42   ,                  1583   ,           8583   ,          0   ,                        0   ,                   0   ,                    0   ,               54.7   ,                  25.6   ,               22.6   ,                 29.0   ,              12.2   ,               6.5   ,                12.1   ,           48.2   ,             12.3   ,                        12.2   ,              16   ,        0.9600   ,               38.0   ,                 12617   ,
2026-02-12 13:17:11 ,        2520.0   ,           1281.5   ,               60.1   ,        69.8   ,                  66.0   ,                42   ,                  1576   ,                42   ,                  1576   ,           8816   ,          2   ,                        0   ,                   0   ,                    1   ,               54.6   ,                  25.3   ,               22.7   ,                 29.3   ,              12.2   ,               6.6   ,                12.1   ,           48.0   ,             12.3   ,                        12.1   ,              16   ,        0.9600   ,               42.0   ,                 12913   ,
2026-02-12 13:17:12 ,        2520.0   ,           1281.5   ,               59.9   ,        69.5   ,                  66.0   ,                42   ,                  1574   ,                42   ,                  1572   ,           8960   ,          0   ,                        0   ,                   0   ,                    0   ,               53.8   ,                  24.8   ,               22.5   ,                 29.0   ,              12.2   ,               6.5   ,                12.1   ,           47.3   ,             12.3   ,                        11.9   ,              16   ,        0.9600   ,               33.0   ,                 13265   ,
2026-02-12 13:17:13 ,        2520.0   ,           1281.5   ,               60.9   ,        69.5   ,                  66.0   ,                42   ,                  1569   ,                42   ,                  1570   ,          10404   ,         72   ,                        4   ,                   0   ,                    1   ,               86.2   ,                  51.9   ,               27.7   ,                 34.3   ,              12.2   ,               6.6   ,                12.1   ,           79.6   ,             12.2   ,                        19.2   ,              16   ,        0.9600   ,               36.0   ,                 13677   ,
2026-02-12 13:17:14 ,        2715.0   ,           1281.5   ,               64.5   ,        70.5   ,                  68.0   ,                42   ,                  1567   ,                42   ,                  1566   ,          10421   ,        100   ,                       35   ,                   0   ,                    2   ,              211.7   ,                 140.1   ,               64.1   ,                 71.6   ,              12.0   ,               7.5   ,                12.1   ,          204.2   ,             12.1   ,                        47.0   ,               4   ,        1.0500   ,               31.0   ,                 13831   ,
2026-02-12 13:17:15 ,        2715.0   ,           1281.5   ,               66.1   ,        72.8   ,                  70.0   ,                42   ,                  1565   ,                42   ,                  1564   ,          10428   ,        100   ,                       52   ,                   0   ,                    1   ,              230.5   ,                 152.6   ,               70.1   ,                 77.8   ,              12.0   ,               7.7   ,                12.1   ,          222.8   ,             12.1   ,                        51.2   ,               4   ,        1.0500   ,               36.0   ,                 13903   ,
2026-02-12 13:17:17 ,        2715.0   ,           1281.5   ,               66.0   ,        72.6   ,                  70.0   ,                42   ,                  1563   ,                42   ,                  1557   ,          10428   ,        100   ,                       51   ,                   0   ,                    1   ,              235.3   ,                 155.7   ,               71.8   ,                 79.6   ,              12.0   ,               7.8   ,                12.1   ,          227.5   ,             12.1   ,                        52.3   ,               4   ,        1.0500   ,               34.0   ,                 13918   ,
2026-02-12 13:17:18 ,        2715.0   ,           1281.5   ,               66.3   ,        72.8   ,                  70.0   ,                42   ,                  1563   ,                42   ,                  1555   ,          10421   ,        100   ,                       53   ,                   0   ,                    1   ,              237.8   ,                 157.5   ,               72.5   ,                 80.3   ,              12.0   ,               7.8   ,                12.1   ,          230.0   ,             12.1   ,                        52.8   ,               4   ,        1.0500   ,               33.0   ,                 13890   ,
2026-02-12 13:17:19 ,        2715.0   ,           1281.5   ,               66.5   ,        73.5   ,                  70.0   ,                42   ,                  1558   ,                42   ,                  1558   ,          10421   ,        100   ,                       53   ,                   0   ,                    1   ,              233.7   ,                 155.0   ,               71.0   ,                 78.7   ,              12.0   ,               7.7   ,                12.1   ,          226.0   ,             12.1   ,                        51.9   ,               4   ,        1.0500   ,               31.0   ,                 13924   ,
2026-02-12 13:17:20 ,        2715.0   ,           1281.5   ,               66.6   ,        73.2   ,                  70.0   ,                42   ,                  1558   ,                42   ,                  1558   ,          10421   ,        100   ,                       52   ,                   0   ,                    1   ,              237.2   ,                 157.8   ,               71.7   ,                 79.4   ,              12.0   ,               7.7   ,                12.1   ,          229.5   ,             12.1   ,                        52.7   ,               4   ,        1.0500   ,               31.0   ,                 13899   ,
2026-02-12 13:17:21 ,        2715.0   ,           1281.5   ,               66.5   ,        73.0   ,                  70.0   ,                42   ,                  1554   ,                42   ,                  1558   ,          10411   ,        100   ,                       51   ,                   0   ,                    1   ,              226.2   ,                 150.7   ,               67.8   ,                 75.4   ,              12.0   ,               7.6   ,                12.1   ,          218.6   ,             12.1   ,                        50.3   ,               4   ,        1.0500   ,               33.0   ,                 13935   ,
2026-02-12 13:17:22 ,        2715.0   ,           1281.5   ,               66.4   ,        72.9   ,                  72.0   ,                42   ,                  1554   ,                42   ,                  1553   ,          10411   ,        100   ,                       50   ,                   0   ,                    1   ,              228.8   ,                 152.6   ,               68.5   ,                 76.2   ,              12.0   ,               7.6   ,                12.1   ,          221.1   ,             12.1   ,                        50.8   ,               4   ,        1.0500   ,               31.0   ,                 13910   ,
2026-02-12 13:17:23 ,        2715.0   ,           1281.5   ,               66.8   ,        73.5   ,                  72.0   ,                42   ,                  1550   ,                42   ,                  1549   ,          10411   ,        100   ,                       51   ,                   0   ,                    1   ,              221.2   ,                 147.5   ,               66.1   ,                 73.7   ,              12.0   ,               7.6   ,                12.1   ,          213.6   ,             12.1   ,                        49.1   ,               4   ,        1.0500   ,               31.0   ,                 13908   ,
2026-02-12 13:17:24 ,        2715.0   ,           1281.5   ,               66.8   ,        73.4   ,                  72.0   ,                42   ,                  1552   ,                42   ,                  1551   ,          10411   ,        100   ,                       50   ,                   0   ,                    1   ,              221.6   ,                 149.0   ,               65.0   ,                 72.6   ,              12.0   ,               7.7   ,                12.1   ,          214.0   ,             12.1   ,                        49.3   ,               4   ,        1.0500   ,               35.0   ,                 13931   ,
2026-02-12 13:17:25 ,        2715.0   ,           1281.5   ,               67.0   ,        73.7   ,                  70.0   ,                42   ,                  1552   ,                42   ,                  1553   ,          10410   ,        100   ,                       48   ,                   0   ,                    1   ,              224.8   ,                 151.0   ,               66.2   ,                 73.8   ,              12.0   ,               7.6   ,                12.1   ,          217.2   ,             12.1   ,                        50.0   ,               4   ,        1.0500   ,               34.0   ,                 13913   ,
2026-02-12 13:17:26 ,        2715.0   ,           1281.5   ,               67.1   ,        73.8   ,                  72.0   ,                42   ,                  1554   ,                42   ,                  1551   ,          10410   ,        100   ,                       47   ,                   0   ,                    1   ,              224.7   ,                 150.5   ,               66.5   ,                 74.1   ,              12.0   ,               7.6   ,                12.1   ,          217.1   ,             12.1   ,                        49.9   ,               4   ,        1.0500   ,               32.0   ,                 13910   ,
2026-02-12 13:17:27 ,        2715.0   ,           1281.5   ,               67.1   ,        73.7   ,                  72.0   ,                42   ,                  1552   ,                42   ,                  1551   ,          10410   ,        100   ,                       47   ,                   0   ,                    1   ,              224.6   ,                 149.6   ,               67.4   ,                 75.0   ,              12.0   ,               7.6   ,                12.1   ,          217.0   ,             12.1   ,                        49.9   ,               4   ,        1.0500   ,               36.0   ,                 13892   ,
2026-02-12 13:17:28 ,        2715.0   ,           1281.5   ,               66.9   ,        73.3   ,                  72.0   ,                42   ,                  1552   ,                42   ,                  1551   ,          10410   ,        100   ,                       47   ,                   0   ,                    1   ,              228.8   ,                 151.7   ,               69.5   ,                 77.1   ,              12.0   ,               7.6   ,                12.1   ,          221.2   ,             12.1   ,                        50.9   ,               4   ,        1.0500   ,               33.0   ,                 13896   ,
2026-02-12 13:17:29 ,        2715.0   ,           1281.5   ,               67.1   ,        73.7   ,                  72.0   ,                42   ,                  1550   ,                42   ,                  1551   ,          10410   ,        100   ,                       50   ,                   0   ,                    1   ,              228.4   ,                 151.3   ,               69.5   ,                 77.1   ,              12.0   ,               7.6   ,                12.1   ,          220.7   ,             12.1   ,                        50.7   ,               4   ,        1.0500   ,               37.0   ,                 13931   ,
2026-02-12 13:17:30 ,        2715.0   ,           1281.5   ,               67.1   ,        73.8   ,                  72.0   ,                42   ,                  1552   ,                42   ,                  1553   ,          10410   ,        100   ,                       51   ,                   0   ,                    1   ,              221.2   ,                 146.6   ,               67.0   ,                 74.6   ,              12.0   ,               7.6   ,                12.1   ,          213.6   ,             12.1   ,                        49.1   ,               4   ,        1.0500   ,               31.0   ,                 13912   ,
2026-02-12 13:17:31 ,        2715.0   ,           1281.5   ,               67.0   ,        74.0   ,                  72.0   ,                42   ,                  1552   ,                42   ,                  1551   ,          10410   ,        100   ,                       52   ,                   0   ,                    1   ,              225.6   ,                 149.4   ,               68.6   ,                 76.2   ,              12.0   ,               7.6   ,                12.1   ,          218.0   ,             12.1   ,                        50.1   ,               4   ,        1.0500   ,               30.0   ,                 13898   ,
2026-02-12 13:17:32 ,        2715.0   ,           1281.5   ,               67.5   ,        74.3   ,                  72.0   ,                42   ,                  1550   ,                42   ,                  1551   ,          10410   ,        100   ,                       52   ,                   0   ,                    1   ,              228.7   ,                 151.1   ,               69.9   ,                 77.6   ,              12.0   ,               7.7   ,                12.1   ,          221.0   ,             12.1   ,                        50.8   ,               4   ,        1.0500   ,               31.0   ,                 13891   ,
2026-02-12 13:17:33 ,        2715.0   ,           1281.5   ,               67.3   ,        74.2   ,                  72.0   ,                42   ,                  1550   ,                42   ,                  1551   ,          10410   ,        100   ,                       51   ,                   0   ,                    1   ,              226.6   ,                 149.9   ,               68.9   ,                 76.6   ,              12.0   ,               7.7   ,                12.1   ,          218.9   ,             12.1   ,                        50.3   ,               4   ,        1.0500   ,               35.0   ,                 13918   ,
2026-02-12 13:17:34 ,        2715.0   ,           1281.5   ,               67.2   ,        73.9   ,                  72.0   ,                42   ,                  1550   ,                42   ,                  1551   ,          10410   ,        100   ,                       52   ,                   0   ,                    1   ,              231.6   ,                 153.7   ,               70.2   ,                 79.1   ,              12.0   ,               7.8   ,                12.1   ,          227.1   ,             12.1   ,                        52.2   ,               4   ,        1.0500   ,               32.0   ,                 13915   ,
2026-02-12 13:17:35 ,        2715.0   ,           1281.5   ,               67.6   ,        74.1   ,                  72.0   ,                42   ,                  1554   ,                42   ,                  1551   ,          10410   ,        100   ,                       52   ,                   0   ,                    1   ,              238.3   ,                 158.4   ,               72.1   ,                 79.9   ,              12.0   ,               7.8   ,                12.1   ,          230.5   ,             12.1   ,                        53.0   ,               4   ,        1.0500   ,               31.0   ,                 13911   ,
2026-02-12 13:17:36 ,        2715.0   ,           1281.5   ,               67.5   ,        74.2   ,                  74.0   ,                42   ,                  1552   ,                42   ,                  1553   ,          10410   ,        100   ,                       52   ,                   0   ,                    1   ,              236.4   ,                 157.6   ,               71.2   ,                 78.9   ,              12.0   ,               7.7   ,                12.1   ,          228.7   ,             12.1   ,                        52.5   ,               4   ,        1.0500   ,               31.0   ,                 13882   ,
2026-02-12 13:17:37 ,        2715.0   ,           1281.5   ,               67.5   ,        74.2   ,                  72.0   ,                42   ,                  1552   ,                42   ,                  1551   ,          10410   ,        100   ,                       50   ,                   0   ,                    1   ,              223.9   ,                 149.6   ,               66.7   ,                 74.3   ,              12.0   ,               7.6   ,                12.1   ,          216.3   ,             12.1   ,                        49.8   ,               4   ,        1.0500   ,               32.0   ,                 13910   ,
2026-02-12 13:17:38 ,        2715.0   ,           1281.5   ,               67.4   ,        73.9   ,                  72.0   ,                42   ,                  1550   ,                42   ,                  1553   ,          10410   ,        100   ,                       50   ,                   0   ,                    1   ,              226.9   ,                 151.0   ,               68.3   ,                 75.9   ,              12.0   ,               7.6   ,                12.1   ,          219.3   ,             12.1   ,                        50.4   ,               4   ,        1.0500   ,               32.0   ,                 13941   ,
2026-02-12 13:17:39 ,        2715.0   ,           1281.5   ,               67.6   ,        74.4   ,                  72.0   ,                42   ,                  1548   ,                42   ,                  1553   ,          10410   ,        100   ,                       49   ,                   0   ,                    1   ,              226.9   ,                 151.3   ,               68.0   ,                 75.6   ,              12.0   ,               7.6   ,                12.1   ,          219.3   ,             12.1   ,                        50.4   ,               4   ,        1.0500   ,               31.0   ,                 13917   ,
2026-02-12 13:17:40 ,        2715.0   ,           1281.5   ,               67.7   ,        74.3   ,                  72.0   ,                42   ,                  1554   ,                42   ,                  1551   ,          10410   ,        100   ,                       48   ,                   0   ,                    1   ,              226.7   ,                 151.7   ,               67.4   ,                 75.0   ,              12.0   ,               7.6   ,                12.1   ,          219.1   ,             12.1   ,                        50.4   ,               4   ,        1.0500   ,               30.0   ,                 13921   ,
2026-02-12 13:17:41 ,        2715.0   ,           1281.5   ,               67.6   ,        74.3   ,                  72.0   ,                42   ,                  1552   ,                42   ,                  1555   ,          10410   ,        100   ,                       46   ,                   0   ,                    1   ,              227.3   ,                 153.1   ,               66.6   ,                 74.2   ,              12.0   ,               7.5   ,                12.1   ,          219.8   ,             12.1   ,                        50.5   ,               4   ,        1.0500   ,               33.0   ,                 13898   ,
2026-02-12 13:17:42 ,        2715.0   ,           1281.5   ,               67.7   ,        74.8   ,                  72.0   ,                42   ,                  1554   ,                42   ,                  1553   ,          10410   ,        100   ,                       46   ,                   0   ,                    1   ,              224.5   ,                 150.7   ,               66.2   ,                 73.8   ,              12.0   ,               7.6   ,                12.1   ,          216.9   ,             12.1   ,                        49.9   ,               4   ,        1.0500   ,               31.0   ,                 13918   ,
2026-02-12 13:17:43 ,        2715.0   ,           1281.5   ,               67.6   ,        74.4   ,                  72.0   ,                42   ,                  1552   ,                42   ,                  1553   ,          10410   ,        100   ,                       46   ,                   0   ,                    1   ,              229.0   ,                 153.6   ,               67.9   ,                 75.5   ,              12.0   ,               7.6   ,                12.1   ,          221.5   ,             12.1   ,                        50.9   ,               4   ,        1.0500   ,               32.0   ,                 13879   ,
2026-02-12 13:17:44 ,        2715.0   ,           1281.5   ,               68.0   ,        75.0   ,                  74.0   ,                42   ,                  1556   ,                42   ,                  1554   ,          10410   ,        100   ,                       49   ,                   0   ,                    1   ,              234.6   ,                 156.8   ,               70.1   ,                 77.7   ,              12.0   ,               7.7   ,                12.1   ,          226.9   ,             12.1   ,                        52.1   ,               4   ,        1.0500   ,               32.0   ,                 13915   ,
2026-02-12 13:17:45 ,        2715.0   ,           1281.5   ,               67.7   ,        74.7   ,                  74.0   ,                42   ,                  1554   ,                42   ,                  1553   ,          10410   ,        100   ,                       50   ,                   0   ,                    1   ,              230.8   ,                 153.3   ,               69.8   ,                 77.4   ,              12.0   ,               7.6   ,                12.1   ,          223.2   ,             12.1   ,                        51.3   ,               4   ,        1.0500   ,               32.0   ,                 13932   ,
2026-02-12 13:17:46 ,        2715.0   ,           1281.5   ,               67.6   ,        74.7   ,                  74.0   ,                42   ,                  1554   ,                42   ,                  1554   ,          10410   ,        100   ,                       50   ,                   0   ,                    1   ,              226.1   ,                 149.8   ,               68.7   ,                 76.3   ,              12.0   ,               7.6   ,                12.1   ,          218.5   ,             12.1   ,                        50.2   ,               4   ,        1.0500   ,               36.0   ,                 13927   ,
2026-02-12 13:17:47 ,        2715.0   ,           1281.5   ,               67.9   ,        74.7   ,                  74.0   ,                42   ,                  1554   ,                42   ,                  1555   ,          10410   ,        100   ,                       51   ,                   0   ,                    1   ,              226.1   ,                 150.2   ,               68.3   ,                 76.0   ,              12.0   ,               7.6   ,                12.1   ,          218.5   ,             12.1   ,                        50.3   ,               4   ,        1.0500   ,               31.0   ,                 13955   ,
2026-02-12 13:17:48 ,        2715.0   ,           1281.5   ,               68.1   ,        74.8   ,                  74.0   ,                42   ,                  1556   ,                42   ,                  1553   ,          10410   ,        100   ,                       50   ,                   0   ,                    1   ,              227.0   ,                 150.5   ,               68.9   ,                 76.6   ,              12.0   ,               7.6   ,                12.1   ,          219.4   ,             12.1   ,                        50.5   ,               4   ,        1.0500   ,               34.0   ,                 13916   ,
2026-02-12 13:17:49 ,        2715.0   ,           1281.5   ,               68.0   ,        74.8   ,                  74.0   ,                42   ,                  1556   ,                42   ,                  1555   ,          10410   ,        100   ,                       53   ,                   0   ,                    1   ,              232.7   ,                 154.2   ,               70.8   ,                 78.5   ,              12.0   ,               7.6   ,                12.1   ,          225.0   ,             12.1   ,                        51.7   ,               4   ,        1.0500   ,               32.0   ,                 13940   ,
2026-02-12 13:17:50 ,        2715.0   ,           1281.5   ,               68.0   ,        74.8   ,                  74.0   ,                42   ,                  1554   ,                42   ,                  1560   ,          10410   ,        100   ,                       52   ,                   0   ,                    1   ,              225.2   ,                 149.6   ,               68.1   ,                 75.6   ,              12.0   ,               7.5   ,                12.1   ,          217.7   ,             12.1   ,                        50.1   ,               4   ,        1.0500   ,               31.0   ,                 13925   ,
2026-02-12 13:17:51 ,        2715.0   ,           1281.5   ,               67.9   ,        74.8   ,                  72.0   ,                42   ,                  1554   ,                42   ,                  1553   ,          10410   ,        100   ,                       52   ,                   0   ,                    1   ,              227.2   ,                 150.9   ,               68.8   ,                 76.3   ,              12.0   ,               7.6   ,                12.1   ,          219.6   ,             12.1   ,                        50.5   ,               4   ,        1.0500   ,               31.0   ,                 13942   ,
2026-02-12 13:17:52 ,        2715.0   ,           1281.5   ,               68.2   ,        75.3   ,                  72.0   ,                42   ,                  1559   ,                42   ,                  1558   ,          10410   ,        100   ,                       53   ,                   0   ,                    1   ,              234.7   ,                 155.7   ,               71.3   ,                 79.0   ,              12.0   ,               7.8   ,                12.1   ,          227.0   ,             12.1   ,                        52.2   ,               4   ,        1.0500   ,               34.0   ,                 13892   ,
2026-02-12 13:17:53 ,        2715.0   ,           1281.5   ,               68.3   ,        75.0   ,                  74.0   ,                42   ,                  1556   ,                42   ,                  1560   ,          10410   ,        100   ,                       50   ,                   0   ,                    1   ,              232.2   ,                 154.4   ,               70.1   ,                 77.8   ,              12.0   ,               7.7   ,                12.1   ,          224.5   ,             12.1   ,                        51.6   ,               4   ,        1.0500   ,               35.0   ,                 13941   ,
2026-02-12 13:17:54 ,        2715.0   ,           1281.5   ,               68.3   ,        75.1   ,                  74.0   ,                42   ,                  1554   ,                42   ,                  1555   ,          10410   ,        100   ,                       50   ,                   0   ,                    1   ,              232.9   ,                 155.0   ,               70.3   ,                 78.0   ,              12.0   ,               7.7   ,                12.1   ,          225.3   ,             12.1   ,                        51.8   ,               4   ,        1.0500   ,               34.0   ,                 13955   ,
2026-02-12 13:17:55 ,        2715.0   ,           1281.5   ,               68.0   ,        75.1   ,                  74.0   ,                42   ,                  1554   ,                42   ,                  1558   ,          10410   ,        100   ,                       51   ,                   0   ,                    1   ,              222.2   ,                 148.1   ,               66.5   ,                 74.1   ,              12.0   ,               7.6   ,                12.0   ,          214.6   ,             12.1   ,                        49.4   ,               4   ,        1.0500   ,               36.0   ,                 13949   ,
2026-02-12 13:17:56 ,        2715.0   ,           1281.5   ,               68.3   ,        75.0   ,                  74.0   ,                42   ,                  1556   ,                42   ,                  1555   ,          10410   ,        100   ,                       51   ,                   0   ,                    1   ,              221.5   ,                 147.7   ,               66.2   ,                 73.8   ,              12.0   ,               7.6   ,                12.1   ,          214.0   ,             12.1   ,                        49.2   ,               4   ,        1.0500   ,               34.0   ,                 13977   ,
2026-02-12 13:17:57 ,        2715.0   ,           1281.5   ,               68.1   ,        75.0   ,                  74.0   ,                42   ,                  1559   ,                42   ,                  1560   ,          10406   ,        100   ,                       49   ,                   0   ,                    1   ,              219.2   ,                 146.7   ,               65.0   ,                 72.5   ,              12.0   ,               7.5   ,                12.1   ,          211.7   ,             12.1   ,                        48.7   ,               4   ,        1.0500   ,               34.0   ,                 13957   ,
2026-02-12 13:17:58 ,        2715.0   ,           1281.5   ,               68.2   ,        75.0   ,                  74.0   ,                42   ,                  1556   ,                42   ,                  1560   ,          10406   ,        100   ,                       47   ,                   0   ,                    1   ,              219.9   ,                 147.6   ,               64.7   ,                 72.3   ,              12.0   ,               7.5   ,                12.1   ,          212.4   ,             12.1   ,                        48.9   ,               4   ,        1.0500   ,               33.0   ,                 13959   ,
2026-02-12 13:17:59 ,        2715.0   ,           1281.5   ,               68.4   ,        75.0   ,                  72.0   ,                42   ,                  1561   ,                42   ,                  1555   ,          10406   ,        100   ,                       47   ,                   0   ,                    1   ,              217.7   ,                 146.7   ,               63.5   ,                 71.0   ,              12.0   ,               7.5   ,                12.1   ,          210.1   ,             12.1   ,                        48.4   ,               4   ,        1.0500   ,               36.0   ,                 13967   ,
2026-02-12 13:18:00 ,        2715.0   ,           1281.5   ,               68.4   ,        75.1   ,                  74.0   ,                42   ,                  1559   ,                42   ,                  1558   ,          10406   ,        100   ,                       47   ,                   0   ,                    1   ,              228.6   ,                 154.0   ,               67.0   ,                 74.7   ,              12.0   ,               7.6   ,                12.1   ,          221.0   ,             12.1   ,                        50.8   ,               4   ,        1.0500   ,               34.0   ,                 13985   ,
2026-02-12 13:18:01 ,        2715.0   ,           1281.5   ,               68.6   ,        75.6   ,                  74.0   ,                42   ,                  1559   ,                42   ,                  1558   ,          10406   ,        100   ,                       48   ,                   0   ,                    1   ,              228.7   ,                 153.6   ,               67.5   ,                 75.1   ,              12.0   ,               7.6   ,                12.1   ,          221.1   ,             12.1   ,                        51.9   ,               4   ,        1.0500   ,               34.0   ,                 13940   ,
2026-02-12 13:18:02 ,        2715.0   ,           1281.5   ,               68.6   ,        75.5   ,                  74.0   ,                42   ,                  1559   ,                42   ,                  1558   ,          10406   ,        100   ,                       48   ,                   0   ,                    1   ,              226.2   ,                 151.5   ,               67.1   ,                 74.7   ,              12.0   ,               7.6   ,                12.1   ,          218.6   ,             12.1   ,                        53.2   ,               4   ,        1.0500   ,               34.0   ,                 13973   ,
2026-02-12 13:18:03 ,        2715.0   ,           1281.5   ,               68.6   ,        75.3   ,                  74.0   ,                42   ,                  1559   ,                42   ,                  1558   ,          10406   ,        100   ,                       50   ,                   0   ,                    1   ,              231.0   ,                 153.9   ,               69.4   ,                 77.1   ,              12.0   ,               7.7   ,                12.1   ,          220.8   ,             12.1   ,                        50.8   ,               4   ,        1.0500   ,               34.0   ,                 13983   ,
2026-02-12 13:18:04 ,        2715.0   ,           1281.5   ,               68.7   ,        75.5   ,                  74.0   ,                42   ,                  1559   ,                42   ,                  1556   ,          10406   ,        100   ,                       52   ,                   0   ,                    1   ,              229.4   ,                 152.2   ,               69.5   ,                 77.2   ,              12.0   ,               7.7   ,                12.1   ,          221.7   ,             12.1   ,                        51.0   ,               4   ,        1.0500   ,               35.0   ,                 13999   ,
2026-02-12 13:18:05 ,        2715.0   ,           1281.5   ,               68.7   ,        75.5   ,                  72.0   ,                42   ,                  1561   ,                42   ,                  1558   ,          10406   ,        100   ,                       51   ,                   0   ,                    1   ,              233.7   ,                 155.2   ,               70.9   ,                 78.5   ,              12.0   ,               7.6   ,                12.1   ,          226.0   ,             12.1   ,                        51.9   ,               4   ,        1.0500   ,               36.0   ,                 14023   ,
2026-02-12 13:18:06 ,        2715.0   ,           1281.5   ,               68.8   ,        75.7   ,                  74.0   ,                42   ,                  1559   ,                42   ,                  1556   ,          10406   ,        100   ,                       52   ,                   0   ,                    1   ,              224.4   ,                 149.5   ,               67.3   ,                 74.9   ,              12.0   ,               7.6   ,                12.1   ,          216.8   ,             12.1   ,                        49.9   ,               4   ,        1.0500   ,               33.0   ,                 13976   ,
2026-02-12 13:18:07 ,        2715.0   ,           1281.5   ,               68.7   ,        75.5   ,                  74.0   ,                42   ,                  1559   ,                42   ,                  1564   ,          10406   ,        100   ,                       51   ,                   0   ,                    1   ,              235.4   ,                 156.1   ,               71.7   ,                 79.3   ,              12.0   ,               7.7   ,                12.1   ,          227.8   ,             12.1   ,                        52.3   ,               4   ,        1.0500   ,               36.0   ,                 13999   ,
2026-02-12 13:18:08 ,        2715.0   ,           1281.5   ,               68.7   ,        75.5   ,                  74.0   ,                42   ,                  1561   ,                42   ,                  1564   ,          10406   ,        100   ,                       52   ,                   0   ,                    1   ,              231.1   ,                 153.5   ,               69.9   ,                 77.6   ,              12.0   ,               7.7   ,                12.1   ,          223.4   ,             12.1   ,                        51.4   ,               4   ,        1.0500   ,               35.0   ,                 14000   ,
2026-02-12 13:18:09 ,        2715.0   ,           1281.5   ,               68.8   ,        75.6   ,                  74.0   ,                42   ,                  1563   ,                42   ,                  1566   ,          10406   ,        100   ,                       53   ,                   0   ,                    1   ,              225.1   ,                 150.0   ,               67.5   ,                 75.0   ,              12.0   ,               7.6   ,                12.1   ,          217.5   ,             12.1   ,                        50.0   ,               4   ,        1.0500   ,               36.0   ,                 14016   ,
2026-02-12 13:18:10 ,        2715.0   ,           1281.5   ,               68.9   ,        76.0   ,                  74.0   ,                42   ,                  1563   ,                42   ,                  1562   ,          10406   ,        100   ,                       53   ,                   0   ,                    1   ,              236.6   ,                 157.5   ,               71.3   ,                 79.0   ,              12.0   ,               7.8   ,                12.1   ,          228.8   ,             12.1   ,                        52.6   ,               4   ,        1.0500   ,               38.0   ,                 13965   ,
2026-02-12 13:18:11 ,        2715.0   ,           1281.5   ,               68.8   ,        75.6   ,                  74.0   ,                42   ,                  1563   ,                42   ,                  1562   ,          10406   ,        100   ,                       53   ,                   0   ,                    1   ,              230.7   ,                 154.0   ,               69.0   ,                 76.7   ,              12.0   ,               7.7   ,                12.1   ,          223.0   ,             12.1   ,                        51.6   ,               4   ,        1.0500   ,               37.0   ,                 13980   ,
2026-02-12 13:18:12 ,        2715.0   ,           1281.5   ,               68.9   ,        75.7   ,                  74.0   ,                42   ,                  1563   ,                42   ,                  1566   ,          10406   ,        100   ,                       53   ,                   0   ,                    1   ,              228.5   ,                 156.2   ,               69.4   ,                 77.1   ,              12.0   ,               7.7   ,                12.1   ,          225.6   ,             12.1   ,                        51.8   ,               4   ,        1.0500   ,               37.0   ,                 13981   ,
2026-02-12 13:18:13 ,        2715.0   ,           1281.5   ,               68.8   ,        75.6   ,                  74.0   ,                42   ,                  1561   ,                42   ,                  1564   ,          10406   ,        100   ,                       52   ,                   0   ,                    1   ,              229.6   ,                 153.3   ,               68.6   ,                 73.6   ,              12.0   ,               7.6   ,                12.1   ,          217.8   ,             12.1   ,                        50.1   ,               4   ,        1.0500   ,               37.0   ,                 14015   ,
2026-02-12 13:18:14 ,        2715.0   ,           1281.5   ,               68.9   ,        75.6   ,                  74.0   ,                42   ,                  1565   ,                42   ,                  1566   ,          10406   ,        100   ,                       46   ,                   0   ,                    1   ,              220.5   ,                 148.5   ,               64.4   ,                 72.0   ,              12.0   ,               7.6   ,                12.1   ,          212.9   ,             12.1   ,                        49.0   ,               4   ,        1.0500   ,               37.0   ,                 13999   ,
2026-02-12 13:18:15 ,        2715.0   ,           1281.5   ,               68.9   ,        75.8   ,                  74.0   ,                42   ,                  1568   ,                42   ,                  1564   ,          10406   ,        100   ,                       46   ,                   0   ,                    1   ,              224.6   ,                 151.3   ,               65.8   ,                 73.3   ,              12.0   ,               7.6   ,                12.1   ,          217.1   ,             12.1   ,                        49.9   ,               4   ,        1.0500   ,               37.0   ,                 13942   ,
2026-02-12 13:18:16 ,         780.0   ,           1281.5   ,               62.2   ,        72.0   ,                  70.0   ,                42   ,                  1568   ,                42   ,                  1568   ,           8798   ,          0   ,                        0   ,                   0   ,                    0   ,               41.9   ,                  12.9   ,               22.5   ,                 29.0   ,              12.2   ,               6.5   ,                12.1   ,           35.3   ,             12.3   ,                         9.3   ,              16   ,        0.8750   ,               38.0   ,                 12427   ,
2026-02-12 13:18:17 ,         255.0   ,            625.2   ,               61.4   ,        71.5   ,                  68.0   ,                42   ,                  1570   ,                42   ,                  1570   ,           8798   ,          1   ,                        0   ,                   0   ,                    0   ,               40.8   ,                  11.9   ,               22.4   ,                 28.9   ,              12.2   ,               6.5   ,                12.1   ,           34.3   ,             12.3   ,                         9.1   ,              16   ,        0.8750   ,               37.0   ,                 12275   ,
2026-02-12 13:18:18 ,         210.0   ,            625.2   ,               60.7   ,        71.0   ,                  68.0   ,                42   ,                  1565   ,                42   ,                  1566   ,           8546   ,          2   ,                        0   ,                   0   ,                    0   ,               26.2   ,                   6.5   ,               13.3   ,                 19.7   ,              12.2   ,               6.4   ,                12.1   ,           19.8   ,             12.3   ,                         5.8   ,              16   ,        0.8750   ,               36.0   ,                 11063   ,
2026-02-12 13:18:19 ,         210.0   ,            625.2   ,               60.3   ,        70.7   ,                  66.0   ,                42   ,                  1565   ,                42   ,                  1564   ,           8561   ,          2   ,                        0   ,                   0   ,                    0   ,               25.6   ,                   6.1   ,               13.1   ,                 19.5   ,              12.2   ,               6.4   ,                12.1   ,           19.2   ,             12.3   ,                         5.7   ,              16   ,        0.8750   ,               37.0   ,                 11019   ,
2026-02-12 13:18:20 ,         210.0   ,            625.2   ,               60.0   ,        70.2   ,                  66.0   ,                42   ,                  1563   ,                42   ,                  1566   ,           8561   ,          1   ,                        0   ,                   0   ,                    0   ,               25.3   ,                   5.8   ,               13.1   ,                 19.5   ,              12.2   ,               6.4   ,                12.1   ,           18.9   ,             12.3   ,                         5.6   ,              16   ,        0.8750   ,               36.0   ,                 11016   ,
2026-02-12 13:18:21 ,         210.0   ,            625.2   ,               59.6   ,        70.0   ,                  66.0   ,                42   ,                  1563   ,                42   ,                  1566   ,           8561   ,          1   ,                        0   ,                   0   ,                    0   ,               25.7   ,                   6.1   ,               13.2   ,                 19.6   ,              12.2   ,               6.4   ,                12.1   ,           19.3   ,             12.3   ,                         5.7   ,              16   ,        0.8750   ,               35.0   ,                 11014   ,
2026-02-12 13:18:22 ,         210.0   ,            101.3   ,               59.2   ,        69.6   ,                  66.0   ,                42   ,                  1561   ,                42   ,                  1564   ,           8561   ,          2   ,                        2   ,                   0   ,                    0   ,               18.9   ,                   6.5   ,                9.0   ,                 12.4   ,              12.2   ,               3.3   ,                12.1   ,           15.6   ,             12.3   ,                         4.2   ,              16   ,        0.8750   ,               36.0   ,                 11023   ,
2026-02-12 13:18:23 ,         210.0   ,            101.3   ,               58.7   ,        69.2   ,                  64.0   ,                42   ,                  1561   ,                42   ,                  1562   ,           8561   ,          2   ,                        2   ,                   0   ,                    0   ,                9.3   ,                   3.1   ,                2.9   ,                  6.2   ,              12.2   ,               3.3   ,                12.1   ,            6.0   ,             12.3   ,                         2.1   ,              16   ,        0.8750   ,               37.0   ,                 11024   ,
2026-02-12 13:18:24 ,         210.0   ,             50.6   ,               58.3   ,        68.7   ,                  64.0   ,                42   ,                  1559   ,                42   ,                  1556   ,           8561   ,          2   ,                       23   ,                   0   ,                    0   ,                6.4   ,                   1.7   ,                2.2   ,                  4.7   ,              12.2   ,               2.5   ,                12.1   ,            4.0   ,             12.3   ,                         1.4   ,              16   ,        0.8600   ,               37.0   ,                 11020   ,
2026-02-12 13:18:25 ,         210.0   ,             50.6   ,               58.0   ,        68.5   ,                  62.0   ,                42   ,                  1554   ,                42   ,                  1551   ,           8561   ,          2   ,                        5   ,                   0   ,                    0   ,                6.4   ,                   1.7   ,                2.2   ,                  4.7   ,              12.2   ,               2.5   ,                12.1   ,            3.9   ,             12.3   ,                         1.4   ,              16   ,        0.8600   ,               37.0   ,                 11028   ,
2026-02-12 13:18:26 ,         210.0   ,             50.6   ,               57.7   ,        68.1   ,                  62.0   ,                41   ,                  1552   ,                41   ,                  1545   ,           8561   ,          2   ,                        5   ,                   0   ,                    0   ,                6.4   ,                   1.7   ,                2.2   ,                  4.7   ,              12.2   ,               2.5   ,                12.1   ,            3.9   ,             12.3   ,                         1.4   ,              16   ,        0.8600   ,               36.0   ,                 11028   ,
2026-02-12 13:18:27 ,         210.0   ,             50.6   ,               57.4   ,        67.8   ,                  62.0   ,                41   ,                  1541   ,                41   ,                  1539   ,           8561   ,          2   ,                       10   ,                   0   ,                    0   ,                6.6   ,                   1.8   ,                2.3   ,                  4.7   ,              12.2   ,               2.4   ,                12.1   ,            4.0   ,             12.3   ,                         1.4   ,              16   ,        0.8600   ,               37.0   ,                 11032   ,
2026-02-12 13:18:28 ,         210.0   ,             50.6   ,               57.1   ,        67.6   ,                  62.0   ,                41   ,                  1528   ,                41   ,                  1531   ,           8561   ,          2   ,                        7   ,                   0   ,                    0   ,                5.6   ,                   1.5   ,                1.7   ,                  4.1   ,              12.2   ,               2.4   ,                12.1   ,            3.2   ,             12.3   ,                         1.2   ,              16   ,        0.8600   ,               34.0   ,                 11018   ,
2026-02-12 13:18:29 ,         210.0   ,             50.6   ,               56.8   ,        67.2   ,                  62.0   ,                41   ,                  1520   ,                41   ,                  1523   ,           8561   ,          3   ,                       14   ,                   0   ,                    0   ,                5.7   ,                   1.6   ,                1.6   ,                  4.0   ,              12.2   ,               2.4   ,                12.1   ,            3.3   ,             12.3   ,                         1.3   ,              16   ,        0.8600   ,               34.0   ,                 11049   ,
2026-02-12 13:18:30 ,         210.0   ,             50.6   ,               56.6   ,        66.9   ,                  62.0   ,                40   ,                  1510   ,                40   ,                  1509   ,           8561   ,          2   ,                        9   ,                   0   ,                    0   ,                5.7   ,                   1.7   ,                1.6   ,                  4.0   ,              12.2   ,               2.4   ,                12.1   ,            3.3   ,             12.3   ,                         1.3   ,              16   ,        0.8600   ,               34.0   ,                 11044   ,
2026-02-12 13:18:31 ,         210.0   ,             50.6   ,               56.3   ,        66.7   ,                  62.0   ,                40   ,                  1498   ,                40   ,                  1494   ,           8561   ,          2   ,                       13   ,                   0   ,                    0   ,                5.7   ,                   1.6   ,                1.7   ,                  4.1   ,              12.2   ,               2.4   ,                12.1   ,            3.3   ,             12.3   ,                         1.3   ,              16   ,        0.8600   ,               34.0   ,                 11048   ,
2026-02-12 13:18:32 ,         210.0   ,             50.6   ,               56.0   ,        66.4   ,                  62.0   ,                39   ,                  1481   ,                39   ,                  1478   ,           8561   ,          2   ,                       20   ,                   0   ,                    0   ,                5.7   ,                   1.6   ,                1.8   ,                  4.2   ,              12.2   ,               2.4   ,                12.1   ,            3.3   ,             12.3   ,                         1.3   ,              16   ,        0.8600   ,               33.0   ,                 11061   ,
2026-02-12 13:18:33 ,         210.0   ,             50.6   ,               55.8   ,        66.1   ,                  62.0   ,                39   ,                  1468   ,                39   ,                  1463   ,           8561   ,          2   ,                        8   ,                   0   ,                    0   ,                5.6   ,                   1.5   ,                1.8   ,                  4.1   ,              12.2   ,               2.4   ,                12.1   ,            3.2   ,             12.3   ,                         1.2   ,              16   ,        0.8600   ,               34.0   ,                 11054   ,
2026-02-12 13:18:34 ,         210.0   ,             50.6   ,               55.5   ,        65.9   ,                  60.0   ,                39   ,                  1454   ,                39   ,                  1445   ,           8561   ,          3   ,                        7   ,                   0   ,                    0   ,                5.7   ,                   1.6   ,                1.7   ,                  4.1   ,              12.2   ,               2.4   ,                12.1   ,            3.3   ,             12.3   ,                         1.3   ,              16   ,        0.8600   ,               32.0   ,                 11071   ,
2026-02-12 13:18:35 ,         210.0   ,             50.6   ,               55.3   ,        65.7   ,                  60.0   ,                38   ,                  1435   ,                38   ,                  1429   ,           8561   ,          2   ,                        5   ,                   0   ,                    0   ,                5.6   ,                   1.6   ,                1.8   ,                  4.0   ,              12.2   ,               2.3   ,                12.1   ,            3.4   ,             12.3   ,                         1.2   ,              16   ,        0.8600   ,               33.0   ,                 11068   ,
2026-02-12 13:18:36 ,         210.0   ,             50.6   ,               55.1   ,        65.5   ,                  60.0   ,                38   ,                  1417   ,                38   ,                  1413   ,           8561   ,          2   ,                        9   ,                   0   ,                    0   ,                5.7   ,                   1.6   ,                1.7   ,                  4.1   ,              12.2   ,               2.4   ,                12.1   ,            3.4   ,             12.3   ,                         1.3   ,              16   ,        0.8600   ,               32.0   ,                 11064   ,
2026-02-12 13:18:37 ,         210.0   ,             50.6   ,               54.8   ,        65.1   ,                  60.0   ,                37   ,                  1399   ,                37   ,                  1393   ,           8561   ,          2   ,                       14   ,                   0   ,                    0   ,                5.7   ,                   1.6   ,                1.8   ,                  4.1   ,              12.2   ,               2.3   ,                12.1   ,            3.3   ,             12.3   ,                         1.3   ,              16   ,        0.8600   ,               33.0   ,                 11080   ,
2026-02-12 13:18:38 ,         210.0   ,             50.6   ,               54.6   ,        64.8   ,                  62.0   ,                37   ,                  1378   ,                37   ,                  1375   ,           8561   ,          3   ,                        9   ,                   0   ,                    0   ,                5.5   ,                   1.5   ,                1.6   ,                  3.9   ,              12.2   ,               2.3   ,                12.1   ,            3.2   ,             12.3   ,                         1.2   ,              16   ,        0.8600   ,               37.0   ,                 11088   ,
2026-02-12 13:18:39 ,         210.0   ,             50.6   ,               54.4   ,        64.7   ,                  60.0   ,                37   ,                  1359   ,                37   ,                  1356   ,           8561   ,          3   ,                       12   ,                   0   ,                    0   ,                5.5   ,                   1.6   ,                1.7   ,                  4.0   ,              12.2   ,               2.3   ,                12.1   ,            3.2   ,             12.3   ,                         1.2   ,              16   ,        0.8600   ,               37.0   ,                 11087   ,
2026-02-12 13:18:40 ,         210.0   ,             50.6   ,               54.2   ,        64.4   ,                  60.0   ,                36   ,                  1341   ,                36   ,                  1337   ,           8561   ,          3   ,                        5   ,                   0   ,                    0   ,                5.5   ,                   1.6   ,                1.7   ,                  3.9   ,              12.2   ,               2.2   ,                12.1   ,            3.3   ,             12.3   ,                         1.2   ,              16   ,        0.8600   ,               30.0   ,                 11095   ,
2026-02-12 13:18:41 ,         210.0   ,             50.6   ,               54.0   ,        64.2   ,                  60.0   ,                36   ,                  1322   ,                36   ,                  1319   ,           8561   ,          2   ,                        5   ,                   0   ,                    0   ,                7.2   ,                   0.8   ,                4.3   ,                  6.4   ,              12.2   ,               2.1   ,                12.1   ,            5.1   ,             12.3   ,                         1.6   ,              16   ,        0.8650   ,               31.0   ,                 11102   ,
2026-02-12 13:18:42 ,         210.0   ,             50.6   ,               53.8   ,        64.1   ,                  60.0   ,                35   ,                  1305   ,                35   ,                  1298   ,           8561   ,          2   ,                        9   ,                   0   ,                    0   ,                5.6   ,                   1.5   ,                1.8   ,                  4.0   ,              12.2   ,               2.2   ,                12.1   ,            3.3   ,             12.3   ,                         1.2   ,              16   ,        0.8650   ,               33.0   ,                 11130   ,
2026-02-12 13:18:43 ,         210.0   ,             50.6   ,               53.6   ,        63.9   ,                  58.0   ,                35   ,                  1285   ,                35   ,                  1285   ,           8561   ,          2   ,                        6   ,                   0   ,                    0   ,                5.5   ,                   1.4   ,                1.8   ,                  4.1   ,              12.2   ,               2.2   ,                12.1   ,            3.3   ,             12.3   ,                         1.2   ,              16   ,        0.8650   ,               39.0   ,                 11131   ,
2026-02-12 13:18:44 ,         210.0   ,             50.6   ,               53.4   ,        63.7   ,                  58.0   ,                35   ,                  1266   ,                35   ,                  1267   ,           8561   ,          2   ,                        5   ,                   0   ,                    0   ,                5.8   ,                   1.4   ,                2.2   ,                  4.4   ,              12.2   ,               2.2   ,                12.1   ,            3.7   ,             12.3   ,                         1.3   ,              16   ,        0.8650   ,               38.0   ,                 11133   ,
2026-02-12 13:18:45 ,         210.0   ,             50.6   ,               53.2   ,        63.4   ,                  58.0   ,                34   ,                  1250   ,                34   ,                  1250   ,           8561   ,          2   ,                       12   ,                   0   ,                    0   ,                5.7   ,                   1.5   ,                2.1   ,                  4.2   ,              12.2   ,               2.1   ,                12.1   ,            3.6   ,             12.3   ,                         1.3   ,              16   ,        0.8650   ,               39.0   ,                 11131   ,
2026-02-12 13:18:46 ,         210.0   ,             50.6   ,               53.0   ,        63.3   ,                  58.0   ,                34   ,                  1235   ,                34   ,                  1230   ,           8561   ,          2   ,                        9   ,                   0   ,                    0   ,                6.0   ,                   1.5   ,                2.3   ,                  4.4   ,              12.2   ,               2.2   ,                12.1   ,            3.8   ,             12.3   ,                         1.3   ,              16   ,        0.8650   ,               39.0   ,                 11130   ,
2026-02-12 13:18:47 ,         210.0   ,             50.6   ,               52.9   ,        63.0   ,                  58.0   ,                34   ,                  1217   ,                34   ,                  1215   ,           8561   ,          2   ,                       12   ,                   0   ,                    0   ,                5.8   ,                   1.5   ,                2.2   ,                  4.3   ,              12.2   ,               2.1   ,                12.1   ,            3.7   ,             12.3   ,                         1.3   ,              16   ,        0.8650   ,               38.0   ,                 11128   ,
2026-02-12 13:18:48 ,         210.0   ,             50.6   ,               52.7   ,        62.8   ,                  58.0   ,                33   ,                  1203   ,                33   ,                  1199   ,           8561   ,          2   ,                       15   ,                   0   ,                    0   ,                5.8   ,                   1.4   ,                2.2   ,                  4.4   ,              12.2   ,               2.1   ,                12.1   ,            3.7   ,             12.3   ,                         1.3   ,              16   ,        0.8650   ,               37.0   ,                 11130   ,
2026-02-12 13:18:49 ,         210.0   ,             50.6   ,               52.5   ,        62.8   ,                  58.0   ,                33   ,                  1186   ,                33   ,                  1183   ,           8561   ,          2   ,                       11   ,                   0   ,                    0   ,                5.7   ,                   1.3   ,                2.4   ,                  4.5   ,              12.2   ,               2.1   ,                12.1   ,            3.6   ,             12.3   ,                         1.3   ,              16   ,        0.8650   ,               37.0   ,                 11127   ,
2026-02-12 13:18:50 ,         210.0   ,             50.6   ,               52.4   ,        62.4   ,                  58.0   ,                33   ,                  1167   ,                33   ,                  1165   ,           8561   ,          1   ,                       11   ,                   0   ,                    0   ,                6.1   ,                   1.1   ,                2.9   ,                  5.0   ,              12.2   ,               2.0   ,                12.1   ,            4.0   ,             12.3   ,                         1.4   ,              16   ,        0.8650   ,               30.0   ,                 11129   ,
2026-02-12 13:18:51 ,         210.0   ,             50.6   ,               52.2   ,        62.3   ,                  58.0   ,                32   ,                  1153   ,                32   ,                  1153   ,           8561   ,          0   ,                       19   ,                   0   ,                    0   ,                6.0   ,                   1.1   ,                2.9   ,                  5.0   ,              12.2   ,               2.0   ,                12.1   ,            4.0   ,             12.3   ,                         1.3   ,              16   ,        0.8650   ,               28.0   ,                 11127   ,
2026-02-12 13:18:52 ,         210.0   ,             50.6   ,               52.0   ,        62.3   ,                  56.0   ,                32   ,                  1138   ,                32   ,                  1135   ,           8561   ,          0   ,                       15   ,                   0   ,                    0   ,                6.5   ,                   0.9   ,                3.5   ,                  5.6   ,              12.2   ,               2.0   ,                12.1   ,            4.5   ,             12.3   ,                         1.4   ,              16   ,        0.8650   ,               29.0   ,                 11127   ,
2026-02-12 13:18:53 ,         210.0   ,             50.6   ,               51.9   ,        62.0   ,                  56.0   ,                32   ,                  1123   ,                32   ,                  1124   ,           8564   ,          1   ,                       13   ,                   0   ,                    0   ,                6.4   ,                   0.8   ,                3.5   ,                  5.6   ,              12.2   ,               2.0   ,                12.1   ,            4.4   ,             12.3   ,                         1.4   ,              16   ,        0.8650   ,               29.0   ,                 11123   ,
2026-02-12 13:18:54 ,         210.0   ,             50.6   ,               51.8   ,        61.9   ,                  56.0   ,                31   ,                  1109   ,                31   ,                  1106   ,           8564   ,          2   ,                       11   ,                   0   ,                    0   ,                6.2   ,                   1.0   ,                3.2   ,                  5.2   ,              12.2   ,               2.0   ,                12.1   ,            4.2   ,             12.3   ,                         1.4   ,              16   ,        0.8650   ,               29.0   ,                 11123   ,
2026-02-12 13:18:55 ,         210.0   ,             50.6   ,               51.6   ,        61.8   ,                  56.0   ,                31   ,                  1091   ,                31   ,                  1091   ,           8564   ,          2   ,                       12   ,                   0   ,                    0   ,                6.8   ,                   1.0   ,                3.8   ,                  5.9   ,              12.2   ,               2.0   ,                12.1   ,            4.8   ,             12.3   ,                         1.5   ,              16   ,        0.8650   ,               28.0   ,                 11123   ,
2026-02-12 13:18:56 ,         210.0   ,             50.6   ,               51.4   ,        61.5   ,                  56.0   ,                31   ,                  1077   ,                31   ,                  1075   ,           8564   ,          0   ,                       27   ,                   0   ,                    0   ,                6.4   ,                   1.0   ,                3.4   ,                  5.4   ,              12.2   ,               2.0   ,                12.1   ,            4.4   ,             12.3   ,                         1.4   ,              16   ,        0.8650   ,               28.0   ,                 11121   ,
2026-02-12 13:18:57 ,         210.0   ,             50.6   ,               51.3   ,        61.4   ,                  56.0   ,                31   ,                  1064   ,                31   ,                  1067   ,           8564   ,          0   ,                       23   ,                   0   ,                    0   ,                6.4   ,                   0.9   ,                3.5   ,                  5.5   ,              12.2   ,               2.0   ,                12.1   ,            4.4   ,             12.3   ,                         1.4   ,              16   ,        0.8650   ,               28.0   ,                 11123   ,
2026-02-12 13:18:58 ,         210.0   ,             50.6   ,               51.1   ,        61.2   ,                  56.0   ,                30   ,                  1055   ,                30   ,                  1067   ,           8564   ,          0   ,                       11   ,                   0   ,                    0   ,                6.1   ,                   1.2   ,                3.0   ,                  4.9   ,              12.2   ,               2.0   ,                12.1   ,            4.1   ,             12.3   ,                         1.4   ,              16   ,        0.8650   ,               28.0   ,                 11121   ,
2026-02-12 13:18:59 ,         210.0   ,             50.6   ,               51.0   ,        61.0   ,                  56.0   ,                30   ,                  1053   ,                30   ,                  1066   ,           8564   ,          0   ,                        7   ,                   0   ,                    0   ,                6.8   ,                   1.0   ,                3.8   ,                  5.8   ,              12.2   ,               2.0   ,                12.1   ,            4.7   ,             12.3   ,                         1.5   ,              16   ,        0.8650   ,               28.0   ,                 11122   ,
2026-02-12 13:19:00 ,         210.0   ,             50.6   ,               50.9   ,        60.9   ,                  56.0   ,                30   ,                  1054   ,                30   ,                  1065   ,           8564   ,          0   ,                       10   ,                   0   ,                    0   ,                6.2   ,                   1.2   ,                3.1   ,                  5.1   ,              12.2   ,               2.0   ,                12.1   ,            4.3   ,             12.3   ,                         1.4   ,              16   ,        0.8650   ,               28.0   ,                 11120   ,
2026-02-12 13:19:01 ,         210.0   ,             50.6   ,               50.7   ,        60.7   ,                  56.0   ,                30   ,                  1053   ,                30   ,                  1065   ,           8564   ,          0   ,                       20   ,                   0   ,                    0   ,                6.5   ,                   1.1   ,                3.4   ,                  5.4   ,              12.2   ,               2.0   ,                12.1   ,            4.5   ,             12.3   ,                         1.4   ,              16   ,        0.8650   ,               28.0   ,                 11121   ,
2026-02-12 13:19:02 ,         210.0   ,             50.6   ,               50.6   ,        60.5   ,                  56.0   ,                30   ,                  1054   ,                30   ,                  1065   ,           8564   ,          0   ,                       16   ,                   0   ,                    0   ,                6.0   ,                   1.1   ,                2.9   ,                  4.9   ,              12.2   ,               2.0   ,                12.1   ,            4.0   ,             12.3   ,                         1.3   ,              16   ,        0.8650   ,               29.0   ,                 11123   ,
2026-02-12 13:19:03 ,         210.0   ,             50.6   ,               50.4   ,        60.4   ,                  56.0   ,                30   ,                  1054   ,                30   ,                  1065   ,           8564   ,          0   ,                       24   ,                   0   ,                    0   ,                5.9   ,                   1.1   ,                2.9   ,                  4.8   ,              12.2   ,               1.9   ,                12.1   ,            4.0   ,             12.3   ,                         1.3   ,              16   ,        0.8650   ,               28.0   ,                 11121   ,
2026-02-12 13:19:04 ,         210.0   ,             50.6   ,               50.3   ,        60.3   ,                  54.0   ,                30   ,                  1053   ,                30   ,                  1066   ,           8564   ,          0   ,                       14   ,                   0   ,                    0   ,                5.7   ,                   1.0   ,                2.8   ,                  4.7   ,              12.2   ,               1.9   ,                12.1   ,            3.8   ,             12.3   ,                         1.3   ,              16   ,        0.8650   ,               28.0   ,                 11122   ,
2026-02-12 13:19:05 ,         210.0   ,             50.6   ,               50.2   ,        60.0   ,                  54.0   ,                30   ,                  1055   ,                30   ,                  1066   ,           8564   ,          0   ,                       11   ,                   0   ,                    0   ,                6.0   ,                   1.1   ,                2.9   ,                  4.9   ,              12.2   ,               2.0   ,                12.1   ,            4.1   ,             12.3   ,                         1.3   ,              16   ,        0.8650   ,               29.0   ,                 11121   ,
2026-02-12 13:19:06 ,         210.0   ,             50.6   ,               50.0   ,        59.9   ,                  54.0   ,                30   ,                  1063   ,                30   ,                  1068   ,           8564   ,          0   ,                       14   ,                   0   ,                    0   ,                6.0   ,                   1.1   ,                3.1   ,                  5.0   ,              12.2   ,               1.9   ,                12.1   ,            4.1   ,             12.3   ,                         1.3   ,              16   ,        0.8650   ,               33.0   ,                 11017   ,
2026-02-12 13:19:07 ,         210.0   ,             50.6   ,               49.9   ,        59.8   ,                  54.0   ,                30   ,                  1076   ,                30   ,                  1068   ,           8564   ,          0   ,                       36   ,                   0   ,                    0   ,                6.2   ,                   1.1   ,                3.1   ,                  5.1   ,              12.2   ,               2.0   ,                12.1   ,            4.2   ,             12.3   ,                         1.4   ,              16   ,        0.8650   ,               29.0   ,                 11016   ,
2026-02-12 13:19:08 ,         210.0   ,             50.6   ,               49.8   ,        59.7   ,                  54.0   ,                30   ,                  1078   ,                30   ,                  1067   ,           8564   ,          0   ,                       14   ,                   0   ,                    0   ,                5.9   ,                   0.9   ,                3.1   ,                  5.0   ,              12.2   ,               1.9   ,                12.1   ,            4.0   ,             12.3   ,                         1.3   ,              16   ,        0.8650   ,               29.0   ,                 11022   ,
2026-02-12 13:19:09 ,         210.0   ,             50.6   ,               49.6   ,        59.4   ,                  54.0   ,                30   ,                  1068   ,                30   ,                  1066   ,           8564   ,          0   ,                       32   ,                   0   ,                    0   ,                6.1   ,                   1.1   ,                3.1   ,                  5.0   ,              12.2   ,               2.0   ,                12.1   ,            4.2   ,             12.3   ,                         1.4   ,              16   ,        0.8650   ,               28.0   ,                 11022   ,
2026-02-12 13:19:10 ,         210.0   ,             50.6   ,               49.5   ,        59.2   ,                  54.0   ,                30   ,                  1061   ,                30   ,                  1066   ,           8564   ,          0   ,                       15   ,                   0   ,                    0   ,                5.8   ,                   1.0   ,                3.0   ,                  4.8   ,              12.2   ,               1.9   ,                12.1   ,            3.9   ,             12.3   ,                         1.3   ,              16   ,        0.8650   ,               28.0   ,                 11020   ,
2026-02-12 13:19:11 ,         210.0   ,             50.6   ,               49.4   ,        59.1   ,                  52.0   ,                30   ,                  1071   ,                30   ,                  1067   ,           8564   ,          0   ,                       15   ,                   0   ,                    0   ,                6.0   ,                   1.1   ,                3.0   ,                  4.9   ,              12.2   ,               1.9   ,                12.1   ,            4.0   ,             12.3   ,                         1.3   ,              16   ,        0.8650   ,               28.0   ,                 11021   ,
2026-02-12 13:19:12 ,         210.0   ,             50.6   ,               49.3   ,        59.0   ,                  52.0   ,                30   ,                  1068   ,                30   ,                  1067   ,           8564   ,          0   ,                       23   ,                   0   ,                    0   ,                7.3   ,                   0.0   ,                5.5   ,                  7.3   ,              12.3   ,               2.0   ,                12.1   ,            5.4   ,             12.3   ,                         1.6   ,              16   ,        0.8650   ,               28.0   ,                 11019   ,
2026-02-12 13:19:13 ,         210.0   ,             50.6   ,               49.1   ,        58.8   ,                  54.0   ,                30   ,                  1058   ,                30   ,                  1066   ,           8564   ,          0   ,                       12   ,                   0   ,                    0   ,                5.9   ,                   1.1   ,                2.9   ,                  4.8   ,              12.2   ,               1.9   ,                12.1   ,            4.0   ,             12.3   ,                         1.3   ,              16   ,        0.8650   ,               28.0   ,                 11022   ,
2026-02-12 13:19:14 ,         210.0   ,             50.6   ,               49.1   ,        58.8   ,                  54.0   ,                30   ,                  1054   ,                30   ,                  1065   ,           8564   ,          0   ,                       11   ,                   0   ,                    0   ,                6.8   ,                   0.3   ,                4.6   ,                  6.5   ,              12.2   ,               2.0   ,                12.1   ,            4.9   ,             12.3   ,                         1.5   ,              16   ,        0.8700   ,               28.0   ,                 11019   ,
2026-02-12 13:19:15 ,         210.0   ,             50.6   ,               48.9   ,        58.6   ,                  52.0   ,                30   ,                  1052   ,                30   ,                  1065   ,           8564   ,          0   ,                       14   ,                   0   ,                    0   ,                5.4   ,                   1.2   ,                2.4   ,                  4.2   ,              12.2   ,               1.8   ,                12.1   ,            3.6   ,             12.3   ,                         1.2   ,              16   ,        0.8700   ,               28.0   ,                 11021   ,
2026-02-12 13:19:16 ,         210.0   ,             50.6   ,               48.8   ,        58.5   ,                  54.0   ,                30   ,                  1053   ,                30   ,                  1065   ,           8564   ,          0   ,                       15   ,                   0   ,                    0   ,                5.4   ,                   1.5   ,                2.0   ,                  3.9   ,              12.2   ,               1.9   ,                12.1   ,            3.5   ,             12.3   ,                         1.2   ,              16   ,        0.8700   ,               28.0   ,                 11018   ,
2026-02-12 13:19:17 ,         210.0   ,             50.6   ,               48.6   ,        58.3   ,                  54.0   ,                30   ,                  1054   ,                30   ,                  1066   ,           8564   ,          0   ,                       17   ,                   0   ,                    0   ,                5.1   ,                   1.5   ,                1.7   ,                  3.6   ,              12.2   ,               1.9   ,                12.1   ,            3.2   ,             12.3   ,                         1.1   ,              16   ,        0.8700   ,               28.0   ,                 11017   ,
2026-02-12 13:19:18 ,         210.0   ,             50.6   ,               48.5   ,        58.1   ,                  52.0   ,                30   ,                  1053   ,                30   ,                  1066   ,           8564   ,          0   ,                        6   ,                   0   ,                    0   ,                5.1   ,                   1.5   ,                1.7   ,                  3.6   ,              12.2   ,               1.8   ,                12.1   ,            3.2   ,             12.3   ,                         1.1   ,              16   ,        0.8700   ,               31.0   ,                 11017   ,
2026-02-12 13:19:19 ,         210.0   ,             50.6   ,               48.4   ,        58.1   ,                  52.0   ,                30   ,                  1054   ,                30   ,                  1067   ,           8564   ,          0   ,                       11   ,                   0   ,                    0   ,                5.0   ,                   1.4   ,                1.7   ,                  3.6   ,              12.2   ,               1.9   ,                12.1   ,            3.1   ,             12.3   ,                         1.1   ,              16   ,        0.8700   ,               30.0   ,                 11017   ,
2026-02-12 13:19:20 ,         210.0   ,             50.6   ,               48.2   ,        57.8   ,                  52.0   ,                30   ,                  1059   ,                30   ,                  1066   ,           8564   ,          0   ,                       21   ,                   0   ,                    0   ,                5.1   ,                   1.6   ,                1.6   ,                  3.5   ,              12.2   ,               1.9   ,                12.1   ,            3.2   ,             12.3   ,                         1.1   ,              16   ,        0.8700   ,               29.0   ,                 11017   ,
2026-02-12 13:19:21 ,         210.0   ,             50.6   ,               48.1   ,        57.6   ,                  52.0   ,                30   ,                  1063   ,                30   ,                  1067   ,           8564   ,          0   ,                       14   ,                   0   ,                    0   ,                5.1   ,                   1.5   ,                1.7   ,                  3.6   ,              12.2   ,               1.9   ,                12.1   ,            3.2   ,             12.3   ,                         1.1   ,              16   ,        0.8700   ,               28.0   ,                 11016   ,
2026-02-12 13:19:22 ,         210.0   ,             50.6   ,               48.0   ,        57.6   ,                  52.0   ,                30   ,                  1059   ,                30   ,                  1066   ,           8564   ,          0   ,                        9   ,                   0   ,                    0   ,                5.0   ,                   1.4   ,                1.8   ,                  3.6   ,              12.2   ,               1.9   ,                12.1   ,            3.1   ,             12.3   ,                         1.1   ,              16   ,        0.8700   ,               28.0   ,                 11017   ,
2026-02-12 13:19:23 ,         210.0   ,             50.6   ,               47.9   ,        57.4   ,                  52.0   ,                30   ,                  1053   ,                30   ,                  1065   ,           8564   ,          0   ,                        5   ,                   0   ,                    0   ,                5.0   ,                   1.3   ,                1.8   ,                  3.6   ,              12.2   ,               1.8   ,                12.1   ,            3.1   ,             12.3   ,                         1.1   ,              16   ,        0.8700   ,               28.0   ,                 11016   ,
2026-02-12 13:19:24 ,         210.0   ,             50.6   ,               47.8   ,        57.3   ,                  52.0   ,                30   ,                  1054   ,                30   ,                  1065   ,           8564   ,          0   ,                       24   ,                   0   ,                    0   ,                5.1   ,                   1.4   ,                1.8   ,                  3.7   ,              12.2   ,               1.9   ,                12.1   ,            3.2   ,             12.3   ,                         1.1   ,              16   ,        0.8700   ,               30.0   ,                 11016   ,
2026-02-12 13:19:25 ,         210.0   ,             50.6   ,               47.6   ,        57.1   ,                  52.0   ,                30   ,                  1054   ,                30   ,                  1064   ,           8564   ,          0   ,                       10   ,                   0   ,                    0   ,                5.1   ,                   1.4   ,                1.8   ,                  3.6   ,              12.2   ,               1.9   ,                12.1   ,            3.2   ,             12.3   ,                         1.1   ,              16   ,        0.8700   ,               28.0   ,                 11016   ,
2026-02-12 13:19:26 ,         210.0   ,             50.6   ,               47.6   ,        57.0   ,                  52.0   ,                30   ,                  1052   ,                30   ,                  1065   ,           8564   ,          0   ,                       19   ,                   0   ,                    0   ,                5.0   ,                   1.4   ,                1.8   ,                  3.6   ,              12.2   ,               1.8   ,                12.1   ,            3.2   ,             12.3   ,                         1.1   ,              16   ,        0.8700   ,               29.0   ,                 11015   ,
2026-02-12 13:19:27 ,         210.0   ,             50.6   ,               47.4   ,        56.9   ,                  52.0   ,                30   ,                  1052   ,                30   ,                  1063   ,           8564   ,          0   ,                       10   ,                   0   ,                    0   ,                4.9   ,                   1.4   ,                1.7   ,                  3.5   ,              12.2   ,               1.8   ,                12.1   ,            3.1   ,             12.3   ,                         1.1   ,              16   ,        0.8700   ,               30.0   ,                 11016   ,
2026-02-12 13:19:28 ,         210.0   ,             50.6   ,               47.3   ,        56.7   ,                  52.0   ,                30   ,                  1052   ,                30   ,                  1064   ,           8564   ,          0   ,                       12   ,                   0   ,                    0   ,                5.1   ,                   1.5   ,                1.6   ,                  3.5   ,              12.2   ,               1.9   ,                12.1   ,            3.1   ,             12.3   ,                         1.1   ,              16   ,        0.8700   ,               29.0   ,                 11016   ,
2026-02-12 13:19:29 ,         210.0   ,             50.6   ,               47.2   ,        56.7   ,                  52.0   ,                30   ,                  1054   ,                30   ,                  1066   ,           8564   ,          0   ,                        5   ,                   0   ,                    0   ,                4.9   ,                   1.4   ,                1.6   ,                  3.5   ,              12.2   ,               1.8   ,                12.1   ,            3.0   ,             12.3   ,                         1.1   ,              16   ,        0.8700   ,               30.0   ,                 11015   ,
2026-02-12 13:19:30 ,         210.0   ,             50.6   ,               47.1   ,        56.6   ,                  52.0   ,                30   ,                  1055   ,                30   ,                  1064   ,           8564   ,          0   ,                        6   ,                   0   ,                    0   ,                5.0   ,                   1.4   ,                1.7   ,                  3.6   ,              12.2   ,               1.8   ,                12.1   ,            3.1   ,             12.3   ,                         1.1   ,              16   ,        0.8700   ,               29.0   ,                 11015   ,
2026-02-12 13:19:31 ,         210.0   ,             50.6   ,               47.0   ,        56.3   ,                  52.0   ,                30   ,                  1052   ,                30   ,                  1064   ,           8564   ,          0   ,                       19   ,                   0   ,                    0   ,                5.1   ,                   1.3   ,                1.9   ,                  3.7   ,              12.2   ,               1.9   ,                12.1   ,            3.2   ,             12.3   ,                         1.1   ,              16   ,        0.8700   ,               29.0   ,                 11015   ,
2026-02-12 13:19:32 ,         210.0   ,             50.6   ,               46.9   ,        56.2   ,                  52.0   ,                30   ,                  1053   ,                30   ,                  1065   ,           8564   ,          0   ,                       19   ,                   0   ,                    0   ,                5.0   ,                   1.4   ,                1.9   ,                  3.6   ,              12.2   ,               1.8   ,                12.1   ,            3.2   ,             12.3   ,                         1.1   ,              16   ,        0.8700   ,               29.0   ,                 11014   ,
2026-02-12 13:19:33 ,         210.0   ,             50.6   ,               46.8   ,        56.2   ,                  52.0   ,                30   ,                  1053   ,                30   ,                  1064   ,           8564   ,          0   ,                       14   ,                   0   ,                    0   ,                5.0   ,                   1.2   ,                1.9   ,                  3.7   ,              12.2   ,               1.8   ,                12.1   ,            3.1   ,             12.3   ,                         1.1   ,              16   ,        0.8700   ,               29.0   ,                 11014   ,
2026-02-12 13:19:34 ,         210.0   ,             50.6   ,               46.6   ,        55.9   ,                  52.0   ,                30   ,                  1051   ,                30   ,                  1064   ,           8564   ,          0   ,                       27   ,                   0   ,                    0   ,                5.0   ,                   1.4   ,                1.7   ,                  3.6   ,              12.2   ,               1.9   ,                12.1   ,            3.1   ,             12.3   ,                         1.1   ,              16   ,        0.8700   ,               28.0   ,                 11011   ,
2026-02-12 13:19:35 ,         210.0   ,             50.6   ,               46.5   ,        55.7   ,                  50.0   ,                30   ,                  1051   ,                30   ,                  1064   ,           8564   ,          0   ,                       20   ,                   0   ,                    0   ,                4.8   ,                   1.3   ,                1.7   ,                  3.5   ,              12.2   ,               1.8   ,                12.1   ,            3.1   ,             12.3   ,                         1.1   ,              16   ,        0.8700   ,               29.0   ,                 11013   ,
2026-02-12 13:19:36 ,         210.0   ,             50.6   ,               46.4   ,        55.6   ,                  50.0   ,                30   ,                  1052   ,                30   ,                  1064   ,           8564   ,          0   ,                       18   ,                   0   ,                    0   ,                4.9   ,                   1.3   ,                1.7   ,                  3.6   ,              12.2   ,               1.8   ,                12.1   ,            3.1   ,             12.3   ,                         1.1   ,              16   ,        0.8700   ,               29.0   ,                 11012   ,
2026-02-12 13:19:37 ,         210.0   ,             50.6   ,               46.3   ,        55.5   ,                  50.0   ,                30   ,                  1052   ,                30   ,                  1065   ,           8564   ,          0   ,                       12   ,                   0   ,                    0   ,                4.9   ,                   1.4   ,                1.7   ,                  3.5   ,              12.2   ,               1.8   ,                12.1   ,            3.1   ,             12.3   ,                         1.1   ,              16   ,        0.8700   ,               28.0   ,                 11006   ,
2026-02-12 13:19:38 ,         210.0   ,             50.6   ,               46.2   ,        55.3   ,                  50.0   ,                30   ,                  1051   ,                30   ,                  1064   ,           8564   ,          0   ,                       25   ,                   0   ,                    0   ,                4.9   ,                   1.3   ,                1.8   ,                  3.6   ,              12.2   ,               1.8   ,                12.1   ,            3.1   ,             12.3   ,                         1.1   ,              16   ,        0.8700   ,               28.0   ,                 11006   ,
2026-02-12 13:19:39 ,         210.0   ,             50.6   ,               46.1   ,        55.3   ,                  50.0   ,                30   ,                  1064   ,                30   ,                  1065   ,           8564   ,          0   ,                       13   ,                   0   ,                    0   ,                4.9   ,                   1.3   ,                1.8   ,                  3.6   ,              12.2   ,               1.8   ,                12.1   ,            3.1   ,             12.3   ,                         1.1   ,              16   ,        0.8700   ,               29.0   ,                 10999   ,
2026-02-12 13:19:40 ,         210.0   ,             50.6   ,               46.0   ,        55.2   ,                  50.0   ,                30   ,                  1063   ,                30   ,                  1066   ,           8564   ,          0   ,                       17   ,                   0   ,                    0   ,                4.9   ,                   1.3   ,                1.8   ,                  3.6   ,              12.2   ,               1.8   ,                12.1   ,            3.1   ,             12.3   ,                         1.1   ,              16   ,        0.8700   ,               29.0   ,                 11000   ,
2026-02-12 13:19:41 ,         210.0   ,             50.6   ,               45.9   ,        55.0   ,                  50.0   ,                30   ,                  1053   ,                30   ,                  1065   ,           8564   ,          0   ,                        7   ,                   0   ,                    0   ,                5.0   ,                   1.3   ,                1.8   ,                  3.7   ,              12.2   ,               1.9   ,                12.1   ,            3.1   ,             12.3   ,                         1.1   ,              16   ,        0.8700   ,               29.0   ,                 11000   ,
2026-02-12 13:19:42 ,         210.0   ,             50.6   ,               45.8   ,        54.9   ,                  50.0   ,                30   ,                  1052   ,                30   ,                  1065   ,           8564   ,          0   ,                        6   ,                   0   ,                    0   ,                5.0   ,                   1.4   ,                1.8   ,                  3.7   ,              12.2   ,               1.8   ,                12.1   ,            3.2   ,             12.3   ,                         1.1   ,              16   ,        0.8700   ,               29.0   ,                 11000   ,
2026-02-12 13:19:43 ,         210.0   ,             50.6   ,               45.7   ,        54.8   ,                  50.0   ,                30   ,                  1053   ,                30   ,                  1066   ,           8564   ,          0   ,                       13   ,                   0   ,                    0   ,                4.9   ,                   1.4   ,                1.8   ,                  3.6   ,              12.2   ,               1.8   ,                12.1   ,            3.1   ,             12.3   ,                         1.1   ,              16   ,        0.8700   ,               28.0   ,                 11000   ,
2026-02-12 13:19:44 ,         210.0   ,             50.6   ,               45.6   ,        54.7   ,                  48.0   ,                30   ,                  1055   ,                30   ,                  1065   ,           8564   ,          0   ,                       20   ,                   0   ,                    0   ,                5.0   ,                   1.5   ,                1.7   ,                  3.6   ,              12.2   ,               1.9   ,                12.1   ,            3.2   ,             12.3   ,                         1.1   ,              16   ,        0.8700   ,               28.0   ,                 10999   ,
2026-02-12 13:19:45 ,         210.0   ,             50.6   ,               45.5   ,        54.5   ,                  50.0   ,                30   ,                  1055   ,                30   ,                  1065   ,           8564   ,          0   ,                       13   ,                   0   ,                    0   ,                4.9   ,                   1.5   ,                1.6   ,                  3.4   ,              12.2   ,               1.8   ,                12.1   ,            3.1   ,             12.3   ,                         1.1   ,              16   ,        0.8700   ,               29.0   ,                 10999   ,
2026-02-12 13:19:46 ,         210.0   ,             50.6   ,               45.4   ,        54.3   ,                  48.0   ,                30   ,                  1054   ,                30   ,                  1066   ,           8564   ,          0   ,                       12   ,                   0   ,                    0   ,                5.1   ,                   1.5   ,                1.7   ,                  3.5   ,              12.2   ,               1.8   ,                12.1   ,            3.2   ,             12.3   ,                         1.1   ,              16   ,        0.8700   ,               28.0   ,                 10999   ,
2026-02-12 13:19:47 ,         210.0   ,             50.6   ,               45.3   ,        54.3   ,                  50.0   ,                30   ,                  1055   ,                30   ,                  1064   ,           8564   ,          0   ,                       14   ,                   0   ,                    0   ,                5.1   ,                   1.5   ,                1.8   ,                  3.7   ,              12.2   ,               1.8   ,                12.1   ,            3.3   ,             12.3   ,                         1.1   ,              16   ,        0.8700   ,               29.0   ,                 10999   ,
2026-02-12 13:19:48 ,         210.0   ,             50.6   ,               45.2   ,        54.2   ,                  50.0   ,                30   ,                  1058   ,                30   ,                  1065   ,           8564   ,          0   ,                       20   ,                   0   ,                    0   ,                5.0   ,                   1.5   ,                1.7   ,                  3.5   ,              12.2   ,               1.8   ,                12.1   ,            3.2   ,             12.3   ,                         1.1   ,              16   ,        0.8700   ,               28.0   ,                 10999   ,
2026-02-12 13:19:49 ,         210.0   ,             50.6   ,               45.1   ,        54.1   ,                  50.0   ,                30   ,                  1052   ,                30   ,                  1064   ,           8564   ,          0   ,                       24   ,                   0   ,                    0   ,                5.0   ,                   1.4   ,                1.8   ,                  3.7   ,              12.2   ,               1.9   ,                12.1   ,            3.2   ,             12.3   ,                         1.1   ,              16   ,        0.8700   ,               30.0   ,                 10999   ,
2026-02-12 13:19:50 ,         210.0   ,             50.6   ,               45.0   ,        53.9   ,                  48.0   ,                30   ,                  1050   ,                30   ,                  1063   ,           8564   ,          0   ,                       15   ,                   0   ,                    0   ,                5.0   ,                   1.4   ,                1.7   ,                  3.5   ,              12.2   ,               1.8   ,                12.1   ,            3.2   ,             12.3   ,                         1.1   ,              16   ,        0.8700   ,               30.0   ,                 10999   ,
2026-02-12 13:19:51 ,         210.0   ,             50.6   ,               44.9   ,        53.9   ,                  48.0   ,                30   ,                  1052   ,                30   ,                  1064   ,           8564   ,          0   ,                       24   ,                   0   ,                    0   ,                5.1   ,                   1.4   ,                1.7   ,                  3.6   ,              12.2   ,               1.9   ,                12.1   ,            3.2   ,             12.3   ,                         1.1   ,              16   ,        0.8700   ,               28.0   ,                 10998   ,
2026-02-12 13:19:52 ,         210.0   ,             50.6   ,               44.8   ,        53.8   ,                  48.0   ,                30   ,                  1051   ,                30   ,                  1064   ,           8564   ,          0   ,                       21   ,                   0   ,                    0   ,                5.0   ,                   1.4   ,                1.7   ,                  3.6   ,              12.2   ,               1.9   ,                12.1   ,            3.1   ,             12.3   ,                         1.1   ,              16   ,        0.8700   ,               29.0   ,                 10999   ,
2026-02-12 13:19:53 ,         210.0   ,             50.6   ,               44.7   ,        53.6   ,                  48.0   ,                30   ,                  1052   ,                30   ,                  1064   ,           8564   ,          0   ,                       13   ,                   0   ,                    0   ,                5.1   ,                   1.5   ,                1.8   ,                  3.6   ,              12.2   ,               1.9   ,                12.1   ,            3.3   ,             12.3   ,                         1.1   ,              16   ,        0.8700   ,               29.0   ,                 10999   ,
2026-02-12 13:19:54 ,         210.0   ,             50.6   ,               44.6   ,        53.5   ,                  48.0   ,                30   ,                  1054   ,                30   ,                  1066   ,           8564   ,          0   ,                        6   ,                   0   ,                    0   ,                5.0   ,                   1.5   ,                1.7   ,                  3.5   ,              12.2   ,               1.8   ,                12.1   ,            3.2   ,             12.3   ,                         1.1   ,              16   ,        0.8700   ,               29.0   ,                 10998   ,
2026-02-12 13:19:55 ,         210.0   ,             50.6   ,               44.5   ,        53.3   ,                  48.0   ,                30   ,                  1051   ,                30   ,                  1063   ,           8564   ,          0   ,                        7   ,                   0   ,                    0   ,                5.0   ,                   1.4   ,                1.8   ,                  3.6   ,              12.2   ,               1.8   ,                12.1   ,            3.2   ,             12.3   ,                         1.1   ,              16   ,        0.8700   ,               29.0   ,                 10999   ,
2026-02-12 13:19:56 ,         210.0   ,             50.6   ,               44.4   ,        53.2   ,                  48.0   ,                30   ,                  1050   ,                30   ,                  1063   ,           8564   ,          0   ,                       13   ,                   0   ,                    0   ,                5.1   ,                   1.4   ,                1.8   ,                  3.7   ,              12.2   ,               1.9   ,                12.1   ,            3.2   ,             12.3   ,                         1.1   ,              16   ,        0.8700   ,               29.0   ,                 10998   ,
2026-02-12 13:19:57 ,         780.0   ,           1281.5   ,               45.0   ,        53.3   ,                  50.0   ,                30   ,                  1051   ,                30   ,                  1062   ,           8593   ,          4   ,                        1   ,                   0   ,                    0   ,               36.6   ,                   8.1   ,               22.6   ,                 28.5   ,              12.2   ,               5.9   ,                12.1   ,           30.7   ,             12.3   ,                         8.1   ,              16   ,        0.8850   ,               30.0   ,                 11023   ,
2026-02-12 13:19:58 ,         780.0   ,           1281.5   ,               45.0   ,        53.4   ,                  50.0   ,                30   ,                  1054   ,                30   ,                  1063   ,           8630   ,          2   ,                        1   ,                   0   ,                    0   ,               36.0   ,                   7.5   ,               22.6   ,                 28.4   ,              12.2   ,               5.8   ,                12.1   ,           30.1   ,             12.3   ,                         8.0   ,              16   ,        0.8850   ,               30.0   ,                 11132   ,
2026-02-12 13:19:59 ,         780.0   ,           1281.5   ,               45.0   ,        53.5   ,                  50.0   ,                30   ,                  1080   ,                30   ,                  1065   ,           8583   ,          1   ,                        0   ,                   0   ,                    0   ,               36.0   ,                   7.6   ,               22.6   ,                 28.4   ,              12.2   ,               5.8   ,                12.1   ,           30.2   ,             12.3   ,                         8.0   ,              16   ,        0.8850   ,               30.0   ,                 11120   ,
2026-02-12 13:20:00 ,         210.0   ,            101.3   ,               44.4   ,        53.2   ,                  48.0   ,                30   ,                  1082   ,                30   ,                  1065   ,           8641   ,          1   ,                        1   ,                   0   ,                    0   ,                8.8   ,                   2.1   ,                4.2   ,                  6.7   ,              12.2   ,               2.5   ,                12.1   ,            6.3   ,             12.3   ,                         2.0   ,              16   ,        0.8850   ,               31.0   ,                 11122   ,
2026-02-12 13:20:01 ,         210.0   ,             50.6   ,               44.2   ,        53.0   ,                  48.0   ,                30   ,                  1079   ,                30   ,                  1063   ,           8610   ,          6   ,                        3   ,                   0   ,                    4   ,                6.5   ,                   0.3   ,                4.3   ,                  6.2   ,              12.3   ,               1.8   ,                12.1   ,            5.8   ,             12.3   ,                         1.7   ,              16   ,        0.8700   ,               31.0   ,                 11129   ,
2026-02-12 13:20:02 ,         210.0   ,             50.6   ,               44.2   ,        52.8   ,                  46.0   ,                30   ,                  1085   ,                30   ,                  1064   ,           8573   ,         12   ,                        3   ,                   0   ,                    9   ,                8.2   ,                   0.1   ,                6.1   ,                  8.0   ,              12.3   ,               1.9   ,                12.1   ,            6.2   ,             12.3   ,                         2.0   ,              16   ,        0.8700   ,               31.0   ,                 11158   ,
2026-02-12 13:20:03 ,         210.0   ,             50.6   ,               44.0   ,        52.7   ,                  48.0   ,                30   ,                  1084   ,                30   ,                  1064   ,           8637   ,          0   ,                       11   ,                   0   ,                    0   ,                6.0   ,                   0.0   ,                4.4   ,                  6.0   ,              12.3   ,               1.8   ,                12.1   ,            4.2   ,             12.3   ,                         1.3   ,              16   ,        0.8700   ,               28.0   ,                 11167   ,
2026-02-12 13:20:04 ,         210.0   ,             50.6   ,               43.9   ,        52.6   ,                  48.0   ,                30   ,                  1084   ,                30   ,                  1064   ,           8604   ,          1   ,                        1   ,                   0   ,                    0   ,                5.2   ,                   0.7   ,                2.7   ,                  4.4   ,              12.2   ,               1.8   ,                12.1   ,            3.4   ,             12.3   ,                         1.1   ,              16   ,        0.8700   ,               29.0   ,                 11165   ,
2026-02-12 13:20:05 ,         210.0   ,             50.6   ,               43.8   ,        52.4   ,                  46.0   ,                30   ,                  1083   ,                30   ,                  1064   ,           8602   ,          2   ,                        4   ,                   0   ,                    0   ,                5.0   ,                   1.3   ,                1.9   ,                  3.7   ,              12.2   ,               1.8   ,                12.1   ,            3.2   ,             12.3   ,                         1.1   ,              16   ,        0.8700   ,               29.0   ,                 11160   ,
2026-02-12 13:20:06 ,         210.0   ,             50.6   ,               43.7   ,        52.3   ,                  48.0   ,                30   ,                  1085   ,                30   ,                  1065   ,           8602   ,          1   ,                        3   ,                   0   ,                    0   ,                4.9   ,                   1.4   ,                1.7   ,                  3.5   ,              12.2   ,               1.8   ,                12.1   ,            3.1   ,             12.3   ,                         1.1   ,              16   ,        0.8700   ,               31.0   ,                 11120   ,
2026-02-12 13:20:07 ,         210.0   ,             50.6   ,               43.6   ,        52.3   ,                  46.0   ,                30   ,                  1085   ,                30   ,                  1064   ,           8611   ,          2   ,                        1   ,                   0   ,                    0   ,                4.5   ,                   1.3   ,                1.4   ,                  3.2   ,              12.2   ,               1.8   ,                12.1   ,            2.7   ,             12.3   ,                         1.0   ,              16   ,        0.8700   ,               29.0   ,                 11143   ,
2026-02-12 13:20:08 ,         210.0   ,             50.6   ,               43.5   ,        52.2   ,                  48.0   ,                30   ,                  1085   ,                30   ,                  1064   ,           8606   ,          0   ,                        0   ,                   0   ,                    0   ,                4.9   ,                   0.6   ,                2.5   ,                  4.3   ,              12.2   ,               1.8   ,                12.1   ,            3.1   ,             12.3   ,                         1.1   ,              16   ,        0.8700   ,               29.0   ,                 11142   ,
2026-02-12 13:20:09 ,         210.0   ,             50.6   ,               43.4   ,        52.1   ,                  46.0   ,                30   ,                  1085   ,                30   ,                  1064   ,           8602   ,          0   ,                        1   ,                   0   ,                    0   ,                4.6   ,                   1.4   ,                1.4   ,                  3.1   ,              12.2   ,               1.7   ,                12.1   ,            2.8   ,             12.3   ,                         1.0   ,              16   ,        0.8700   ,               29.0   ,                 11134   ,
2026-02-12 13:20:10 ,         210.0   ,             50.6   ,               43.3   ,        52.0   ,                  46.0   ,                30   ,                  1088   ,                30   ,                  1064   ,           8602   ,          1   ,                        8   ,                   0   ,                    0   ,                5.1   ,                   0.7   ,                2.6   ,                  4.4   ,              12.2   ,               1.8   ,                12.1   ,            3.3   ,             12.3   ,                         1.1   ,              16   ,        0.8700   ,               30.0   ,                 11134   ,
2026-02-12 13:20:11 ,         210.0   ,             50.6   ,               43.2   ,        51.9   ,                  46.0   ,                30   ,                  1086   ,                30   ,                  1064   ,           8602   ,          0   ,                        2   ,                   0   ,                    0   ,                4.5   ,                   1.4   ,                1.4   ,                  3.1   ,              12.2   ,               1.7   ,                12.1   ,            2.8   ,             12.3   ,                         1.0   ,              16   ,        0.8700   ,               37.0   ,                 11161   ,
2026-02-12 13:20:12 ,         210.0   ,             50.6   ,               43.1   ,        51.8   ,                  46.0   ,                30   ,                  1083   ,                30   ,                  1063   ,           8602   ,          0   ,                        0   ,                   0   ,                    0   ,                4.5   ,                   1.4   ,                1.3   ,                  3.1   ,              12.2   ,               1.8   ,                12.1   ,            2.7   ,             12.3   ,                         1.0   ,              16   ,        0.8700   ,               29.0   ,                 11127   ,
2026-02-12 13:20:13 ,         210.0   ,             50.6   ,               43.0   ,        51.7   ,                  46.0   ,                30   ,                  1084   ,                30   ,                  1064   ,           8602   ,          0   ,                        1   ,                   0   ,                    0   ,                4.7   ,                   1.4   ,                1.5   ,                  3.3   ,              12.2   ,               1.8   ,                12.1   ,            2.9   ,             12.3   ,                         1.0   ,              16   ,        0.8700   ,               29.0   ,                 11133   ,
2026-02-12 13:20:14 ,         210.0   ,             50.6   ,               43.1   ,        51.6   ,                  46.0   ,                30   ,                  1078   ,                30   ,                  1063   ,           8684   ,         10   ,                        8   ,                   0   ,                    0   ,               11.4   ,                   1.2   ,                8.2   ,                 10.2   ,              12.3   ,               2.0   ,                12.1   ,            9.4   ,             12.3   ,                         2.5   ,              16   ,        0.8700   ,               30.0   ,                 11069   ,
2026-02-12 13:20:15 ,         210.0   ,             50.6   ,               42.9   ,        51.5   ,                  46.0   ,                30   ,                  1079   ,                30   ,                  1063   ,           8621   ,          1   ,                        5   ,                   0   ,                    0   ,                5.2   ,                   1.0   ,                2.4   ,                  4.2   ,              12.2   ,               1.8   ,                12.1   ,            3.3   ,             12.3   ,                         1.1   ,              16   ,        0.8700   ,               30.0   ,                 11079   ,
2026-02-12 13:20:16 ,         210.0   ,             50.6   ,               42.9   ,        51.4   ,                  46.0   ,                30   ,                  1083   ,                30   ,                  1063   ,            858   ,         17   ,                       12   ,                   0   ,                    0   ,                5.1   ,                   1.3   ,                2.0   ,                  3.8   ,              12.2   ,               1.8   ,                12.1   ,            3.3   ,             12.3   ,                         1.1   ,              16   ,        0.8700   ,               36.0   ,                  9647   ,
2026-02-12 13:20:17 ,         210.0   ,             50.6   ,               42.8   ,        51.4   ,                  46.0   ,                30   ,                  1080   ,                30   ,                  1063   ,            853   ,          6   ,                       12   ,                   0   ,                    1   ,                5.6   ,                   0.7   ,                3.2   ,                  5.0   ,              12.2   ,               1.8   ,                12.1   ,            3.8   ,             12.3   ,                         1.2   ,              16   ,        0.8700   ,               31.0   ,                  9894   ,
2026-02-12 13:20:18 ,        2520.0   ,           1312.7   ,               44.0   ,        51.9   ,                  48.0   ,                30   ,                  1079   ,                30   ,                  1064   ,            855   ,          1   ,                        0   ,                   0   ,                    0   ,               47.8   ,                  19.0   ,               23.0   ,                 28.9   ,              12.2   ,               5.8   ,                12.1   ,           42.0   ,             12.3   ,                        10.6   ,              16   ,        0.9500   ,               32.0   ,                  9800   ,
2026-02-12 13:20:19 ,        2520.0   ,           1312.7   ,               44.0   ,        52.0   ,                  48.0   ,                30   ,                  1073   ,                30   ,                  1063   ,            855   ,          0   ,                        0   ,                   0   ,                    0   ,               47.7   ,                  19.0   ,               22.9   ,                 28.8   ,              12.2   ,               5.9   ,                12.1   ,           41.9   ,             12.3   ,                        10.6   ,              16   ,        0.9500   ,               29.0   ,                  9802   ,
2026-02-12 13:20:20 ,        2520.0   ,           1312.7   ,               44.1   ,        52.0   ,                  48.0   ,                30   ,                  1077   ,                30   ,                  1063   ,            848   ,          0   ,                        0   ,                   0   ,                    0   ,               48.0   ,                  19.3   ,               22.9   ,                 28.7   ,              12.2   ,               5.8   ,                12.1   ,           42.2   ,             12.3   ,                        10.7   ,              16   ,        0.9500   ,               33.0   ,                  9601   ,
