        Date        , GPU Clock [MHz] , Memory Clock [MHz] , GPU Temperature [°C] , Hot Spot [°C] , Memory Temperature [°C] , Fan 1 Speed (%) [%] , Fan 1 Speed (RPM) [RPM] , Fan 2 Speed (%) [%] , Fan 2 Speed (RPM) [RPM] , Memory Used [MB] , GPU Load [%] , Memory Controller Load [%] , Video Engine Load [%] , Bus Interface Load [%] , Board Power Draw [W] , GPU Chip Power Draw [W] , MVDDC Power Draw [W] , PWR_SRC Power Draw [W] , PWR_SRC Voltage [V] , PCIe Slot Power [W] , PCIe Slot Voltage [V] , 16-Pin Power [W] , 16-Pin Voltage [V] , Power Consumption (%) [% TDP] , PerfCap Reason [] , GPU Voltage [V] , CPU Temperature [°C] , System Memory Used [MB] ,
2026-02-12 13:20:34 ,         210.0   ,             50.6   ,               35.4   ,        43.7   ,                  36.0   ,                30   ,                  1013   ,                30   ,                  1013   ,            434   ,          0   ,                        0   ,                   0   ,                    0   ,                5.8   ,                   2.9   ,                0.7   ,                  2.9   ,              12.2   ,               2.1   ,                12.1   ,            3.6   ,             12.1   ,                         1.3   ,              16   ,        0.8750   ,               30.0   ,                  9563   ,
2026-02-12 13:20:35 ,         210.0   ,             50.6   ,               35.3   ,        43.7   ,                  36.0   ,                30   ,                  1013   ,                30   ,                  1014   ,            434   ,          0   ,                        0   ,                   0   ,                    0   ,                5.9   ,                   3.0   ,                0.8   ,                  2.9   ,              12.2   ,               2.2   ,                12.1   ,            3.7   ,             12.1   ,                         1.3   ,              16   ,        0.8750   ,               28.0   ,                  9562   ,
2026-02-12 13:20:36 ,         210.0   ,             50.6   ,               35.2   ,        43.6   ,                  36.0   ,                30   ,                  1012   ,                30   ,                  1013   ,            434   ,          0   ,                        0   ,                   0   ,                    0   ,                5.8   ,                   3.0   ,                0.7   ,                  2.8   ,              12.2   ,               2.1   ,                12.1   ,            3.6   ,             12.1   ,                         1.3   ,              16   ,        0.8750   ,               28.0   ,                  9559   ,
2026-02-12 13:20:37 ,         210.0   ,             50.6   ,               35.2   ,        43.5   ,                  36.0   ,                30   ,                  1012   ,                30   ,                  1014   ,            434   ,          0   ,                        0   ,                   0   ,                    0   ,                5.7   ,                   2.9   ,                0.6   ,                  2.8   ,              12.2   ,               2.2   ,                12.1   ,            3.5   ,             12.1   ,                         1.7   ,              16   ,        0.8750   ,               30.0   ,                  9575   ,
2026-02-12 13:20:38 ,         210.0   ,             50.6   ,               35.1   ,        43.5   ,                  36.0   ,                30   ,                  1011   ,                30   ,                  1014   ,            434   ,          0   ,                        0   ,                   0   ,                    0   ,                5.8   ,                   2.9   ,                0.7   ,                  2.8   ,              12.1   ,               2.1   ,                12.1   ,            3.6   ,             12.1   ,                         1.3   ,              16   ,        0.8750   ,               31.0   ,                  9578   ,
2026-02-12 13:20:39 ,         210.0   ,             50.6   ,               35.1   ,        43.6   ,                  36.0   ,                30   ,                  1014   ,                30   ,                  1012   ,            434   ,          1   ,                        0   ,                   0   ,                    0   ,                6.0   ,                   3.1   ,                0.7   ,                  2.9   ,              12.1   ,               2.2   ,                12.1   ,            3.8   ,             12.1   ,                         1.3   ,              16   ,        0.8750   ,               30.0   ,                  9749   ,
2026-02-12 13:20:40 ,        2520.0   ,           1312.7   ,               36.1   ,        43.9   ,                  38.0   ,                30   ,                  1013   ,                30   ,                  1010   ,            752   ,          3   ,                        1   ,                   0   ,                    0   ,               57.8   ,                  28.8   ,               22.8   ,                 29.0   ,              12.1   ,               6.3   ,                12.1   ,           51.5   ,             12.1   ,                        12.8   ,              16   ,        0.9500   ,               33.0   ,                  9988   ,
2026-02-12 13:20:41 ,        2520.0   ,           1312.7   ,               36.3   ,        44.1   ,                  38.0   ,                30   ,                  1014   ,                30   ,                  1011   ,            436   ,          0   ,                        0   ,                   0   ,                    0   ,               55.1   ,                  26.2   ,               22.6   ,                 28.9   ,              12.1   ,               6.3   ,                12.1   ,           48.8   ,             12.1   ,                        12.2   ,              16   ,        0.9500   ,               31.0   ,                 10068   ,
2026-02-12 13:20:42 ,         600.0   ,            101.3   ,               35.9   ,        44.2   ,                  38.0   ,                30   ,                  1012   ,                30   ,                  1012   ,            436   ,          0   ,                        0   ,                   0   ,                    0   ,               46.6   ,                  22.2   ,               19.0   ,                 24.4   ,              12.1   ,               5.4   ,                12.1   ,           41.2   ,             12.1   ,                        10.4   ,              16   ,        0.8900   ,               38.0   ,                 10040   ,
2026-02-12 13:20:43 ,         360.0   ,             50.6   ,               35.2   ,        43.6   ,                  36.0   ,                30   ,                  1012   ,                30   ,                  1013   ,            436   ,          0   ,                        0   ,                   0   ,                    0   ,                6.6   ,                   3.4   ,                0.9   ,                  3.1   ,              12.2   ,               2.3   ,                12.1   ,            4.3   ,             12.1   ,                         1.5   ,              16   ,        0.8750   ,               36.0   ,                 10201   ,
2026-02-12 13:20:44 ,         210.0   ,             50.6   ,               35.0   ,        43.4   ,                  36.0   ,                30   ,                  1012   ,                30   ,                  1013   ,            436   ,          0   ,                        0   ,                   0   ,                    0   ,                5.7   ,                   2.9   ,                0.6   ,                  2.7   ,              12.1   ,               2.2   ,                12.1   ,            3.5   ,             12.2   ,                         1.3   ,              16   ,        0.8750   ,               40.0   ,                 10340   ,
2026-02-12 13:20:45 ,         210.0   ,             50.6   ,               34.9   ,        43.3   ,                  38.0   ,                30   ,                  1012   ,                30   ,                  1014   ,            436   ,          0   ,                        0   ,                   0   ,                    0   ,                4.9   ,                   2.6   ,                0.2   ,                  2.3   ,              12.2   ,               2.1   ,                12.1   ,            2.8   ,             12.1   ,                         1.1   ,              16   ,        0.8750   ,               30.0   ,                 10333   ,
2026-02-12 13:20:46 ,         210.0   ,             50.6   ,               34.8   ,        43.2   ,                  36.0   ,                30   ,                  1013   ,                30   ,                  1016   ,            436   ,          0   ,                        0   ,                   0   ,                    0   ,                5.0   ,                   2.6   ,                0.2   ,                  2.4   ,              12.1   ,               2.2   ,                12.1   ,            2.7   ,             12.1   ,                         1.1   ,              16   ,        0.8750   ,               30.0   ,                 10332   ,
2026-02-12 13:20:47 ,        2520.0   ,           1281.5   ,               35.6   ,        43.5   ,                  36.0   ,                30   ,                  1012   ,                30   ,                  1015   ,            836   ,          1   ,                        0   ,                   0   ,                    0   ,               41.5   ,                  20.5   ,               16.3   ,                 21.0   ,              12.1   ,               4.7   ,                12.1   ,           36.8   ,             12.1   ,                         9.2   ,              16   ,        0.9500   ,               38.0   ,                 10577   ,
2026-02-12 13:20:48 ,        2760.0   ,           1281.5   ,               36.6   ,        44.2   ,                  38.0   ,                30   ,                  1011   ,                30   ,                  1014   ,          10788   ,         41   ,                        3   ,                   0   ,                    1   ,               68.9   ,                  40.4   ,               22.2   ,                 28.5   ,              12.1   ,               6.3   ,                12.1   ,           62.6   ,             12.1   ,                        15.3   ,               4   ,        1.0500   ,               34.0   ,                 10840   ,
2026-02-12 13:20:49 ,        2760.0   ,           1281.5   ,               36.7   ,        44.3   ,                  38.0   ,                30   ,                  1013   ,                30   ,                  1012   ,          10788   ,          0   ,                        0   ,                   0   ,                    0   ,               68.8   ,                  40.4   ,               22.1   ,                 28.4   ,              12.1   ,               6.3   ,                12.1   ,           62.5   ,             12.1   ,                        15.3   ,               4   ,        1.0500   ,               43.0   ,                 11001   ,
2026-02-12 13:20:50 ,        2520.0   ,           1281.5   ,               36.3   ,        44.2   ,                  38.0   ,                30   ,                  1012   ,                30   ,                  1009   ,          10788   ,          0   ,                        0   ,                   0   ,                    0   ,               54.4   ,                  26.0   ,               22.1   ,                 28.4   ,              12.1   ,               6.3   ,                12.1   ,           48.1   ,             12.1   ,                        12.1   ,              16   ,        0.9500   ,               40.0   ,                 11017   ,
2026-02-12 13:20:51 ,        2745.0   ,           1281.5   ,               45.1   ,        50.4   ,                  44.0   ,                30   ,                  1012   ,                30   ,                  1012   ,          10878   ,         98   ,                       93   ,                   0   ,                    0   ,              323.2   ,                 223.5   ,               92.4   ,                 99.7   ,              12.0   ,               7.4   ,                12.0   ,          315.8   ,             12.1   ,                        71.8   ,               4   ,        1.0450   ,               31.0   ,                 10996   ,
2026-02-12 13:20:52 ,        2745.0   ,           1281.5   ,               46.2   ,        51.7   ,                  48.0   ,                30   ,                  1012   ,                30   ,                  1010   ,          10878   ,        100   ,                       95   ,                   0   ,                    0   ,              316.9   ,                 219.1   ,               90.4   ,                 97.7   ,              12.0   ,               7.3   ,                12.0   ,          309.6   ,             12.1   ,                        70.4   ,               4   ,        1.0450   ,               30.0   ,                 10995   ,
2026-02-12 13:20:53 ,        2745.0   ,           1281.5   ,               46.8   ,        52.3   ,                  50.0   ,                30   ,                  1010   ,                30   ,                  1012   ,          10878   ,        100   ,                       95   ,                   0   ,                    0   ,              326.8   ,                 226.9   ,               92.6   ,                 99.9   ,              12.0   ,               7.3   ,                12.0   ,          319.5   ,             12.1   ,                        72.6   ,               4   ,        1.0450   ,               31.0   ,                 10993   ,
2026-02-12 13:20:54 ,        2745.0   ,           1281.5   ,               47.7   ,        53.3   ,                  50.0   ,                30   ,                  1009   ,                30   ,                  1014   ,          10878   ,        100   ,                       95   ,                   0   ,                    0   ,              326.8   ,                 226.9   ,               92.6   ,                 99.9   ,              12.0   ,               7.3   ,                12.0   ,          319.5   ,             12.1   ,                        72.6   ,               4   ,        1.0450   ,               30.0   ,                 10990   ,
2026-02-12 13:20:55 ,        2745.0   ,           1281.5   ,               47.8   ,        53.6   ,                  48.0   ,                30   ,                  1010   ,                30   ,                  1011   ,          10878   ,        100   ,                       95   ,                   0   ,                    0   ,              325.7   ,                 226.0   ,               92.4   ,                 99.8   ,              12.0   ,               7.3   ,                12.0   ,          318.4   ,             12.1   ,                        72.4   ,               4   ,        1.0450   ,               30.0   ,                 10988   ,
2026-02-12 13:20:56 ,        2745.0   ,           1281.5   ,               48.5   ,        54.2   ,                  52.0   ,                30   ,                  1010   ,                30   ,                  1012   ,          10878   ,        100   ,                       95   ,                   0   ,                    0   ,              325.7   ,                 226.0   ,               92.4   ,                 99.7   ,              12.0   ,               7.3   ,                12.0   ,          318.4   ,             12.1   ,                        72.4   ,               4   ,        1.0450   ,               30.0   ,                 10986   ,
2026-02-12 13:20:57 ,        2745.0   ,           1281.5   ,               49.1   ,        54.8   ,                  52.0   ,                30   ,                  1011   ,                30   ,                  1014   ,          10878   ,         99   ,                       94   ,                   0   ,                    0   ,              327.4   ,                 227.6   ,               92.6   ,                 99.9   ,              12.0   ,               7.3   ,                12.0   ,          320.1   ,             12.1   ,                        73.0   ,               4   ,        1.0500   ,               30.0   ,                 10985   ,
2026-02-12 13:20:58 ,        2745.0   ,           1281.5   ,               49.4   ,        55.1   ,                  52.0   ,                30   ,                  1010   ,                30   ,                  1014   ,          10878   ,         99   ,                       94   ,                   0   ,                    0   ,              328.2   ,                 228.0   ,               92.7   ,                100.1   ,              12.0   ,               7.4   ,                12.0   ,          320.7   ,             12.1   ,                        72.9   ,               4   ,        1.0500   ,               30.0   ,                 10984   ,
2026-02-12 13:20:59 ,        2745.0   ,           1281.5   ,               49.7   ,        55.5   ,                  52.0   ,                30   ,                  1011   ,                30   ,                  1015   ,          10878   ,        100   ,                       95   ,                   0   ,                    0   ,              328.5   ,                 228.6   ,               92.4   ,                 99.9   ,              12.0   ,               7.4   ,                12.0   ,          321.1   ,             12.1   ,                        73.0   ,               4   ,        1.0500   ,               31.0   ,                 10984   ,
2026-02-12 13:21:00 ,        2745.0   ,           1281.5   ,               50.3   ,        56.0   ,                  52.0   ,                30   ,                  1010   ,                30   ,                  1014   ,          10878   ,        100   ,                       95   ,                   0   ,                    0   ,              315.2   ,                 219.3   ,               88.6   ,                 95.9   ,              12.0   ,               7.3   ,                12.0   ,          307.9   ,             12.1   ,                        72.8   ,               4   ,        1.0500   ,               30.0   ,                 10986   ,
2026-02-12 13:21:01 ,        2745.0   ,           1281.5   ,               50.3   ,        56.3   ,                  52.0   ,                30   ,                  1010   ,                30   ,                  1015   ,          10878   ,        100   ,                       95   ,                   0   ,                    0   ,              328.8   ,                 229.1   ,               92.5   ,                 99.8   ,              12.0   ,               7.3   ,                12.0   ,          321.5   ,             12.1   ,                        73.1   ,               4   ,        1.0500   ,               29.0   ,                 10986   ,
2026-02-12 13:21:02 ,        2745.0   ,           1281.5   ,               51.0   ,        56.8   ,                  54.0   ,                30   ,                  1009   ,                30   ,                  1015   ,          10878   ,        100   ,                       95   ,                   0   ,                    0   ,              329.5   ,                 229.5   ,               92.6   ,                100.0   ,              12.0   ,               7.4   ,                12.0   ,          322.1   ,             12.1   ,                        73.4   ,               4   ,        1.0500   ,               30.0   ,                 10986   ,
2026-02-12 13:21:03 ,        2745.0   ,           1281.5   ,               51.6   ,        57.5   ,                  54.0   ,                30   ,                  1010   ,                30   ,                  1014   ,          10878   ,        100   ,                       95   ,                   0   ,                    0   ,              328.6   ,                 228.7   ,               92.5   ,                 99.8   ,              12.0   ,               7.3   ,                12.0   ,          321.3   ,             12.1   ,                        73.0   ,               4   ,        1.0500   ,               31.0   ,                 10986   ,
2026-02-12 13:21:04 ,        2745.0   ,           1281.5   ,               51.8   ,        57.8   ,                  54.0   ,                30   ,                  1009   ,                30   ,                  1015   ,          10878   ,         99   ,                       94   ,                   0   ,                    0   ,              328.7   ,                 228.8   ,               92.5   ,                 99.9   ,              12.0   ,               7.4   ,                12.0   ,          321.4   ,             12.0   ,                        73.1   ,               4   ,        1.0500   ,               30.0   ,                 10987   ,
2026-02-12 13:21:05 ,        2745.0   ,           1281.5   ,               52.2   ,        58.0   ,                  56.0   ,                30   ,                  1009   ,                30   ,                  1012   ,          10878   ,         99   ,                       94   ,                   0   ,                    0   ,              330.1   ,                 230.1   ,               92.7   ,                100.1   ,              12.0   ,               7.4   ,                12.0   ,          322.8   ,             12.1   ,                        73.4   ,               4   ,        1.0500   ,               30.0   ,                 10987   ,
2026-02-12 13:21:06 ,        2745.0   ,           1281.5   ,               52.7   ,        58.8   ,                  56.0   ,                30   ,                  1010   ,                30   ,                  1011   ,          10878   ,         99   ,                       94   ,                   0   ,                    0   ,              330.7   ,                 230.7   ,               92.6   ,                100.0   ,              12.0   ,               7.3   ,                12.0   ,          323.3   ,             12.1   ,                        73.5   ,               4   ,        1.0500   ,               31.0   ,                 10987   ,
2026-02-12 13:21:07 ,        2745.0   ,           1281.5   ,               52.8   ,        59.1   ,                  56.0   ,                30   ,                  1010   ,                30   ,                  1013   ,          10878   ,        100   ,                       95   ,                   0   ,                    0   ,              321.9   ,                 224.1   ,               90.5   ,                 97.8   ,              12.0   ,               7.3   ,                12.0   ,          314.6   ,             12.1   ,                        71.5   ,               4   ,        1.0500   ,               30.0   ,                 10987   ,
2026-02-12 13:21:08 ,        2745.0   ,           1281.5   ,               53.1   ,        59.2   ,                  56.0   ,                30   ,                  1011   ,                30   ,                  1011   ,          10878   ,        100   ,                       95   ,                   0   ,                    0   ,              330.2   ,                 230.4   ,               92.5   ,                 99.9   ,              12.0   ,               7.4   ,                12.0   ,          322.9   ,             12.0   ,                        72.2   ,               4   ,        1.0500   ,               30.0   ,                 10993   ,
2026-02-12 13:21:09 ,        2745.0   ,           1281.5   ,               53.6   ,        59.7   ,                  56.0   ,                30   ,                  1010   ,                30   ,                  1013   ,          10878   ,        100   ,                       95   ,                   0   ,                    0   ,              331.5   ,                 231.6   ,               92.6   ,                100.0   ,              12.0   ,               7.4   ,                12.0   ,          324.1   ,             12.0   ,                        73.7   ,               4   ,        1.0500   ,               30.0   ,                 10994   ,
2026-02-12 13:21:10 ,        2745.0   ,           1281.5   ,               54.0   ,        60.1   ,                  56.0   ,                30   ,                  1010   ,                30   ,                  1015   ,          10878   ,        100   ,                       95   ,                   0   ,                    0   ,              330.8   ,                 230.9   ,               92.5   ,                 99.9   ,              12.0   ,               7.5   ,                12.0   ,          323.3   ,             12.0   ,                        73.5   ,               4   ,        1.0500   ,               30.0   ,                 10989   ,
2026-02-12 13:21:11 ,        2745.0   ,           1281.5   ,               51.7   ,        57.6   ,                  52.0   ,                30   ,                  1010   ,                30   ,                  1013   ,          10878   ,          2   ,                        2   ,                   0   ,                    0   ,               70.3   ,                  41.4   ,               22.5   ,                 28.9   ,              12.1   ,               6.4   ,                12.1   ,           63.9   ,             12.1   ,                        15.6   ,               4   ,        1.0500   ,               31.0   ,                 10995   ,
2026-02-12 13:21:12 ,        2745.0   ,           1281.5   ,               53.0   ,        58.9   ,                  56.0   ,                30   ,                  1009   ,                30   ,                  1016   ,          10890   ,         97   ,                       83   ,                   0   ,                    0   ,              313.5   ,                 215.7   ,               90.3   ,                 97.8   ,              12.0   ,               7.5   ,                12.0   ,          306.0   ,             12.1   ,                        69.7   ,               4   ,        1.0500   ,               30.0   ,                 10967   ,
2026-02-12 13:21:13 ,        2745.0   ,           1281.5   ,               53.8   ,        59.8   ,                  56.0   ,                30   ,                  1010   ,                30   ,                  1013   ,          10890   ,        100   ,                       89   ,                   0   ,                    0   ,              321.5   ,                 221.9   ,               92.2   ,                 99.7   ,              12.0   ,               7.5   ,                12.0   ,          314.0   ,             12.1   ,                        69.7   ,               4   ,        1.0500   ,               31.0   ,                 10970   ,
2026-02-12 13:21:14 ,        2730.0   ,           1281.5   ,               54.1   ,        60.2   ,                  58.0   ,                30   ,                  1010   ,                30   ,                  1014   ,          10890   ,        100   ,                       89   ,                   0   ,                    0   ,              318.4   ,                 219.0   ,               91.9   ,                 99.4   ,              12.0   ,               7.5   ,                12.0   ,          310.9   ,             12.1   ,                        70.7   ,               4   ,        1.0500   ,               30.0   ,                 10964   ,
2026-02-12 13:21:15 ,        2730.0   ,           1281.5   ,               54.6   ,        60.5   ,                  58.0   ,                30   ,                  1009   ,                30   ,                  1014   ,          10890   ,        100   ,                       90   ,                   0   ,                    0   ,              320.6   ,                 221.0   ,               92.1   ,                 99.6   ,              12.0   ,               7.5   ,                12.0   ,          313.1   ,             12.1   ,                        71.2   ,               4   ,        1.0500   ,               30.0   ,                 10964   ,
2026-02-12 13:21:16 ,        2730.0   ,           1281.5   ,               54.8   ,        61.0   ,                  58.0   ,                30   ,                  1009   ,                30   ,                  1013   ,          10890   ,        100   ,                       88   ,                   0   ,                    0   ,              316.4   ,                 216.9   ,               92.1   ,                 99.5   ,              12.0   ,               7.4   ,                12.0   ,          309.0   ,             12.1   ,                        71.1   ,               4   ,        1.0500   ,               30.0   ,                 10964   ,
2026-02-12 13:21:17 ,        2730.0   ,           1281.5   ,               55.1   ,        61.3   ,                  58.0   ,                30   ,                  1009   ,                30   ,                  1013   ,          10890   ,        100   ,                       89   ,                   0   ,                    0   ,              320.2   ,                 220.8   ,               92.0   ,                 99.4   ,              12.0   ,               7.4   ,                12.0   ,          312.8   ,             12.1   ,                        71.2   ,               4   ,        1.0500   ,               30.0   ,                 10966   ,
2026-02-12 13:21:18 ,        2730.0   ,           1281.5   ,               55.5   ,        61.5   ,                  58.0   ,                30   ,                  1008   ,                30   ,                  1014   ,          10890   ,        100   ,                       89   ,                   0   ,                    0   ,              321.7   ,                 222.0   ,               92.2   ,                 99.7   ,              12.0   ,               7.5   ,                12.0   ,          314.2   ,             12.1   ,                        71.5   ,               4   ,        1.0500   ,               30.0   ,                 10967   ,
2026-02-12 13:21:19 ,        2730.0   ,           1281.5   ,               55.7   ,        61.9   ,                  58.0   ,                30   ,                  1010   ,                30   ,                  1014   ,          10890   ,         98   ,                       82   ,                   0   ,                    0   ,              318.7   ,                 219.4   ,               91.8   ,                 99.3   ,              12.0   ,               7.5   ,                12.0   ,          311.2   ,             12.1   ,                        70.8   ,               4   ,        1.0500   ,               30.0   ,                 10968   ,
2026-02-12 13:21:20 ,        2730.0   ,           1281.5   ,               55.8   ,        62.2   ,                  60.0   ,                30   ,                  1010   ,                30   ,                  1012   ,          10890   ,         97   ,                       82   ,                   0   ,                    0   ,              316.9   ,                 217.5   ,               91.9   ,                 99.4   ,              12.0   ,               7.5   ,                12.0   ,          309.4   ,             12.1   ,                        70.4   ,               4   ,        1.0500   ,               30.0   ,                 10969   ,
2026-02-12 13:21:21 ,        2730.0   ,           1281.5   ,               56.1   ,        62.4   ,                  60.0   ,                30   ,                  1010   ,                30   ,                  1015   ,          10890   ,        100   ,                       89   ,                   0   ,                    0   ,              292.0   ,                 204.2   ,               80.5   ,                 87.8   ,              12.0   ,               7.2   ,                12.0   ,          284.7   ,             12.1   ,                        64.9   ,               4   ,        1.0500   ,               29.0   ,                 10970   ,
2026-02-12 13:21:22 ,        2730.0   ,           1281.5   ,               56.1   ,        62.1   ,                  60.0   ,                30   ,                  1009   ,                30   ,                  1013   ,          10890   ,        100   ,                       89   ,                   0   ,                    0   ,              322.8   ,                 223.5   ,               91.8   ,                 99.4   ,              12.0   ,               7.6   ,                12.0   ,          315.3   ,             12.1   ,                        71.7   ,               4   ,        1.0500   ,               29.0   ,                 10970   ,
2026-02-12 13:21:23 ,        2730.0   ,           1281.5   ,               56.7   ,        63.0   ,                  60.0   ,                30   ,                  1009   ,                30   ,                  1015   ,          10890   ,        100   ,                       89   ,                   0   ,                    0   ,              315.5   ,                 217.5   ,               90.6   ,                 98.0   ,              12.0   ,               7.4   ,                12.0   ,          308.1   ,             12.1   ,                        70.1   ,               4   ,        1.0500   ,               30.0   ,                 10971   ,
2026-02-12 13:21:24 ,        2730.0   ,           1281.5   ,               56.9   ,        63.3   ,                  60.0   ,                30   ,                  1009   ,                30   ,                  1012   ,          10890   ,        100   ,                       89   ,                   0   ,                    0   ,              324.3   ,                 224.2   ,               92.6   ,                100.1   ,              12.0   ,               7.5   ,                12.0   ,          316.8   ,             12.1   ,                        72.1   ,               4   ,        1.0500   ,               30.0   ,                 10972   ,
2026-02-12 13:21:25 ,        2730.0   ,           1281.5   ,               57.0   ,        63.5   ,                  62.0   ,                30   ,                  1010   ,                30   ,                  1014   ,          10890   ,        100   ,                       89   ,                   0   ,                    0   ,              321.7   ,                 222.3   ,               91.9   ,                 99.4   ,              12.0   ,               7.5   ,                12.0   ,          314.2   ,             12.1   ,                        71.5   ,               4   ,        1.0500   ,               29.0   ,                 10972   ,
2026-02-12 13:21:26 ,        2730.0   ,           1281.5   ,               57.6   ,        64.0   ,                  62.0   ,                30   ,                  1010   ,                30   ,                  1013   ,          10890   ,        100   ,                       88   ,                   0   ,                    0   ,              319.3   ,                 219.6   ,               92.1   ,                 99.7   ,              12.0   ,               7.6   ,                12.0   ,          311.7   ,             12.1   ,                        72.1   ,               4   ,        1.0500   ,               30.0   ,                 10972   ,
2026-02-12 13:21:27 ,        2730.0   ,           1281.5   ,               57.8   ,        64.2   ,                  62.0   ,                30   ,                  1010   ,                30   ,                  1012   ,          10890   ,        100   ,                       89   ,                   0   ,                    0   ,              322.4   ,                 222.4   ,               92.5   ,                100.0   ,              12.0   ,               7.5   ,                12.0   ,          314.9   ,             12.1   ,                        71.6   ,               4   ,        1.0500   ,               30.0   ,                 10971   ,
2026-02-12 13:21:28 ,        2730.0   ,           1281.5   ,               58.2   ,        64.6   ,                  62.0   ,                30   ,                  1013   ,                30   ,                  1013   ,          10890   ,        100   ,                       89   ,                   0   ,                    0   ,              323.9   ,                 224.4   ,               92.0   ,                 99.5   ,              12.0   ,               7.5   ,                12.0   ,          316.4   ,             12.0   ,                        71.7   ,               4   ,        1.0500   ,               30.0   ,                 10972   ,
2026-02-12 13:21:29 ,        2730.0   ,           1281.5   ,               58.5   ,        64.8   ,                  62.0   ,                30   ,                  1012   ,                30   ,                  1011   ,          10890   ,        100   ,                       89   ,                   0   ,                    0   ,              324.1   ,                 224.5   ,               92.1   ,                 99.6   ,              12.0   ,               7.5   ,                12.0   ,          316.6   ,             12.1   ,                        72.0   ,               4   ,        1.0500   ,               30.0   ,                 10973   ,
2026-02-12 13:21:30 ,        2730.0   ,           1281.5   ,               58.8   ,        65.1   ,                  62.0   ,                30   ,                  1011   ,                30   ,                  1012   ,          10890   ,        100   ,                       89   ,                   0   ,                    0   ,              323.1   ,                 223.1   ,               92.4   ,                100.0   ,              12.0   ,               7.6   ,                12.0   ,          315.5   ,             12.0   ,                        72.1   ,               4   ,        1.0500   ,               30.0   ,                 10974   ,
2026-02-12 13:21:31 ,        2730.0   ,           1281.5   ,               58.7   ,        65.1   ,                  62.0   ,                30   ,                  1010   ,                30   ,                  1014   ,          10890   ,         98   ,                       83   ,                   0   ,                    0   ,              323.8   ,                 224.1   ,               92.3   ,                 99.8   ,              12.0   ,               7.5   ,                12.0   ,          316.3   ,             12.0   ,                        71.9   ,               4   ,        1.0500   ,               29.0   ,                 10950   ,
2026-02-12 13:21:32 ,        2730.0   ,           1281.5   ,               59.3   ,        65.5   ,                  64.0   ,                30   ,                  1012   ,                30   ,                  1011   ,          10890   ,         97   ,                       81   ,                   0   ,                    0   ,              321.0   ,                 221.5   ,               92.0   ,                 99.5   ,              12.0   ,               7.5   ,                12.0   ,          318.7   ,             12.0   ,                        72.5   ,               4   ,        1.0500   ,               29.0   ,                 10951   ,
2026-02-12 13:21:33 ,        2730.0   ,           1281.5   ,               59.2   ,        65.6   ,                  64.0   ,                30   ,                  1014   ,                30   ,                  1009   ,          10890   ,         98   ,                       82   ,                   0   ,                    0   ,              322.9   ,                 223.3   ,               92.1   ,                 99.6   ,              12.0   ,               7.5   ,                12.0   ,          315.4   ,             12.0   ,                        72.2   ,               4   ,        1.0500   ,               30.0   ,                 10953   ,
2026-02-12 13:21:34 ,        2730.0   ,           1281.5   ,               59.5   ,        65.8   ,                  62.0   ,                30   ,                  1013   ,                30   ,                  1008   ,          10890   ,        100   ,                       89   ,                   0   ,                    0   ,              296.0   ,                 206.9   ,               81.7   ,                 89.0   ,              12.0   ,               7.3   ,                12.0   ,          288.7   ,             12.1   ,                        72.1   ,               4   ,        1.0500   ,               30.0   ,                 10953   ,
2026-02-12 13:21:35 ,        2730.0   ,           1281.5   ,               59.6   ,        65.6   ,                  64.0   ,                30   ,                  1010   ,                30   ,                  1010   ,          10890   ,        100   ,                       89   ,                   0   ,                    0   ,              325.0   ,                 225.9   ,               91.6   ,                 99.1   ,              12.0   ,               7.5   ,                12.0   ,          317.5   ,             12.0   ,                        72.2   ,               4   ,        1.0500   ,               30.0   ,                 10953   ,
2026-02-12 13:21:36 ,        2730.0   ,           1281.5   ,               60.2   ,        66.6   ,                  64.0   ,                30   ,                  1010   ,                30   ,                  1010   ,          10890   ,        100   ,                       89   ,                   0   ,                    0   ,              325.7   ,                 226.1   ,               92.1   ,                 99.6   ,              12.0   ,               7.5   ,                12.0   ,          318.2   ,             12.1   ,                        72.0   ,               4   ,        1.0500   ,               30.0   ,                 10952   ,
2026-02-12 13:21:37 ,        2730.0   ,           1281.5   ,               60.2   ,        66.7   ,                  64.0   ,                30   ,                  1011   ,                30   ,                  1008   ,          10890   ,        100   ,                       89   ,                   0   ,                    0   ,              325.0   ,                 224.9   ,               92.5   ,                100.1   ,              12.0   ,               7.6   ,                12.0   ,          317.4   ,             12.1   ,                        72.6   ,               4   ,        1.0500   ,               30.0   ,                 10954   ,
2026-02-12 13:21:38 ,        2730.0   ,           1281.5   ,               60.5   ,        67.0   ,                  64.0   ,                30   ,                  1010   ,                30   ,                  1010   ,          10890   ,        100   ,                       89   ,                   0   ,                    0   ,              325.9   ,                 226.6   ,               91.8   ,                 99.3   ,              12.0   ,               7.6   ,                12.0   ,          318.4   ,             12.0   ,                        71.6   ,               4   ,        1.0500   ,               30.0   ,                 10954   ,
2026-02-12 13:21:39 ,        2730.0   ,           1281.5   ,               60.6   ,        67.1   ,                  66.0   ,                30   ,                  1010   ,                30   ,                  1013   ,          10890   ,        100   ,                       89   ,                   0   ,                    0   ,              326.7   ,                 227.1   ,               92.0   ,                 99.6   ,              12.0   ,               7.5   ,                12.0   ,          317.9   ,             12.0   ,                        72.3   ,               4   ,        1.0500   ,               30.0   ,                 10951   ,
2026-02-12 13:21:40 ,        2730.0   ,           1281.5   ,               60.7   ,        67.1   ,                  66.0   ,                30   ,                  1009   ,                30   ,                  1011   ,          10890   ,        100   ,                       89   ,                   0   ,                    0   ,              324.7   ,                 225.3   ,               91.9   ,                 99.5   ,              12.0   ,               7.5   ,                12.0   ,          317.2   ,             12.0   ,                        72.3   ,               4   ,        1.0500   ,               30.0   ,                 10950   ,
2026-02-12 13:21:41 ,        2730.0   ,           1281.5   ,               61.4   ,        67.8   ,                  66.0   ,                30   ,                  1009   ,                30   ,                  1012   ,          10890   ,        100   ,                       89   ,                   0   ,                    0   ,              325.7   ,                 226.2   ,               92.0   ,                 99.5   ,              12.0   ,               7.5   ,                12.0   ,          319.6   ,             12.0   ,                        72.7   ,               4   ,        1.0500   ,               30.0   ,                 10949   ,
2026-02-12 13:21:42 ,        2730.0   ,           1281.5   ,               61.3   ,        67.9   ,                  66.0   ,                30   ,                  1009   ,                30   ,                  1012   ,          10890   ,        100   ,                       90   ,                   0   ,                    0   ,              328.6   ,                 228.7   ,               92.3   ,                 99.9   ,              12.0   ,               7.6   ,                12.0   ,          321.0   ,             12.0   ,                        72.8   ,               4   ,        1.0500   ,               30.0   ,                 10951   ,
2026-02-12 13:21:43 ,        2730.0   ,           1281.5   ,               61.9   ,        68.3   ,                  66.0   ,                30   ,                  1010   ,                30   ,                  1012   ,          10890   ,        100   ,                       88   ,                   0   ,                    0   ,              324.4   ,                 225.1   ,               91.9   ,                 99.4   ,              12.0   ,               7.5   ,                12.0   ,          322.7   ,             12.0   ,                        73.4   ,               4   ,        1.0500   ,               30.0   ,                 10951   ,
2026-02-12 13:21:44 ,        2730.0   ,           1281.5   ,               62.0   ,        68.4   ,                  66.0   ,                30   ,                  1010   ,                30   ,                  1011   ,          10890   ,        100   ,                       89   ,                   0   ,                    0   ,              327.4   ,                 227.3   ,               92.6   ,                100.1   ,              12.0   ,               7.6   ,                12.0   ,          319.8   ,             12.0   ,                        72.8   ,               4   ,        1.0500   ,               30.0   ,                 10950   ,
2026-02-12 13:21:45 ,        2730.0   ,           1281.5   ,               62.0   ,        68.6   ,                  66.0   ,                30   ,                  1009   ,                30   ,                  1012   ,          10890   ,         97   ,                       81   ,                   0   ,                    0   ,              329.0   ,                 229.4   ,               92.1   ,                 99.6   ,              12.0   ,               7.5   ,                12.0   ,          321.5   ,             12.0   ,                        73.1   ,               4   ,        1.0500   ,               30.0   ,                 10921   ,
2026-02-12 13:21:46 ,        2730.0   ,           1281.5   ,               62.2   ,        68.8   ,                  66.0   ,                30   ,                  1009   ,                30   ,                  1013   ,          10890   ,        100   ,                       89   ,                   0   ,                    0   ,              323.7   ,                 224.1   ,               92.0   ,                 99.6   ,              12.0   ,               7.6   ,                12.0   ,          316.2   ,             12.0   ,                        71.9   ,               4   ,        1.0500   ,               29.0   ,                 10923   ,
2026-02-12 13:21:47 ,        2730.0   ,           1281.5   ,               62.6   ,        69.2   ,                  66.0   ,                30   ,                  1009   ,                30   ,                  1010   ,          10890   ,         98   ,                       83   ,                   0   ,                    0   ,              328.3   ,                 228.6   ,               92.2   ,                 99.7   ,              12.0   ,               7.5   ,                12.0   ,          320.8   ,             12.0   ,                        73.0   ,               4   ,        1.0500   ,               30.0   ,                 10923   ,
2026-02-12 13:21:48 ,        2730.0   ,           1281.5   ,               62.5   ,        69.0   ,                  68.0   ,                30   ,                  1009   ,                30   ,                  1011   ,          10890   ,         98   ,                       83   ,                   0   ,                    0   ,              303.4   ,                 213.0   ,               82.9   ,                 90.4   ,              12.0   ,               7.4   ,                12.0   ,          295.9   ,             12.0   ,                        67.4   ,               4   ,        1.0500   ,               29.0   ,                 10923   ,
2026-02-12 13:21:49 ,        2730.0   ,           1281.5   ,               62.6   ,        69.4   ,                  66.0   ,                30   ,                  1011   ,                30   ,                  1011   ,          10890   ,        100   ,                       89   ,                   0   ,                    0   ,              328.4   ,                 228.7   ,               92.0   ,                 99.6   ,              12.0   ,               7.6   ,                12.0   ,          320.8   ,             12.0   ,                        73.0   ,               4   ,        1.0500   ,               36.0   ,                 10923   ,
2026-02-12 13:21:50 ,        2730.0   ,           1281.5   ,               63.1   ,        69.7   ,                  68.0   ,                30   ,                  1010   ,                30   ,                  1011   ,          10890   ,        100   ,                       89   ,                   0   ,                    0   ,              329.9   ,                 229.7   ,               92.6   ,                100.2   ,              12.0   ,               7.6   ,                12.0   ,          322.3   ,             12.0   ,                        73.3   ,               4   ,        1.0500   ,               30.0   ,                 10925   ,
2026-02-12 13:21:51 ,        2730.0   ,           1281.5   ,               63.2   ,        69.9   ,                  68.0   ,                31   ,                  1013   ,                31   ,                  1015   ,          10890   ,        100   ,                       88   ,                   0   ,                    0   ,              329.1   ,                 229.7   ,               91.8   ,                 99.4   ,              12.0   ,               7.6   ,                12.0   ,          321.5   ,             12.0   ,                        73.1   ,               4   ,        1.0500   ,               29.0   ,                 10924   ,
2026-02-12 13:21:52 ,        2730.0   ,           1281.5   ,               56.1   ,        64.3   ,                  62.0   ,                31   ,                  1022   ,                31   ,                  1025   ,          10890   ,          4   ,                        3   ,                   0   ,                    0   ,               77.9   ,                  49.0   ,               22.4   ,                 28.9   ,              12.1   ,               6.5   ,                12.1   ,           71.4   ,             12.1   ,                        17.3   ,               4   ,        1.0500   ,               33.0   ,                 10923   ,
2026-02-12 13:21:53 ,        2730.0   ,           1281.5   ,               62.9   ,        69.4   ,                  66.0   ,                31   ,                  1031   ,                31   ,                  1030   ,          10890   ,        100   ,                       87   ,                   0   ,                    0   ,              326.0   ,                 225.6   ,               92.8   ,                100.4   ,              12.0   ,               7.6   ,                12.0   ,          318.4   ,             12.0   ,                        72.4   ,               4   ,        1.0500   ,               30.0   ,                 10934   ,
2026-02-12 13:21:54 ,        2730.0   ,           1281.5   ,               63.2   ,        69.8   ,                  66.0   ,                31   ,                  1033   ,                31   ,                  1036   ,          10890   ,         98   ,                       87   ,                   0   ,                    0   ,              320.7   ,                 220.7   ,               92.4   ,                100.0   ,              12.0   ,               7.6   ,                12.0   ,          313.0   ,             12.0   ,                        71.3   ,               4   ,        1.0500   ,               30.0   ,                 10932   ,
2026-02-12 13:21:55 ,        2730.0   ,           1281.5   ,               63.4   ,        70.1   ,                  68.0   ,                31   ,                  1039   ,                31   ,                  1039   ,          10890   ,        100   ,                       88   ,                   0   ,                    0   ,              328.4   ,                 227.9   ,               92.9   ,                100.5   ,              12.0   ,               7.7   ,                12.0   ,          320.7   ,             12.0   ,                        73.0   ,               4   ,        1.0500   ,               30.0   ,                 10936   ,
2026-02-12 13:21:56 ,        2730.0   ,           1281.5   ,               63.3   ,        69.8   ,                  68.0   ,                31   ,                  1043   ,                31   ,                  1045   ,          10890   ,        100   ,                       88   ,                   0   ,                    0   ,              319.7   ,                 220.5   ,               91.5   ,                 99.2   ,              12.0   ,               7.8   ,                12.0   ,          312.0   ,             12.0   ,                        71.1   ,               4   ,        1.0500   ,               30.0   ,                 10935   ,
2026-02-12 13:21:57 ,        2730.0   ,           1281.5   ,               63.9   ,        70.7   ,                  68.0   ,                32   ,                  1050   ,                32   ,                  1050   ,          10890   ,        100   ,                       88   ,                   0   ,                    0   ,              326.4   ,                 226.0   ,               92.8   ,                100.4   ,              12.0   ,               7.6   ,                12.0   ,          318.8   ,             12.0   ,                        72.5   ,               4   ,        1.0500   ,               30.0   ,                 10936   ,
2026-02-12 13:21:58 ,        2730.0   ,           1281.5   ,               64.0   ,        70.7   ,                  68.0   ,                32   ,                  1060   ,                32   ,                  1057   ,          10890   ,        100   ,                       88   ,                   0   ,                    0   ,              320.8   ,                 220.1   ,               93.0   ,                100.7   ,              12.0   ,               7.7   ,                12.0   ,          313.1   ,             12.0   ,                        71.3   ,               4   ,        1.0500   ,               30.0   ,                 10935   ,
2026-02-12 13:21:59 ,        2730.0   ,           1281.5   ,               63.9   ,        70.6   ,                  68.0   ,                33   ,                  1072   ,                32   ,                  1072   ,          10890   ,        100   ,                       88   ,                   0   ,                    0   ,              331.5   ,                 230.8   ,               93.0   ,                100.7   ,              12.0   ,               7.7   ,                12.0   ,          323.9   ,             12.0   ,                        73.7   ,               4   ,        1.0500   ,               30.0   ,                 10937   ,
2026-02-12 13:22:00 ,        2730.0   ,           1281.5   ,               64.6   ,        71.2   ,                  68.0   ,                33   ,                  1087   ,                33   ,                  1087   ,          10890   ,        100   ,                       88   ,                   0   ,                    0   ,              325.3   ,                 224.7   ,               92.9   ,                100.6   ,              12.0   ,               7.7   ,                12.0   ,          317.6   ,             12.0   ,                        72.3   ,               4   ,        1.0500   ,               29.0   ,                 10937   ,
2026-02-12 13:22:01 ,        2730.0   ,           1281.5   ,               64.9   ,        71.6   ,                  70.0   ,                33   ,                  1101   ,                33   ,                  1099   ,          10890   ,        100   ,                       88   ,                   0   ,                    0   ,              325.0   ,                 224.8   ,               92.4   ,                100.2   ,              12.0   ,               7.8   ,                12.0   ,          317.3   ,             12.0   ,                        72.2   ,               4   ,        1.0500   ,               30.0   ,                 10936   ,
2026-02-12 13:22:02 ,        2730.0   ,           1281.5   ,               64.7   ,        71.5   ,                  70.0   ,                33   ,                  1114   ,                33   ,                  1118   ,          10890   ,        100   ,                       88   ,                   0   ,                    0   ,              333.2   ,                 232.5   ,               93.0   ,                100.8   ,              12.0   ,               7.8   ,                12.0   ,          325.4   ,             12.0   ,                        74.1   ,               4   ,        1.0500   ,               29.0   ,                 10938   ,
2026-02-12 13:22:03 ,        2730.0   ,           1281.5   ,               64.9   ,        71.6   ,                  68.0   ,                34   ,                  1127   ,                34   ,                  1130   ,          10890   ,         99   ,                       86   ,                   0   ,                    0   ,              310.9   ,                 218.3   ,               84.9   ,                 92.6   ,              12.0   ,               7.7   ,                12.0   ,          303.2   ,             12.0   ,                        69.1   ,               4   ,        1.0500   ,               31.0   ,                 10939   ,
2026-02-12 13:22:04 ,        2730.0   ,           1281.5   ,               65.0   ,        71.6   ,                  70.0   ,                34   ,                  1139   ,                34   ,                  1142   ,          10890   ,        100   ,                       88   ,                   0   ,                    0   ,              326.4   ,                 225.9   ,               92.6   ,                100.5   ,              12.0   ,               7.8   ,                12.0   ,          318.6   ,             12.0   ,                        73.5   ,               4   ,        1.0500   ,               30.0   ,                 10939   ,
2026-02-12 13:22:05 ,        2730.0   ,           1281.5   ,               65.3   ,        72.1   ,                  70.0   ,                34   ,                  1156   ,                34   ,                  1156   ,          10890   ,        100   ,                       88   ,                   0   ,                    0   ,              330.6   ,                 230.0   ,               92.8   ,                100.6   ,              12.0   ,               7.8   ,                12.0   ,          322.8   ,             12.0   ,                        73.5   ,               4   ,        1.0500   ,               29.0   ,                 10939   ,
2026-02-12 13:22:06 ,        2730.0   ,           1281.5   ,               65.2   ,        71.9   ,                  70.0   ,                34   ,                  1167   ,                34   ,                  1170   ,          10890   ,        100   ,                       88   ,                   0   ,                    0   ,              330.5   ,                 229.7   ,               93.0   ,                100.8   ,              12.0   ,               7.8   ,                12.0   ,          319.5   ,             12.0   ,                        72.7   ,               4   ,        1.0500   ,               30.0   ,                 10940   ,
2026-02-12 13:22:07 ,        2730.0   ,           1281.5   ,               65.4   ,        72.2   ,                  70.0   ,                35   ,                  1179   ,                35   ,                  1179   ,          10890   ,        100   ,                       88   ,                   0   ,                    0   ,              331.0   ,                 230.4   ,               92.9   ,                100.6   ,              12.0   ,               7.8   ,                12.0   ,          316.3   ,             12.0   ,                        72.0   ,               4   ,        1.0500   ,               29.0   ,                 10940   ,
2026-02-12 13:22:08 ,        2730.0   ,           1281.5   ,               65.5   ,        72.3   ,                  70.0   ,                35   ,                  1190   ,                35   ,                  1191   ,          10890   ,        100   ,                       88   ,                   0   ,                    0   ,              327.8   ,                 227.3   ,               92.6   ,                100.5   ,              12.0   ,               7.9   ,                12.0   ,          319.9   ,             12.0   ,                        72.8   ,               4   ,        1.0500   ,               30.0   ,                 10940   ,
2026-02-12 13:22:09 ,        2730.0   ,           1281.5   ,               65.8   ,        72.7   ,                  70.0   ,                35   ,                  1203   ,                35   ,                  1201   ,          10890   ,        100   ,                       88   ,                   0   ,                    0   ,              331.3   ,                 230.6   ,               92.8   ,                100.7   ,              12.0   ,               7.9   ,                12.0   ,          323.4   ,             12.0   ,                        73.6   ,               4   ,        1.0500   ,               29.0   ,                 10940   ,
2026-02-12 13:22:10 ,        2730.0   ,           1281.5   ,               65.7   ,        72.4   ,                  70.0   ,                35   ,                  1214   ,                35   ,                  1213   ,          10890   ,        100   ,                       88   ,                   0   ,                    0   ,              331.1   ,                 230.3   ,               92.8   ,                100.8   ,              12.0   ,               8.0   ,                12.0   ,          323.1   ,             12.0   ,                        73.6   ,               4   ,        1.0500   ,               30.0   ,                 10942   ,
2026-02-12 13:22:11 ,        2730.0   ,           1281.5   ,               65.5   ,        72.3   ,                  70.0   ,                36   ,                  1226   ,                36   ,                  1225   ,          10890   ,        100   ,                       88   ,                   0   ,                    0   ,              334.2   ,                 233.3   ,               93.0   ,                100.9   ,              12.0   ,               7.9   ,                12.0   ,          326.3   ,             12.0   ,                        74.3   ,               4   ,        1.0500   ,               31.0   ,                 10942   ,
2026-02-12 13:22:12 ,        2730.0   ,           1281.5   ,               65.8   ,        72.6   ,                  70.0   ,                36   ,                  1236   ,                36   ,                  1241   ,          10890   ,         98   ,                       83   ,                   0   ,                    0   ,              301.7   ,                 209.3   ,               84.5   ,                 92.3   ,              12.0   ,               7.9   ,                12.0   ,          293.8   ,             12.1   ,                        67.0   ,               4   ,        1.0500   ,               30.0   ,                 10942   ,
2026-02-12 13:22:13 ,        2730.0   ,           1281.5   ,               66.4   ,        73.3   ,                  70.0   ,                36   ,                  1243   ,                36   ,                  1245   ,          10890   ,        100   ,                       88   ,                   0   ,                    0   ,              327.4   ,                 226.7   ,               92.8   ,                100.8   ,              12.0   ,               8.0   ,                12.0   ,          319.5   ,             12.0   ,                        72.8   ,               4   ,        1.0500   ,               30.0   ,                 10942   ,
2026-02-12 13:22:14 ,        2730.0   ,           1281.5   ,               66.1   ,        72.8   ,                  70.0   ,                36   ,                  1252   ,                36   ,                  1253   ,          10890   ,         99   ,                       87   ,                   0   ,                    0   ,              332.6   ,                 231.3   ,               93.3   ,                101.3   ,              12.0   ,               8.0   ,                12.0   ,          324.6   ,             12.0   ,                        73.9   ,               4   ,        1.0500   ,               30.0   ,                 10942   ,
2026-02-12 13:22:15 ,        2730.0   ,           1281.5   ,               66.1   ,        72.9   ,                  70.0   ,                36   ,                  1262   ,                36   ,                  1263   ,          10890   ,        100   ,                       88   ,                   0   ,                    0   ,              331.4   ,                 230.5   ,               92.9   ,                100.9   ,              12.0   ,               8.0   ,                12.0   ,          323.4   ,             12.0   ,                        73.6   ,               4   ,        1.0500   ,               31.0   ,                 10944   ,
2026-02-12 13:22:16 ,        2730.0   ,           1281.5   ,               66.2   ,        73.2   ,                  70.0   ,                36   ,                  1268   ,                36   ,                  1274   ,          10890   ,        100   ,                       88   ,                   0   ,                    0   ,              328.3   ,                 227.7   ,               92.6   ,                100.6   ,              12.0   ,               8.0   ,                12.0   ,          320.3   ,             12.0   ,                        73.0   ,               4   ,        1.0500   ,               31.0   ,                 10944   ,
2026-02-12 13:22:17 ,        2730.0   ,           1281.5   ,               66.3   ,        73.2   ,                  72.0   ,                37   ,                  1278   ,                37   ,                  1280   ,          10890   ,        100   ,                       88   ,                   0   ,                    0   ,              331.3   ,                 230.1   ,               93.3   ,                101.2   ,              12.0   ,               7.9   ,                12.0   ,          323.4   ,             12.0   ,                        74.1   ,               4   ,        1.0500   ,               30.0   ,                 10944   ,
2026-02-12 13:22:18 ,        2730.0   ,           1281.5   ,               66.4   ,        73.3   ,                  72.0   ,                37   ,                  1286   ,                37   ,                  1290   ,          10890   ,        100   ,                       88   ,                   0   ,                    0   ,              329.6   ,                 228.4   ,               93.2   ,                101.2   ,              12.0   ,               7.9   ,                12.0   ,          321.7   ,             12.0   ,                        73.2   ,               4   ,        1.0500   ,               30.0   ,                 10944   ,
2026-02-12 13:22:19 ,        2730.0   ,           1281.5   ,               66.1   ,        73.0   ,                  70.0   ,                37   ,                  1293   ,                37   ,                  1288   ,          10890   ,         98   ,                       83   ,                   0   ,                    0   ,              328.8   ,                 228.0   ,               92.8   ,                100.8   ,              12.0   ,               8.0   ,                12.0   ,          320.8   ,             12.0   ,                        73.1   ,               4   ,        1.0500   ,               30.0   ,                 10945   ,
2026-02-12 13:22:20 ,        2730.0   ,           1281.5   ,               66.2   ,        73.1   ,                  70.0   ,                37   ,                  1298   ,                37   ,                  1298   ,          10890   ,        100   ,                       88   ,                   0   ,                    0   ,              332.4   ,                 231.1   ,               93.3   ,                101.3   ,              12.0   ,               8.0   ,                12.0   ,          324.4   ,             12.0   ,                        73.9   ,               4   ,        1.0500   ,               29.0   ,                 10945   ,
2026-02-12 13:22:21 ,        2730.0   ,           1281.5   ,               65.7   ,        72.5   ,                  72.0   ,                37   ,                  1304   ,                37   ,                  1304   ,          10890   ,        100   ,                       88   ,                   0   ,                    0   ,              326.3   ,                 225.8   ,               92.5   ,                100.5   ,              12.0   ,               8.0   ,                12.0   ,          318.3   ,             12.0   ,                        72.5   ,               4   ,        1.0500   ,               30.0   ,                 10945   ,
2026-02-12 13:22:22 ,        2730.0   ,           1281.5   ,               66.6   ,        73.6   ,                  72.0   ,                37   ,                  1309   ,                37   ,                  1312   ,          10890   ,        100   ,                       88   ,                   0   ,                    0   ,              330.9   ,                 230.1   ,               92.7   ,                100.8   ,              12.0   ,               8.1   ,                12.0   ,          322.8   ,             12.0   ,                        73.5   ,               4   ,        1.0500   ,               30.0   ,                 10945   ,
2026-02-12 13:22:23 ,        2730.0   ,           1281.5   ,               66.6   ,        73.6   ,                  72.0   ,                37   ,                  1315   ,                37   ,                  1319   ,          10890   ,        100   ,                       88   ,                   0   ,                    0   ,              322.5   ,                 223.5   ,               91.0   ,                 99.0   ,              12.0   ,               8.0   ,                12.0   ,          314.5   ,             12.0   ,                        71.7   ,               4   ,        1.0500   ,               31.0   ,                 10915   ,
2026-02-12 13:22:24 ,        2730.0   ,           1281.5   ,               66.6   ,        73.6   ,                  72.0   ,                37   ,                  1321   ,                37   ,                  1322   ,          10890   ,        100   ,                       88   ,                   0   ,                    0   ,              333.8   ,                 232.7   ,               93.0   ,                101.1   ,              12.0   ,               8.1   ,                12.0   ,          325.7   ,             12.0   ,                        74.2   ,               4   ,        1.0500   ,               30.0   ,                 10919   ,
2026-02-12 13:22:25 ,        2730.0   ,           1281.5   ,               66.8   ,        73.8   ,                  72.0   ,                37   ,                  1325   ,                37   ,                  1324   ,          10890   ,        100   ,                       88   ,                   0   ,                    0   ,              330.3   ,                 229.3   ,               92.9   ,                101.0   ,              12.0   ,               8.1   ,                12.0   ,          322.3   ,             12.0   ,                        72.7   ,               4   ,        1.0500   ,               30.0   ,                 10919   ,
2026-02-12 13:22:26 ,        2730.0   ,           1281.5   ,               66.8   ,        73.7   ,                  72.0   ,                38   ,                  1330   ,                38   ,                  1332   ,          10890   ,        100   ,                       88   ,                   0   ,                    0   ,              329.4   ,                 228.1   ,               93.3   ,                101.3   ,              12.0   ,               8.0   ,                12.0   ,          321.4   ,             12.0   ,                        74.5   ,               4   ,        1.0500   ,               30.0   ,                 10919   ,
2026-02-12 13:22:27 ,        2730.0   ,           1281.5   ,               66.8   ,        73.7   ,                  72.0   ,                38   ,                  1334   ,                38   ,                  1337   ,          10890   ,        100   ,                       88   ,                   0   ,                    0   ,              332.9   ,                 232.2   ,               92.7   ,                100.7   ,              12.0   ,               8.0   ,                12.0   ,          324.9   ,             12.0   ,                        74.0   ,               4   ,        1.0500   ,               30.0   ,                 10919   ,
2026-02-12 13:22:28 ,        2730.0   ,           1281.5   ,               66.4   ,        73.3   ,                  72.0   ,                38   ,                  1339   ,                38   ,                  1337   ,          10890   ,        100   ,                       88   ,                   0   ,                    0   ,              331.2   ,                 230.4   ,               92.7   ,                100.8   ,              12.0   ,               8.1   ,                12.0   ,          323.1   ,             12.0   ,                        73.6   ,               4   ,        1.0500   ,               29.0   ,                 10919   ,
2026-02-12 13:22:29 ,        2730.0   ,           1281.5   ,               66.9   ,        74.1   ,                  72.0   ,                38   ,                  1344   ,                38   ,                  1341   ,          10890   ,        100   ,                       89   ,                   0   ,                    0   ,              334.1   ,                 233.1   ,               93.0   ,                101.0   ,              12.0   ,               8.0   ,                12.0   ,          326.0   ,             12.0   ,                        74.2   ,               4   ,        1.0500   ,               30.0   ,                 10921   ,
2026-02-12 13:22:30 ,        2730.0   ,           1281.5   ,               66.8   ,        73.8   ,                  72.0   ,                38   ,                  1348   ,                38   ,                  1346   ,          10890   ,        100   ,                       88   ,                   0   ,                    0   ,              326.9   ,                 226.1   ,               92.7   ,                100.9   ,              12.0   ,               8.1   ,                12.0   ,          318.8   ,             12.0   ,                        72.7   ,               4   ,        1.0500   ,               30.0   ,                 10921   ,
2026-02-12 13:22:31 ,        2730.0   ,           1281.5   ,               67.0   ,        74.0   ,                  72.0   ,                38   ,                  1351   ,                38   ,                  1355   ,          10890   ,        100   ,                       88   ,                   0   ,                    0   ,              325.2   ,                 223.9   ,               93.1   ,                101.2   ,              12.0   ,               8.1   ,                12.0   ,          317.1   ,             12.0   ,                        72.3   ,               4   ,        1.0500   ,               30.0   ,                 10921   ,
2026-02-12 13:22:32 ,        2730.0   ,           1281.5   ,               67.0   ,        74.1   ,                  72.0   ,                38   ,                  1358   ,                38   ,                  1357   ,          10890   ,        100   ,                       88   ,                   0   ,                    0   ,              332.7   ,                 231.4   ,               93.2   ,                101.3   ,              12.0   ,               8.1   ,                12.0   ,          324.6   ,             12.0   ,                        73.9   ,               4   ,        1.0500   ,               30.0   ,                 10920   ,
2026-02-12 13:22:33 ,        2730.0   ,           1281.5   ,               67.0   ,        74.0   ,                  72.0   ,                38   ,                  1358   ,                38   ,                  1360   ,          10890   ,        100   ,                       88   ,                   0   ,                    0   ,              333.6   ,                 232.1   ,               93.4   ,                101.5   ,              12.0   ,               8.1   ,                12.0   ,          325.5   ,             12.0   ,                        74.1   ,               4   ,        1.0500   ,               30.0   ,                 10922   ,
2026-02-12 13:22:34 ,        2730.0   ,           1281.5   ,               67.1   ,        74.3   ,                  72.0   ,                38   ,                  1364   ,                38   ,                  1365   ,          10890   ,        100   ,                       89   ,                   0   ,                    0   ,              326.7   ,                 225.3   ,               93.3   ,                101.4   ,              12.0   ,               8.1   ,                12.0   ,          323.6   ,             12.0   ,                        73.7   ,               4   ,        1.0500   ,               30.0   ,                 10922   ,
2026-02-12 13:22:35 ,        2730.0   ,           1281.5   ,               67.0   ,        73.8   ,                  72.0   ,                38   ,                  1365   ,                38   ,                  1369   ,          10890   ,        100   ,                       88   ,                   0   ,                    0   ,              335.4   ,                 234.3   ,               92.9   ,                101.1   ,              12.0   ,               8.2   ,                12.0   ,          323.6   ,             12.0   ,                        73.7   ,               4   ,        1.0500   ,               29.0   ,                 10921   ,
2026-02-12 13:22:36 ,        2730.0   ,           1281.5   ,               67.1   ,        74.1   ,                  72.0   ,                38   ,                  1368   ,                38   ,                  1367   ,          10890   ,        100   ,                       88   ,                   0   ,                    0   ,              327.9   ,                 226.5   ,               93.2   ,                101.4   ,              12.0   ,               8.2   ,                12.0   ,          321.9   ,             12.0   ,                        73.4   ,               4   ,        1.0500   ,               30.0   ,                 10921   ,
2026-02-12 13:22:37 ,        2730.0   ,           1281.5   ,               61.0   ,        69.2   ,                  70.0   ,                38   ,                  1370   ,                38   ,                  1367   ,          10888   ,         48   ,                       41   ,                   0   ,                    0   ,               85.0   ,                  55.4   ,               22.7   ,                 39.8   ,              12.1   ,               7.1   ,                12.1   ,          114.3   ,             12.1   ,                        27.0   ,               4   ,        1.0500   ,               37.0   ,                 10896   ,
2026-02-12 13:22:38 ,        2730.0   ,           1281.5   ,               67.1   ,        74.3   ,                  70.0   ,                38   ,                  1370   ,                38   ,                  1374   ,          10776   ,         98   ,                       97   ,                   0   ,                    0   ,              340.0   ,                 238.4   ,               93.6   ,                101.5   ,              12.0   ,               7.9   ,                12.0   ,          332.0   ,             12.0   ,                        75.5   ,               4   ,        1.0500   ,               31.0   ,                 10882   ,
2026-02-12 13:22:39 ,        2730.0   ,           1281.5   ,               67.4   ,        74.9   ,                  72.0   ,                38   ,                  1375   ,                38   ,                  1373   ,          10776   ,        100   ,                       99   ,                   0   ,                    0   ,              333.0   ,                 233.7   ,               91.4   ,                 99.3   ,              12.0   ,               7.8   ,                12.0   ,          325.1   ,             12.0   ,                        74.0   ,               4   ,        1.0500   ,               30.0   ,                 10886   ,
2026-02-12 13:22:40 ,        2730.0   ,           1281.5   ,               67.6   ,        74.9   ,                  72.0   ,                38   ,                  1375   ,                38   ,                  1367   ,          10776   ,        100   ,                       99   ,                   0   ,                    0   ,              342.3   ,                 240.5   ,               93.8   ,                101.8   ,              12.0   ,               7.9   ,                12.0   ,          334.4   ,             12.0   ,                        76.1   ,               4   ,        1.0500   ,               30.0   ,                 10887   ,
2026-02-12 13:22:41 ,        2730.0   ,           1281.5   ,               67.5   ,        74.8   ,                  72.0   ,                38   ,                  1375   ,                38   ,                  1378   ,          10776   ,        100   ,                       99   ,                   0   ,                    0   ,              342.3   ,                 240.5   ,               93.9   ,                101.8   ,              12.0   ,               8.0   ,                12.0   ,          334.4   ,             12.0   ,                        76.1   ,               4   ,        1.0500   ,               30.0   ,                 10890   ,
2026-02-12 13:22:42 ,        2730.0   ,           1281.5   ,               67.7   ,        75.2   ,                  72.0   ,                39   ,                  1378   ,                39   ,                  1382   ,          10776   ,        100   ,                       99   ,                   0   ,                    0   ,              340.9   ,                 239.3   ,               93.7   ,                101.6   ,              12.0   ,               8.0   ,                12.0   ,          333.0   ,             12.0   ,                        75.8   ,               4   ,        1.0500   ,               30.0   ,                 10890   ,
2026-02-12 13:22:43 ,        2730.0   ,           1281.5   ,               67.7   ,        75.2   ,                  72.0   ,                39   ,                  1384   ,                39   ,                  1387   ,          10776   ,        100   ,                       99   ,                   0   ,                    0   ,              342.6   ,                 240.9   ,               93.8   ,                101.8   ,              12.0   ,               8.0   ,                12.0   ,          334.7   ,             12.0   ,                        76.1   ,               4   ,        1.0500   ,               30.0   ,                 10892   ,
2026-02-12 13:22:44 ,        2730.0   ,           1281.5   ,               67.8   ,        75.2   ,                  72.0   ,                39   ,                  1391   ,                39   ,                  1391   ,          10776   ,         98   ,                       98   ,                   0   ,                    0   ,              341.3   ,                 239.4   ,               93.9   ,                101.9   ,              12.0   ,               8.0   ,                12.0   ,          333.3   ,             12.0   ,                        75.8   ,               4   ,        1.0500   ,               30.0   ,                 10892   ,
2026-02-12 13:22:45 ,        2730.0   ,           1281.5   ,               67.7   ,        75.1   ,                  74.0   ,                39   ,                  1398   ,                39   ,                  1396   ,          10776   ,         99   ,                       98   ,                   0   ,                    0   ,              343.0   ,                 241.2   ,               93.9   ,                101.9   ,              12.0   ,               8.0   ,                12.0   ,          335.1   ,             12.0   ,                        76.1   ,               4   ,        1.0500   ,               30.0   ,                 10892   ,
2026-02-12 13:22:46 ,        2730.0   ,           1281.5   ,               67.8   ,        75.3   ,                  72.0   ,                39   ,                  1403   ,                39   ,                  1408   ,          10776   ,         98   ,                       97   ,                   0   ,                    0   ,              341.2   ,                 240.0   ,               93.9   ,                101.8   ,              12.0   ,               8.0   ,                12.0   ,          333.8   ,             12.0   ,                        76.0   ,               4   ,        1.0500   ,               30.0   ,                 10894   ,
2026-02-12 13:22:48 ,        2730.0   ,           1281.5   ,               67.8   ,        75.4   ,                  74.0   ,                39   ,                  1411   ,                39   ,                  1408   ,          10776   ,         99   ,                       98   ,                   0   ,                    0   ,              342.0   ,                 240.2   ,               93.8   ,                101.8   ,              12.0   ,               8.0   ,                12.0   ,          334.0   ,             12.0   ,                        76.0   ,               4   ,        1.0500   ,               29.0   ,                 10895   ,
2026-02-12 13:22:49 ,        2730.0   ,           1281.5   ,               67.8   ,        75.2   ,                  72.0   ,                39   ,                  1412   ,                39   ,                  1415   ,          10776   ,         99   ,                       98   ,                   0   ,                    0   ,              342.3   ,                 240.7   ,               93.6   ,                101.6   ,              12.0   ,               8.1   ,                12.0   ,          334.3   ,             12.0   ,                        76.1   ,               4   ,        1.0500   ,               31.0   ,                 10895   ,
2026-02-12 13:22:50 ,        2730.0   ,           1281.5   ,               67.8   ,        75.3   ,                  72.0   ,                40   ,                  1418   ,                40   ,                  1417   ,          10776   ,         98   ,                       96   ,                   0   ,                    0   ,              336.9   ,                 237.1   ,               91.8   ,                 99.8   ,              12.0   ,               8.0   ,                12.0   ,          328.9   ,             12.0   ,                        74.9   ,               4   ,        1.0500   ,               31.0   ,                 10895   ,
2026-02-12 13:22:51 ,        2730.0   ,           1281.5   ,               67.8   ,        75.4   ,                  72.0   ,                40   ,                  1424   ,                40   ,                  1421   ,          10776   ,         99   ,                       98   ,                   0   ,                    0   ,              341.4   ,                 239.7   ,               93.7   ,                101.6   ,              12.0   ,               8.0   ,                12.0   ,          333.4   ,             12.0   ,                        75.9   ,               4   ,        1.0500   ,               30.0   ,                 10896   ,
2026-02-12 13:22:52 ,        2730.0   ,           1281.5   ,               67.8   ,        75.3   ,                  74.0   ,                40   ,                  1429   ,                40   ,                  1431   ,          10776   ,        100   ,                       99   ,                   0   ,                    0   ,              344.0   ,                 241.9   ,               94.1   ,                102.1   ,              12.0   ,               8.0   ,                12.0   ,          336.0   ,             12.0   ,                        76.5   ,               4   ,        1.0500   ,               31.0   ,                 10896   ,
2026-02-12 13:22:53 ,        2730.0   ,           1281.5   ,               68.0   ,        75.5   ,                  74.0   ,                40   ,                  1431   ,                40   ,                  1437   ,          10776   ,        100   ,                       99   ,                   0   ,                    0   ,              341.7   ,                 239.9   ,               93.8   ,                101.9   ,              12.0   ,               8.0   ,                12.0   ,          333.7   ,             12.0   ,                        75.9   ,               4   ,        1.0500   ,               30.0   ,                 10896   ,
2026-02-12 13:22:54 ,        2730.0   ,           1281.5   ,               67.9   ,        75.3   ,                  74.0   ,                40   ,                  1437   ,                40   ,                  1439   ,          10776   ,        100   ,                       99   ,                   0   ,                    0   ,              343.4   ,                 241.4   ,               93.8   ,                102.0   ,              12.0   ,               8.1   ,                12.0   ,          335.3   ,             12.0   ,                        76.4   ,               4   ,        1.0500   ,               30.0   ,                 10867   ,
2026-02-12 13:22:55 ,        2730.0   ,           1281.5   ,               67.9   ,        75.3   ,                  72.0   ,                40   ,                  1440   ,                40   ,                  1441   ,          10776   ,        100   ,                       99   ,                   0   ,                    0   ,              340.5   ,                 238.7   ,               93.7   ,                101.8   ,              12.0   ,               8.1   ,                12.0   ,          332.4   ,             12.0   ,                        75.7   ,               4   ,        1.0500   ,               30.0   ,                 10870   ,
2026-02-12 13:22:56 ,        2730.0   ,           1281.5   ,               67.8   ,        75.3   ,                  74.0   ,                40   ,                  1442   ,                40   ,                  1443   ,          10776   ,        100   ,                       99   ,                   0   ,                    0   ,              343.6   ,                 241.5   ,               94.0   ,                102.1   ,              12.0   ,               8.1   ,                12.0   ,          335.6   ,             12.0   ,                        76.4   ,               4   ,        1.0500   ,               30.0   ,                 10869   ,
2026-02-12 13:22:57 ,        2730.0   ,           1281.5   ,               67.8   ,        75.5   ,                  72.0   ,                40   ,                  1446   ,                40   ,                  1443   ,          10776   ,         98   ,                       97   ,                   0   ,                    0   ,              343.1   ,                 241.3   ,               93.8   ,                101.8   ,              12.0   ,               8.0   ,                12.0   ,          335.1   ,             12.0   ,                        76.3   ,               4   ,        1.0500   ,               30.0   ,                 10869   ,
2026-02-12 13:22:58 ,        2730.0   ,           1281.5   ,               67.8   ,        75.1   ,                  74.0   ,                40   ,                  1448   ,                40   ,                  1453   ,          10776   ,         98   ,                       97   ,                   0   ,                    0   ,              343.6   ,                 241.4   ,               94.1   ,                102.1   ,              12.0   ,               8.1   ,                12.0   ,          335.5   ,             12.0   ,                        76.3   ,               4   ,        1.0500   ,               30.0   ,                 10869   ,
2026-02-12 13:22:59 ,        2730.0   ,           1281.5   ,               65.6   ,        72.6   ,                  70.0   ,                40   ,                  1452   ,                40   ,                  1447   ,          10780   ,         28   ,                       20   ,                   0   ,                    1   ,              307.5   ,                 214.1   ,               85.4   ,                 93.4   ,              12.0   ,               8.0   ,                12.0   ,          299.5   ,             12.1   ,                        68.3   ,               4   ,        1.0500   ,               32.0   ,                 10880   ,
2026-02-12 13:23:00 ,        2730.0   ,           1281.5   ,               67.2   ,        74.4   ,                  72.0   ,                40   ,                  1450   ,                40   ,                  1447   ,          10780   ,        100   ,                       93   ,                   0   ,                    0   ,              334.8   ,                 232.9   ,               93.7   ,                101.8   ,              12.0   ,               8.1   ,                12.0   ,          326.7   ,             12.0   ,                        74.4   ,               4   ,        1.0500   ,               30.0   ,                 10883   ,
2026-02-12 13:23:01 ,        2730.0   ,           1281.5   ,               67.1   ,        74.5   ,                  72.0   ,                40   ,                  1454   ,                40   ,                  1445   ,          10780   ,         98   ,                       87   ,                   0   ,                    0   ,              336.1   ,                 234.1   ,               93.9   ,                102.0   ,              12.0   ,               8.1   ,                12.0   ,          328.0   ,             12.0   ,                        74.7   ,               4   ,        1.0500   ,               31.0   ,                 10884   ,
2026-02-12 13:23:02 ,        2730.0   ,           1281.5   ,               66.5   ,        73.7   ,                  72.0   ,                40   ,                  1458   ,                40   ,                  1453   ,          10780   ,        100   ,                       92   ,                   0   ,                    0   ,              333.8   ,                 232.8   ,               92.9   ,                101.0   ,              12.0   ,               8.1   ,                12.0   ,          325.7   ,             12.0   ,                        74.2   ,               4   ,        1.0500   ,               30.0   ,                 10885   ,
2026-02-12 13:23:03 ,        2730.0   ,           1281.5   ,               67.4   ,        74.6   ,                  72.0   ,                40   ,                  1454   ,                40   ,                  1451   ,          10780   ,        100   ,                       92   ,                   0   ,                    0   ,              334.2   ,                 232.7   ,               93.4   ,                101.5   ,              12.0   ,               8.1   ,                12.0   ,          326.1   ,             12.0   ,                        74.3   ,               4   ,        1.0500   ,               30.0   ,                 10887   ,
2026-02-12 13:23:04 ,        2730.0   ,           1281.5   ,               67.4   ,        74.6   ,                  74.0   ,                40   ,                  1454   ,                40   ,                  1457   ,          10780   ,        100   ,                       92   ,                   0   ,                    0   ,              334.5   ,                 232.9   ,               93.4   ,                101.5   ,              12.0   ,               8.1   ,                12.0   ,          326.4   ,             12.0   ,                        74.3   ,               4   ,        1.0500   ,               30.0   ,                 10889   ,
2026-02-12 13:23:05 ,        2730.0   ,           1281.5   ,               67.2   ,        74.3   ,                  72.0   ,                40   ,                  1454   ,                40   ,                  1457   ,          10780   ,        100   ,                       92   ,                   0   ,                    0   ,              335.9   ,                 234.8   ,               93.0   ,                101.1   ,              12.0   ,               8.1   ,                12.0   ,          327.8   ,             12.0   ,                        74.7   ,               4   ,        1.0500   ,               30.0   ,                 10888   ,
2026-02-12 13:23:06 ,        2730.0   ,           1281.5   ,               67.2   ,        74.5   ,                  72.0   ,                40   ,                  1454   ,                40   ,                  1457   ,          10780   ,        100   ,                       92   ,                   0   ,                    0   ,              332.8   ,                 231.8   ,               92.8   ,                100.9   ,              12.0   ,               8.1   ,                12.0   ,          324.6   ,             12.0   ,                        74.0   ,               4   ,        1.0500   ,               29.0   ,                 10890   ,
2026-02-12 13:23:07 ,        2730.0   ,           1281.5   ,               67.2   ,        74.4   ,                  72.0   ,                40   ,                  1456   ,                40   ,                  1457   ,          10780   ,         98   ,                       88   ,                   0   ,                    0   ,              335.6   ,                 234.2   ,                  -   ,                    -   ,                 -   ,                 -   ,                   -   ,              -   ,                -   ,                        74.6   ,               4   ,        1.0500   ,               29.0   ,                 10890   ,
2026-02-12 13:23:08 ,        2730.0   ,           1281.5   ,               67.2   ,        74.6   ,                  72.0   ,                40   ,                  1458   ,                40   ,                  1457   ,          10780   ,        100   ,                       91   ,                   0   ,                    0   ,              306.5   ,                 213.6   ,               84.9   ,                101.1   ,              12.0   ,               8.1   ,                12.0   ,          327.4   ,             12.0   ,                        74.5   ,               4   ,        1.0500   ,               30.0   ,                 10889   ,
2026-02-12 13:23:09 ,        2730.0   ,           1281.5   ,               66.7   ,        73.9   ,                  72.0   ,                40   ,                  1460   ,                40   ,                  1459   ,          10780   ,        100   ,                       92   ,                   0   ,                    0   ,              318.3   ,                 222.2   ,               88.1   ,                 96.1   ,              12.0   ,               8.0   ,                12.0   ,          310.3   ,             12.0   ,                        70.7   ,               4   ,        1.0500   ,               30.0   ,                 10892   ,
2026-02-12 13:23:10 ,        2730.0   ,           1281.5   ,               67.3   ,        74.7   ,                  72.0   ,                40   ,                  1460   ,                40   ,                  1459   ,          10780   ,        100   ,                       92   ,                   0   ,                    0   ,              335.2   ,                 233.5   ,               93.6   ,                101.8   ,              12.0   ,               8.2   ,                12.0   ,          327.1   ,             12.0   ,                        74.5   ,               4   ,        1.0500   ,               29.0   ,                 10892   ,
2026-02-12 13:23:11 ,        2730.0   ,           1281.5   ,               67.4   ,        74.6   ,                  72.0   ,                40   ,                  1460   ,                40   ,                  1459   ,          10780   ,        100   ,                       92   ,                   0   ,                    0   ,              335.6   ,                 234.3   ,               93.2   ,                101.3   ,              12.0   ,               8.1   ,                12.0   ,          327.5   ,             12.0   ,                        74.6   ,               4   ,        1.0500   ,               30.0   ,                 10891   ,
2026-02-12 13:23:12 ,        2730.0   ,           1281.5   ,               67.2   ,        74.5   ,                  72.0   ,                40   ,                  1458   ,                40   ,                  1459   ,          10780   ,        100   ,                       92   ,                   0   ,                    0   ,              333.1   ,                 232.2   ,               92.8   ,                100.9   ,              12.0   ,               8.1   ,                12.0   ,          325.0   ,             12.0   ,                        74.0   ,               4   ,        1.0500   ,               29.0   ,                 10893   ,
2026-02-12 13:23:13 ,        2730.0   ,           1281.5   ,               67.2   ,        74.3   ,                  74.0   ,                40   ,                  1462   ,                40   ,                  1463   ,          10780   ,        100   ,                       92   ,                   0   ,                    0   ,              332.0   ,                 230.7   ,               93.1   ,                101.4   ,              12.0   ,               8.2   ,                12.0   ,          323.8   ,             12.0   ,                        73.8   ,               4   ,        1.0500   ,               30.0   ,                 10893   ,
2026-02-12 13:23:14 ,        2730.0   ,           1281.5   ,               67.2   ,        74.3   ,                  74.0   ,                40   ,                  1462   ,                40   ,                  1461   ,          10780   ,        100   ,                       92   ,                   0   ,                    0   ,              334.6   ,                 233.6   ,               92.9   ,                101.0   ,              12.0   ,               8.1   ,                12.0   ,          326.5   ,             12.0   ,                        74.4   ,               4   ,        1.0500   ,               31.0   ,                 10893   ,
2026-02-12 13:23:15 ,        2730.0   ,           1281.5   ,               67.0   ,        74.1   ,                  72.0   ,                40   ,                  1462   ,                40   ,                  1461   ,          10780   ,         98   ,                       87   ,                   0   ,                    0   ,              336.2   ,                 234.2   ,               93.9   ,                102.0   ,              12.0   ,               8.1   ,                12.0   ,          328.1   ,             12.0   ,                        74.1   ,               4   ,        1.0500   ,               30.0   ,                 10893   ,
2026-02-12 13:23:16 ,        2730.0   ,           1281.5   ,               66.8   ,        73.8   ,                  74.0   ,                40   ,                  1460   ,                40   ,                  1467   ,          10780   ,         99   ,                       91   ,                   0   ,                    0   ,              334.6   ,                 233.3   ,               93.1   ,                101.3   ,              12.0   ,               8.1   ,                12.0   ,          301.0   ,             12.0   ,                        68.7   ,               4   ,        1.0500   ,               30.0   ,                 10893   ,
2026-02-12 13:23:17 ,        2730.0   ,           1281.5   ,               67.2   ,        74.4   ,                  72.0   ,                40   ,                  1460   ,                40   ,                  1463   ,          10780   ,        100   ,                       92   ,                   0   ,                    0   ,              334.4   ,                 232.6   ,               92.8   ,                101.0   ,              12.0   ,               8.1   ,                12.0   ,          325.9   ,             12.0   ,                        74.2   ,               4   ,        1.0500   ,               30.0   ,                 10894   ,
2026-02-12 13:23:18 ,        2730.0   ,           1281.5   ,               67.3   ,        74.6   ,                  72.0   ,                40   ,                  1460   ,                40   ,                  1465   ,          10780   ,        100   ,                       92   ,                   0   ,                    0   ,              332.2   ,                 230.9   ,               93.2   ,                101.3   ,              12.0   ,               8.1   ,                12.0   ,          324.1   ,             12.0   ,                        73.8   ,               4   ,        1.0500   ,               30.0   ,                 10895   ,
2026-02-12 13:23:19 ,        2730.0   ,           1281.5   ,               67.2   ,        74.4   ,                  72.0   ,                40   ,                  1462   ,                40   ,                  1463   ,          10780   ,        100   ,                       91   ,                   0   ,                    0   ,              336.5   ,                 235.4   ,               93.0   ,                101.2   ,              12.0   ,               8.1   ,                12.0   ,          328.4   ,             12.0   ,                        74.8   ,               4   ,        1.0500   ,               30.0   ,                 10895   ,
2026-02-12 13:23:20 ,        2730.0   ,           1281.5   ,               67.2   ,        74.2   ,                  72.0   ,                40   ,                  1466   ,                40   ,                  1461   ,          10780   ,        100   ,                       92   ,                   0   ,                    0   ,              334.0   ,                 232.4   ,               93.5   ,                101.6   ,              12.0   ,               8.1   ,                12.0   ,          325.9   ,             12.0   ,                        74.2   ,               4   ,        1.0500   ,               30.0   ,                 10895   ,
2026-02-12 13:23:21 ,        2730.0   ,           1281.5   ,               67.2   ,        74.3   ,                  74.0   ,                40   ,                  1464   ,                40   ,                  1457   ,          10780   ,        100   ,                       93   ,                   0   ,                    0   ,              335.3   ,                 233.7   ,               93.4   ,                101.6   ,              12.0   ,               8.2   ,                12.0   ,          327.1   ,             12.0   ,                        74.5   ,               4   ,        1.0500   ,               30.0   ,                 10865   ,
2026-02-12 13:23:22 ,        2730.0   ,           1281.5   ,               67.2   ,        74.3   ,                  72.0   ,                40   ,                  1466   ,                40   ,                  1459   ,          10780   ,         98   ,                       87   ,                   0   ,                    0   ,              331.3   ,                 230.2   ,               93.0   ,                101.1   ,              12.0   ,               8.1   ,                12.0   ,          323.2   ,             12.0   ,                        73.6   ,               4   ,        1.0500   ,               30.0   ,                 10868   ,
2026-02-12 13:23:23 ,        2730.0   ,           1281.5   ,               66.6   ,        73.7   ,                  74.0   ,                40   ,                  1464   ,                40   ,                  1467   ,          10780   ,        100   ,                       92   ,                   0   ,                    0   ,              334.5   ,                 233.4   ,               93.0   ,                101.1   ,              12.0   ,               8.1   ,                12.0   ,          326.4   ,             12.0   ,                        74.3   ,               4   ,        1.0500   ,               30.0   ,                 10868   ,
2026-02-12 13:23:24 ,        2730.0   ,           1281.5   ,               67.1   ,        74.3   ,                  74.0   ,                40   ,                  1468   ,                40   ,                  1469   ,          10780   ,        100   ,                       93   ,                   0   ,                    0   ,              334.5   ,                 233.5   ,               92.9   ,                101.1   ,              12.0   ,               8.2   ,                12.0   ,          326.4   ,             12.0   ,                        74.3   ,               4   ,        1.0500   ,               30.0   ,                 10868   ,
2026-02-12 13:23:25 ,        2730.0   ,           1281.5   ,               67.3   ,        74.8   ,                  72.0   ,                40   ,                  1468   ,                40   ,                  1467   ,          10780   ,        100   ,                       92   ,                   0   ,                    0   ,              330.6   ,                 229.2   ,               93.1   ,                101.4   ,              12.0   ,               8.3   ,                12.0   ,          322.3   ,             12.0   ,                        73.5   ,               4   ,        1.0500   ,               31.0   ,                 10868   ,
2026-02-12 13:23:26 ,        2730.0   ,           1281.5   ,               67.2   ,        74.3   ,                  72.0   ,                40   ,                  1466   ,                40   ,                  1463   ,          10780   ,        100   ,                       92   ,                   0   ,                    0   ,              334.0   ,                 232.5   ,               93.3   ,                101.5   ,              12.0   ,               8.2   ,                12.0   ,          325.8   ,             12.0   ,                        74.5   ,               4   ,        1.0500   ,               29.0   ,                 10870   ,
2026-02-12 13:23:27 ,        2730.0   ,           1281.5   ,               67.2   ,        74.3   ,                  72.0   ,                40   ,                  1464   ,                40   ,                  1465   ,          10780   ,        100   ,                       92   ,                   0   ,                    0   ,              335.2   ,                 233.6   ,               93.4   ,                101.5   ,              12.0   ,               8.2   ,                12.0   ,          327.0   ,             12.0   ,                        74.5   ,               4   ,        1.0500   ,               30.0   ,                 10869   ,
2026-02-12 13:23:28 ,        2730.0   ,           1281.5   ,               67.2   ,        74.4   ,                  74.0   ,                40   ,                  1468   ,                40   ,                  1465   ,          10780   ,         98   ,                       87   ,                   0   ,                    0   ,              336.6   ,                 234.7   ,               93.7   ,                101.9   ,              12.0   ,               8.2   ,                12.0   ,          326.9   ,             12.0   ,                        74.5   ,               4   ,        1.0500   ,               30.0   ,                 10865   ,
2026-02-12 13:23:29 ,        2730.0   ,           1281.5   ,               67.2   ,        74.5   ,                  72.0   ,                40   ,                  1468   ,                40   ,                  1467   ,          10780   ,         99   ,                       90   ,                   0   ,                    0   ,              315.5   ,                 220.0   ,               87.4   ,                 95.4   ,              12.0   ,               8.0   ,                12.0   ,          307.4   ,             12.0   ,                        70.1   ,               4   ,        1.0500   ,               30.0   ,                 10866   ,
2026-02-12 13:23:30 ,        2730.0   ,           1281.5   ,               66.6   ,        73.7   ,                  74.0   ,                40   ,                  1468   ,                40   ,                  1469   ,          10780   ,        100   ,                       92   ,                   0   ,                    0   ,              334.7   ,                 233.2   ,               83.9   ,                 92.0   ,              12.0   ,               8.0   ,                12.0   ,          294.1   ,             12.0   ,                        67.1   ,               4   ,        1.0500   ,               30.0   ,                 10867   ,
2026-02-12 13:23:31 ,        2730.0   ,           1281.5   ,               67.0   ,        74.2   ,                  72.0   ,                40   ,                  1468   ,                40   ,                  1469   ,          10780   ,        100   ,                       92   ,                   0   ,                    0   ,              334.2   ,                 232.7   ,               93.4   ,                101.6   ,              12.0   ,               8.1   ,                12.0   ,          326.1   ,             12.0   ,                        74.3   ,               4   ,        1.0500   ,               30.0   ,                 10869   ,
2026-02-12 13:23:32 ,        2730.0   ,           1281.5   ,               67.2   ,        74.3   ,                  72.0   ,                40   ,                  1466   ,                40   ,                  1469   ,          10780   ,        100   ,                       92   ,                   0   ,                    0   ,              333.3   ,                 232.4   ,               92.7   ,                100.9   ,              12.0   ,               8.1   ,                12.0   ,          325.1   ,             12.0   ,                        74.1   ,               4   ,        1.0500   ,               30.0   ,                 10868   ,
2026-02-12 13:23:33 ,        2730.0   ,           1281.5   ,               67.2   ,        74.3   ,                  74.0   ,                40   ,                  1468   ,                40   ,                  1469   ,          10780   ,        100   ,                       92   ,                   0   ,                    0   ,              332.2   ,                 231.1   ,               93.0   ,                101.1   ,              12.0   ,               8.1   ,                12.0   ,          324.1   ,             12.0   ,                        73.8   ,               4   ,        1.0500   ,               30.0   ,                 10868   ,
2026-02-12 13:23:34 ,        2730.0   ,           1281.5   ,               67.2   ,        74.4   ,                  74.0   ,                40   ,                  1468   ,                40   ,                  1471   ,          10780   ,        100   ,                       93   ,                   0   ,                    0   ,              334.1   ,                 232.4   ,               93.5   ,                101.7   ,              12.0   ,               8.2   ,                12.0   ,          325.9   ,             12.0   ,                        74.2   ,               4   ,        1.0500   ,               30.0   ,                 10869   ,
2026-02-12 13:23:35 ,        2730.0   ,           1281.5   ,               67.2   ,        74.5   ,                  72.0   ,                40   ,                  1472   ,                40   ,                  1471   ,          10780   ,        100   ,                       92   ,                   0   ,                    0   ,              335.5   ,                 234.0   ,               93.3   ,                101.4   ,              12.0   ,               8.1   ,                12.0   ,          327.3   ,             12.0   ,                        73.7   ,               4   ,        1.0500   ,               30.0   ,                 10868   ,
2026-02-12 13:23:36 ,        2730.0   ,           1281.5   ,               67.2   ,        74.5   ,                  72.0   ,                40   ,                  1474   ,                40   ,                  1471   ,          10780   ,         98   ,                       87   ,                   0   ,                    0   ,              333.4   ,                 232.1   ,               93.1   ,                101.3   ,              12.0   ,               8.2   ,                12.0   ,          326.5   ,             12.0   ,                        74.4   ,               4   ,        1.0500   ,               31.0   ,                 10870   ,
2026-02-12 13:23:37 ,        2730.0   ,           1281.5   ,               66.8   ,        73.9   ,                  72.0   ,                40   ,                  1470   ,                40   ,                  1473   ,          10780   ,        100   ,                       92   ,                   0   ,                    0   ,              308.4   ,                 214.8   ,               85.5   ,                 93.5   ,              12.0   ,               8.0   ,                12.0   ,          300.3   ,             12.0   ,                        68.5   ,               4   ,        1.0500   ,               30.0   ,                 10869   ,
2026-02-12 13:23:38 ,        2730.0   ,           1281.5   ,               67.1   ,        74.4   ,                  74.0   ,                40   ,                  1472   ,                40   ,                  1473   ,          10780   ,        100   ,                       92   ,                   0   ,                    0   ,              333.3   ,                 232.2   ,               92.9   ,                101.1   ,              12.0   ,               8.2   ,                12.0   ,          325.0   ,             12.0   ,                        74.1   ,               4   ,        1.0500   ,               30.0   ,                 10870   ,
2026-02-12 13:23:39 ,        2730.0   ,           1281.5   ,               67.0   ,        74.1   ,                  74.0   ,                40   ,                  1472   ,                40   ,                  1475   ,          10780   ,        100   ,                       92   ,                   0   ,                    0   ,              332.8   ,                 231.5   ,               93.0   ,                101.2   ,              12.0   ,               8.2   ,                12.0   ,          324.6   ,             12.0   ,                        73.9   ,               4   ,        1.0500   ,               29.0   ,                 10870   ,
2026-02-12 13:23:40 ,        2730.0   ,           1281.5   ,               65.7   ,        72.5   ,                  70.0   ,                40   ,                  1472   ,                40   ,                  1473   ,          10780   ,         48   ,                       36   ,                   0   ,                    1   ,              324.4   ,                 224.5   ,               91.7   ,                 99.9   ,              12.0   ,               8.1   ,                12.0   ,          316.3   ,             12.0   ,                        72.1   ,               4   ,        1.0500   ,               30.0   ,                 10876   ,
2026-02-12 13:23:41 ,        2730.0   ,           1281.5   ,               66.7   ,        73.8   ,                  72.0   ,                40   ,                  1472   ,                40   ,                  1473   ,          10780   ,         97   ,                       86   ,                   0   ,                    0   ,              330.5   ,                 229.1   ,               93.1   ,                101.3   ,              12.0   ,               8.2   ,                12.0   ,          322.3   ,             12.0   ,                        73.4   ,               4   ,        1.0500   ,               30.0   ,                 10883   ,
2026-02-12 13:23:42 ,        2730.0   ,           1281.5   ,               65.5   ,        72.5   ,                  72.0   ,                40   ,                  1474   ,                40   ,                  1473   ,          10780   ,        100   ,                       91   ,                   0   ,                    0   ,              331.6   ,                 230.3   ,               93.1   ,                101.2   ,              12.0   ,               8.2   ,                12.0   ,          323.4   ,             12.0   ,                        68.4   ,               4   ,        1.0500   ,               30.0   ,                 10884   ,
2026-02-12 13:23:43 ,        2730.0   ,           1281.5   ,               66.6   ,        73.6   ,                  72.0   ,                40   ,                  1474   ,                40   ,                  1473   ,          10780   ,        100   ,                       92   ,                   0   ,                    0   ,              330.7   ,                 229.3   ,               91.5   ,                 99.8   ,              12.0   ,               8.2   ,                12.0   ,          317.7   ,             12.0   ,                        72.4   ,               4   ,        1.0500   ,               30.0   ,                 10885   ,
2026-02-12 13:23:44 ,        2730.0   ,           1281.5   ,               66.6   ,        73.5   ,                  72.0   ,                40   ,                  1472   ,                40   ,                  1469   ,          10780   ,        100   ,                       91   ,                   0   ,                    0   ,              331.4   ,                 229.9   ,               93.3   ,                101.5   ,              12.0   ,               8.3   ,                12.0   ,          323.1   ,             12.0   ,                        73.6   ,               4   ,        1.0500   ,               30.0   ,                 10887   ,
2026-02-12 13:23:45 ,        2730.0   ,           1281.5   ,               66.5   ,        73.6   ,                  72.0   ,                40   ,                  1472   ,                40   ,                  1473   ,          10780   ,         97   ,                       86   ,                   0   ,                    0   ,              332.1   ,                 230.8   ,               93.1   ,                101.4   ,              12.0   ,               8.3   ,                12.0   ,          323.5   ,             12.0   ,                        73.7   ,               4   ,        1.0500   ,               30.0   ,                 10887   ,
2026-02-12 13:23:46 ,        2730.0   ,           1281.5   ,               66.4   ,        73.4   ,                  72.0   ,                40   ,                  1474   ,                40   ,                  1473   ,          10780   ,         98   ,                       86   ,                   0   ,                    0   ,              304.7   ,                 211.3   ,               85.2   ,                 93.4   ,              12.0   ,               8.1   ,                12.0   ,          296.5   ,             12.0   ,                        67.7   ,               4   ,        1.0500   ,               30.0   ,                 10889   ,
2026-02-12 13:23:47 ,        2730.0   ,           1281.5   ,               66.7   ,        74.1   ,                  72.0   ,                40   ,                  1474   ,                40   ,                  1473   ,          10780   ,         99   ,                       90   ,                   0   ,                    0   ,              326.0   ,                 226.3   ,               91.5   ,                 99.7   ,              12.0   ,               8.2   ,                12.0   ,          317.8   ,             12.0   ,                        72.4   ,               4   ,        1.0500   ,               29.0   ,                 10876   ,
2026-02-12 13:23:48 ,        2730.0   ,           1281.5   ,               66.8   ,        73.8   ,                  72.0   ,                40   ,                  1472   ,                40   ,                  1477   ,          10780   ,        100   ,                       91   ,                   0   ,                    0   ,              331.7   ,                 230.5   ,               92.9   ,                101.1   ,              12.0   ,               8.2   ,                12.0   ,          323.5   ,             12.0   ,                        73.7   ,               4   ,        1.0500   ,               29.0   ,                 10878   ,
2026-02-12 13:23:49 ,        2730.0   ,           1281.5   ,               66.9   ,        74.1   ,                  74.0   ,                40   ,                  1474   ,                40   ,                  1473   ,          10780   ,        100   ,                       91   ,                   0   ,                    0   ,              331.6   ,                 230.5   ,               92.9   ,                101.1   ,              12.0   ,               8.2   ,                12.0   ,          323.4   ,             12.0   ,                        73.7   ,               4   ,        1.0500   ,               29.0   ,                 10878   ,
2026-02-12 13:23:50 ,        2730.0   ,           1281.5   ,               66.7   ,        73.8   ,                  74.0   ,                40   ,                  1474   ,                40   ,                  1471   ,          10780   ,         97   ,                       86   ,                   0   ,                    0   ,              305.8   ,                 212.4   ,               85.4   ,                 93.4   ,              12.0   ,               8.0   ,                12.0   ,          297.8   ,             12.0   ,                        68.0   ,               4   ,        1.0500   ,               30.0   ,                 10878   ,
2026-02-12 13:23:51 ,        2730.0   ,           1281.5   ,               66.8   ,        73.9   ,                  72.0   ,                40   ,                  1472   ,                40   ,                  1471   ,          10780   ,        100   ,                       91   ,                   0   ,                    0   ,              330.3   ,                 229.0   ,               93.1   ,                101.3   ,              12.0   ,               8.2   ,                12.0   ,          322.1   ,             12.0   ,                        73.4   ,               4   ,        1.0500   ,               31.0   ,                 10879   ,
2026-02-12 13:23:52 ,        2730.0   ,           1281.5   ,               66.9   ,        73.9   ,                  72.0   ,                40   ,                  1472   ,                40   ,                  1477   ,          10780   ,        100   ,                       91   ,                   0   ,                    0   ,              330.4   ,                 229.4   ,               92.9   ,                101.0   ,              12.0   ,               8.2   ,                12.0   ,          322.2   ,             12.0   ,                        73.4   ,               4   ,        1.0500   ,               31.0   ,                 10879   ,
2026-02-12 13:23:53 ,        2730.0   ,           1281.5   ,               66.9   ,        74.0   ,                  72.0   ,                40   ,                  1474   ,                40   ,                  1477   ,          10780   ,        100   ,                       91   ,                   0   ,                    0   ,              329.9   ,                 228.7   ,               93.0   ,                101.2   ,              12.0   ,               8.2   ,                12.0   ,          321.6   ,             12.0   ,                        73.3   ,               4   ,        1.0500   ,               30.0   ,                 10879   ,
2026-02-12 13:23:54 ,        2730.0   ,           1281.5   ,               66.7   ,        73.7   ,                  74.0   ,                40   ,                  1472   ,                40   ,                  1475   ,          10780   ,         98   ,                       86   ,                   0   ,                    0   ,              307.0   ,                 213.3   ,               85.7   ,                 93.7   ,              12.0   ,               8.0   ,                12.0   ,          299.0   ,             12.0   ,                        68.2   ,               4   ,        1.0500   ,               30.0   ,                 10848   ,
2026-02-12 13:23:55 ,        2730.0   ,           1281.5   ,               66.8   ,        73.8   ,                  74.0   ,                40   ,                  1472   ,                40   ,                  1473   ,          10780   ,        100   ,                       92   ,                   0   ,                    0   ,              331.0   ,                 229.5   ,               93.4   ,                101.5   ,              12.0   ,               8.2   ,                12.0   ,          322.9   ,             12.0   ,                        73.6   ,               4   ,        1.0500   ,               30.0   ,                 10852   ,
2026-02-12 13:23:56 ,        2730.0   ,           1281.5   ,               66.9   ,        74.0   ,                  72.0   ,                40   ,                  1474   ,                40   ,                  1471   ,          10780   ,        100   ,                       91   ,                   0   ,                    0   ,              330.9   ,                 229.6   ,               93.2   ,                101.3   ,              12.0   ,               8.1   ,                12.0   ,          322.8   ,             12.0   ,                        73.5   ,               4   ,        1.0500   ,               30.0   ,                 10851   ,
2026-02-12 13:23:57 ,        2730.0   ,           1281.5   ,               66.8   ,        74.0   ,                  74.0   ,                40   ,                  1472   ,                40   ,                  1471   ,          10780   ,        100   ,                       91   ,                   0   ,                    0   ,              330.8   ,                 229.6   ,               93.1   ,                101.2   ,              12.0   ,               8.2   ,                12.0   ,          322.6   ,             12.0   ,                        73.5   ,               4   ,        1.0500   ,               30.0   ,                 10850   ,
2026-02-12 13:23:58 ,        2730.0   ,           1281.5   ,               66.9   ,        74.1   ,                  74.0   ,                40   ,                  1474   ,                40   ,                  1475   ,          10780   ,         97   ,                       85   ,                   0   ,                    0   ,              300.0   ,                 207.5   ,               84.5   ,                 92.6   ,              12.0   ,               8.3   ,                12.0   ,          324.1   ,             12.0   ,                        73.9   ,               4   ,        1.0500   ,               31.0   ,                 10851   ,
2026-02-12 13:23:59 ,        2730.0   ,           1281.5   ,               66.4   ,        73.4   ,                  72.0   ,                40   ,                  1478   ,                40   ,                  1473   ,          10780   ,        100   ,                       91   ,                   0   ,                    0   ,              329.9   ,                 228.5   ,               93.2   ,                101.4   ,              12.0   ,               8.1   ,                12.0   ,          321.7   ,             12.0   ,                        73.3   ,               4   ,        1.0500   ,               30.0   ,                 10852   ,
2026-02-12 13:24:00 ,        2730.0   ,           1281.5   ,               66.9   ,        74.0   ,                  74.0   ,                40   ,                  1480   ,                40   ,                  1475   ,          10780   ,        100   ,                       91   ,                   0   ,                    0   ,              329.5   ,                 228.1   ,               93.2   ,                101.4   ,              12.0   ,               8.2   ,                12.0   ,          321.3   ,             12.0   ,                        73.2   ,               4   ,        1.0500   ,               30.0   ,                 10852   ,
2026-02-12 13:24:01 ,        2730.0   ,           1281.5   ,               66.8   ,        73.8   ,                  72.0   ,                40   ,                  1476   ,                40   ,                  1479   ,          10780   ,        100   ,                       91   ,                   0   ,                    0   ,              331.1   ,                 229.7   ,               93.2   ,                101.3   ,              12.0   ,               8.2   ,                12.0   ,          322.9   ,             12.0   ,                        73.6   ,               4   ,        1.0500   ,               31.0   ,                 10852   ,
2026-02-12 13:24:02 ,        2730.0   ,           1281.5   ,               66.8   ,        73.8   ,                  74.0   ,                40   ,                  1476   ,                40   ,                  1484   ,          10780   ,         98   ,                       86   ,                   0   ,                    0   ,              331.4   ,                 230.1   ,               93.2   ,                101.3   ,              12.0   ,               8.2   ,                12.0   ,          323.2   ,             12.0   ,                        73.6   ,               4   ,        1.0500   ,               30.0   ,                 10851   ,
2026-02-12 13:24:03 ,        2730.0   ,           1281.5   ,               66.9   ,        74.0   ,                  74.0   ,                40   ,                  1478   ,                40   ,                  1473   ,          10780   ,        100   ,                       91   ,                   0   ,                    0   ,              325.3   ,                 225.7   ,               91.5   ,                 99.6   ,              12.0   ,               8.2   ,                12.0   ,          317.2   ,             12.0   ,                        72.3   ,               4   ,        1.0500   ,               30.0   ,                 10853   ,
2026-02-12 13:24:04 ,        2730.0   ,           1281.5   ,               66.8   ,        74.1   ,                  72.0   ,                40   ,                  1476   ,                40   ,                  1477   ,          10780   ,        100   ,                       91   ,                   0   ,                    0   ,              332.3   ,                 231.1   ,               93.0   ,                101.2   ,              12.0   ,               8.2   ,                12.0   ,          324.1   ,             12.0   ,                        73.8   ,               4   ,        1.0500   ,               30.0   ,                 10854   ,
2026-02-12 13:24:05 ,        2730.0   ,           1281.5   ,               66.8   ,        73.9   ,                  72.0   ,                40   ,                  1474   ,                40   ,                  1477   ,          10780   ,        100   ,                       91   ,                   0   ,                    0   ,              331.4   ,                 230.2   ,               93.1   ,                101.1   ,              12.0   ,               8.1   ,                12.0   ,          324.1   ,             12.0   ,                        73.8   ,               4   ,        1.0500   ,               30.0   ,                 10854   ,
2026-02-12 13:24:06 ,        2730.0   ,           1281.5   ,               66.7   ,        73.8   ,                  74.0   ,                40   ,                  1476   ,                40   ,                  1479   ,          10780   ,         98   ,                       86   ,                   0   ,                    0   ,              329.4   ,                 228.1   ,               93.1   ,                101.3   ,              12.0   ,               8.2   ,                12.0   ,          321.2   ,             12.0   ,                        73.2   ,               4   ,        1.0500   ,               30.0   ,                 10854   ,
2026-02-12 13:24:07 ,        2730.0   ,           1281.5   ,               66.7   ,        73.8   ,                  74.0   ,                40   ,                  1480   ,                40   ,                  1475   ,          10780   ,         99   ,                       90   ,                   0   ,                    0   ,              331.2   ,                 230.1   ,               92.9   ,                101.1   ,              12.0   ,               8.2   ,                12.0   ,          323.0   ,             12.0   ,                        73.6   ,               4   ,        1.0500   ,               30.0   ,                 10854   ,
2026-02-12 13:24:08 ,        2730.0   ,           1281.5   ,               66.8   ,        73.9   ,                  74.0   ,                40   ,                  1480   ,                40   ,                  1475   ,          10780   ,        100   ,                       91   ,                   0   ,                    0   ,              330.8   ,                 229.4   ,               93.2   ,                101.4   ,              12.0   ,               8.2   ,                12.0   ,          322.6   ,             12.0   ,                        73.5   ,               4   ,        1.0500   ,               29.0   ,                 10856   ,
2026-02-12 13:24:09 ,        2730.0   ,           1281.5   ,               66.9   ,        74.1   ,                  72.0   ,                40   ,                  1480   ,                40   ,                  1477   ,          10780   ,        100   ,                       92   ,                   0   ,                    0   ,              332.2   ,                 230.7   ,               93.3   ,                101.5   ,              12.0   ,               8.2   ,                12.0   ,          324.0   ,             12.0   ,                        73.8   ,               4   ,        1.0500   ,               30.0   ,                 10854   ,
2026-02-12 13:24:10 ,        2730.0   ,           1281.5   ,               66.8   ,        73.9   ,                  72.0   ,                40   ,                  1478   ,                40   ,                  1477   ,          10780   ,        100   ,                       91   ,                   0   ,                    0   ,              330.4   ,                 229.2   ,               93.0   ,                101.2   ,              12.0   ,               8.2   ,                12.0   ,          322.2   ,             12.0   ,                        73.4   ,               4   ,        1.0500   ,               30.0   ,                 10856   ,
2026-02-12 13:24:11 ,        2730.0   ,           1281.5   ,               66.3   ,        73.3   ,                  74.0   ,                40   ,                  1480   ,                40   ,                  1479   ,          10780   ,         99   ,                       90   ,                   0   ,                    0   ,              330.2   ,                 229.1   ,               92.8   ,                101.1   ,              12.0   ,               8.3   ,                12.0   ,          321.9   ,             12.0   ,                        73.4   ,               4   ,        1.0500   ,               30.0   ,                 10856   ,
2026-02-12 13:24:12 ,        2730.0   ,           1281.5   ,               66.7   ,        73.7   ,                  74.0   ,                40   ,                  1478   ,                40   ,                  1482   ,          10780   ,        100   ,                       91   ,                   0   ,                    0   ,              330.7   ,                 229.3   ,               93.1   ,                101.4   ,              12.0   ,               8.3   ,                12.0   ,          322.4   ,             12.0   ,                        73.7   ,               4   ,        1.0500   ,               30.0   ,                 10857   ,
2026-02-12 13:24:13 ,        2730.0   ,           1281.5   ,               66.9   ,        74.1   ,                  72.0   ,                40   ,                  1480   ,                40   ,                  1480   ,          10780   ,        100   ,                       92   ,                   0   ,                    0   ,              330.6   ,                 228.8   ,               93.5   ,                101.5   ,              12.0   ,               8.3   ,                12.0   ,          322.9   ,             12.0   ,                        73.6   ,               4   ,        1.0500   ,               30.0   ,                 10857   ,
2026-02-12 13:24:14 ,        2730.0   ,           1281.5   ,               66.8   ,        73.8   ,                  74.0   ,                40   ,                  1480   ,                40   ,                  1473   ,          10780   ,        100   ,                       91   ,                   0   ,                    0   ,              331.6   ,                 230.1   ,               93.2   ,                101.5   ,              12.0   ,               8.2   ,                12.0   ,          323.3   ,             12.0   ,                        73.7   ,               4   ,        1.0500   ,               30.0   ,                 10856   ,
2026-02-12 13:24:15 ,        2730.0   ,           1281.5   ,               66.7   ,        73.8   ,                  72.0   ,                40   ,                  1480   ,                40   ,                  1486   ,          10780   ,         99   ,                       90   ,                   0   ,                    0   ,              303.8   ,                 210.5   ,               85.3   ,                 93.4   ,              12.0   ,               8.1   ,                12.0   ,          295.7   ,             12.0   ,                        67.5   ,               4   ,        1.0500   ,               30.0   ,                 10857   ,
2026-02-12 13:24:16 ,        2730.0   ,           1281.5   ,               66.6   ,        73.5   ,                  72.0   ,                41   ,                  1480   ,                41   ,                  1475   ,          10780   ,        100   ,                       91   ,                   0   ,                    0   ,              331.1   ,                 229.7   ,               93.2   ,                101.4   ,              12.0   ,               8.2   ,                12.0   ,          322.9   ,             12.0   ,                        73.6   ,               4   ,        1.0500   ,               30.0   ,                 10858   ,
2026-02-12 13:24:17 ,        2730.0   ,           1281.5   ,               66.7   ,        73.7   ,                  74.0   ,                41   ,                  1480   ,                41   ,                  1480   ,          10780   ,        100   ,                       92   ,                   0   ,                    0   ,              331.4   ,                 229.9   ,               93.2   ,                101.5   ,              12.0   ,               8.3   ,                12.0   ,          323.1   ,             12.0   ,                        73.7   ,               4   ,        1.0500   ,               30.0   ,                 10859   ,
2026-02-12 13:24:18 ,        2730.0   ,           1281.5   ,               66.6   ,        73.9   ,                  74.0   ,                41   ,                  1480   ,                41   ,                  1480   ,          10780   ,        100   ,                       92   ,                   0   ,                    0   ,              331.2   ,                 229.6   ,               93.3   ,                101.6   ,              12.0   ,               8.3   ,                12.0   ,          322.9   ,             12.0   ,                        73.6   ,               4   ,        1.0500   ,               30.0   ,                 10859   ,
2026-02-12 13:24:19 ,        2730.0   ,           1281.5   ,               66.7   ,        73.7   ,                  74.0   ,                41   ,                  1480   ,                41   ,                  1484   ,          10780   ,         99   ,                       90   ,                   0   ,                    0   ,              308.9   ,                 214.0   ,               86.7   ,                 94.9   ,              12.0   ,               8.2   ,                12.0   ,          300.7   ,             12.0   ,                        68.6   ,               4   ,        1.0500   ,               31.0   ,                 10859   ,
2026-02-12 13:24:20 ,        2730.0   ,           1281.5   ,               67.0   ,        74.2   ,                  74.0   ,                41   ,                  1480   ,                41   ,                  1480   ,          10780   ,        100   ,                       92   ,                   0   ,                    0   ,              335.8   ,                 233.9   ,               93.6   ,                101.9   ,              12.0   ,               8.2   ,                12.0   ,          327.6   ,             12.0   ,                        74.6   ,               4   ,        1.0500   ,               32.0   ,                 10860   ,
2026-02-12 13:24:21 ,        2730.0   ,           1281.5   ,               66.8   ,        73.8   ,                  72.0   ,                41   ,                  1482   ,                41   ,                  1480   ,          10780   ,        100   ,                       91   ,                   0   ,                    0   ,              330.2   ,                 228.9   ,               92.9   ,                101.3   ,              12.0   ,               8.3   ,                12.0   ,          321.9   ,             12.0   ,                        73.4   ,               4   ,        1.0500   ,               30.0   ,                 10860   ,
2026-02-12 13:24:22 ,        2730.0   ,           1281.5   ,               66.8   ,        74.0   ,                  72.0   ,                41   ,                  1480   ,                41   ,                  1481   ,          10780   ,        100   ,                       91   ,                   0   ,                    0   ,              331.7   ,                 230.4   ,               93.0   ,                101.4   ,              12.0   ,               8.3   ,                12.0   ,          323.4   ,             12.0   ,                        73.7   ,               4   ,        1.0500   ,               30.0   ,                 10860   ,
2026-02-12 13:24:23 ,        2730.0   ,           1281.5   ,               66.8   ,        73.8   ,                  72.0   ,                41   ,                  1480   ,                41   ,                  1482   ,          10780   ,         97   ,                       85   ,                   0   ,                    0   ,              331.3   ,                 229.5   ,               93.5   ,                101.8   ,              12.0   ,               8.3   ,                12.0   ,          323.0   ,             12.0   ,                        73.6   ,               4   ,        1.0500   ,               31.0   ,                 10861   ,
2026-02-12 13:24:24 ,        2730.0   ,           1281.5   ,               66.9   ,        74.2   ,                  74.0   ,                41   ,                  1480   ,                41   ,                  1484   ,          10780   ,        100   ,                       91   ,                   0   ,                    0   ,              330.0   ,                 228.8   ,               92.9   ,                101.2   ,              12.0   ,               8.3   ,                12.0   ,          321.7   ,             12.0   ,                        73.6   ,               4   ,        1.0500   ,               30.0   ,                 10862   ,
2026-02-12 13:24:25 ,        2730.0   ,           1281.5   ,               66.9   ,        74.1   ,                  72.0   ,                41   ,                  1476   ,                41   ,                  1486   ,          10780   ,        100   ,                       91   ,                   0   ,                    0   ,              329.7   ,                 228.4   ,               93.0   ,                101.3   ,              12.0   ,               8.3   ,                12.0   ,          321.4   ,             12.0   ,                        73.7   ,               4   ,        1.0500   ,               30.0   ,                 10862   ,
2026-02-12 13:24:27 ,        2730.0   ,           1281.5   ,               59.6   ,        68.2   ,                  68.0   ,                41   ,                  1480   ,                41   ,                  1477   ,          11006   ,         28   ,                       26   ,                   0   ,                    0   ,               83.0   ,                  53.0   ,               26.6   ,                 33.7   ,              12.1   ,               7.1   ,                12.1   ,           92.2   ,             12.1   ,                        22.1   ,               4   ,        1.0500   ,               37.0   ,                 11000   ,
2026-02-12 13:24:27 ,        2730.0   ,           1281.5   ,               67.3   ,        74.8   ,                  72.0   ,                41   ,                  1482   ,                41   ,                  1480   ,          11006   ,         98   ,                       82   ,                   0   ,                    0   ,              346.1   ,                 248.2   ,               89.6   ,                 97.9   ,              11.9   ,               8.3   ,                12.0   ,          337.8   ,             12.0   ,                        78.1   ,               4   ,        1.0500   ,               31.0   ,                 11007   ,
2026-02-12 13:24:28 ,        2730.0   ,           1281.5   ,               67.5   ,        75.2   ,                  72.0   ,                41   ,                  1482   ,                41   ,                  1480   ,          11006   ,        100   ,                       84   ,                   0   ,                    0   ,              341.8   ,                 246.0   ,               87.5   ,                 95.8   ,              12.0   ,               8.3   ,                12.0   ,          333.5   ,             12.0   ,                        76.0   ,               4   ,        1.0500   ,               30.0   ,                 11010   ,
2026-02-12 13:24:29 ,        2730.0   ,           1281.5   ,               67.0   ,        74.4   ,                  72.0   ,                41   ,                  1484   ,                41   ,                  1484   ,          11006   ,        100   ,                       84   ,                   0   ,                    0   ,              341.2   ,                 245.3   ,               87.6   ,                 95.9   ,              12.0   ,               8.3   ,                12.0   ,          332.9   ,             12.0   ,                        75.8   ,               4   ,        1.0500   ,               30.0   ,                 11012   ,
2026-02-12 13:24:30 ,        2730.0   ,           1281.5   ,               67.6   ,        75.1   ,                  72.0   ,                41   ,                  1484   ,                41   ,                  1482   ,          11006   ,        100   ,                       84   ,                   0   ,                    0   ,              348.6   ,                 250.4   ,               89.9   ,                 98.2   ,              12.0   ,               8.3   ,                12.0   ,          340.3   ,             12.0   ,                        77.5   ,               4   ,        1.0500   ,               30.0   ,                 10985   ,
2026-02-12 13:24:31 ,        2730.0   ,           1281.5   ,               67.8   ,        75.4   ,                  74.0   ,                41   ,                  1482   ,                41   ,                  1480   ,          11006   ,        100   ,                       84   ,                   0   ,                    0   ,              348.2   ,                 249.8   ,               89.9   ,                 98.3   ,              12.0   ,               8.4   ,                12.0   ,          339.8   ,             12.0   ,                        77.4   ,               4   ,        1.0500   ,               30.0   ,                 10985   ,
2026-02-12 13:24:33 ,        2730.0   ,           1281.5   ,               67.7   ,        75.3   ,                  72.0   ,                41   ,                  1482   ,                41   ,                  1482   ,          11006   ,         99   ,                       83   ,                   0   ,                    0   ,              348.1   ,                 249.9   ,               89.8   ,                 98.2   ,              12.0   ,               8.5   ,                12.0   ,          339.6   ,             12.0   ,                        77.4   ,               4   ,        1.0500   ,               31.0   ,                 10986   ,
2026-02-12 13:24:33 ,        2730.0   ,           1281.5   ,               67.5   ,        75.2   ,                  74.0   ,                41   ,                  1482   ,                41   ,                  1477   ,          11006   ,        100   ,                       84   ,                   0   ,                    0   ,              349.8   ,                 251.5   ,               90.0   ,                 98.3   ,              12.0   ,               8.3   ,                12.0   ,          341.5   ,             12.0   ,                        77.7   ,               4   ,        1.0500   ,               31.0   ,                 10987   ,
2026-02-12 13:24:35 ,        2730.0   ,           1281.5   ,               67.8   ,        75.5   ,                  74.0   ,                41   ,                  1484   ,                41   ,                  1490   ,          11006   ,        100   ,                       84   ,                   0   ,                    0   ,              350.2   ,                 251.8   ,               90.0   ,                 98.3   ,              12.0   ,               8.4   ,                12.0   ,          341.8   ,             12.0   ,                        77.8   ,               4   ,        1.0500   ,               30.0   ,                 10988   ,
2026-02-12 13:24:36 ,        2730.0   ,           1281.5   ,               67.8   ,        75.4   ,                  74.0   ,                41   ,                  1486   ,                41   ,                  1482   ,          11006   ,        100   ,                       84   ,                   0   ,                    0   ,              349.9   ,                 251.7   ,               90.0   ,                 98.2   ,              12.0   ,               8.2   ,                12.0   ,          341.7   ,             12.0   ,                        77.8   ,               4   ,        1.0500   ,               30.0   ,                 10988   ,
2026-02-12 13:24:37 ,        2730.0   ,           1281.5   ,               67.8   ,        75.4   ,                  72.0   ,                41   ,                  1486   ,                41   ,                  1482   ,          11006   ,         99   ,                       83   ,                   0   ,                    0   ,              347.7   ,                 249.6   ,               89.8   ,                 98.1   ,              12.0   ,               8.3   ,                12.0   ,          339.4   ,             12.0   ,                        77.3   ,               4   ,        1.0500   ,               31.0   ,                 10990   ,
2026-02-12 13:24:38 ,        2730.0   ,           1281.5   ,               67.6   ,        75.2   ,                  74.0   ,                41   ,                  1486   ,                41   ,                  1486   ,          11006   ,        100   ,                       84   ,                   0   ,                    0   ,              352.1   ,                 253.9   ,               89.8   ,                 98.2   ,              12.0   ,               8.4   ,                12.0   ,          343.8   ,             12.0   ,                        78.2   ,               4   ,        1.0500   ,               32.0   ,                 10990   ,
2026-02-12 13:24:39 ,        2730.0   ,           1281.5   ,               68.0   ,        75.7   ,                  74.0   ,                41   ,                  1484   ,                41   ,                  1488   ,          11006   ,        100   ,                       84   ,                   0   ,                    0   ,              352.1   ,                 249.7   ,               89.8   ,                 98.1   ,              12.0   ,               8.3   ,                12.0   ,          339.5   ,             12.0   ,                        77.3   ,               4   ,        1.0500   ,               30.0   ,                 10990   ,
2026-02-12 13:24:40 ,        2730.0   ,           1281.5   ,               67.8   ,        75.4   ,                  72.0   ,                41   ,                  1486   ,                41   ,                  1481   ,          11006   ,        100   ,                       84   ,                   0   ,                    0   ,              351.0   ,                 252.9   ,               89.8   ,                 98.1   ,              12.0   ,               8.3   ,                12.0   ,          342.7   ,             12.0   ,                        78.0   ,               4   ,        1.0500   ,               30.0   ,                 10992   ,
2026-02-12 13:24:41 ,        2730.0   ,           1281.5   ,               67.8   ,        75.4   ,                  72.0   ,                41   ,                  1484   ,                41   ,                  1484   ,          11006   ,         99   ,                       83   ,                   0   ,                    0   ,              350.7   ,                 252.7   ,               89.7   ,                 98.0   ,              12.0   ,               8.3   ,                12.0   ,          342.4   ,             12.0   ,                        77.9   ,               4   ,        1.0500   ,               30.0   ,                 10991   ,
2026-02-12 13:24:42 ,        2730.0   ,           1281.5   ,               67.7   ,        75.1   ,                  72.0   ,                41   ,                  1488   ,                41   ,                  1490   ,          11006   ,        100   ,                       84   ,                   0   ,                    0   ,              343.0   ,                 247.0   ,               87.7   ,                 96.1   ,              12.0   ,               8.4   ,                12.0   ,          334.7   ,             12.0   ,                        76.2   ,               4   ,        1.0500   ,               31.0   ,                 10992   ,
2026-02-12 13:24:43 ,        2730.0   ,           1281.5   ,               67.8   ,        75.4   ,                  74.0   ,                41   ,                  1490   ,                41   ,                  1490   ,          11006   ,        100   ,                       84   ,                   0   ,                    0   ,              350.6   ,                 252.5   ,               89.8   ,                 98.2   ,              12.0   ,               8.4   ,                12.0   ,          342.3   ,             12.0   ,                        77.9   ,               4   ,        1.0500   ,               30.0   ,                 10992   ,
2026-02-12 13:24:44 ,        2730.0   ,           1281.5   ,               68.0   ,        75.7   ,                  74.0   ,                41   ,                  1492   ,                41   ,                  1488   ,          11006   ,        100   ,                       84   ,                   0   ,                    0   ,              347.3   ,                 249.1   ,               89.8   ,                 98.1   ,              12.0   ,               8.4   ,                12.0   ,          338.9   ,             12.0   ,                        77.2   ,               4   ,        1.0500   ,               30.0   ,                 10993   ,
2026-02-12 13:24:45 ,        2730.0   ,           1281.5   ,               68.0   ,        75.8   ,                  74.0   ,                41   ,                  1490   ,                41   ,                  1492   ,          11006   ,         99   ,                       83   ,                   0   ,                    0   ,              348.1   ,                 250.1   ,               89.6   ,                 98.0   ,              11.9   ,               8.4   ,                12.0   ,          339.7   ,             12.0   ,                        77.3   ,               4   ,        1.0500   ,               30.0   ,                 10993   ,
2026-02-12 13:24:46 ,        2730.0   ,           1281.5   ,               67.9   ,        75.5   ,                  74.0   ,                41   ,                  1490   ,                41   ,                  1488   ,          11006   ,        100   ,                       84   ,                   0   ,                    0   ,              340.8   ,                 245.1   ,               87.5   ,                 95.7   ,              11.9   ,               8.2   ,                12.0   ,          332.6   ,             12.0   ,                        75.7   ,               4   ,        1.0500   ,               29.0   ,                 10993   ,
2026-02-12 13:24:47 ,        2730.0   ,           1281.5   ,               68.1   ,        75.7   ,                  74.0   ,                41   ,                  1490   ,                41   ,                  1486   ,          11006   ,        100   ,                       84   ,                   0   ,                    0   ,              350.8   ,                 252.7   ,               89.7   ,                 98.0   ,              12.0   ,               8.3   ,                12.0   ,          342.4   ,             12.0   ,                        77.9   ,               4   ,        1.0500   ,               30.0   ,                 10994   ,
2026-02-12 13:24:48 ,        2730.0   ,           1281.5   ,               66.0   ,        72.8   ,                  72.0   ,                41   ,                  1490   ,                41   ,                  1488   ,          11006   ,         97   ,                       81   ,                   0   ,                    0   ,              317.7   ,                 217.3   ,               92.0   ,                100.4   ,              12.0   ,               8.4   ,                12.0   ,          309.3   ,             12.0   ,                        70.6   ,               4   ,        1.0500   ,               37.0   ,                 11000   ,
2026-02-12 13:24:49 ,        2730.0   ,           1281.5   ,               66.3   ,        73.1   ,                  72.0   ,                41   ,                  1490   ,                41   ,                  1494   ,          11006   ,        100   ,                       85   ,                   0   ,                    0   ,              320.0   ,                 219.2   ,               92.4   ,                100.9   ,              12.0   ,               8.5   ,                12.0   ,          311.6   ,             12.0   ,                        70.9   ,               4   ,        1.0500   ,               33.0   ,                 11008   ,
2026-02-12 13:24:50 ,        2730.0   ,           1281.5   ,               66.3   ,        73.0   ,                  74.0   ,                41   ,                  1492   ,                41   ,                  1490   ,          11006   ,        100   ,                       85   ,                   0   ,                    0   ,              319.4   ,                 218.7   ,               92.2   ,                100.6   ,              12.0   ,               8.4   ,                12.0   ,          310.9   ,             12.0   ,                        71.0   ,               4   ,        1.0500   ,               30.0   ,                 11042   ,
2026-02-12 13:24:51 ,        2730.0   ,           1281.5   ,               66.4   ,        73.3   ,                  74.0   ,                41   ,                  1490   ,                41   ,                  1499   ,          11006   ,         99   ,                       82   ,                   0   ,                    0   ,              311.2   ,                 214.1   ,               88.8   ,                 97.1   ,              12.0   ,               8.4   ,                12.0   ,          310.1   ,             12.0   ,                        70.8   ,               4   ,        1.0500   ,               30.0   ,                 11043   ,
2026-02-12 13:24:52 ,        2730.0   ,           1281.5   ,               66.2   ,        73.0   ,                  72.0   ,                41   ,                  1496   ,                41   ,                  1494   ,          11006   ,        100   ,                       85   ,                   0   ,                    0   ,              321.2   ,                 220.8   ,               92.0   ,                100.4   ,              12.0   ,               8.4   ,                12.0   ,          312.7   ,             12.0   ,                        71.4   ,               4   ,        1.0500   ,               31.0   ,                 11043   ,
2026-02-12 13:24:53 ,        2730.0   ,           1281.5   ,               66.3   ,        73.1   ,                  74.0   ,                41   ,                  1492   ,                41   ,                  1496   ,          11006   ,        100   ,                       85   ,                   0   ,                    0   ,              320.4   ,                 219.6   ,               92.4   ,                100.8   ,              12.0   ,               8.5   ,                12.0   ,          311.9   ,             12.0   ,                        71.2   ,               4   ,        1.0500   ,               31.0   ,                 11046   ,
2026-02-12 13:24:54 ,        2730.0   ,           1281.5   ,               66.0   ,        72.9   ,                  74.0   ,                41   ,                  1492   ,                41   ,                  1494   ,          11006   ,        100   ,                       85   ,                   0   ,                    0   ,              319.9   ,                 218.9   ,               92.5   ,                101.0   ,              12.0   ,               8.5   ,                12.0   ,          311.4   ,             12.0   ,                        71.1   ,               4   ,        1.0500   ,               31.0   ,                 11046   ,
2026-02-12 13:24:55 ,        2730.0   ,           1281.5   ,               66.3   ,        73.1   ,                  74.0   ,                41   ,                  1494   ,                41   ,                  1496   ,          11006   ,        100   ,                       85   ,                   0   ,                    0   ,              319.1   ,                 218.3   ,               92.4   ,                100.9   ,              12.0   ,               8.5   ,                12.0   ,          310.7   ,             12.0   ,                        70.9   ,               4   ,        1.0500   ,               30.0   ,                 11020   ,
2026-02-12 13:24:56 ,        2730.0   ,           1281.5   ,               65.9   ,        72.5   ,                  72.0   ,                41   ,                  1494   ,                41   ,                  1490   ,          11006   ,        100   ,                       85   ,                   0   ,                    0   ,              320.3   ,                 219.3   ,               92.4   ,                100.9   ,              12.0   ,               8.6   ,                12.0   ,          311.7   ,             12.0   ,                        71.2   ,               4   ,        1.0500   ,               31.0   ,                 11020   ,
2026-02-12 13:24:57 ,        2730.0   ,           1281.5   ,               66.2   ,        72.9   ,                  72.0   ,                41   ,                  1492   ,                41   ,                  1488   ,          11006   ,         98   ,                       81   ,                   0   ,                    0   ,              300.7   ,                 206.4   ,               86.0   ,                 94.3   ,              12.0   ,               8.4   ,                12.0   ,          292.3   ,             12.0   ,                        66.8   ,               4   ,        1.0500   ,               31.0   ,                 11020   ,
2026-02-12 13:24:58 ,        2730.0   ,           1281.5   ,               66.2   ,        72.8   ,                  72.0   ,                41   ,                  1492   ,                41   ,                  1494   ,          11006   ,        100   ,                       85   ,                   0   ,                    0   ,              319.4   ,                 218.5   ,               92.3   ,                100.8   ,              12.0   ,               8.5   ,                12.0   ,          310.9   ,             12.0   ,                        71.0   ,               4   ,        1.0500   ,               31.0   ,                 11021   ,
2026-02-12 13:24:59 ,        2730.0   ,           1281.5   ,               66.0   ,        72.8   ,                  74.0   ,                41   ,                  1492   ,                41   ,                  1492   ,          11006   ,        100   ,                       85   ,                   0   ,                    0   ,              318.6   ,                 217.8   ,               92.3   ,                100.7   ,              12.0   ,               8.4   ,                12.0   ,          310.1   ,             12.0   ,                        70.8   ,               4   ,        1.0500   ,               31.0   ,                 11020   ,
2026-02-12 13:25:00 ,        2730.0   ,           1281.5   ,               65.9   ,        72.7   ,                  74.0   ,                41   ,                  1492   ,                41   ,                  1496   ,          11006   ,        100   ,                       85   ,                   0   ,                    0   ,              319.9   ,                 219.1   ,               92.4   ,                100.8   ,              12.0   ,               8.4   ,                12.0   ,          311.5   ,             12.0   ,                        71.1   ,               4   ,        1.0500   ,               30.0   ,                 11021   ,
2026-02-12 13:25:01 ,        2730.0   ,           1281.5   ,               66.2   ,        73.0   ,                  74.0   ,                41   ,                  1492   ,                41   ,                  1494   ,          11006   ,        100   ,                       85   ,                   0   ,                    0   ,              319.1   ,                 218.3   ,               92.4   ,                100.8   ,              12.0   ,               8.4   ,                12.0   ,          310.6   ,             12.0   ,                        70.9   ,               4   ,        1.0500   ,               30.0   ,                 11023   ,
2026-02-12 13:25:02 ,        2730.0   ,           1281.5   ,               66.0   ,        72.8   ,                  72.0   ,                41   ,                  1492   ,                41   ,                  1494   ,          11006   ,         99   ,                       84   ,                   0   ,                    0   ,              318.5   ,                 217.8   ,               92.3   ,                100.7   ,              12.0   ,               8.4   ,                12.0   ,          310.1   ,             12.0   ,                        70.8   ,               4   ,        1.0500   ,               32.0   ,                 11023   ,
2026-02-12 13:25:03 ,        2730.0   ,           1281.5   ,               65.8   ,        72.5   ,                  74.0   ,                41   ,                  1494   ,                41   ,                  1492   ,          11006   ,        100   ,                       85   ,                   0   ,                    0   ,              320.4   ,                 219.6   ,               92.3   ,                100.8   ,              12.0   ,               8.5   ,                12.0   ,          312.0   ,             12.0   ,                        71.2   ,               4   ,        1.0500   ,               30.0   ,                 11024   ,
2026-02-12 13:25:04 ,        2730.0   ,           1281.5   ,               66.1   ,        73.0   ,                  74.0   ,                41   ,                  1494   ,                41   ,                  1486   ,          11006   ,        100   ,                       85   ,                   0   ,                    0   ,              319.0   ,                 218.3   ,               92.2   ,                100.7   ,              12.0   ,               8.5   ,                12.0   ,          310.5   ,             12.0   ,                        70.9   ,               4   ,        1.0500   ,               31.0   ,                 11024   ,
2026-02-12 13:25:05 ,        2730.0   ,           1281.5   ,               65.7   ,        72.6   ,                  74.0   ,                41   ,                  1494   ,                41   ,                  1494   ,          11006   ,        100   ,                       85   ,                   0   ,                    0   ,              318.9   ,                 218.2   ,               92.3   ,                100.8   ,              12.0   ,               8.5   ,                12.0   ,          310.8   ,             12.0   ,                        71.0   ,               4   ,        1.0500   ,               30.0   ,                 11024   ,
2026-02-12 13:25:06 ,        2730.0   ,           1281.5   ,               65.8   ,        72.5   ,                  74.0   ,                41   ,                  1490   ,                41   ,                  1494   ,          11006   ,        100   ,                       85   ,                   0   ,                    0   ,              318.7   ,                 218.1   ,               92.1   ,                100.6   ,              12.0   ,               8.5   ,                12.0   ,          310.2   ,             12.0   ,                        70.8   ,               4   ,        1.0500   ,               30.0   ,                 11026   ,
2026-02-12 13:25:07 ,        2730.0   ,           1281.5   ,               65.9   ,        72.7   ,                  74.0   ,                41   ,                  1492   ,                41   ,                  1488   ,          11006   ,        100   ,                       85   ,                   0   ,                    0   ,              319.5   ,                 219.1   ,               92.1   ,                100.5   ,              12.0   ,               8.5   ,                12.0   ,          311.6   ,             12.0   ,                        71.1   ,               4   ,        1.0500   ,               30.0   ,                 11025   ,
2026-02-12 13:25:08 ,        2730.0   ,           1281.5   ,               66.0   ,        72.6   ,                  74.0   ,                41   ,                  1494   ,                41   ,                  1496   ,          11006   ,         98   ,                       82   ,                   0   ,                    0   ,              319.3   ,                 218.5   ,               92.2   ,                100.8   ,              12.0   ,               8.5   ,                12.0   ,          310.7   ,             12.0   ,                        70.9   ,               4   ,        1.0500   ,               30.0   ,                 11025   ,
2026-02-12 13:25:09 ,        2730.0   ,           1281.5   ,               66.0   ,        73.0   ,                  74.0   ,                41   ,                  1494   ,                41   ,                  1496   ,          11006   ,        100   ,                       85   ,                   0   ,                    0   ,              318.4   ,                 217.7   ,               92.2   ,                100.7   ,              12.0   ,               8.5   ,                12.0   ,          309.9   ,             12.0   ,                        70.8   ,               4   ,        1.0500   ,               30.0   ,                 11024   ,
2026-02-12 13:25:10 ,        2730.0   ,           1281.5   ,               65.8   ,        72.6   ,                  72.0   ,                41   ,                  1494   ,                41   ,                  1492   ,          11006   ,        100   ,                       85   ,                   0   ,                    0   ,              320.0   ,                 219.3   ,               92.3   ,                100.7   ,              12.0   ,               8.4   ,                12.0   ,          311.6   ,             12.0   ,                        71.1   ,               4   ,        1.0500   ,               30.0   ,                 11025   ,
2026-02-12 13:25:11 ,        2730.0   ,           1281.5   ,               65.7   ,        72.6   ,                  74.0   ,                41   ,                  1488   ,                41   ,                  1496   ,          11006   ,        100   ,                       85   ,                   0   ,                    0   ,              318.4   ,                 217.8   ,               92.2   ,                100.6   ,              12.0   ,               8.5   ,                12.0   ,          310.0   ,             12.0   ,                        70.8   ,               4   ,        1.0500   ,               30.0   ,                 11027   ,
2026-02-12 13:25:12 ,        2730.0   ,           1281.5   ,               65.9   ,        72.6   ,                  74.0   ,                41   ,                  1492   ,                41   ,                  1494   ,          11006   ,        100   ,                       85   ,                   0   ,                    0   ,              319.6   ,                 219.0   ,               92.2   ,                100.6   ,              12.0   ,               8.4   ,                12.0   ,          311.2   ,             12.0   ,                        71.0   ,               4   ,        1.0500   ,               30.0   ,                 11027   ,
2026-02-12 13:25:13 ,        2730.0   ,           1281.5   ,               66.0   ,        72.8   ,                  72.0   ,                41   ,                  1488   ,                41   ,                  1492   ,          11006   ,         98   ,                       82   ,                   0   ,                    0   ,              319.6   ,                 218.7   ,               92.4   ,                100.9   ,              12.0   ,               8.5   ,                12.0   ,          311.1   ,             12.0   ,                        71.0   ,               4   ,        1.0500   ,               30.0   ,                 11026   ,
2026-02-12 13:25:14 ,        2730.0   ,           1281.5   ,               65.8   ,        72.5   ,                  72.0   ,                41   ,                  1490   ,                41   ,                  1488   ,          11006   ,        100   ,                       85   ,                   0   ,                    0   ,              303.7   ,                 207.9   ,               87.4   ,                 95.8   ,              12.0   ,               8.4   ,                12.0   ,          295.4   ,             12.0   ,                        70.6   ,               4   ,        1.0500   ,               30.0   ,                 11026   ,
2026-02-12 13:25:15 ,        2730.0   ,           1281.5   ,               65.9   ,        72.7   ,                  74.0   ,                41   ,                  1488   ,                41   ,                  1494   ,          11006   ,        100   ,                       85   ,                   0   ,                    0   ,              314.1   ,                 214.9   ,               90.9   ,                100.4   ,              12.0   ,               8.4   ,                12.0   ,          310.0   ,             12.0   ,                        70.8   ,               4   ,        1.0500   ,               31.0   ,                 11027   ,
2026-02-12 13:25:16 ,        2730.0   ,           1281.5   ,               65.7   ,        72.5   ,                  74.0   ,                41   ,                  1492   ,                41   ,                  1490   ,          11006   ,        100   ,                       85   ,                   0   ,                    0   ,              318.5   ,                 217.9   ,               92.3   ,                100.7   ,              12.0   ,               8.5   ,                12.0   ,          310.3   ,             12.0   ,                        70.8   ,               4   ,        1.0500   ,               30.0   ,                 11029   ,
2026-02-12 13:25:17 ,        2730.0   ,           1281.5   ,               65.9   ,        72.8   ,                  74.0   ,                41   ,                  1490   ,                41   ,                  1486   ,          11006   ,        100   ,                       85   ,                   0   ,                    0   ,              319.1   ,                 218.2   ,               92.3   ,                100.9   ,              12.0   ,               8.6   ,                12.0   ,          310.5   ,             12.0   ,                        70.9   ,               4   ,        1.0500   ,               30.0   ,                 11029   ,
2026-02-12 13:25:18 ,        2730.0   ,           1281.5   ,               66.0   ,        72.7   ,                  74.0   ,                41   ,                  1492   ,                41   ,                  1492   ,          11006   ,        100   ,                       85   ,                   0   ,                    0   ,              318.9   ,                 218.2   ,               92.2   ,                100.7   ,              12.0   ,               8.5   ,                12.0   ,          310.4   ,             12.0   ,                        70.9   ,               4   ,        1.0500   ,               30.0   ,                 11029   ,
2026-02-12 13:25:19 ,        2730.0   ,           1281.5   ,               65.6   ,        72.3   ,                  74.0   ,                41   ,                  1492   ,                41   ,                  1486   ,          11006   ,        100   ,                       85   ,                   0   ,                    0   ,              319.1   ,                 218.2   ,               92.4   ,                100.9   ,              12.0   ,               8.5   ,                12.0   ,          310.6   ,             12.0   ,                        70.9   ,               4   ,        1.0500   ,               30.0   ,                 11028   ,
2026-02-12 13:25:20 ,        2730.0   ,           1281.5   ,               65.7   ,        72.4   ,                  74.0   ,                41   ,                  1490   ,                41   ,                  1488   ,          11006   ,         98   ,                       82   ,                   0   ,                    0   ,              307.8   ,                 211.0   ,               88.3   ,                 96.8   ,              12.0   ,               8.5   ,                12.0   ,          299.4   ,             12.0   ,                        68.4   ,               4   ,        1.0500   ,               30.0   ,                 11029   ,
2026-02-12 13:25:21 ,        2730.0   ,           1281.5   ,               66.1   ,        72.7   ,                  74.0   ,                41   ,                  1492   ,                41   ,                  1490   ,          11006   ,        100   ,                       85   ,                   0   ,                    0   ,              318.9   ,                 218.4   ,               92.1   ,                100.5   ,              12.0   ,               8.4   ,                12.0   ,          310.5   ,             12.0   ,                        70.9   ,               4   ,        1.0500   ,               30.0   ,                 11031   ,
2026-02-12 13:25:22 ,        2730.0   ,           1281.5   ,               65.6   ,        72.5   ,                  74.0   ,                41   ,                  1490   ,                41   ,                  1490   ,          11006   ,        100   ,                       85   ,                   0   ,                    0   ,              319.4   ,                 218.6   ,               92.5   ,                100.9   ,              12.0   ,               8.4   ,                12.0   ,          311.0   ,             12.0   ,                        71.0   ,               4   ,        1.0500   ,               30.0   ,                 11031   ,
2026-02-12 13:25:23 ,        2730.0   ,           1281.5   ,               66.0   ,        72.8   ,                  74.0   ,                41   ,                  1492   ,                41   ,                  1498   ,          11006   ,        100   ,                       85   ,                   0   ,                    0   ,              319.6   ,                 218.9   ,               92.2   ,                100.7   ,              12.0   ,               8.4   ,                12.0   ,          311.2   ,             12.0   ,                        71.0   ,               4   ,        1.0500   ,               29.0   ,                 11028   ,
2026-02-12 13:25:24 ,        2730.0   ,           1281.5   ,               65.7   ,        72.4   ,                  72.0   ,                41   ,                  1490   ,                41   ,                  1490   ,          11006   ,        100   ,                       85   ,                   0   ,                    0   ,              318.7   ,                 218.2   ,               92.1   ,                100.5   ,              12.0   ,               8.4   ,                12.0   ,          310.3   ,             12.0   ,                        70.8   ,               4   ,        1.0500   ,               31.0   ,                 11030   ,
2026-02-12 13:25:25 ,        2730.0   ,           1281.5   ,               65.8   ,        72.4   ,                  74.0   ,                41   ,                  1492   ,                41   ,                  1490   ,          11006   ,         98   ,                       82   ,                   0   ,                    0   ,              318.5   ,                 218.0   ,               92.1   ,                100.5   ,              12.0   ,               8.4   ,                12.0   ,          310.1   ,             12.0   ,                        70.8   ,               4   ,        1.0500   ,               31.0   ,                 11031   ,
2026-02-12 13:25:26 ,        2730.0   ,           1281.5   ,               65.4   ,        72.1   ,                  72.0   ,                41   ,                  1490   ,                41   ,                  1490   ,          11006   ,        100   ,                       85   ,                   0   ,                    0   ,              301.9   ,                 206.3   ,               87.3   ,                 95.6   ,              12.0   ,               8.3   ,                12.0   ,          293.6   ,             12.0   ,                        67.1   ,               4   ,        1.0500   ,               30.0   ,                 11031   ,
2026-02-12 13:25:27 ,        2730.0   ,           1281.5   ,               65.5   ,        72.3   ,                  74.0   ,                41   ,                  1490   ,                41   ,                  1490   ,          11006   ,        100   ,                       85   ,                   0   ,                    0   ,              318.7   ,                 218.1   ,               92.1   ,                100.6   ,              12.0   ,               8.5   ,                12.0   ,          310.3   ,             12.0   ,                        70.8   ,               4   ,        1.0500   ,               30.0   ,                 11030   ,
2026-02-12 13:25:28 ,        2730.0   ,           1281.5   ,               65.0   ,        71.4   ,                  72.0   ,                41   ,                  1490   ,                41   ,                  1488   ,          11006   ,         95   ,                       78   ,                   0   ,                    1   ,              299.8   ,                 205.5   ,               86.1   ,                 94.3   ,              12.0   ,               8.2   ,                12.0   ,          291.6   ,             12.0   ,                        66.6   ,               4   ,        1.0500   ,               33.0   ,                 11032   ,
2026-02-12 13:25:29 ,        2730.0   ,           1281.5   ,               65.6   ,        72.3   ,                  72.0   ,                41   ,                  1486   ,                41   ,                  1490   ,          11006   ,        100   ,                       85   ,                   0   ,                    0   ,              315.3   ,                 213.9   ,               92.9   ,                101.4   ,              12.0   ,               8.5   ,                12.0   ,          306.8   ,             12.0   ,                        70.1   ,               4   ,        1.0500   ,               31.0   ,                 11038   ,
2026-02-12 13:25:30 ,        2730.0   ,           1281.5   ,               65.7   ,        72.3   ,                  74.0   ,                41   ,                  1486   ,                41   ,                  1490   ,          11006   ,        100   ,                       85   ,                   0   ,                    0   ,              318.6   ,                 217.8   ,               92.4   ,                100.8   ,              12.0   ,               8.4   ,                12.0   ,          310.3   ,             12.0   ,                        70.8   ,               4   ,        1.0500   ,               31.0   ,                 11045   ,
2026-02-12 13:25:31 ,        2730.0   ,           1281.5   ,               65.1   ,        71.7   ,                  74.0   ,                41   ,                  1488   ,                41   ,                  1488   ,          11006   ,        100   ,                       85   ,                   0   ,                    0   ,              320.1   ,                 218.7   ,               93.0   ,                101.5   ,              12.0   ,               8.4   ,                12.0   ,          311.7   ,             12.0   ,                        71.1   ,               4   ,        1.0500   ,               33.0   ,                 11015   ,
2026-02-12 13:25:32 ,        2730.0   ,           1281.5   ,               65.6   ,        72.4   ,                  74.0   ,                41   ,                  1486   ,                41   ,                  1486   ,          11006   ,        100   ,                       85   ,                   0   ,                    0   ,              313.9   ,                 213.0   ,               92.5   ,                100.9   ,              12.0   ,               8.4   ,                12.0   ,          305.6   ,             12.0   ,                        69.8   ,               4   ,        1.0500   ,               30.0   ,                 11017   ,
2026-02-12 13:25:33 ,        2730.0   ,           1281.5   ,               65.6   ,        72.3   ,                  74.0   ,                41   ,                  1484   ,                41   ,                  1484   ,          11006   ,         98   ,                       82   ,                   0   ,                    0   ,              322.9   ,                 221.6   ,               92.9   ,                101.3   ,              12.0   ,               8.4   ,                12.0   ,          314.6   ,             12.0   ,                        71.8   ,               4   ,        1.0500   ,               30.0   ,                 11018   ,
2026-02-12 13:25:34 ,        2730.0   ,           1281.5   ,               65.3   ,        72.1   ,                  74.0   ,                41   ,                  1486   ,                41   ,                  1480   ,          11006   ,        100   ,                       86   ,                   0   ,                    0   ,              320.3   ,                 219.1   ,               92.8   ,                101.2   ,              12.0   ,               8.4   ,                12.0   ,          311.9   ,             12.0   ,                        71.2   ,               4   ,        1.0500   ,               31.0   ,                 11017   ,
2026-02-12 13:25:35 ,        2730.0   ,           1281.5   ,               65.7   ,        72.6   ,                  74.0   ,                41   ,                  1488   ,                41   ,                  1486   ,          11006   ,        100   ,                       85   ,                   0   ,                    0   ,              321.9   ,                 221.0   ,               92.4   ,                100.8   ,              12.0   ,               8.4   ,                12.0   ,          313.4   ,             12.0   ,                        71.5   ,               4   ,        1.0500   ,               30.0   ,                 11017   ,
2026-02-12 13:25:36 ,        2730.0   ,           1281.5   ,               65.4   ,        72.2   ,                  74.0   ,                41   ,                  1486   ,                41   ,                  1490   ,          11006   ,        100   ,                       85   ,                   0   ,                    0   ,              315.5   ,                 214.3   ,               92.7   ,                101.1   ,              12.0   ,               8.5   ,                12.0   ,          312.5   ,             12.0   ,                        71.3   ,               4   ,        1.0500   ,               30.0   ,                 11019   ,
2026-02-12 13:25:37 ,        2730.0   ,           1281.5   ,               65.2   ,        71.8   ,                  72.0   ,                41   ,                  1486   ,                41   ,                  1484   ,          11006   ,         98   ,                       82   ,                   0   ,                    0   ,              305.9   ,                 209.3   ,               88.3   ,                 96.7   ,              12.0   ,               8.4   ,                12.0   ,          297.5   ,             12.0   ,                        68.0   ,               4   ,        1.0500   ,               31.0   ,                 11019   ,
2026-02-12 13:25:38 ,        2730.0   ,           1281.5   ,               65.7   ,        72.3   ,                  74.0   ,                41   ,                  1488   ,                41   ,                  1484   ,          11006   ,        100   ,                       85   ,                   0   ,                    0   ,              315.8   ,                 215.0   ,               92.4   ,                100.8   ,              12.0   ,               8.4   ,                12.0   ,          307.4   ,             12.0   ,                        70.2   ,               4   ,        1.0500   ,               31.0   ,                 11019   ,
2026-02-12 13:25:39 ,        2730.0   ,           1281.5   ,               65.6   ,        72.3   ,                  74.0   ,                41   ,                  1488   ,                41   ,                  1484   ,          11006   ,        100   ,                       85   ,                   0   ,                    0   ,              321.3   ,                 220.4   ,               92.4   ,                100.9   ,              12.0   ,               8.5   ,                12.0   ,          312.8   ,             12.0   ,                        71.4   ,               4   ,        1.0500   ,               30.0   ,                 11015   ,
2026-02-12 13:25:40 ,        2730.0   ,           1281.5   ,               65.6   ,        72.3   ,                  74.0   ,                41   ,                  1486   ,                41   ,                  1486   ,          11006   ,        100   ,                       85   ,                   0   ,                    0   ,              319.9   ,                 218.5   ,               92.8   ,                101.4   ,              12.0   ,               8.6   ,                12.0   ,          311.3   ,             12.0   ,                        71.1   ,               4   ,        1.0500   ,               31.0   ,                 11014   ,
2026-02-12 13:25:41 ,        2730.0   ,           1281.5   ,               65.3   ,        72.1   ,                  72.0   ,                41   ,                  1486   ,                41   ,                  1486   ,          11006   ,        100   ,                       85   ,                   0   ,                    0   ,              315.7   ,                 214.7   ,               92.5   ,                101.0   ,              12.0   ,               8.5   ,                12.0   ,          307.2   ,             12.0   ,                        70.1   ,               4   ,        1.0500   ,               30.0   ,                 11014   ,
2026-02-12 13:25:42 ,        2730.0   ,           1281.5   ,               65.8   ,        72.4   ,                  74.0   ,                41   ,                  1488   ,                41   ,                  1486   ,          11006   ,        100   ,                       86   ,                   0   ,                    0   ,              319.7   ,                 218.7   ,               92.6   ,                101.1   ,              12.0   ,               8.4   ,                12.0   ,          311.3   ,             12.0   ,                        71.1   ,               4   ,        1.0500   ,               31.0   ,                 11014   ,
2026-02-12 13:25:43 ,        2730.0   ,           1281.5   ,               65.7   ,        72.3   ,                  74.0   ,                41   ,                  1488   ,                41   ,                  1484   ,          11006   ,        100   ,                       86   ,                   0   ,                    0   ,              319.0   ,                 218.1   ,               92.5   ,                100.9   ,              12.0   ,               8.5   ,                12.0   ,          310.5   ,             12.0   ,                        70.9   ,               4   ,        1.0500   ,               30.0   ,                 11015   ,
2026-02-12 13:25:44 ,        2730.0   ,           1281.5   ,               65.5   ,        72.2   ,                  72.0   ,                41   ,                  1488   ,                41   ,                  1475   ,          11006   ,         98   ,                       82   ,                   0   ,                    0   ,              306.2   ,                 209.6   ,               88.3   ,                 96.6   ,              12.0   ,               8.3   ,                12.0   ,          297.9   ,             12.0   ,                        68.0   ,               4   ,        1.0500   ,               29.0   ,                 11016   ,
2026-02-12 13:25:45 ,        2730.0   ,           1281.5   ,               65.7   ,        72.4   ,                  72.0   ,                41   ,                  1484   ,                41   ,                  1480   ,          11006   ,        100   ,                       85   ,                   0   ,                    0   ,              321.4   ,                 220.5   ,               92.6   ,                100.9   ,              12.0   ,               8.4   ,                12.0   ,          313.1   ,             12.0   ,                        71.4   ,               4   ,        1.0500   ,               30.0   ,                 11016   ,
2026-02-12 13:25:46 ,        2730.0   ,           1281.5   ,               65.5   ,        72.2   ,                  74.0   ,                41   ,                  1484   ,                41   ,                  1478   ,          11006   ,        100   ,                       85   ,                   0   ,                    0   ,              317.9   ,                 216.8   ,               92.7   ,                101.1   ,              12.0   ,               8.4   ,                12.0   ,          309.5   ,             12.0   ,                        70.6   ,               4   ,        1.0500   ,               30.0   ,                 11016   ,
2026-02-12 13:25:47 ,        2730.0   ,           1281.5   ,               65.3   ,        72.0   ,                  74.0   ,                41   ,                  1484   ,                41   ,                  1486   ,          11006   ,        100   ,                       86   ,                   0   ,                    0   ,              315.4   ,                 214.5   ,               92.5   ,                100.9   ,              12.0   ,               8.5   ,                12.0   ,          307.0   ,             12.0   ,                        70.1   ,               4   ,        1.0500   ,               30.0   ,                 11016   ,
2026-02-12 13:25:48 ,        2730.0   ,           1281.5   ,               65.8   ,        72.6   ,                  72.0   ,                41   ,                  1484   ,                41   ,                  1486   ,          11006   ,        100   ,                       85   ,                   0   ,                    0   ,              321.6   ,                 220.7   ,               92.5   ,                100.9   ,              12.0   ,               8.4   ,                12.0   ,          313.2   ,             12.0   ,                        71.5   ,               4   ,        1.0500   ,               30.0   ,                 11018   ,
2026-02-12 13:25:49 ,        2730.0   ,           1281.5   ,               65.7   ,        72.6   ,                  74.0   ,                41   ,                  1484   ,                41   ,                  1484   ,          11006   ,        100   ,                       85   ,                   0   ,                    0   ,              316.2   ,                 215.3   ,               92.5   ,                100.9   ,              12.0   ,               8.4   ,                12.0   ,          307.8   ,             12.0   ,                        70.3   ,               4   ,        1.0500   ,               30.0   ,                 11017   ,
2026-02-12 13:25:50 ,        2730.0   ,           1281.5   ,               65.6   ,        72.5   ,                  72.0   ,                41   ,                  1482   ,                41   ,                  1490   ,          11006   ,        100   ,                       86   ,                   0   ,                    0   ,              320.5   ,                 219.7   ,               92.4   ,                100.8   ,              12.0   ,               8.4   ,                12.0   ,          312.1   ,             12.0   ,                        71.2   ,               4   ,        1.0500   ,               30.0   ,                 11017   ,
2026-02-12 13:25:51 ,        2730.0   ,           1281.5   ,               65.2   ,        71.9   ,                  72.0   ,                41   ,                  1482   ,                41   ,                  1484   ,          11006   ,         98   ,                       83   ,                   0   ,                    0   ,              319.6   ,                 218.3   ,               92.8   ,                101.3   ,              12.0   ,               8.5   ,                12.0   ,          311.1   ,             12.0   ,                        71.0   ,               4   ,        1.0500   ,               31.0   ,                 11011   ,
2026-02-12 13:25:52 ,        2730.0   ,           1281.5   ,               65.7   ,        72.6   ,                  74.0   ,                41   ,                  1482   ,                41   ,                  1486   ,          11006   ,        100   ,                       85   ,                   0   ,                    0   ,              314.5   ,                 213.3   ,               92.7   ,                101.2   ,              12.0   ,               8.5   ,                12.0   ,          306.0   ,             12.0   ,                        69.9   ,               4   ,        1.0500   ,               30.0   ,                 11003   ,
2026-02-12 13:25:53 ,        2730.0   ,           1281.5   ,               65.4   ,        72.2   ,                  72.0   ,                41   ,                  1482   ,                41   ,                  1482   ,          11006   ,        100   ,                       86   ,                   0   ,                    0   ,              320.9   ,                 220.1   ,               92.4   ,                100.8   ,              12.0   ,               8.4   ,                12.0   ,          312.5   ,             12.0   ,                        71.3   ,               4   ,        1.0500   ,               31.0   ,                 11002   ,
2026-02-12 13:25:54 ,        2730.0   ,           1281.5   ,               65.3   ,        71.9   ,                  72.0   ,                41   ,                  1482   ,                41   ,                  1475   ,          11006   ,        100   ,                       86   ,                   0   ,                    0   ,              319.8   ,                 218.6   ,               92.8   ,                100.6   ,              12.0   ,               8.4   ,                12.0   ,          309.8   ,             12.0   ,                        70.7   ,               4   ,        1.0500   ,               30.0   ,                 11002   ,
2026-02-12 13:25:55 ,        2730.0   ,           1281.5   ,               65.5   ,        72.2   ,                  72.0   ,                41   ,                  1484   ,                41   ,                  1478   ,          11006   ,        100   ,                       85   ,                   0   ,                    0   ,              306.2   ,                 210.9   ,               87.1   ,                 95.4   ,              12.0   ,               8.3   ,                12.0   ,          297.9   ,             12.0   ,                        68.0   ,               4   ,        1.0500   ,               30.0   ,                 11004   ,
2026-02-12 13:25:56 ,        2730.0   ,           1281.5   ,               65.1   ,        72.1   ,                  72.0   ,                41   ,                  1482   ,                41   ,                  1482   ,          11006   ,        100   ,                       85   ,                   0   ,                    0   ,              319.2   ,                 218.0   ,               92.8   ,                101.2   ,              12.0   ,               8.4   ,                12.0   ,          310.8   ,             12.0   ,                        70.9   ,               4   ,        1.0500   ,               30.0   ,                 11004   ,
2026-02-12 13:25:57 ,        2730.0   ,           1281.5   ,               65.6   ,        72.3   ,                  72.0   ,                41   ,                  1482   ,                41   ,                  1482   ,          11006   ,        100   ,                       85   ,                   0   ,                    0   ,              316.2   ,                 215.7   ,               92.2   ,                100.5   ,              12.0   ,               8.3   ,                12.0   ,          307.9   ,             12.0   ,                        70.3   ,               4   ,        1.0500   ,               30.0   ,                 11005   ,
2026-02-12 13:25:58 ,        2730.0   ,           1281.5   ,               65.4   ,        72.1   ,                  74.0   ,                41   ,                  1480   ,                41   ,                  1484   ,          11006   ,        100   ,                       85   ,                   0   ,                    0   ,              321.3   ,                 220.6   ,               92.4   ,                100.7   ,              12.0   ,               8.3   ,                12.0   ,          313.0   ,             12.0   ,                        71.4   ,               4   ,        1.0500   ,               30.0   ,                 11006   ,
2026-02-12 13:25:59 ,        2730.0   ,           1281.5   ,               65.6   ,        72.5   ,                  72.0   ,                40   ,                  1482   ,                40   ,                  1482   ,          11006   ,        100   ,                       85   ,                   0   ,                    0   ,              317.6   ,                 217.0   ,               92.3   ,                100.7   ,              12.0   ,               8.4   ,                12.0   ,          309.2   ,             12.0   ,                        70.6   ,               4   ,        1.0500   ,               37.0   ,                 11006   ,
2026-02-12 13:26:00 ,        2730.0   ,           1281.5   ,               65.6   ,        72.3   ,                  74.0   ,                40   ,                  1482   ,                40   ,                  1480   ,          11006   ,        100   ,                       85   ,                   0   ,                    0   ,              315.4   ,                 214.6   ,               92.4   ,                100.8   ,              12.0   ,               8.4   ,                12.0   ,          307.0   ,             12.0   ,                        70.1   ,               4   ,        1.0500   ,               30.0   ,                 11007   ,
2026-02-12 13:26:01 ,        2730.0   ,           1281.5   ,               65.7   ,        72.5   ,                  72.0   ,                40   ,                  1482   ,                40   ,                  1479   ,          11006   ,        100   ,                       85   ,                   0   ,                    0   ,              321.8   ,                 221.1   ,               92.4   ,                100.7   ,              12.0   ,               8.3   ,                12.0   ,          313.6   ,             12.0   ,                        71.5   ,               4   ,        1.0500   ,               30.0   ,                 11007   ,
2026-02-12 13:26:02 ,        2730.0   ,           1281.5   ,               65.2   ,        72.0   ,                  72.0   ,                40   ,                  1478   ,                40   ,                  1488   ,          11006   ,         98   ,                       83   ,                   0   ,                    0   ,              306.7   ,                 210.2   ,               88.3   ,                 96.5   ,              12.0   ,               8.2   ,                12.0   ,          298.5   ,             12.0   ,                        68.1   ,               4   ,        1.0500   ,               30.0   ,                 11005   ,
2026-02-12 13:26:03 ,        2730.0   ,           1281.5   ,               65.6   ,        72.3   ,                  72.0   ,                40   ,                  1480   ,                40   ,                  1477   ,          11006   ,        100   ,                       86   ,                   0   ,                    0   ,              319.7   ,                 218.2   ,               93.2   ,                101.5   ,              12.0   ,               8.3   ,                12.0   ,          311.4   ,             12.0   ,                        71.5   ,               4   ,        1.0500   ,               30.0   ,                 11006   ,
2026-02-12 13:26:04 ,        2730.0   ,           1281.5   ,               65.7   ,        72.6   ,                  74.0   ,                40   ,                  1480   ,                40   ,                  1482   ,          11006   ,        100   ,                       85   ,                   0   ,                    0   ,              316.0   ,                 215.3   ,               92.4   ,                100.8   ,              12.0   ,               8.4   ,                12.0   ,          313.7   ,             12.0   ,                        71.6   ,               4   ,        1.0500   ,               30.0   ,                 11008   ,
2026-02-12 13:26:05 ,        2730.0   ,           1281.5   ,               65.5   ,        72.1   ,                  74.0   ,                40   ,                  1480   ,                40   ,                  1477   ,          11006   ,        100   ,                       85   ,                   0   ,                    0   ,              315.8   ,                 214.7   ,               92.6   ,                101.1   ,              12.0   ,               8.4   ,                12.0   ,          307.3   ,             12.0   ,                        70.2   ,               4   ,        1.0500   ,               29.0   ,                 11008   ,
2026-02-12 13:26:06 ,        2730.0   ,           1281.5   ,               65.4   ,        72.1   ,                  72.0   ,                40   ,                  1480   ,                40   ,                  1475   ,          11006   ,        100   ,                       85   ,                   0   ,                    0   ,              318.4   ,                 217.8   ,               92.2   ,                100.6   ,              12.0   ,               8.4   ,                12.0   ,          310.1   ,             12.0   ,                        70.8   ,               4   ,        1.0500   ,               31.0   ,                 11008   ,
2026-02-12 13:26:07 ,        2730.0   ,           1281.5   ,               65.2   ,        71.8   ,                  74.0   ,                40   ,                  1482   ,                40   ,                  1481   ,          11006   ,        100   ,                       85   ,                   0   ,                    0   ,              320.2   ,                 219.1   ,               92.7   ,                101.1   ,              12.0   ,               8.4   ,                12.0   ,          311.8   ,             12.0   ,                        71.2   ,               4   ,        1.0500   ,               30.0   ,                 11008   ,
2026-02-12 13:26:08 ,        2730.0   ,           1281.5   ,               65.5   ,        72.2   ,                  74.0   ,                40   ,                  1482   ,                40   ,                  1479   ,          11006   ,        100   ,                       85   ,                   0   ,                    0   ,              316.5   ,                 215.6   ,               92.6   ,                100.9   ,              12.0   ,               8.4   ,                12.0   ,          308.2   ,             12.1   ,                        70.3   ,               4   ,        1.0500   ,               30.0   ,                 11011   ,
2026-02-12 13:26:09 ,        2730.0   ,           1281.5   ,               65.6   ,        72.4   ,                  74.0   ,                40   ,                  1480   ,                40   ,                  1477   ,          11006   ,         98   ,                       82   ,                   0   ,                    0   ,              318.6   ,                 218.0   ,               92.2   ,                100.6   ,              12.0   ,               8.3   ,                12.0   ,          310.2   ,             12.0   ,                        70.8   ,               4   ,        1.0500   ,               31.0   ,                 11011   ,
2026-02-12 13:26:10 ,        2730.0   ,           1281.5   ,               65.3   ,        72.2   ,                  74.0   ,                40   ,                  1476   ,                40   ,                  1475   ,          11006   ,        100   ,                       85   ,                   0   ,                    0   ,              321.2   ,                 220.4   ,               92.5   ,                100.8   ,              12.0   ,               8.3   ,                12.0   ,          312.9   ,             12.0   ,                        71.4   ,               4   ,        1.0500   ,               30.0   ,                 11011   ,
2026-02-12 13:26:11 ,        2730.0   ,           1281.5   ,               65.6   ,        72.2   ,                  74.0   ,                40   ,                  1476   ,                40   ,                  1477   ,          11006   ,        100   ,                       86   ,                   0   ,                    0   ,              323.2   ,                 222.1   ,               92.7   ,                101.1   ,              12.0   ,               8.4   ,                12.0   ,          314.8   ,             12.0   ,                        71.8   ,               4   ,        1.0500   ,               30.0   ,                 11011   ,
2026-02-12 13:26:12 ,        2730.0   ,           1281.5   ,               65.7   ,        72.5   ,                  72.0   ,                40   ,                  1478   ,                40   ,                  1479   ,          11006   ,        100   ,                       86   ,                   0   ,                    0   ,              320.4   ,                 219.0   ,               93.0   ,                101.5   ,              12.0   ,               8.4   ,                12.0   ,          312.0   ,             12.0   ,                        71.2   ,               4   ,        1.0500   ,               29.0   ,                 11012   ,
2026-02-12 13:26:13 ,        2730.0   ,           1281.5   ,               62.4   ,        68.5   ,                  74.0   ,                40   ,                  1476   ,                40   ,                  1482   ,          11006   ,         72   ,                       60   ,                   0   ,                    0   ,              189.3   ,                 127.4   ,               54.1   ,                 61.9   ,              12.0   ,               7.7   ,                12.1   ,          181.6   ,             12.1   ,                        42.1   ,               4   ,        1.0500   ,               30.0   ,                 10903   ,
2026-02-12 13:26:14 ,        2730.0   ,           1281.5   ,               66.3   ,        73.6   ,                  72.0   ,                40   ,                  1476   ,                40   ,                  1484   ,          10782   ,        100   ,                      100   ,                   0   ,                    0   ,              338.1   ,                 239.0   ,               92.9   ,                101.0   ,              12.0   ,               8.1   ,                12.0   ,          331.9   ,             12.0   ,                        75.6   ,               4   ,        1.0500   ,               31.0   ,                 10888   ,
2026-02-12 13:26:15 ,        2730.0   ,           1281.5   ,               66.6   ,        73.9   ,                  72.0   ,                40   ,                  1478   ,                40   ,                  1477   ,          10782   ,         99   ,                       98   ,                   0   ,                    0   ,              339.7   ,                 238.7   ,               93.1   ,                101.0   ,              12.0   ,               7.9   ,                12.0   ,          331.8   ,             12.0   ,                        75.5   ,               4   ,        1.0500   ,               31.0   ,                 10892   ,
2026-02-12 13:26:16 ,        2730.0   ,           1281.5   ,               66.6   ,        74.0   ,                  74.0   ,                40   ,                  1476   ,                40   ,                  1478   ,          10782   ,         99   ,                       98   ,                   0   ,                    0   ,              336.7   ,                 236.7   ,               92.1   ,                100.0   ,              12.0   ,               7.9   ,                12.0   ,          328.8   ,             12.0   ,                        74.8   ,               4   ,        1.0500   ,               30.0   ,                 10892   ,
2026-02-12 13:26:17 ,        2730.0   ,           1281.5   ,               66.8   ,        74.3   ,                  74.0   ,                40   ,                  1476   ,                40   ,                  1480   ,          10782   ,         99   ,                       98   ,                   0   ,                    0   ,              337.1   ,                 237.1   ,               92.1   ,                100.1   ,              12.0   ,               8.0   ,                12.0   ,          329.1   ,             12.0   ,                        74.9   ,               4   ,        1.0500   ,               30.0   ,                 10895   ,
2026-02-12 13:26:18 ,        2730.0   ,           1281.5   ,               66.8   ,        74.2   ,                  72.0   ,                40   ,                  1476   ,                40   ,                  1477   ,          10782   ,         99   ,                       98   ,                   0   ,                    0   ,              338.5   ,                 238.2   ,               92.3   ,                100.3   ,              12.0   ,               8.0   ,                12.0   ,          330.5   ,             12.0   ,                        75.2   ,               4   ,        1.0500   ,               30.0   ,                 10897   ,
2026-02-12 13:26:19 ,        2730.0   ,           1281.5   ,               66.9   ,        74.1   ,                  74.0   ,                40   ,                  1476   ,                40   ,                  1479   ,          10782   ,         99   ,                       98   ,                   0   ,                    0   ,              338.3   ,                 238.0   ,               92.3   ,                100.3   ,              12.0   ,               8.0   ,                12.0   ,          330.3   ,             12.0   ,                        75.2   ,               4   ,        1.0500   ,               31.0   ,                 10896   ,
2026-02-12 13:26:21 ,        2730.0   ,           1281.5   ,               66.9   ,        74.4   ,                  74.0   ,                40   ,                  1476   ,                40   ,                  1479   ,          10782   ,         99   ,                       98   ,                   0   ,                    0   ,              337.0   ,                 236.7   ,               92.2   ,                100.3   ,              12.0   ,               8.1   ,                12.0   ,          328.9   ,             12.0   ,                        77.1   ,               4   ,        1.0500   ,               31.0   ,                 10899   ,
2026-02-12 13:26:22 ,        2730.0   ,           1281.5   ,               67.1   ,        74.7   ,                  74.0   ,                40   ,                  1476   ,                40   ,                  1477   ,          10782   ,         99   ,                       98   ,                   0   ,                    0   ,              337.6   ,                 237.3   ,               92.3   ,                100.3   ,              12.0   ,               8.0   ,                12.0   ,          329.6   ,             12.0   ,                        77.2   ,               4   ,        1.0500   ,               30.0   ,                 10899   ,
2026-02-12 13:26:23 ,        2730.0   ,           1281.5   ,               66.9   ,        74.3   ,                  74.0   ,                40   ,                  1476   ,                40   ,                  1473   ,          10782   ,         99   ,                       98   ,                   0   ,                    0   ,              339.7   ,                 244.2   ,               94.6   ,                102.6   ,              12.0   ,               8.1   ,                12.0   ,          338.7   ,             12.0   ,                        77.1   ,               4   ,        1.0500   ,               30.0   ,                 10900   ,
2026-02-12 13:26:24 ,        2730.0   ,           1281.5   ,               67.0   ,        74.4   ,                  74.0   ,                40   ,                  1476   ,                40   ,                  1473   ,          10782   ,         99   ,                       98   ,                   0   ,                    0   ,              339.6   ,                 243.9   ,               94.6   ,                102.7   ,              12.0   ,               8.0   ,                12.0   ,          338.5   ,             12.0   ,                        77.0   ,               4   ,        1.0500   ,               31.0   ,                 10901   ,
2026-02-12 13:26:25 ,        2730.0   ,           1281.5   ,               67.2   ,        74.7   ,                  74.0   ,                40   ,                  1478   ,                40   ,                  1480   ,          10782   ,         99   ,                       98   ,                   0   ,                    0   ,              346.3   ,                 243.7   ,               94.6   ,                102.6   ,              12.0   ,               8.0   ,                12.0   ,          338.3   ,             12.0   ,                        77.0   ,               4   ,        1.0500   ,               31.0   ,                 10901   ,
2026-02-12 13:26:26 ,        2730.0   ,           1281.5   ,               67.2   ,        74.6   ,                  72.0   ,                40   ,                  1478   ,                40   ,                  1479   ,          10782   ,         99   ,                       98   ,                   0   ,                    0   ,              346.4   ,                 243.9   ,               94.4   ,                102.5   ,              12.0   ,               8.1   ,                12.0   ,          338.3   ,             12.0   ,                        77.0   ,               4   ,        1.0500   ,               32.0   ,                 10903   ,
2026-02-12 13:26:27 ,        2730.0   ,           1281.5   ,               67.3   ,        74.8   ,                  74.0   ,                40   ,                  1480   ,                40   ,                  1477   ,          10782   ,         99   ,                       98   ,                   0   ,                    0   ,              347.2   ,                 244.8   ,               94.3   ,                102.4   ,              12.0   ,               8.0   ,                12.0   ,          339.1   ,             12.0   ,                        77.2   ,               4   ,        1.0500   ,               30.0   ,                 10902   ,
2026-02-12 13:26:28 ,        2730.0   ,           1281.5   ,               67.4   ,        74.9   ,                  74.0   ,                40   ,                  1476   ,                40   ,                  1475   ,          10782   ,         99   ,                       98   ,                   0   ,                    0   ,              347.0   ,                 244.6   ,               94.4   ,                102.4   ,              12.0   ,               8.0   ,                12.0   ,          338.9   ,             12.0   ,                        77.1   ,               4   ,        1.0500   ,               30.0   ,                 10902   ,
2026-02-12 13:26:29 ,        2730.0   ,           1281.5   ,               67.2   ,        74.6   ,                  74.0   ,                40   ,                  1482   ,                40   ,                  1477   ,          10782   ,         98   ,                       97   ,                   0   ,                    0   ,              345.7   ,                 243.2   ,               94.4   ,                102.5   ,              12.0   ,               8.1   ,                12.0   ,          337.6   ,             12.0   ,                        76.8   ,               4   ,        1.0500   ,               31.0   ,                 10903   ,
2026-02-12 13:26:30 ,        2730.0   ,           1281.5   ,               67.4   ,        74.8   ,                  74.0   ,                40   ,                  1480   ,                40   ,                  1482   ,          10782   ,         99   ,                       98   ,                   0   ,                    0   ,              346.1   ,                 243.8   ,               94.3   ,                102.4   ,              12.0   ,               8.0   ,                12.0   ,          338.1   ,             12.0   ,                        76.9   ,               4   ,        1.0500   ,               30.0   ,                 10904   ,
2026-02-12 13:26:31 ,        2730.0   ,           1281.5   ,               67.5   ,        75.0   ,                  72.0   ,                40   ,                  1480   ,                40   ,                  1478   ,          10782   ,         99   ,                       98   ,                   0   ,                    0   ,              346.2   ,                 243.9   ,               94.3   ,                102.3   ,              12.0   ,               8.0   ,                12.0   ,          338.2   ,             12.0   ,                        76.9   ,               4   ,        1.0500   ,               31.0   ,                 10904   ,
2026-02-12 13:26:32 ,        2730.0   ,           1281.5   ,               67.4   ,        74.7   ,                  72.0   ,                41   ,                  1480   ,                41   ,                  1482   ,          10782   ,         99   ,                       98   ,                   0   ,                    0   ,              345.9   ,                 244.5   ,               94.5   ,                102.5   ,              12.0   ,               8.0   ,                12.0   ,          338.9   ,             12.0   ,                        77.1   ,               4   ,        1.0500   ,               31.0   ,                 10904   ,
2026-02-12 13:26:33 ,        2730.0   ,           1281.5   ,               67.4   ,        74.9   ,                  74.0   ,                41   ,                  1480   ,                41   ,                  1484   ,          10782   ,         98   ,                       97   ,                   0   ,                    0   ,              347.3   ,                 244.6   ,               94.6   ,                102.6   ,              12.0   ,               8.1   ,                12.0   ,          339.2   ,             12.0   ,                        77.2   ,               4   ,        1.0500   ,               30.0   ,                 10904   ,
2026-02-12 13:26:34 ,        2730.0   ,           1281.5   ,               67.5   ,        74.8   ,                  74.0   ,                41   ,                  1482   ,                41   ,                  1482   ,          10782   ,        100   ,                      100   ,                   0   ,                    0   ,              346.5   ,                 244.0   ,               94.5   ,                102.5   ,              12.0   ,               8.0   ,                12.0   ,          338.5   ,             12.0   ,                        77.0   ,               4   ,        1.0500   ,               30.0   ,                 10906   ,
2026-02-12 13:26:35 ,        2730.0   ,           1281.5   ,               65.9   ,        72.6   ,                  72.0   ,                41   ,                  1482   ,                41   ,                  1484   ,          10786   ,         97   ,                       84   ,                   0   ,                    0   ,              294.4   ,                 203.3   ,               83.1   ,                 91.1   ,              12.0   ,               8.1   ,                12.0   ,          286.4   ,             12.1   ,                        65.4   ,               4   ,        1.0500   ,               30.0   ,                 10923   ,
2026-02-12 13:26:36 ,        2730.0   ,           1281.5   ,               66.3   ,        73.2   ,                  74.0   ,                41   ,                  1482   ,                41   ,                  1479   ,          10786   ,        100   ,                       91   ,                   0   ,                    0   ,              323.5   ,                 221.7   ,               93.6   ,                101.8   ,              12.0   ,               8.2   ,                12.0   ,          315.3   ,             12.0   ,                        71.9   ,               4   ,        1.0500   ,               30.0   ,                 10901   ,
2026-02-12 13:26:37 ,        2730.0   ,           1281.5   ,               66.1   ,        72.9   ,                  72.0   ,                41   ,                  1482   ,                41   ,                  1482   ,          10786   ,        100   ,                       91   ,                   0   ,                    0   ,              327.0   ,                 225.3   ,               93.4   ,                101.7   ,              12.0   ,               8.3   ,                12.0   ,          318.7   ,             12.0   ,                        72.7   ,               4   ,        1.0500   ,               30.0   ,                 10902   ,
2026-02-12 13:26:38 ,        2730.0   ,           1281.5   ,               66.5   ,        73.3   ,                  74.0   ,                41   ,                  1480   ,                41   ,                  1482   ,          10786   ,        100   ,                       91   ,                   0   ,                    0   ,              325.8   ,                 223.9   ,               93.6   ,                101.9   ,              12.0   ,               8.3   ,                12.0   ,          317.5   ,             12.0   ,                        72.4   ,               4   ,        1.0500   ,               30.0   ,                 10904   ,
2026-02-12 13:26:39 ,        2730.0   ,           1281.5   ,               66.3   ,        73.2   ,                  72.0   ,                41   ,                  1482   ,                41   ,                  1473   ,          10786   ,        100   ,                       91   ,                   0   ,                    0   ,              330.3   ,                 228.2   ,               93.9   ,                102.2   ,              12.0   ,               8.2   ,                12.0   ,          322.1   ,             12.0   ,                        73.4   ,               4   ,        1.0500   ,               30.0   ,                 10906   ,
2026-02-12 13:26:40 ,        2730.0   ,           1281.5   ,               66.5   ,        73.4   ,                  72.0   ,                41   ,                  1480   ,                41   ,                  1484   ,          10786   ,        100   ,                       91   ,                   0   ,                    0   ,              331.3   ,                 229.3   ,               93.7   ,                102.0   ,              12.0   ,               8.3   ,                12.0   ,          323.0   ,             12.0   ,                        72.0   ,               4   ,        1.0500   ,               31.0   ,                 10906   ,
2026-02-12 13:26:41 ,        2730.0   ,           1281.5   ,               66.6   ,        73.6   ,                  74.0   ,                41   ,                  1480   ,                41   ,                  1486   ,          10786   ,        100   ,                       91   ,                   0   ,                    0   ,              325.6   ,                 223.7   ,               93.8   ,                101.9   ,              12.0   ,               8.1   ,                12.0   ,          317.5   ,             12.0   ,                        72.4   ,               4   ,        1.0500   ,               31.0   ,                 10907   ,
2026-02-12 13:26:42 ,        2730.0   ,           1281.5   ,               66.6   ,        73.8   ,                  72.0   ,                41   ,                  1482   ,                41   ,                  1486   ,          10786   ,        100   ,                       92   ,                   0   ,                    0   ,              329.7   ,                 227.8   ,               93.7   ,                101.9   ,              12.0   ,               8.2   ,                12.0   ,          321.5   ,             12.0   ,                        73.3   ,               4   ,        1.0500   ,               29.0   ,                 10907   ,
2026-02-12 13:26:43 ,        2730.0   ,           1281.5   ,               66.5   ,        73.4   ,                  72.0   ,                41   ,                  1480   ,                41   ,                  1484   ,          10786   ,         99   ,                       90   ,                   0   ,                    0   ,              327.5   ,                 225.4   ,               93.9   ,                102.1   ,              12.0   ,               8.1   ,                12.0   ,          319.4   ,             12.0   ,                        72.8   ,               4   ,        1.0500   ,               30.0   ,                 10907   ,
2026-02-12 13:26:44 ,        2730.0   ,           1281.5   ,               66.4   ,        73.5   ,                  74.0   ,                41   ,                  1480   ,                41   ,                  1477   ,          10786   ,        100   ,                       91   ,                   0   ,                    0   ,              324.1   ,                 222.4   ,               93.5   ,                101.7   ,              12.0   ,               8.2   ,                12.0   ,          315.8   ,             12.0   ,                        72.0   ,               4   ,        1.0500   ,               30.0   ,                 10910   ,
2026-02-12 13:26:45 ,        2730.0   ,           1281.5   ,               66.4   ,        73.6   ,                  72.0   ,                41   ,                  1480   ,                41   ,                  1484   ,          10786   ,        100   ,                       92   ,                   0   ,                    0   ,              329.4   ,                 227.2   ,               94.0   ,                102.2   ,              12.0   ,               8.2   ,                12.0   ,          321.2   ,             12.0   ,                        73.2   ,               4   ,        1.0500   ,               30.0   ,                 10910   ,
2026-02-12 13:26:46 ,        2730.0   ,           1281.5   ,               66.5   ,        73.5   ,                  74.0   ,                41   ,                  1482   ,                41   ,                  1484   ,          10786   ,        100   ,                       91   ,                   0   ,                    0   ,              327.2   ,                 225.2   ,               93.8   ,                102.0   ,              12.0   ,               8.2   ,                12.0   ,          319.0   ,             12.0   ,                        72.7   ,               4   ,        1.0500   ,               30.0   ,                 10909   ,
2026-02-12 13:26:47 ,        2730.0   ,           1281.5   ,               66.3   ,        73.1   ,                  74.0   ,                41   ,                  1484   ,                41   ,                  1484   ,          10786   ,        100   ,                       91   ,                   0   ,                    0   ,              329.1   ,                 227.2   ,               93.7   ,                101.9   ,              12.0   ,               8.2   ,                12.0   ,          321.0   ,             12.0   ,                        73.1   ,               4   ,        1.0500   ,               31.0   ,                 10911   ,
2026-02-12 13:26:48 ,        2730.0   ,           1281.5   ,               66.4   ,        73.3   ,                  74.0   ,                41   ,                  1482   ,                41   ,                  1488   ,          10786   ,        100   ,                       92   ,                   0   ,                    0   ,              327.5   ,                 225.6   ,               93.6   ,                101.8   ,              12.0   ,               8.2   ,                12.0   ,          319.2   ,             12.0   ,                        72.5   ,               4   ,        1.0500   ,               30.0   ,                 10911   ,
2026-02-12 13:26:49 ,        2730.0   ,           1281.5   ,               66.2   ,        73.4   ,                  72.0   ,                41   ,                  1482   ,                41   ,                  1484   ,          10786   ,        100   ,                       91   ,                   0   ,                    0   ,              326.1   ,                 224.4   ,               93.4   ,                101.7   ,              12.0   ,               8.3   ,                12.0   ,          317.7   ,             12.0   ,                        72.5   ,               4   ,        1.0500   ,               31.0   ,                 10911   ,
2026-02-12 13:26:50 ,        2730.0   ,           1281.5   ,               66.4   ,        73.3   ,                  74.0   ,                41   ,                  1480   ,                41   ,                  1486   ,          10786   ,        100   ,                       91   ,                   0   ,                    0   ,              324.4   ,                 222.8   ,               93.3   ,                101.6   ,              12.0   ,               8.3   ,                12.0   ,          316.1   ,             12.0   ,                        72.1   ,               4   ,        1.0500   ,               30.0   ,                 10887   ,
2026-02-12 13:26:51 ,        2730.0   ,           1281.5   ,               66.2   ,        72.9   ,                  74.0   ,                41   ,                  1480   ,                41   ,                  1482   ,          10786   ,        100   ,                       91   ,                   0   ,                    0   ,              325.1   ,                 223.5   ,               93.4   ,                101.6   ,              12.0   ,               8.2   ,                12.0   ,          316.9   ,             12.0   ,                        72.3   ,               4   ,        1.0500   ,               30.0   ,                 10890   ,
2026-02-12 13:26:52 ,        2730.0   ,           1281.5   ,               66.5   ,        73.5   ,                  72.0   ,                41   ,                  1482   ,                41   ,                  1482   ,          10786   ,        100   ,                       91   ,                   0   ,                    0   ,              323.9   ,                 222.4   ,               93.3   ,                101.5   ,              12.0   ,               8.2   ,                12.0   ,          315.7   ,             12.0   ,                        72.0   ,               4   ,        1.0500   ,               30.0   ,                 10889   ,
2026-02-12 13:26:53 ,        2730.0   ,           1281.5   ,               66.4   ,        73.3   ,                  74.0   ,                41   ,                  1482   ,                41   ,                  1480   ,          10786   ,        100   ,                       91   ,                   0   ,                    0   ,              324.8   ,                 223.0   ,               93.7   ,                101.9   ,              12.0   ,               8.2   ,                12.0   ,          316.7   ,             12.0   ,                        72.2   ,               4   ,        1.0500   ,               32.0   ,                 10890   ,
2026-02-12 13:26:54 ,        2730.0   ,           1281.5   ,               66.5   ,        73.5   ,                  74.0   ,                41   ,                  1482   ,                41   ,                  1480   ,          10786   ,        100   ,                       91   ,                   0   ,                    0   ,              328.1   ,                 226.0   ,               93.9   ,                102.1   ,              12.0   ,               8.3   ,                12.0   ,          319.8   ,             12.0   ,                        72.9   ,               4   ,        1.0500   ,               31.0   ,                 10890   ,
2026-02-12 13:26:55 ,        2730.0   ,           1281.5   ,               66.5   ,        73.3   ,                  72.0   ,                41   ,                  1482   ,                41   ,                  1473   ,          10786   ,         99   ,                       90   ,                   0   ,                    0   ,              327.7   ,                 226.0   ,               93.5   ,                101.8   ,              12.0   ,               8.2   ,                12.0   ,          319.5   ,             12.0   ,                        72.8   ,               4   ,        1.0500   ,               30.0   ,                 10890   ,
2026-02-12 13:26:56 ,        2730.0   ,           1281.5   ,               66.6   ,        73.6   ,                  74.0   ,                41   ,                  1480   ,                41   ,                  1482   ,          10786   ,        100   ,                       91   ,                   0   ,                    0   ,              325.6   ,                 223.7   ,               93.6   ,                101.9   ,              12.0   ,               8.3   ,                12.0   ,          317.3   ,             12.0   ,                        72.4   ,               4   ,        1.0500   ,               30.0   ,                 10892   ,
2026-02-12 13:26:57 ,        2730.0   ,           1281.5   ,               66.5   ,        73.4   ,                  74.0   ,                41   ,                  1480   ,                41   ,                  1484   ,          10786   ,        100   ,                       91   ,                   0   ,                    0   ,              330.2   ,                 227.8   ,               94.0   ,                102.3   ,              12.0   ,               8.3   ,                12.0   ,          321.8   ,             12.0   ,                        73.4   ,               4   ,        1.0500   ,               30.0   ,                 10891   ,
2026-02-12 13:26:58 ,        2730.0   ,           1281.5   ,               66.1   ,        72.9   ,                  74.0   ,                41   ,                  1482   ,                41   ,                  1475   ,          10786   ,        100   ,                       91   ,                   0   ,                    0   ,              327.4   ,                 225.5   ,               93.8   ,                102.1   ,              12.0   ,               8.3   ,                12.0   ,          318.1   ,             12.0   ,                        72.5   ,               4   ,        1.0500   ,               30.0   ,                 10891   ,
2026-02-12 13:26:59 ,        2730.0   ,           1281.5   ,               66.4   ,        73.4   ,                  74.0   ,                41   ,                  1484   ,                41   ,                  1480   ,          10786   ,        100   ,                       91   ,                   0   ,                    0   ,              324.8   ,                 226.5   ,               93.7   ,                102.0   ,              12.0   ,               8.3   ,                12.0   ,          320.2   ,             12.0   ,                        73.0   ,               4   ,        1.0500   ,               30.0   ,                 10896   ,
2026-02-12 13:27:00 ,        2730.0   ,           1281.5   ,               66.1   ,        73.3   ,                  74.0   ,                41   ,                  1484   ,                41   ,                  1480   ,          10786   ,        100   ,                       91   ,                   0   ,                    0   ,              323.8   ,                 221.9   ,               93.6   ,                101.8   ,              12.0   ,               8.3   ,                12.0   ,          315.5   ,             12.0   ,                        71.9   ,               4   ,        1.0500   ,               30.0   ,                 10898   ,
2026-02-12 13:27:01 ,        2730.0   ,           1281.5   ,               66.4   ,        73.3   ,                  74.0   ,                41   ,                  1486   ,                41   ,                  1482   ,          10786   ,        100   ,                       91   ,                   0   ,                    0   ,              324.6   ,                 222.8   ,               93.5   ,                101.8   ,              12.0   ,               8.3   ,                12.0   ,          316.3   ,             12.0   ,                        72.1   ,               4   ,        1.0500   ,               30.0   ,                 10898   ,
2026-02-12 13:27:02 ,        2730.0   ,           1281.5   ,               66.6   ,        73.6   ,                  74.0   ,                41   ,                  1480   ,                41   ,                  1482   ,          10786   ,        100   ,                       91   ,                   0   ,                    0   ,              325.7   ,                 223.8   ,               93.6   ,                101.9   ,              12.0   ,               8.3   ,                12.0   ,          317.4   ,             12.0   ,                        72.4   ,               4   ,        1.0500   ,               30.0   ,                 10898   ,
2026-02-12 13:27:03 ,        2730.0   ,           1281.5   ,               66.4   ,        73.2   ,                  74.0   ,                41   ,                  1482   ,                41   ,                  1480   ,          10786   ,        100   ,                       91   ,                   0   ,                    0   ,              329.0   ,                 227.0   ,               93.7   ,                102.0   ,              12.0   ,               8.3   ,                12.0   ,          320.7   ,             12.0   ,                        73.1   ,               4   ,        1.0500   ,               29.0   ,                 10898   ,
2026-02-12 13:27:04 ,        2730.0   ,           1281.5   ,               66.2   ,        73.2   ,                  72.0   ,                41   ,                  1482   ,                41   ,                  1484   ,          10786   ,         99   ,                       90   ,                   0   ,                    0   ,              328.4   ,                 226.4   ,               93.7   ,                102.0   ,              12.0   ,               8.3   ,                12.0   ,          320.1   ,             12.0   ,                        73.0   ,               4   ,        1.0500   ,               30.0   ,                 10898   ,
2026-02-12 13:27:05 ,        2730.0   ,           1281.5   ,               66.5   ,        73.8   ,                  74.0   ,                41   ,                  1482   ,                41   ,                  1480   ,          10786   ,        100   ,                       91   ,                   0   ,                    0   ,              328.2   ,                 226.2   ,               93.8   ,                102.0   ,              12.0   ,               8.3   ,                12.0   ,          320.0   ,             12.0   ,                        72.9   ,               4   ,        1.0500   ,               30.0   ,                 10900   ,
2026-02-12 13:27:06 ,        2730.0   ,           1281.5   ,               66.4   ,        73.4   ,                  74.0   ,                41   ,                  1486   ,                41   ,                  1486   ,          10786   ,        100   ,                       91   ,                   0   ,                    0   ,              326.4   ,                 224.6   ,               93.5   ,                101.8   ,              12.0   ,               8.3   ,                12.0   ,          318.1   ,             12.0   ,                        72.5   ,               4   ,        1.0500   ,               30.0   ,                 10900   ,
2026-02-12 13:27:07 ,        2730.0   ,           1281.5   ,               66.4   ,        73.3   ,                  74.0   ,                41   ,                  1486   ,                41   ,                  1484   ,          10786   ,        100   ,                       91   ,                   0   ,                    0   ,              327.6   ,                 225.5   ,               93.8   ,                102.1   ,              12.0   ,               8.3   ,                12.0   ,          319.3   ,             12.0   ,                        72.8   ,               4   ,        1.0500   ,               30.0   ,                 10899   ,
2026-02-12 13:27:08 ,        2730.0   ,           1281.5   ,               66.6   ,        73.7   ,                  74.0   ,                41   ,                  1486   ,                41   ,                  1484   ,          10786   ,        100   ,                       91   ,                   0   ,                    0   ,              325.8   ,                 224.2   ,               93.3   ,                101.6   ,              12.0   ,               8.3   ,                12.0   ,          317.5   ,             12.0   ,                        72.4   ,               4   ,        1.0500   ,               30.0   ,                 10899   ,
2026-02-12 13:27:09 ,        2730.0   ,           1281.5   ,               66.5   ,        73.4   ,                  72.0   ,                41   ,                  1484   ,                41   ,                  1484   ,          10786   ,        100   ,                       91   ,                   0   ,                    0   ,              324.4   ,                 222.4   ,               93.7   ,                102.0   ,              12.0   ,               8.3   ,                12.0   ,          316.1   ,             12.0   ,                        72.1   ,               4   ,        1.0500   ,               30.0   ,                 10901   ,
2026-02-12 13:27:10 ,        2730.0   ,           1281.5   ,               66.5   ,        73.5   ,                  72.0   ,                41   ,                  1482   ,                41   ,                  1484   ,          10786   ,        100   ,                       91   ,                   0   ,                    0   ,              325.2   ,                 223.3   ,               93.5   ,                101.9   ,              12.0   ,               8.3   ,                12.0   ,          316.9   ,             12.0   ,                        72.3   ,               4   ,        1.0500   ,               30.0   ,                 10901   ,
2026-02-12 13:27:11 ,        2730.0   ,           1281.5   ,               66.4   ,        73.3   ,                  74.0   ,                41   ,                  1488   ,                41   ,                  1488   ,          10786   ,        100   ,                       91   ,                   0   ,                    0   ,              329.9   ,                 228.1   ,               93.5   ,                101.8   ,              12.0   ,               8.3   ,                12.0   ,          321.6   ,             12.0   ,                        73.3   ,               4   ,        1.0500   ,               29.0   ,                 10901   ,
2026-02-12 13:27:12 ,        2730.0   ,           1281.5   ,               66.5   ,        73.5   ,                  74.0   ,                41   ,                  1484   ,                41   ,                  1484   ,          10786   ,        100   ,                       91   ,                   0   ,                    0   ,              329.0   ,                 227.2   ,               93.5   ,                101.8   ,              12.0   ,               8.3   ,                12.0   ,          320.7   ,             12.0   ,                        73.1   ,               4   ,        1.0500   ,               30.0   ,                 10900   ,
2026-02-12 13:27:13 ,        2730.0   ,           1281.5   ,               66.4   ,        73.4   ,                  74.0   ,                41   ,                  1486   ,                41   ,                  1490   ,          10786   ,        100   ,                       92   ,                   0   ,                    0   ,              321.5   ,                 221.3   ,               92.0   ,                100.3   ,              12.0   ,               8.2   ,                12.0   ,          313.3   ,             12.0   ,                        71.5   ,               4   ,        1.0500   ,               30.0   ,                 10901   ,
2026-02-12 13:27:14 ,        2730.0   ,           1281.5   ,               66.6   ,        73.6   ,                  74.0   ,                41   ,                  1484   ,                41   ,                  1488   ,          10786   ,        100   ,                       91   ,                   0   ,                    0   ,              324.5   ,                 222.9   ,               93.3   ,                101.6   ,              12.0   ,               8.3   ,                12.0   ,          316.2   ,             12.0   ,                        72.1   ,               4   ,        1.0500   ,               29.0   ,                 10902   ,
2026-02-12 13:27:15 ,        2730.0   ,           1281.5   ,               64.9   ,        71.5   ,                  70.0   ,                41   ,                  1482   ,                41   ,                  1484   ,          10786   ,         14   ,                        7   ,                   0   ,                    1   ,              282.4   ,                 194.2   ,               80.3   ,                 88.3   ,              12.0   ,               8.0   ,                12.0   ,          274.4   ,             12.1   ,                        62.8   ,               4   ,        1.0500   ,               31.0   ,                 10882   ,
2026-02-12 13:27:16 ,        2730.0   ,           1281.5   ,               66.2   ,        73.2   ,                  72.0   ,                41   ,                  1484   ,                41   ,                  1486   ,          10786   ,        100   ,                       91   ,                   0   ,                    0   ,              322.9   ,                 220.9   ,               93.7   ,                102.0   ,              12.0   ,               8.3   ,                12.0   ,          314.6   ,             12.0   ,                        71.8   ,               4   ,        1.0500   ,               32.0   ,                 10885   ,
2026-02-12 13:27:17 ,        2730.0   ,           1281.5   ,               66.0   ,        72.9   ,                  74.0   ,                41   ,                  1482   ,                41   ,                  1490   ,          10786   ,        100   ,                       92   ,                   0   ,                    0   ,              323.9   ,                 221.3   ,               94.2   ,                102.6   ,              12.0   ,               8.4   ,                12.0   ,          315.5   ,             12.0   ,                        72.0   ,               4   ,        1.0500   ,               30.0   ,                 10887   ,
2026-02-12 13:27:18 ,        2730.0   ,           1281.5   ,               66.1   ,        73.3   ,                  74.0   ,                41   ,                  1484   ,                41   ,                  1490   ,          10786   ,         98   ,                       85   ,                   0   ,                    0   ,              325.6   ,                 223.5   ,               93.9   ,                102.6   ,              12.0   ,               8.3   ,                12.0   ,          317.6   ,             12.0   ,                        72.4   ,               4   ,        1.0500   ,               30.0   ,                 10888   ,
2026-02-12 13:27:19 ,        2730.0   ,           1281.5   ,               66.1   ,        72.9   ,                  72.0   ,                41   ,                  1484   ,                41   ,                  1480   ,          10786   ,        100   ,                       91   ,                   0   ,                    0   ,              324.6   ,                 222.2   ,               94.1   ,                102.4   ,              12.0   ,               8.3   ,                12.0   ,          316.3   ,             12.0   ,                        72.1   ,               4   ,        1.0500   ,               36.0   ,                 10888   ,
2026-02-12 13:27:20 ,        2730.0   ,           1281.5   ,               66.2   ,        73.1   ,                  74.0   ,                41   ,                  1484   ,                41   ,                  1480   ,          10786   ,        100   ,                       91   ,                   0   ,                    0   ,              323.2   ,                 221.2   ,               93.7   ,                102.0   ,              12.0   ,               8.3   ,                12.0   ,          314.9   ,             12.0   ,                        71.8   ,               4   ,        1.0500   ,               30.0   ,                 10889   ,
2026-02-12 13:27:21 ,        2730.0   ,           1281.5   ,               66.2   ,        73.0   ,                  72.0   ,                41   ,                  1484   ,                41   ,                  1475   ,          10786   ,        100   ,                       91   ,                   0   ,                    0   ,              325.2   ,                 223.1   ,               93.8   ,                102.2   ,              12.0   ,               8.4   ,                12.0   ,          316.9   ,             12.0   ,                        72.3   ,               4   ,        1.0500   ,               31.0   ,                 10889   ,
2026-02-12 13:27:22 ,        2730.0   ,           1281.5   ,               66.1   ,        72.9   ,                  74.0   ,                41   ,                  1484   ,                41   ,                  1480   ,          10786   ,        100   ,                       92   ,                   0   ,                    0   ,              324.4   ,                 222.1   ,               93.9   ,                102.3   ,              12.0   ,               8.4   ,                12.0   ,          316.1   ,             12.0   ,                        72.1   ,               4   ,        1.0500   ,               30.0   ,                 10890   ,
2026-02-12 13:27:23 ,        2730.0   ,           1281.5   ,               65.8   ,        72.7   ,                  74.0   ,                41   ,                  1482   ,                41   ,                  1473   ,          10786   ,        100   ,                       91   ,                   0   ,                    0   ,              323.6   ,                 221.5   ,               94.3   ,                102.7   ,              12.0   ,               8.4   ,                12.0   ,          315.5   ,             12.0   ,                        72.0   ,               4   ,        1.0500   ,               30.0   ,                 10891   ,
2026-02-12 13:27:24 ,        2730.0   ,           1281.5   ,               66.2   ,        72.9   ,                  74.0   ,                41   ,                  1484   ,                41   ,                  1473   ,          10786   ,        100   ,                       92   ,                   0   ,                    0   ,              323.5   ,                 221.8   ,               94.2   ,                102.5   ,              12.0   ,               8.3   ,                12.0   ,          316.0   ,             12.0   ,                        72.1   ,               4   ,        1.0500   ,               30.0   ,                 10891   ,
2026-02-12 13:27:25 ,        2730.0   ,           1281.5   ,               66.1   ,        72.9   ,                  74.0   ,                41   ,                  1486   ,                41   ,                  1486   ,          10786   ,         98   ,                       85   ,                   0   ,                    0   ,              325.9   ,                 223.4   ,               94.2   ,                102.4   ,              12.0   ,               8.2   ,                12.0   ,          317.7   ,             12.0   ,                        72.4   ,               4   ,        1.0500   ,               31.0   ,                 10892   ,
2026-02-12 13:27:26 ,        2730.0   ,           1281.5   ,               66.1   ,        73.1   ,                  72.0   ,                41   ,                  1482   ,                41   ,                  1492   ,          10786   ,        100   ,                       91   ,                   0   ,                    0   ,              324.4   ,                 222.1   ,               94.0   ,                102.3   ,              12.0   ,               8.3   ,                12.0   ,          316.9   ,             12.0   ,                        72.3   ,               4   ,        1.0500   ,               30.0   ,                 10892   ,
2026-02-12 13:27:27 ,        2730.0   ,           1281.5   ,               66.2   ,        73.1   ,                  74.0   ,                41   ,                  1484   ,                41   ,                  1490   ,          10786   ,         98   ,                       87   ,                   0   ,                    0   ,              325.4   ,                 223.3   ,               93.8   ,                102.4   ,              12.0   ,               8.3   ,                12.0   ,          314.4   ,             12.0   ,                        71.7   ,               4   ,        1.0500   ,               30.0   ,                 10892   ,
2026-02-12 13:27:28 ,        2730.0   ,           1281.5   ,               66.1   ,        72.9   ,                  74.0   ,                41   ,                  1484   ,                41   ,                  1488   ,          10786   ,        100   ,                       91   ,                   0   ,                    0   ,              324.5   ,                 222.5   ,               93.8   ,                102.0   ,              12.0   ,               8.3   ,                12.0   ,          316.2   ,             12.0   ,                        72.1   ,               4   ,        1.0500   ,               30.0   ,                 10893   ,
2026-02-12 13:27:29 ,        2730.0   ,           1281.5   ,               66.2   ,        73.2   ,                  74.0   ,                41   ,                  1482   ,                41   ,                  1480   ,          10786   ,        100   ,                       91   ,                   0   ,                    0   ,              324.0   ,                 221.6   ,               94.1   ,                102.4   ,              12.0   ,               8.3   ,                12.0   ,          315.7   ,             12.0   ,                        72.0   ,               4   ,        1.0500   ,               31.0   ,                 10895   ,
2026-02-12 13:27:30 ,        2730.0   ,           1281.5   ,               66.2   ,        73.0   ,                  74.0   ,                41   ,                  1482   ,                41   ,                  1484   ,          10786   ,        100   ,                       92   ,                   0   ,                    0   ,              323.4   ,                 221.1   ,               94.1   ,                102.3   ,              12.0   ,               8.3   ,                12.0   ,          315.1   ,             12.0   ,                        71.9   ,               4   ,        1.0500   ,               30.0   ,                 10895   ,
2026-02-12 13:27:31 ,        2730.0   ,           1281.5   ,               66.2   ,        73.0   ,                  74.0   ,                41   ,                  1482   ,                41   ,                  1482   ,          10786   ,        100   ,                       92   ,                   0   ,                    0   ,              323.6   ,                 221.6   ,               94.2   ,                102.4   ,              12.0   ,               8.2   ,                12.0   ,          317.0   ,             12.0   ,                        72.3   ,               4   ,        1.0500   ,               30.0   ,                 10895   ,
2026-02-12 13:27:32 ,        2730.0   ,           1281.5   ,               65.7   ,        72.7   ,                  72.0   ,                41   ,                  1484   ,                41   ,                  1484   ,          10786   ,        100   ,                       91   ,                   0   ,                    0   ,              324.1   ,                 222.1   ,               86.9   ,                 95.0   ,              12.0   ,               8.1   ,                12.0   ,          295.4   ,             12.0   ,                        67.4   ,               4   ,        1.0500   ,               30.0   ,                 10894   ,
2026-02-12 13:27:33 ,        2730.0   ,           1281.5   ,               66.2   ,        73.1   ,                  72.0   ,                41   ,                  1484   ,                41   ,                  1473   ,          10786   ,        100   ,                       92   ,                   0   ,                    0   ,              323.0   ,                 220.7   ,               94.1   ,                102.3   ,              12.0   ,               8.3   ,                12.0   ,          314.7   ,             12.0   ,                        71.8   ,               4   ,        1.0500   ,               30.0   ,                 10895   ,
2026-02-12 13:27:34 ,        2730.0   ,           1281.5   ,               66.3   ,        73.3   ,                  72.0   ,                41   ,                  1484   ,                41   ,                  1478   ,          10786   ,        100   ,                       92   ,                   0   ,                    0   ,              322.5   ,                 220.1   ,               94.0   ,                102.3   ,              12.0   ,               8.3   ,                12.0   ,          314.2   ,             12.0   ,                        71.7   ,               4   ,        1.0500   ,               30.0   ,                 10897   ,
2026-02-12 13:27:35 ,        2730.0   ,           1281.5   ,               66.2   ,        73.1   ,                  72.0   ,                41   ,                  1482   ,                41   ,                  1484   ,          10786   ,        100   ,                       91   ,                   0   ,                    0   ,              322.9   ,                 220.2   ,               94.3   ,                102.7   ,              12.0   ,               8.4   ,                12.0   ,          314.5   ,             12.0   ,                        71.8   ,               4   ,        1.0500   ,               30.0   ,                 10897   ,
2026-02-12 13:27:36 ,        2730.0   ,           1281.5   ,               65.9   ,        72.7   ,                  74.0   ,                41   ,                  1482   ,                41   ,                  1484   ,          10786   ,        100   ,                       91   ,                   0   ,                    0   ,              321.9   ,                 219.5   ,               94.0   ,                102.4   ,              12.0   ,               8.4   ,                12.0   ,          313.5   ,             12.0   ,                        71.5   ,               4   ,        1.0500   ,               30.0   ,                 10897   ,
2026-02-12 13:27:37 ,        2730.0   ,           1281.5   ,               65.8   ,        72.8   ,                  74.0   ,                41   ,                  1484   ,                41   ,                  1476   ,          10786   ,        100   ,                       91   ,                   0   ,                    0   ,              322.3   ,                 219.7   ,               94.2   ,                102.5   ,              12.0   ,               8.3   ,                12.0   ,          313.9   ,             12.0   ,                        71.6   ,               4   ,        1.0500   ,               30.0   ,                 10896   ,
2026-02-12 13:27:38 ,        2730.0   ,           1281.5   ,               66.2   ,        73.2   ,                  72.0   ,                41   ,                  1484   ,                41   ,                  1474   ,          10786   ,        100   ,                       91   ,                   0   ,                    0   ,              323.2   ,                 220.8   ,               94.0   ,                102.4   ,              12.0   ,               8.4   ,                12.0   ,          314.8   ,             12.0   ,                        71.6   ,               4   ,        1.0500   ,               30.0   ,                 10898   ,
2026-02-12 13:27:39 ,        2730.0   ,           1281.5   ,               65.6   ,        72.3   ,                  74.0   ,                41   ,                  1482   ,                41   ,                  1484   ,          10786   ,        100   ,                       91   ,                   0   ,                    0   ,              322.9   ,                 220.5   ,               94.1   ,                 94.0   ,              12.0   ,               8.2   ,                12.0   ,          289.7   ,             12.0   ,                        66.2   ,               4   ,        1.0500   ,               30.0   ,                 10898   ,
2026-02-12 13:27:40 ,        2730.0   ,           1281.5   ,               66.2   ,        73.2   ,                  72.0   ,                41   ,                  1482   ,                41   ,                  1482   ,          10786   ,        100   ,                       91   ,                   0   ,                    0   ,              322.5   ,                 220.1   ,               94.1   ,                102.4   ,              12.0   ,               8.3   ,                12.0   ,          314.2   ,             12.0   ,                        71.7   ,               4   ,        1.0500   ,               30.0   ,                 10898   ,
2026-02-12 13:27:41 ,        2730.0   ,           1281.5   ,               65.8   ,        72.6   ,                  72.0   ,                41   ,                  1484   ,                41   ,                  1482   ,          10786   ,         97   ,                       86   ,                   0   ,                    0   ,              324.0   ,                 221.7   ,               94.0   ,                102.2   ,              12.0   ,               8.2   ,                12.0   ,          315.7   ,             12.0   ,                        72.0   ,               4   ,        1.0500   ,               30.0   ,                 10898   ,
2026-02-12 13:27:42 ,        2730.0   ,           1281.5   ,               66.2   ,        73.1   ,                  72.0   ,                41   ,                  1484   ,                41   ,                  1484   ,          10786   ,        100   ,                       92   ,                   0   ,                    0   ,              326.1   ,                 223.8   ,               94.0   ,                102.3   ,              12.0   ,               8.3   ,                12.0   ,          317.8   ,             12.0   ,                        72.5   ,               4   ,        1.0500   ,               30.0   ,                 10898   ,
2026-02-12 13:27:43 ,        2730.0   ,           1281.5   ,               66.1   ,        72.9   ,                  72.0   ,                41   ,                  1484   ,                41   ,                  1480   ,          10786   ,        100   ,                       91   ,                   0   ,                    0   ,              322.4   ,                 219.9   ,               94.2   ,                102.5   ,              12.0   ,               8.2   ,                12.0   ,          314.1   ,             12.0   ,                        71.6   ,               4   ,        1.0500   ,               31.0   ,                 10900   ,
2026-02-12 13:27:44 ,        2730.0   ,           1281.5   ,               66.2   ,        73.1   ,                  72.0   ,                41   ,                  1484   ,                41   ,                  1488   ,          10786   ,        100   ,                       91   ,                   0   ,                    0   ,              322.6   ,                 220.5   ,               93.8   ,                102.1   ,              12.0   ,               8.3   ,                12.0   ,          314.3   ,             12.0   ,                        71.7   ,               4   ,        1.0500   ,               30.0   ,                 10899   ,
2026-02-12 13:27:45 ,        2730.0   ,           1281.5   ,               66.1   ,        72.9   ,                  72.0   ,                41   ,                  1484   ,                41   ,                  1480   ,          10786   ,        100   ,                       91   ,                   0   ,                    0   ,              320.9   ,                 218.4   ,               94.1   ,                102.5   ,              12.0   ,               8.4   ,                12.0   ,          312.5   ,             12.0   ,                        71.3   ,               4   ,        1.0500   ,               31.0   ,                 10900   ,
2026-02-12 13:27:46 ,        2730.0   ,           1281.5   ,               65.5   ,        72.4   ,                  74.0   ,                41   ,                  1484   ,                41   ,                  1480   ,          10786   ,        100   ,                       91   ,                   0   ,                    0   ,              323.1   ,                 220.7   ,               94.1   ,                102.4   ,              12.0   ,               8.3   ,                12.0   ,          314.8   ,             12.0   ,                        71.8   ,               4   ,        1.0500   ,               31.0   ,                 10900   ,
2026-02-12 13:27:47 ,        2730.0   ,           1281.5   ,               66.2   ,        73.1   ,                  74.0   ,                41   ,                  1482   ,                41   ,                  1486   ,          10786   ,        100   ,                       91   ,                   0   ,                    0   ,              321.4   ,                 219.0   ,               94.0   ,                102.4   ,              12.0   ,               8.4   ,                12.0   ,          313.0   ,             12.0   ,                        71.4   ,               4   ,        1.0500   ,               30.0   ,                 10900   ,
2026-02-12 13:27:48 ,        2730.0   ,           1281.5   ,               66.1   ,        72.8   ,                  72.0   ,                41   ,                  1480   ,                41   ,                  1482   ,          10786   ,         98   ,                       84   ,                   0   ,                    0   ,              323.2   ,                 221.0   ,               93.9   ,                102.2   ,              12.0   ,               8.3   ,                12.0   ,          314.9   ,             12.0   ,                        71.8   ,               4   ,        1.0500   ,               30.0   ,                 10918   ,
2026-02-12 13:27:49 ,        2730.0   ,           1281.5   ,               66.0   ,        72.8   ,                  74.0   ,                41   ,                  1482   ,                41   ,                  1486   ,          10786   ,        100   ,                       91   ,                   0   ,                    0   ,              322.5   ,                 220.1   ,               94.0   ,                102.3   ,              12.0   ,               8.3   ,                12.0   ,          314.2   ,             12.0   ,                        71.7   ,               4   ,        1.0500   ,               29.0   ,                 10922   ,
2026-02-12 13:27:50 ,        2730.0   ,           1281.5   ,               66.2   ,        73.2   ,                  72.0   ,                41   ,                  1482   ,                41   ,                  1486   ,          10786   ,        100   ,                       91   ,                   0   ,                    0   ,              318.6   ,                 216.6   ,               93.7   ,                102.1   ,              12.0   ,               8.3   ,                12.0   ,          310.3   ,             12.0   ,                        70.8   ,               4   ,        1.0500   ,               30.0   ,                 10922   ,
2026-02-12 13:27:51 ,        2730.0   ,           1281.5   ,               66.0   ,        72.8   ,                  72.0   ,                41   ,                  1482   ,                41   ,                  1488   ,          10786   ,        100   ,                       91   ,                   0   ,                    0   ,              320.3   ,                 217.8   ,               94.2   ,                102.5   ,              12.0   ,               8.3   ,                12.0   ,          311.9   ,             12.0   ,                        72.4   ,               4   ,        1.0500   ,               30.0   ,                 10922   ,
2026-02-12 13:27:52 ,        2730.0   ,           1281.5   ,               65.8   ,        72.7   ,                  74.0   ,                41   ,                  1482   ,                41   ,                  1482   ,          10786   ,        100   ,                       91   ,                   0   ,                    0   ,              325.0   ,                 222.6   ,               94.0   ,                102.3   ,              12.0   ,               8.3   ,                12.0   ,          314.5   ,             12.0   ,                        71.7   ,               4   ,        1.0500   ,               31.0   ,                 10896   ,
2026-02-12 13:27:53 ,        2730.0   ,           1281.5   ,               65.7   ,        72.5   ,                  74.0   ,                41   ,                  1480   ,                41   ,                  1480   ,          10786   ,        100   ,                       91   ,                   0   ,                    0   ,              320.6   ,                 218.5   ,               93.8   ,                102.1   ,              12.0   ,               8.3   ,                12.0   ,          312.3   ,             12.0   ,                        71.2   ,               4   ,        1.0500   ,               30.0   ,                 10908   ,
2026-02-12 13:27:54 ,        2730.0   ,           1281.5   ,               66.0   ,        72.8   ,                  72.0   ,                41   ,                  1482   ,                41   ,                  1478   ,          10786   ,        100   ,                       92   ,                   0   ,                    0   ,              324.0   ,                 222.1   ,               93.8   ,                102.0   ,              12.0   ,               8.2   ,                12.0   ,          315.9   ,             12.0   ,                        72.0   ,               4   ,        1.0500   ,               30.0   ,                 10908   ,
2026-02-12 13:27:55 ,        2730.0   ,           1281.5   ,               66.0   ,        72.7   ,                  72.0   ,                41   ,                  1482   ,                41   ,                  1473   ,          10786   ,         99   ,                       89   ,                   0   ,                    0   ,              324.0   ,                 221.9   ,               93.9   ,                102.1   ,              12.0   ,               8.2   ,                12.0   ,          315.8   ,             12.0   ,                        72.0   ,               4   ,        1.0500   ,               30.0   ,                 10909   ,
2026-02-12 13:27:56 ,        2730.0   ,           1281.5   ,               65.9   ,        72.8   ,                  74.0   ,                41   ,                  1478   ,                41   ,                  1478   ,          10786   ,        100   ,                       92   ,                   0   ,                    0   ,              325.0   ,                 222.9   ,               93.8   ,                102.1   ,              12.0   ,               8.2   ,                12.0   ,          316.8   ,             12.0   ,                        72.2   ,               4   ,        1.0500   ,               31.0   ,                 10904   ,
2026-02-12 13:27:57 ,        2730.0   ,           1281.5   ,               66.0   ,        72.9   ,                  72.0   ,                41   ,                  1480   ,                41   ,                  1484   ,          10786   ,        100   ,                       91   ,                   0   ,                    0   ,              325.3   ,                 223.0   ,               94.0   ,                102.3   ,              12.0   ,               8.2   ,                12.0   ,          317.1   ,             12.0   ,                        72.3   ,               4   ,        1.0500   ,               31.0   ,                 10905   ,
2026-02-12 13:27:58 ,        2730.0   ,           1281.5   ,               66.0   ,        72.9   ,                  74.0   ,                41   ,                  1482   ,                41   ,                  1482   ,          10786   ,        100   ,                       91   ,                   0   ,                    0   ,              324.5   ,                 222.2   ,               94.1   ,                102.3   ,              12.0   ,               8.2   ,                12.0   ,          316.3   ,             12.0   ,                        72.0   ,               4   ,        1.0500   ,               30.0   ,                 10904   ,
2026-02-12 13:27:59 ,        2730.0   ,           1281.5   ,               66.2   ,        72.8   ,                  72.0   ,                41   ,                  1484   ,                41   ,                  1480   ,          10786   ,        100   ,                       92   ,                   0   ,                    0   ,              325.4   ,                 223.0   ,               94.2   ,                102.4   ,              12.0   ,               8.3   ,                12.0   ,          317.2   ,             12.0   ,                        72.3   ,               4   ,        1.0500   ,               30.0   ,                 10906   ,
2026-02-12 13:28:00 ,        2730.0   ,           1281.5   ,               66.0   ,        72.7   ,                  72.0   ,                41   ,                  1482   ,                41   ,                  1482   ,          10786   ,        100   ,                       92   ,                   0   ,                    0   ,              323.5   ,                 221.1   ,               94.1   ,                102.4   ,              12.0   ,               8.3   ,                12.0   ,          315.1   ,             12.0   ,                        70.3   ,               4   ,        1.0500   ,               31.0   ,                 10856   ,
2026-02-12 13:28:01 ,        2730.0   ,           1281.5   ,               58.1   ,        67.1   ,                  66.0   ,                40   ,                  1482   ,                40   ,                  1482   ,          10786   ,          0   ,                        0   ,                   0   ,                    0   ,               77.5   ,                  48.1   ,               22.3   ,                 29.4   ,              12.1   ,               7.0   ,                12.1   ,           70.4   ,             12.1   ,                        17.8   ,               4   ,        1.0500   ,               29.0   ,                 10858   ,
2026-02-12 13:28:02 ,         555.0   ,           1281.5   ,               56.5   ,        65.9   ,                  64.0   ,                40   ,                  1480   ,                40   ,                  1482   ,          10786   ,          0   ,                        0   ,                   0   ,                    0   ,               53.2   ,                  24.0   ,               22.2   ,                 29.1   ,              12.1   ,               6.9   ,                12.1   ,           46.3   ,             12.1   ,                        11.8   ,              16   ,        0.8750   ,               29.0   ,                 10858   ,
2026-02-12 13:28:03 ,         345.0   ,            625.2   ,               55.2   ,        64.9   ,                  62.0   ,                40   ,                  1476   ,                40   ,                  1480   ,          10786   ,          0   ,                        0   ,                   0   ,                    0   ,               38.7   ,                  19.6   ,               12.3   ,                 19.1   ,              12.1   ,               6.8   ,                12.1   ,           31.8   ,             12.1   ,                         8.6   ,              16   ,        0.8750   ,               30.0   ,                 10848   ,
2026-02-12 13:28:04 ,         225.0   ,            625.2   ,               54.6   ,        64.3   ,                  62.0   ,                40   ,                  1478   ,                40   ,                  1476   ,          10786   ,          0   ,                        0   ,                   0   ,                    0   ,               38.2   ,                  19.2   ,               12.2   ,                 19.0   ,              12.1   ,               6.8   ,                12.1   ,           31.5   ,             12.1   ,                         8.5   ,              16   ,        0.8750   ,               30.0   ,                 10851   ,
2026-02-12 13:28:05 ,         210.0   ,            625.2   ,               54.1   ,        63.8   ,                  62.0   ,                39   ,                  1464   ,                39   ,                  1465   ,          10786   ,          0   ,                        0   ,                   0   ,                    0   ,               37.4   ,                  18.5   ,               12.2   ,                 18.9   ,              12.1   ,               6.7   ,                12.1   ,           30.7   ,             12.1   ,                         8.3   ,              16   ,        0.8800   ,               30.0   ,                 10851   ,
2026-02-12 13:28:06 ,         210.0   ,            101.3   ,               53.2   ,        63.1   ,                  60.0   ,                37   ,                  1443   ,                37   ,                  1443   ,          10786   ,          0   ,                        0   ,                   0   ,                    0   ,               13.4   ,                   9.0   ,                0.7   ,                  4.4   ,              12.1   ,               3.7   ,                12.1   ,            9.7   ,             12.1   ,                         3.0   ,              16   ,        0.8800   ,               30.0   ,                 10851   ,
2026-02-12 13:28:07 ,         210.0   ,             50.6   ,               52.7   ,        62.3   ,                  58.0   ,                36   ,                  1410   ,                36   ,                  1406   ,          10786   ,          0   ,                        0   ,                   0   ,                    0   ,                8.4   ,                   4.3   ,                1.2   ,                  4.1   ,              12.1   ,               2.9   ,                12.1   ,            5.5   ,             12.1   ,                         1.9   ,              16   ,        0.8650   ,               29.0   ,                 10851   ,
2026-02-12 13:28:08 ,         210.0   ,             50.6   ,               52.2   ,        61.8   ,                  58.0   ,                35   ,                  1371   ,                35   ,                  1375   ,          10786   ,          0   ,                        0   ,                   0   ,                    0   ,                6.3   ,                   3.0   ,                0.5   ,                  3.3   ,              12.2   ,               2.8   ,                12.1   ,            3.5   ,             12.1   ,                         1.4   ,              16   ,        0.8650   ,               30.0   ,                 10851   ,
2026-02-12 13:28:09 ,         210.0   ,             50.6   ,               51.8   ,        61.4   ,                  58.0   ,                34   ,                  1331   ,                34   ,                  1326   ,          10786   ,          0   ,                        0   ,                   0   ,                    0   ,                6.3   ,                   3.1   ,                0.5   ,                  3.2   ,              12.1   ,               2.8   ,                12.1   ,            3.6   ,             12.1   ,                         1.4   ,              16   ,        0.8650   ,               30.0   ,                 10851   ,
2026-02-12 13:28:10 ,         210.0   ,             50.6   ,               51.4   ,        61.0   ,                  58.0   ,                33   ,                  1284   ,                33   ,                  1275   ,          10786   ,          0   ,                        0   ,                   0   ,                    0   ,                6.1   ,                   3.0   ,                0.4   ,                  3.1   ,              12.1   ,               2.7   ,                12.1   ,            6.9   ,             12.1   ,                         2.1   ,              16   ,        0.8650   ,               30.0   ,                 10851   ,
2026-02-12 13:28:11 ,         210.0   ,             50.6   ,               51.0   ,        60.6   ,                  56.0   ,                32   ,                  1234   ,                32   ,                  1234   ,          10786   ,          0   ,                        0   ,                   0   ,                    0   ,                5.8   ,                   2.9   ,                0.3   ,                  2.9   ,              12.2   ,               2.6   ,                12.1   ,            7.2   ,             12.1   ,                         2.2   ,              16   ,        0.8650   ,               30.0   ,                 10851   ,
2026-02-12 13:28:12 ,         210.0   ,             50.6   ,               50.6   ,        60.1   ,                  56.0   ,                31   ,                  1194   ,                31   ,                  1187   ,          10786   ,          0   ,                        0   ,                   0   ,                    0   ,                6.0   ,                   3.0   ,                0.4   ,                  3.0   ,              12.2   ,               2.6   ,                12.1   ,            7.6   ,             12.1   ,                         2.3   ,              16   ,        0.8650   ,               29.0   ,                 10851   ,
2026-02-12 13:28:13 ,         210.0   ,             50.6   ,               50.3   ,        59.9   ,                  56.0   ,                31   ,                  1152   ,                31   ,                  1147   ,          10786   ,          0   ,                        0   ,                   0   ,                    0   ,                6.0   ,                   4.5   ,                1.7   ,                  4.2   ,              12.1   ,               2.6   ,                12.1   ,            6.2   ,             12.1   ,                         1.9   ,              16   ,        0.8650   ,               31.0   ,                 10851   ,
2026-02-12 13:28:14 ,         210.0   ,             50.6   ,               50.0   ,        59.6   ,                  56.0   ,                30   ,                  1112   ,                30   ,                  1104   ,          10786   ,          0   ,                        0   ,                   0   ,                    0   ,                5.8   ,                   4.4   ,                1.6   ,                  4.1   ,              12.1   ,               2.4   ,                12.1   ,            6.0   ,             12.1   ,                         1.9   ,              16   ,        0.8650   ,               31.0   ,                 10850   ,
2026-02-12 13:28:15 ,         210.0   ,             50.6   ,               49.7   ,        59.3   ,                  56.0   ,                30   ,                  1075   ,                30   ,                  1072   ,          10786   ,          0   ,                        0   ,                   0   ,                    0   ,                7.5   ,                   3.8   ,                1.2   ,                  3.6   ,              12.2   ,               2.5   ,                12.1   ,            5.0   ,             12.1   ,                         1.7   ,              16   ,        0.8650   ,               28.0   ,                 10851   ,
2026-02-12 13:28:16 ,         210.0   ,             50.6   ,               49.4   ,        59.0   ,                  54.0   ,                30   ,                  1053   ,                30   ,                  1043   ,          10786   ,          0   ,                        0   ,                   0   ,                    0   ,                6.6   ,                   3.3   ,                0.7   ,                  3.3   ,              12.2   ,               2.5   ,                12.1   ,            4.1   ,             12.1   ,                         1.5   ,              16   ,        0.8650   ,               29.0   ,                 10851   ,
2026-02-12 13:28:17 ,         210.0   ,             50.6   ,               49.2   ,        58.8   ,                  54.0   ,                30   ,                  1033   ,                30   ,                  1025   ,          10786   ,          0   ,                        0   ,                   0   ,                    0   ,                6.7   ,                   3.4   ,                0.9   ,                  3.3   ,              12.1   ,               2.5   ,                12.1   ,            4.3   ,             12.1   ,                         1.5   ,              16   ,        0.8650   ,               29.0   ,                 10850   ,
2026-02-12 13:28:18 ,         210.0   ,             50.6   ,               49.0   ,        58.5   ,                  54.0   ,                30   ,                  1020   ,                30   ,                  1020   ,          10786   ,          0   ,                        0   ,                   0   ,                    0   ,                7.4   ,                   3.8   ,                1.2   ,                  3.6   ,              12.2   ,               2.5   ,                12.1   ,            4.9   ,             12.1   ,                         1.6   ,              16   ,        0.8700   ,               30.0   ,                 10850   ,
2026-02-12 13:28:19 ,         210.0   ,             50.6   ,               48.7   ,        58.2   ,                  54.0   ,                30   ,                  1017   ,                30   ,                  1023   ,          10786   ,          0   ,                        0   ,                   0   ,                    0   ,                6.8   ,                   3.5   ,                0.9   ,                  3.4   ,              12.1   ,               2.5   ,                12.1   ,            4.3   ,             12.1   ,                         1.5   ,              16   ,        0.8700   ,               29.0   ,                 10849   ,
2026-02-12 13:28:20 ,         210.0   ,             50.6   ,               48.5   ,        58.0   ,                  54.0   ,                30   ,                  1016   ,                30   ,                  1024   ,          10786   ,          0   ,                        0   ,                   0   ,                    0   ,                6.6   ,                   3.4   ,                0.8   ,                  3.2   ,              12.2   ,               2.4   ,                12.1   ,            4.2   ,             12.1   ,                         1.5   ,              16   ,        0.8700   ,               30.0   ,                 10849   ,
2026-02-12 13:28:21 ,         210.0   ,             50.6   ,               48.3   ,        57.8   ,                  52.0   ,                30   ,                  1017   ,                30   ,                  1021   ,          10786   ,          0   ,                        0   ,                   0   ,                    0   ,                6.4   ,                   3.2   ,                0.7   ,                  3.1   ,              12.1   ,               2.4   ,                12.1   ,            4.0   ,             12.1   ,                         1.4   ,              16   ,        0.8700   ,               30.0   ,                 10849   ,
2026-02-12 13:28:22 ,         210.0   ,             50.6   ,               48.1   ,        57.5   ,                  52.0   ,                30   ,                  1017   ,                30   ,                  1020   ,          10786   ,          0   ,                        0   ,                   0   ,                    0   ,                6.4   ,                   3.3   ,                0.7   ,                  3.1   ,              12.1   ,               2.4   ,                12.1   ,            4.0   ,             12.1   ,                         1.8   ,              16   ,        0.8700   ,               29.0   ,                 10849   ,
2026-02-12 13:28:24 ,         210.0   ,             50.6   ,               47.9   ,        57.4   ,                  52.0   ,                30   ,                  1016   ,                30   ,                  1018   ,          10786   ,          0   ,                        0   ,                   0   ,                    0   ,                6.2   ,                   3.7   ,                1.1   ,                  3.6   ,              12.1   ,               2.4   ,                12.1   ,            4.9   ,             12.1   ,                         1.6   ,              16   ,        0.8700   ,               29.0   ,                 10850   ,
2026-02-12 13:28:25 ,         210.0   ,             50.6   ,               47.7   ,        57.2   ,                  52.0   ,                30   ,                  1019   ,                30   ,                  1018   ,          10786   ,          0   ,                        0   ,                   0   ,                    0   ,                6.2   ,                   3.8   ,                1.1   ,                  3.6   ,              12.1   ,               2.5   ,                12.1   ,            4.9   ,             12.1   ,                         1.6   ,              16   ,        0.8700   ,               29.0   ,                 10849   ,
2026-02-12 13:28:26 ,         210.0   ,             50.6   ,               47.5   ,        56.9   ,                  52.0   ,                30   ,                  1021   ,                30   ,                  1017   ,          10786   ,          0   ,                        0   ,                   0   ,                    0   ,                6.7   ,                   3.4   ,                0.8   ,                  3.3   ,              12.2   ,               2.4   ,                12.1   ,            4.3   ,             12.1   ,                         1.5   ,              16   ,        0.8700   ,               30.0   ,                 10843   ,
2026-02-12 13:28:27 ,         210.0   ,             50.6   ,               47.3   ,        56.8   ,                  52.0   ,                30   ,                  1022   ,                30   ,                  1016   ,          10786   ,          0   ,                        0   ,                   0   ,                    0   ,                6.7   ,                   3.4   ,                0.8   ,                  3.2   ,              12.1   ,               2.4   ,                12.1   ,            4.3   ,             12.1   ,                         1.5   ,              16   ,        0.8700   ,               29.0   ,                 10850   ,
2026-02-12 13:28:28 ,         210.0   ,             50.6   ,               47.1   ,        56.6   ,                  52.0   ,                30   ,                  1020   ,                30   ,                  1016   ,          10786   ,          0   ,                        0   ,                   0   ,                    0   ,                6.4   ,                   3.3   ,                0.7   ,                  3.1   ,              12.1   ,               2.4   ,                12.1   ,            3.9   ,             12.1   ,                         1.4   ,              16   ,        0.8700   ,               29.0   ,                 10850   ,
2026-02-12 13:28:29 ,         210.0   ,             50.6   ,               46.9   ,        56.4   ,                  50.0   ,                30   ,                  1021   ,                30   ,                  1016   ,          10786   ,          0   ,                        0   ,                   0   ,                    0   ,                5.2   ,                   2.6   ,                0.2   ,                  2.6   ,              12.1   ,               2.4   ,                12.1   ,            2.8   ,             12.1   ,                         1.2   ,              16   ,        0.8700   ,               31.0   ,                 10874   ,
2026-02-12 13:28:30 ,         210.0   ,             50.6   ,               46.7   ,        56.2   ,                  52.0   ,                30   ,                  1021   ,                30   ,                  1014   ,          10786   ,          0   ,                        0   ,                   0   ,                    0   ,                5.3   ,                   2.7   ,                0.2   ,                  2.6   ,              12.2   ,               2.4   ,                12.1   ,            2.9   ,             12.1   ,                         1.2   ,              16   ,        0.8700   ,               31.0   ,                 10984   ,
2026-02-12 13:28:31 ,         210.0   ,             50.6   ,               46.5   ,        56.0   ,                  52.0   ,                30   ,                  1022   ,                30   ,                  1017   ,          10786   ,          0   ,                        0   ,                   0   ,                    0   ,                5.4   ,                   2.7   ,                0.3   ,                  2.6   ,              12.1   ,               2.4   ,                12.1   ,            3.0   ,             12.1   ,                         1.2   ,              16   ,        0.8700   ,               30.0   ,                 10973   ,
2026-02-12 13:28:32 ,         210.0   ,             50.6   ,               46.4   ,        55.8   ,                  50.0   ,                30   ,                  1022   ,                30   ,                  1016   ,          10786   ,          0   ,                        0   ,                   0   ,                    0   ,                5.4   ,                   2.7   ,                0.3   ,                  2.7   ,              12.2   ,               2.4   ,                12.1   ,            3.0   ,             12.1   ,                         1.2   ,              16   ,        0.8700   ,               30.0   ,                 10967   ,
2026-02-12 13:28:33 ,         210.0   ,             50.6   ,               46.2   ,        55.6   ,                  50.0   ,                30   ,                  1021   ,                30   ,                  1015   ,          10786   ,          0   ,                        0   ,                   0   ,                    0   ,                5.6   ,                   3.6   ,                1.0   ,                  3.4   ,              12.1   ,               2.4   ,                12.1   ,            4.6   ,             12.1   ,                         1.5   ,              16   ,        0.8700   ,               31.0   ,                 10962   ,
2026-02-12 13:28:34 ,         210.0   ,             50.6   ,               46.0   ,        55.5   ,                  50.0   ,                30   ,                  1020   ,                30   ,                  1017   ,          10786   ,          0   ,                        0   ,                   0   ,                    0   ,                6.8   ,                   3.5   ,                1.0   ,                  3.3   ,              12.2   ,               2.3   ,                12.1   ,            4.5   ,             12.1   ,                         1.5   ,              16   ,        0.8700   ,               32.0   ,                 10996   ,
2026-02-12 13:28:35 ,         210.0   ,             50.6   ,               45.9   ,        55.3   ,                  50.0   ,                30   ,                  1019   ,                30   ,                  1015   ,          10786   ,          0   ,                        0   ,                   0   ,                    0   ,                9.9   ,                   5.0   ,                2.5   ,                  4.9   ,              12.2   ,               2.4   ,                12.1   ,            7.5   ,             12.1   ,                         2.2   ,              16   ,        0.8700   ,               31.0   ,                 11002   ,
2026-02-12 13:28:36 ,         210.0   ,             50.6   ,               45.6   ,        55.0   ,                  50.0   ,                30   ,                  1020   ,                30   ,                  1014   ,          10786   ,          0   ,                        0   ,                   0   ,                    0   ,                5.4   ,                   2.7   ,                0.3   ,                  2.6   ,              12.1   ,               2.4   ,                12.1   ,            3.0   ,             12.1   ,                         1.2   ,              16   ,        0.8700   ,               30.0   ,                 11000   ,
2026-02-12 13:28:37 ,         210.0   ,             50.6   ,               45.5   ,        54.8   ,                  50.0   ,                30   ,                  1021   ,                30   ,                  1014   ,          10786   ,          0   ,                        0   ,                   0   ,                    0   ,                5.1   ,                   2.6   ,                0.2   ,                  2.5   ,              12.2   ,               2.4   ,                12.1   ,            2.8   ,             12.1   ,                         1.1   ,              16   ,        0.8700   ,               30.0   ,                 10998   ,
2026-02-12 13:28:38 ,         210.0   ,             50.6   ,               45.3   ,        54.6   ,                  50.0   ,                30   ,                  1020   ,                30   ,                  1014   ,          10786   ,          0   ,                        0   ,                   0   ,                    0   ,                5.2   ,                   2.6   ,                0.2   ,                  2.6   ,              12.1   ,               2.4   ,                12.1   ,            5.5   ,             12.1   ,                         1.8   ,              16   ,        0.8700   ,               31.0   ,                 11015   ,
2026-02-12 13:28:39 ,         210.0   ,             50.6   ,               45.2   ,        54.5   ,                  48.0   ,                30   ,                  1021   ,                30   ,                  1012   ,          10786   ,          0   ,                        0   ,                   0   ,                    0   ,                5.2   ,                   2.7   ,                0.2   ,                  2.6   ,              12.2   ,               2.3   ,                12.1   ,            2.9   ,             12.1   ,                         1.2   ,              16   ,        0.8700   ,               31.0   ,                 10982   ,
2026-02-12 13:28:40 ,         210.0   ,             50.6   ,               45.0   ,        54.3   ,                  48.0   ,                30   ,                  1022   ,                30   ,                  1015   ,          10786   ,          0   ,                        0   ,                   0   ,                    0   ,                5.2   ,                   2.6   ,                0.2   ,                  2.6   ,              12.1   ,               2.4   ,                12.1   ,            5.2   ,             12.1   ,                         1.7   ,              16   ,        0.8700   ,               30.0   ,                 10983   ,
2026-02-12 13:28:41 ,         210.0   ,             50.6   ,               44.8   ,        54.2   ,                  48.0   ,                30   ,                  1021   ,                30   ,                  1014   ,          10786   ,          0   ,                        0   ,                   0   ,                    0   ,                5.4   ,                   2.7   ,                0.3   ,                  2.7   ,              12.1   ,               2.4   ,                12.1   ,            5.3   ,             12.1   ,                         1.7   ,              16   ,        0.8700   ,               29.0   ,                 10985   ,
2026-02-12 13:28:42 ,         210.0   ,             50.6   ,               44.7   ,        54.1   ,                  48.0   ,                30   ,                  1021   ,                30   ,                  1013   ,          10786   ,          0   ,                        0   ,                   0   ,                    0   ,                5.6   ,                   2.9   ,                0.4   ,                  2.7   ,              12.1   ,               2.4   ,                12.1   ,            4.9   ,             12.1   ,                         1.6   ,              16   ,        0.8700   ,               31.0   ,                 10988   ,
2026-02-12 13:28:43 ,         210.0   ,             50.6   ,               44.5   ,        53.8   ,                  48.0   ,                30   ,                  1022   ,                30   ,                  1016   ,          10786   ,          0   ,                        0   ,                   0   ,                    0   ,                5.9   ,                   3.0   ,                0.5   ,                  2.9   ,              12.1   ,               2.4   ,                12.1   ,            3.5   ,             12.1   ,                         1.7   ,              16   ,        0.8700   ,               31.0   ,                 10988   ,
2026-02-12 13:28:44 ,         210.0   ,             50.6   ,               44.4   ,        53.7   ,                  48.0   ,                30   ,                  1022   ,                30   ,                  1014   ,          10786   ,          0   ,                        0   ,                   0   ,                    0   ,                5.6   ,                   2.8   ,                0.4   ,                  2.7   ,              12.1   ,               2.3   ,                12.1   ,            3.2   ,             12.1   ,                         1.2   ,              16   ,        0.8700   ,               29.0   ,                 10985   ,
2026-02-12 13:28:45 ,         210.0   ,             50.6   ,               44.2   ,        53.6   ,                  48.0   ,                30   ,                  1021   ,                30   ,                  1014   ,          10786   ,          0   ,                        0   ,                   0   ,                    0   ,                6.7   ,                   3.4   ,                0.9   ,                  3.3   ,              12.2   ,               2.4   ,                12.1   ,            4.3   ,             12.2   ,                         1.5   ,              16   ,        0.8700   ,               30.0   ,                 10881   ,
2026-02-12 13:28:46 ,         210.0   ,             50.6   ,               44.1   ,        53.3   ,                  48.0   ,                30   ,                  1023   ,                30   ,                  1017   ,          10786   ,          0   ,                        0   ,                   0   ,                    0   ,                5.6   ,                   2.9   ,                0.4   ,                  2.7   ,              12.1   ,               2.3   ,                12.1   ,            3.3   ,             12.1   ,                         1.2   ,              16   ,        0.8700   ,               29.0   ,                 10877   ,
2026-02-12 13:28:47 ,         210.0   ,             50.6   ,               44.0   ,        53.2   ,                  48.0   ,                30   ,                  1024   ,                30   ,                  1018   ,          10786   ,          0   ,                        0   ,                   0   ,                    0   ,                5.4   ,                   2.8   ,                0.3   ,                  2.6   ,              12.2   ,               2.3   ,                12.1   ,            3.1   ,             12.1   ,                         1.2   ,              16   ,        0.8700   ,               29.0   ,                 10877   ,
2026-02-12 13:28:48 ,         210.0   ,             50.6   ,               43.8   ,        53.1   ,                  48.0   ,                30   ,                  1021   ,                30   ,                  1017   ,          10786   ,          0   ,                        0   ,                   0   ,                    0   ,                5.3   ,                   2.7   ,                0.3   ,                  2.6   ,              12.2   ,               2.3   ,                12.1   ,            3.0   ,             12.2   ,                         1.2   ,              16   ,        0.8700   ,               29.0   ,                 10877   ,
2026-02-12 13:28:49 ,         210.0   ,             50.6   ,               43.7   ,        52.9   ,                  48.0   ,                30   ,                  1023   ,                30   ,                  1016   ,          10786   ,          0   ,                        0   ,                   0   ,                    0   ,                5.2   ,                   2.6   ,                0.2   ,                  2.5   ,              12.2   ,               2.3   ,                12.1   ,            2.8   ,             12.1   ,                         1.1   ,              16   ,        0.8700   ,               31.0   ,                 10875   ,
2026-02-12 13:28:50 ,         210.0   ,             50.6   ,               43.5   ,        52.7   ,                  46.0   ,                30   ,                  1022   ,                30   ,                  1018   ,          10786   ,          0   ,                        0   ,                   0   ,                    0   ,                5.2   ,                   2.6   ,                0.2   ,                  2.5   ,              12.2   ,               2.3   ,                12.1   ,            2.8   ,             12.2   ,                         1.1   ,              16   ,        0.8700   ,               30.0   ,                 10875   ,
2026-02-12 13:28:51 ,         210.0   ,             50.6   ,               43.4   ,        52.7   ,                  48.0   ,                30   ,                  1021   ,                30   ,                  1016   ,            434   ,          0   ,                        0   ,                   0   ,                    0   ,                6.4   ,                   3.3   ,                0.8   ,                  3.1   ,              12.2   ,               2.3   ,                12.1   ,            4.1   ,             12.2   ,                         1.4   ,              16   ,        0.8700   ,               33.0   ,                  9521   ,
2026-02-12 13:28:52 ,         210.0   ,             50.6   ,               43.3   ,        52.5   ,                  48.0   ,                30   ,                  1021   ,                30   ,                  1016   ,            434   ,          0   ,                        0   ,                   0   ,                    0   ,                5.3   ,                   2.7   ,                0.3   ,                  2.6   ,              12.1   ,               2.3   ,                12.1   ,            2.9   ,             12.2   ,                         1.2   ,              16   ,        0.8700   ,               29.0   ,                  9516   ,
2026-02-12 13:28:53 ,         210.0   ,             50.6   ,               43.1   ,        52.3   ,                  46.0   ,                30   ,                  1022   ,                30   ,                  1015   ,            434   ,          0   ,                        0   ,                   0   ,                    0   ,                5.2   ,                   2.7   ,                0.3   ,                  2.5   ,              12.2   ,               2.3   ,                12.1   ,            3.0   ,             12.1   ,                         1.2   ,              16   ,        0.8700   ,               29.0   ,                  9537   ,
2026-02-12 13:28:54 ,         210.0   ,             50.6   ,               43.0   ,        52.1   ,                  48.0   ,                30   ,                  1021   ,                30   ,                  1014   ,            434   ,          0   ,                        0   ,                   0   ,                    0   ,                5.7   ,                   2.9   ,                0.4   ,                  2.8   ,              12.2   ,               2.4   ,                12.1   ,            3.3   ,             12.2   ,                         1.3   ,              16   ,        0.8700   ,               31.0   ,                  9526   ,
2026-02-12 13:28:55 ,         210.0   ,             50.6   ,               42.8   ,        52.0   ,                  46.0   ,                30   ,                  1023   ,                30   ,                  1015   ,            434   ,          0   ,                        0   ,                   0   ,                    0   ,                5.3   ,                   2.8   ,                0.3   ,                  2.6   ,              12.1   ,               2.3   ,                12.1   ,            3.1   ,             12.1   ,                         1.2   ,              16   ,        0.8700   ,               29.0   ,                  9528   ,
2026-02-12 13:28:56 ,         210.0   ,             50.6   ,               42.7   ,        51.9   ,                  46.0   ,                30   ,                  1020   ,                30   ,                  1018   ,            434   ,          0   ,                        0   ,                   0   ,                    0   ,                5.2   ,                   2.7   ,                0.3   ,                  2.5   ,              12.1   ,               2.3   ,                12.1   ,            3.0   ,             12.1   ,                         1.2   ,              16   ,        0.8700   ,               30.0   ,                  9527   ,
2026-02-12 13:28:57 ,         210.0   ,             50.6   ,               42.6   ,        51.7   ,                  46.0   ,                30   ,                  1021   ,                30   ,                  1016   ,            434   ,          0   ,                        0   ,                   0   ,                    0   ,                5.3   ,                   2.7   ,                0.3   ,                  2.6   ,              12.1   ,               2.3   ,                12.1   ,            3.0   ,             12.1   ,                         1.2   ,              16   ,        0.8700   ,               29.0   ,                  9528   ,
2026-02-12 13:28:58 ,         210.0   ,             50.6   ,               42.5   ,        51.5   ,                  46.0   ,                30   ,                  1021   ,                30   ,                  1017   ,            434   ,          0   ,                        0   ,                   0   ,                    0   ,                5.0   ,                   2.6   ,                0.2   ,                  2.4   ,              12.1   ,               2.2   ,                12.1   ,            2.7   ,             12.1   ,                         1.1   ,              16   ,        0.8700   ,               29.0   ,                  9527   ,
2026-02-12 13:28:59 ,         210.0   ,             50.6   ,               42.3   ,        51.4   ,                  46.0   ,                30   ,                  1022   ,                30   ,                  1018   ,            434   ,          0   ,                        0   ,                   0   ,                    0   ,                5.1   ,                   2.6   ,                0.2   ,                  2.5   ,              12.1   ,               2.3   ,                12.1   ,            2.8   ,             12.2   ,                         1.9   ,              16   ,        0.8700   ,               29.0   ,                  9521   ,
2026-02-12 13:29:00 ,         210.0   ,             50.6   ,               42.2   ,        51.3   ,                  46.0   ,                30   ,                  1024   ,                30   ,                  1019   ,            434   ,          0   ,                        0   ,                   0   ,                    0   ,                5.2   ,                   2.6   ,                0.2   ,                  2.5   ,              12.1   ,               2.3   ,                12.1   ,            2.9   ,             12.1   ,                         1.2   ,              16   ,        0.8700   ,               29.0   ,                  9541   ,
2026-02-12 13:29:01 ,         210.0   ,             50.6   ,               42.1   ,        51.1   ,                  46.0   ,                30   ,                  1022   ,                30   ,                  1018   ,            434   ,          0   ,                        0   ,                   0   ,                    0   ,                5.4   ,                   2.8   ,                0.3   ,                  2.7   ,              12.1   ,               2.3   ,                12.1   ,            3.1   ,             12.2   ,                         1.2   ,              16   ,        0.8700   ,               30.0   ,                  9540   ,
2026-02-12 13:29:02 ,         210.0   ,             50.6   ,               42.0   ,        51.0   ,                  44.0   ,                30   ,                  1022   ,                30   ,                  1017   ,            434   ,          0   ,                        0   ,                   0   ,                    0   ,                5.4   ,                   2.7   ,                0.3   ,                  2.6   ,              12.1   ,               2.3   ,                12.1   ,            3.1   ,             12.2   ,                         1.2   ,              16   ,        0.8700   ,               30.0   ,                  9534   ,
2026-02-12 13:29:03 ,         210.0   ,             50.6   ,               41.8   ,        51.0   ,                  44.0   ,                30   ,                  1020   ,                30   ,                  1017   ,            434   ,          0   ,                        0   ,                   0   ,                    0   ,                5.5   ,                   2.8   ,                0.4   ,                  2.7   ,              12.1   ,               2.3   ,                12.1   ,            3.2   ,             12.2   ,                         1.2   ,              16   ,        0.8700   ,               30.0   ,                  9526   ,
2026-02-12 13:29:04 ,         210.0   ,             50.6   ,               41.8   ,        50.8   ,                  44.0   ,                30   ,                  1021   ,                30   ,                  1018   ,            434   ,          0   ,                        0   ,                   0   ,                    0   ,                6.0   ,                   3.1   ,                0.7   ,                  3.0   ,              12.1   ,               2.3   ,                12.1   ,            3.8   ,             12.1   ,                         1.3   ,              16   ,        0.8700   ,               30.0   ,                  9621   ,
2026-02-12 13:29:05 ,         210.0   ,             50.6   ,               41.6   ,        50.6   ,                  44.0   ,                30   ,                  1020   ,                30   ,                  1020   ,            434   ,          0   ,                        0   ,                   0   ,                    0   ,                5.2   ,                   2.7   ,                0.3   ,                  2.5   ,              12.1   ,               2.2   ,                12.1   ,            3.0   ,             12.2   ,                         1.2   ,              16   ,        0.8700   ,               30.0   ,                  9624   ,
2026-02-12 13:29:06 ,         210.0   ,             50.6   ,               41.5   ,        50.4   ,                  44.0   ,                30   ,                  1022   ,                30   ,                  1017   ,            434   ,          0   ,                        0   ,                   0   ,                    0   ,                5.1   ,                   2.6   ,                0.2   ,                  2.5   ,              12.2   ,               2.3   ,                12.1   ,            5.5   ,             12.1   ,                         1.7   ,              16   ,        0.8700   ,               30.0   ,                  9620   ,
