        Date        , GPU Clock [MHz] , Memory Clock [MHz] , GPU Temperature [°C] , Hot Spot [°C] , Memory Temperature [°C] , Fan 1 Speed (%) [%] , Fan 1 Speed (RPM) [RPM] , Fan 2 Speed (%) [%] , Fan 2 Speed (RPM) [RPM] , Memory Used [MB] , GPU Load [%] , Memory Controller Load [%] , Video Engine Load [%] , Bus Interface Load [%] , Board Power Draw [W] , GPU Chip Power Draw [W] , MVDDC Power Draw [W] , PWR_SRC Power Draw [W] , PWR_SRC Voltage [V] , PCIe Slot Power [W] , PCIe Slot Voltage [V] , 16-Pin Power [W] , 16-Pin Voltage [V] , Power Consumption (%) [% TDP] , PerfCap Reason [] , GPU Voltage [V] , CPU Temperature [°C] , System Memory Used [MB] ,
2026-02-11 18:12:48 ,         210.0   ,             50.6   ,               41.3   ,        51.9   ,                  48.0   ,                30   ,                  2004   ,                30   ,                  2004   ,           1217   ,          1   ,                        2   ,                   0   ,                    0   ,               15.0   ,                   7.5   ,                4.8   ,                  7.4   ,              12.3   ,               2.6   ,                12.2   ,           12.4   ,             12.2   ,                         3.3   ,              16   ,        0.8750   ,               30.0   ,                  9917   ,
2026-02-11 18:12:49 ,         210.0   ,             50.6   ,               41.3   ,        51.8   ,                  46.0   ,                30   ,                  2006   ,                30   ,                  2006   ,           1222   ,         13   ,                       16   ,                   0   ,                    0   ,               17.5   ,                   8.1   ,                6.8   ,                  9.4   ,              12.3   ,               2.6   ,                12.2   ,           14.9   ,             12.2   ,                         3.9   ,              16   ,        0.8750   ,               31.0   ,                  9912   ,
2026-02-11 18:12:50 ,         210.0   ,             50.6   ,               41.2   ,        51.8   ,                  46.0   ,                30   ,                  2004   ,                30   ,                  2004   ,           1217   ,          3   ,                        3   ,                   0   ,                    0   ,               16.2   ,                   7.7   ,                5.9   ,                  8.5   ,              12.3   ,               2.5   ,                12.2   ,           13.6   ,             12.2   ,                         3.6   ,              16   ,        0.8750   ,               30.0   ,                  9912   ,
2026-02-11 18:12:51 ,         210.0   ,             50.6   ,               41.1   ,        51.7   ,                  46.0   ,                30   ,                  2005   ,                30   ,                  2005   ,           1217   ,          4   ,                        7   ,                   0   ,                    0   ,               16.4   ,                   7.7   ,                6.1   ,                  8.7   ,              12.3   ,               2.6   ,                12.2   ,           13.8   ,             12.2   ,                         3.6   ,              16   ,        0.8750   ,               30.0   ,                  9911   ,
2026-02-11 18:12:52 ,         210.0   ,             50.6   ,               41.1   ,        51.6   ,                  46.0   ,                30   ,                  2004   ,                30   ,                  2004   ,           1221   ,          6   ,                        3   ,                   0   ,                    0   ,               16.6   ,                   7.7   ,                6.3   ,                  8.9   ,              12.3   ,               2.6   ,                12.2   ,           14.0   ,             12.2   ,                         3.7   ,              16   ,        0.8750   ,               33.0   ,                  9911   ,
2026-02-11 18:12:53 ,         210.0   ,             50.6   ,               40.9   ,        51.6   ,                  46.0   ,                30   ,                  1998   ,                30   ,                  1998   ,           1217   ,          2   ,                        6   ,                   0   ,                    0   ,               16.1   ,                   7.8   ,                5.8   ,                  8.3   ,              12.3   ,               2.5   ,                12.2   ,           13.6   ,             12.2   ,                         3.6   ,              16   ,        0.8750   ,               29.0   ,                  9909   ,
2026-02-11 18:12:54 ,         210.0   ,             50.6   ,               40.8   ,        51.4   ,                  44.0   ,                30   ,                  2004   ,                30   ,                  2004   ,           1212   ,          3   ,                        5   ,                   0   ,                    0   ,               16.7   ,                   7.5   ,                6.5   ,                  9.1   ,              12.3   ,               2.6   ,                12.2   ,           14.0   ,             12.2   ,                         3.7   ,              16   ,        0.8750   ,               29.0   ,                  9909   ,
2026-02-11 18:12:55 ,         210.0   ,             50.6   ,               40.7   ,        51.3   ,                  46.0   ,                30   ,                  1999   ,                30   ,                  1999   ,           1220   ,          1   ,                       23   ,                   0   ,                    0   ,               15.4   ,                   7.9   ,                5.1   ,                  7.5   ,              12.3   ,               2.4   ,                12.2   ,           13.0   ,             12.2   ,                         3.4   ,              16   ,        0.8750   ,               30.0   ,                  9902   ,
2026-02-11 18:12:56 ,         210.0   ,             50.6   ,               40.7   ,        51.2   ,                  44.0   ,                30   ,                  1996   ,                30   ,                  1996   ,           1222   ,         13   ,                        6   ,                   0   ,                    4   ,               17.5   ,                   8.4   ,                6.7   ,                  9.1   ,              12.3   ,               2.5   ,                12.2   ,           15.1   ,             12.2   ,                         3.9   ,              16   ,        0.8750   ,               29.0   ,                  9905   ,
2026-02-11 18:12:57 ,         210.0   ,             50.6   ,               40.6   ,        51.2   ,                  44.0   ,                30   ,                  1994   ,                30   ,                  1994   ,           1220   ,          1   ,                       14   ,                   0   ,                    0   ,               15.0   ,                   7.8   ,                4.8   ,                  7.2   ,              12.3   ,               2.4   ,                12.2   ,           12.6   ,             12.2   ,                         3.3   ,              16   ,        0.8750   ,               29.0   ,                  9905   ,
2026-02-11 18:12:58 ,         210.0   ,             50.6   ,               40.5   ,        51.1   ,                  44.0   ,                30   ,                  1997   ,                30   ,                  1997   ,           1217   ,          1   ,                       12   ,                   0   ,                    0   ,               15.2   ,                   7.8   ,                5.0   ,                  7.5   ,              12.3   ,               2.4   ,                12.2   ,           12.8   ,             12.2   ,                         3.4   ,              16   ,        0.8750   ,               30.0   ,                  9905   ,
2026-02-11 18:12:59 ,         210.0   ,             50.6   ,               40.4   ,        51.0   ,                  44.0   ,                30   ,                  2002   ,                30   ,                  2002   ,           1217   ,          1   ,                       21   ,                   0   ,                    0   ,               15.2   ,                   7.7   ,                5.0   ,                  7.5   ,              12.3   ,               2.5   ,                12.2   ,           12.7   ,             12.2   ,                         3.4   ,              16   ,        0.8750   ,               29.0   ,                  9900   ,
2026-02-11 18:13:00 ,         210.0   ,             50.6   ,               40.4   ,        51.0   ,                  44.0   ,                30   ,                  2001   ,                30   ,                  2001   ,           1217   ,          1   ,                       22   ,                   0   ,                    0   ,               15.2   ,                   7.6   ,                5.2   ,                  7.6   ,              12.3   ,               2.4   ,                12.2   ,           12.8   ,             12.2   ,                         3.4   ,              16   ,        0.8750   ,               29.0   ,                  9901   ,
2026-02-11 18:13:01 ,         210.0   ,             50.6   ,               40.3   ,        50.8   ,                  44.0   ,                30   ,                  2003   ,                30   ,                  2003   ,           1217   ,          1   ,                       20   ,                   0   ,                    0   ,               15.5   ,                   7.7   ,                5.4   ,                  7.8   ,              12.3   ,               2.4   ,                12.2   ,           13.1   ,             12.2   ,                         3.4   ,              16   ,        0.8750   ,               30.0   ,                  9894   ,
2026-02-11 18:13:02 ,        2745.0   ,           1312.7   ,               42.6   ,        52.3   ,                  46.0   ,                30   ,                  1997   ,                30   ,                  1997   ,           1248   ,         27   ,                        0   ,                   0   ,                    0   ,               88.3   ,                  53.5   ,               27.9   ,                 34.7   ,              12.2   ,               6.8   ,                12.2   ,           74.3   ,             12.2   ,                        18.0   ,               4   ,        1.0450   ,               30.0   ,                  9985   ,
2026-02-11 18:13:03 ,        2745.0   ,           1312.7   ,               43.0   ,        52.4   ,                  48.0   ,                30   ,                  2003   ,                30   ,                  2003   ,           1248   ,          2   ,                        0   ,                   0   ,                    0   ,               86.8   ,                  52.4   ,               28.0   ,                 34.4   ,              12.2   ,               6.4   ,                12.2   ,           77.3   ,             12.2   ,                        18.7   ,               4   ,        1.0450   ,               30.0   ,                  9988   ,
2026-02-11 18:13:04 ,        2745.0   ,           1312.7   ,               43.0   ,        52.6   ,                  48.0   ,                30   ,                  2001   ,                30   ,                  2001   ,           1248   ,         12   ,                        0   ,                   0   ,                    0   ,               85.6   ,                  50.8   ,               28.0   ,                 34.8   ,              12.2   ,               6.8   ,                12.2   ,           78.8   ,             12.2   ,                        18.7   ,               4   ,        1.0450   ,               31.0   ,                  9996   ,
2026-02-11 18:13:05 ,        1380.0   ,            101.3   ,               41.4   ,        51.5   ,                  46.0   ,                30   ,                  2004   ,                30   ,                  2004   ,           1248   ,          2   ,                        2   ,                   0   ,                    0   ,               37.4   ,                  20.7   ,               13.2   ,                 16.7   ,              12.3   ,               3.5   ,                12.2   ,           33.8   ,             12.2   ,                         8.3   ,              16   ,        0.8900   ,               31.0   ,                  9976   ,
2026-02-11 18:13:06 ,         840.0   ,            101.3   ,               40.7   ,        51.3   ,                  46.0   ,                30   ,                  1997   ,                30   ,                  1997   ,           1248   ,          3   ,                        2   ,                   0   ,                    0   ,               25.6   ,                  13.3   ,                8.8   ,                 12.3   ,              12.3   ,               3.4   ,                12.2   ,           22.1   ,             12.2   ,                         5.7   ,              16   ,        0.8900   ,               30.0   ,                  9968   ,
2026-02-11 18:13:07 ,         510.0   ,             50.6   ,               40.5   ,        51.0   ,                  46.0   ,                30   ,                  1999   ,                30   ,                  1999   ,           1248   ,          3   ,                       10   ,                   0   ,                    0   ,               17.9   ,                   8.2   ,                7.1   ,                  9.7   ,              12.3   ,               2.6   ,                12.2   ,           15.3   ,             12.2   ,                         4.0   ,              16   ,        0.8750   ,               31.0   ,                  9985   ,
2026-02-11 18:13:08 ,         300.0   ,             50.6   ,               40.3   ,        50.8   ,                  44.0   ,                30   ,                  1996   ,                30   ,                  1996   ,           1253   ,          1   ,                        5   ,                   0   ,                    0   ,               15.5   ,                   7.6   ,                5.4   ,                  7.9   ,              12.3   ,               2.5   ,                12.2   ,           13.1   ,             12.2   ,                         3.4   ,              16   ,        0.8750   ,               36.0   ,                 10057   ,
2026-02-11 18:13:09 ,         210.0   ,             50.6   ,               40.2   ,        50.8   ,                  44.0   ,                30   ,                  1998   ,                30   ,                  1998   ,           1253   ,          0   ,                        4   ,                   0   ,                    0   ,               16.0   ,                   7.7   ,                5.8   ,                  8.3   ,              12.3   ,               2.5   ,                12.2   ,           13.5   ,             12.2   ,                         3.6   ,              16   ,        0.8750   ,               33.0   ,                 10077   ,
2026-02-11 18:13:10 ,         210.0   ,             50.6   ,               40.1   ,        50.6   ,                  46.0   ,                30   ,                  2002   ,                30   ,                  2002   ,           1248   ,          2   ,                        5   ,                   0   ,                    0   ,               16.0   ,                   7.7   ,                5.7   ,                  8.4   ,              12.3   ,               2.6   ,                12.2   ,           13.4   ,             12.2   ,                         3.6   ,              16   ,        0.8750   ,               30.0   ,                  9942   ,
2026-02-11 18:13:11 ,         210.0   ,             50.6   ,               40.1   ,        50.6   ,                  44.0   ,                30   ,                  2002   ,                30   ,                  2002   ,           1248   ,          8   ,                        7   ,                   0   ,                    0   ,               17.0   ,                   7.7   ,                6.7   ,                  9.3   ,              12.3   ,               2.6   ,                12.2   ,           15.6   ,             12.2   ,                         4.1   ,              16   ,        0.8750   ,               31.0   ,                  9947   ,
2026-02-11 18:13:12 ,         210.0   ,             50.6   ,               40.0   ,        50.4   ,                  44.0   ,                30   ,                  2001   ,                30   ,                  2001   ,           1248   ,          8   ,                        4   ,                   0   ,                    0   ,               16.8   ,                   7.7   ,                7.7   ,                 10.2   ,              12.3   ,               2.5   ,                12.2   ,           15.8   ,             12.2   ,                         4.0   ,              16   ,        0.8750   ,               30.0   ,                  9946   ,
2026-02-11 18:13:13 ,         210.0   ,             50.6   ,               39.9   ,        50.3   ,                  44.0   ,                30   ,                  1995   ,                30   ,                  1995   ,           1258   ,          8   ,                        5   ,                   0   ,                    0   ,               16.8   ,                   7.7   ,                6.7   ,                  9.2   ,              12.3   ,               2.5   ,                12.2   ,           14.3   ,             12.2   ,                         3.7   ,              16   ,        0.8750   ,               38.0   ,                 10537   ,
2026-02-11 18:13:14 ,         210.0   ,             50.6   ,               39.8   ,        50.3   ,                  44.0   ,                30   ,                  1999   ,                30   ,                  1999   ,           1258   ,          5   ,                        4   ,                   0   ,                    0   ,               15.2   ,                   7.8   ,                5.0   ,                  9.5   ,              12.3   ,               2.6   ,                12.2   ,           14.8   ,             12.2   ,                         3.9   ,              16   ,        0.8750   ,               38.0   ,                 11595   ,
2026-02-11 18:13:15 ,         210.0   ,             50.6   ,               39.8   ,        50.2   ,                  44.0   ,                30   ,                  2001   ,                30   ,                  2001   ,           1258   ,          4   ,                        4   ,                   0   ,                    0   ,               17.6   ,                   7.7   ,                7.3   ,                  9.9   ,              12.3   ,               2.5   ,                12.2   ,           15.1   ,             12.2   ,                         3.9   ,              16   ,        0.8750   ,               39.0   ,                 11763   ,
2026-02-11 18:13:16 ,         210.0   ,             50.6   ,               39.7   ,        50.1   ,                  44.0   ,                30   ,                  2001   ,                30   ,                  2001   ,           1258   ,          4   ,                        9   ,                   0   ,                    0   ,               16.7   ,                   7.8   ,                6.4   ,                  8.8   ,              12.3   ,               2.5   ,                12.2   ,           14.2   ,             12.2   ,                         3.7   ,              16   ,        0.8750   ,               39.0   ,                 11800   ,
2026-02-11 18:13:17 ,         210.0   ,             50.6   ,               39.6   ,        50.0   ,                  44.0   ,                30   ,                  2001   ,                30   ,                  2001   ,           1258   ,          5   ,                        9   ,                   0   ,                    0   ,               17.4   ,                   7.7   ,                7.1   ,                  9.7   ,              12.3   ,               2.5   ,                12.2   ,           14.8   ,             12.2   ,                         3.9   ,              16   ,        0.8750   ,               31.0   ,                 11529   ,
2026-02-11 18:13:18 ,         210.0   ,             50.6   ,               39.5   ,        49.9   ,                  42.0   ,                30   ,                  1998   ,                30   ,                  1998   ,           1258   ,          3   ,                        4   ,                   0   ,                    0   ,               16.2   ,                   7.7   ,                6.1   ,                  8.5   ,              12.3   ,               2.4   ,                12.2   ,           13.7   ,             12.2   ,                         3.6   ,              16   ,        0.8750   ,               36.0   ,                 11511   ,
2026-02-11 18:13:19 ,         210.0   ,             50.6   ,               39.4   ,        49.9   ,                  42.0   ,                30   ,                  2000   ,                30   ,                  2000   ,           1258   ,          3   ,                        5   ,                   0   ,                    0   ,               16.3   ,                   7.9   ,                5.8   ,                  8.4   ,              12.3   ,               2.6   ,                12.2   ,           13.7   ,             12.2   ,                         3.6   ,              16   ,        0.8750   ,               36.0   ,                 11490   ,
2026-02-11 18:13:20 ,         210.0   ,             50.6   ,               39.4   ,        49.8   ,                  42.0   ,                30   ,                  2001   ,                30   ,                  2001   ,           1258   ,          3   ,                        4   ,                   0   ,                    0   ,               16.0   ,                   7.6   ,                6.8   ,                  9.3   ,              12.3   ,               2.5   ,                12.2   ,           14.4   ,             12.2   ,                         3.8   ,              16   ,        0.8750   ,               30.0   ,                 11494   ,
2026-02-11 18:13:21 ,         210.0   ,             50.6   ,               39.3   ,        49.7   ,                  42.0   ,                30   ,                  1995   ,                30   ,                  1995   ,           1258   ,          5   ,                        8   ,                   0   ,                    0   ,               16.1   ,                   7.6   ,                6.1   ,                  8.6   ,              12.3   ,               2.5   ,                12.2   ,           13.7   ,             12.2   ,                         3.6   ,              16   ,        0.8750   ,               35.0   ,                 10056   ,
2026-02-11 18:13:22 ,         210.0   ,             50.6   ,               39.3   ,        49.6   ,                  44.0   ,                30   ,                  1997   ,                30   ,                  1997   ,           1258   ,          3   ,                        5   ,                   0   ,                    0   ,               16.2   ,                   7.7   ,                6.0   ,                  8.5   ,              12.3   ,               2.5   ,                12.2   ,           13.7   ,             12.2   ,                         3.6   ,              16   ,        0.8750   ,               37.0   ,                 10964   ,
2026-02-11 18:13:23 ,         210.0   ,             50.6   ,               39.2   ,        49.6   ,                  42.0   ,                30   ,                  2001   ,                30   ,                  2001   ,           1258   ,          3   ,                        4   ,                   0   ,                    0   ,               16.8   ,                   7.7   ,                6.5   ,                  9.1   ,              12.3   ,               2.6   ,                12.2   ,           14.2   ,             12.2   ,                         3.7   ,              16   ,        0.8750   ,               33.0   ,                 11751   ,
2026-02-11 18:13:24 ,         210.0   ,             50.6   ,               39.1   ,        49.6   ,                  42.0   ,                30   ,                  1999   ,                30   ,                  1999   ,           1258   ,          3   ,                        5   ,                   0   ,                    0   ,               16.2   ,                   7.8   ,                5.9   ,                  8.4   ,              12.3   ,               2.5   ,                12.2   ,           13.7   ,             12.2   ,                         3.6   ,              16   ,        0.8750   ,               38.0   ,                 11814   ,
2026-02-11 18:13:25 ,         210.0   ,             50.6   ,               39.0   ,        49.5   ,                  42.0   ,                30   ,                  2001   ,                30   ,                  2001   ,           1258   ,          3   ,                        7   ,                   0   ,                    0   ,               15.7   ,                   7.7   ,                5.6   ,                  8.1   ,              12.3   ,               2.5   ,                12.2   ,           13.2   ,             12.2   ,                         3.5   ,              16   ,        0.8750   ,               37.0   ,                 11958   ,
2026-02-11 18:13:26 ,         210.0   ,             50.6   ,               39.0   ,        49.3   ,                  44.0   ,                30   ,                  2003   ,                30   ,                  2003   ,           1258   ,          3   ,                        4   ,                   0   ,                    0   ,               15.8   ,                   7.6   ,                5.7   ,                  8.2   ,              12.3   ,               2.5   ,                12.2   ,           13.3   ,             12.2   ,                         3.5   ,              16   ,        0.8750   ,               36.0   ,                 11955   ,
2026-02-11 18:13:27 ,         210.0   ,             50.6   ,               38.9   ,        49.4   ,                  42.0   ,                30   ,                  1998   ,                30   ,                  1998   ,           1258   ,          3   ,                        8   ,                   0   ,                    0   ,               16.1   ,                   7.8   ,                5.8   ,                  8.3   ,              12.3   ,               2.6   ,                12.2   ,           13.6   ,             12.2   ,                         3.6   ,              16   ,        0.8750   ,               37.0   ,                 11963   ,
2026-02-11 18:13:28 ,         210.0   ,             50.6   ,               38.9   ,        49.3   ,                  42.0   ,                30   ,                  1997   ,                30   ,                  1997   ,           1258   ,          3   ,                       11   ,                   0   ,                    0   ,               15.8   ,                   7.6   ,                5.7   ,                  8.2   ,              12.3   ,               2.5   ,                12.2   ,           13.3   ,             12.2   ,                         3.5   ,              16   ,        0.8750   ,               37.0   ,                 11962   ,
2026-02-11 18:13:29 ,         210.0   ,             50.6   ,               38.8   ,        49.1   ,                  44.0   ,                30   ,                  2002   ,                30   ,                  2002   ,           1258   ,          3   ,                        5   ,                   0   ,                    0   ,               15.9   ,                   7.6   ,                5.8   ,                  8.3   ,              12.3   ,               2.5   ,                12.2   ,           13.4   ,             12.2   ,                         3.5   ,              16   ,        0.8750   ,               36.0   ,                 11963   ,
2026-02-11 18:13:30 ,         210.0   ,             50.6   ,               38.8   ,        49.1   ,                  42.0   ,                30   ,                  2001   ,                30   ,                  2001   ,           1258   ,          3   ,                        4   ,                   0   ,                    0   ,               15.7   ,                   7.6   ,                5.6   ,                  8.1   ,              12.3   ,               2.5   ,                12.2   ,           13.2   ,             12.2   ,                         3.5   ,              16   ,        0.8750   ,               37.0   ,                 11964   ,
2026-02-11 18:13:31 ,         210.0   ,             50.6   ,               38.7   ,        49.1   ,                  42.0   ,                30   ,                  2001   ,                30   ,                  2001   ,           1258   ,          3   ,                        4   ,                   0   ,                    0   ,               15.7   ,                   7.7   ,                5.5   ,                  8.0   ,              12.3   ,               2.5   ,                12.2   ,           13.1   ,             12.2   ,                         3.5   ,              16   ,        0.8750   ,               37.0   ,                 11964   ,
2026-02-11 18:13:32 ,         210.0   ,             50.6   ,               38.6   ,        48.9   ,                  42.0   ,                30   ,                  2002   ,                30   ,                  2002   ,           1258   ,          3   ,                        4   ,                   0   ,                    0   ,               16.1   ,                   7.8   ,                5.6   ,                  8.3   ,              12.3   ,               2.6   ,                12.2   ,           14.6   ,             12.2   ,                         3.8   ,              16   ,        0.8750   ,               37.0   ,                 11964   ,
2026-02-11 18:13:33 ,         210.0   ,             50.6   ,               38.6   ,        48.9   ,                  42.0   ,                30   ,                  1996   ,                30   ,                  1996   ,           1258   ,          3   ,                        4   ,                   0   ,                    0   ,               15.8   ,                   7.8   ,                6.3   ,                  8.8   ,              12.3   ,               2.5   ,                12.2   ,           14.1   ,             12.2   ,                         3.7   ,              16   ,        0.8750   ,               36.0   ,                 11964   ,
2026-02-11 18:13:34 ,         210.0   ,             50.6   ,               38.5   ,        48.9   ,                  42.0   ,                30   ,                  1998   ,                30   ,                  1998   ,           1258   ,          3   ,                       13   ,                   0   ,                    0   ,               16.0   ,                   7.6   ,                5.9   ,                  8.5   ,              12.3   ,               2.6   ,                12.2   ,           13.5   ,             12.2   ,                         3.6   ,              16   ,        0.8750   ,               37.0   ,                 11964   ,
2026-02-11 18:13:35 ,         210.0   ,             50.6   ,               38.4   ,        48.8   ,                  42.0   ,                30   ,                  2000   ,                30   ,                  2000   ,           1258   ,          3   ,                        9   ,                   0   ,                    0   ,               16.0   ,                   7.5   ,                5.8   ,                  8.4   ,              12.3   ,               2.6   ,                12.2   ,           13.7   ,             12.2   ,                         3.6   ,              16   ,        0.8750   ,               36.0   ,                 11963   ,
2026-02-11 18:13:36 ,         210.0   ,             50.6   ,               38.4   ,        48.6   ,                  42.0   ,                30   ,                  2001   ,                30   ,                  2001   ,           1258   ,          5   ,                        4   ,                   0   ,                    0   ,               16.1   ,                   7.6   ,                5.8   ,                  8.5   ,              12.3   ,               2.7   ,                12.2   ,           13.4   ,             12.2   ,                         3.6   ,              16   ,        0.8750   ,               36.0   ,                 11962   ,
2026-02-11 18:13:37 ,         210.0   ,             50.6   ,               38.3   ,        48.6   ,                  42.0   ,                30   ,                  1996   ,                30   ,                  1996   ,           1258   ,          4   ,                        7   ,                   0   ,                    0   ,               15.9   ,                   7.6   ,                5.7   ,                  8.3   ,              12.3   ,               2.6   ,                12.2   ,           13.2   ,             12.2   ,                         3.5   ,              16   ,        0.8750   ,               36.0   ,                 11952   ,
2026-02-11 18:13:38 ,         210.0   ,             50.6   ,               38.3   ,        48.6   ,                  42.0   ,                30   ,                  1997   ,                30   ,                  1997   ,           1258   ,          3   ,                        4   ,                   0   ,                    0   ,               15.3   ,                   7.6   ,                5.2   ,                  7.7   ,              12.3   ,               2.5   ,                12.2   ,           12.8   ,             12.2   ,                         3.4   ,              16   ,        0.8750   ,               36.0   ,                 11949   ,
2026-02-11 18:13:39 ,         210.0   ,             50.6   ,               38.2   ,        48.5   ,                  42.0   ,                30   ,                  2001   ,                30   ,                  2001   ,           1258   ,          3   ,                        7   ,                   0   ,                    0   ,               15.3   ,                   7.6   ,                5.1   ,                  7.6   ,              12.3   ,               2.5   ,                12.2   ,           12.7   ,             12.2   ,                         3.4   ,              16   ,        0.8750   ,               36.0   ,                 11949   ,
2026-02-11 18:13:40 ,         210.0   ,             50.6   ,               38.2   ,        48.5   ,                  42.0   ,                30   ,                  2003   ,                30   ,                  2003   ,           1258   ,          3   ,                        4   ,                   0   ,                    0   ,               15.1   ,                   7.6   ,                5.0   ,                  7.5   ,              12.3   ,               2.5   ,                12.2   ,           12.6   ,             12.2   ,                         3.4   ,              16   ,        0.8750   ,               36.0   ,                 11949   ,
2026-02-11 18:13:41 ,         210.0   ,             50.6   ,               38.1   ,        48.5   ,                  42.0   ,                30   ,                  2001   ,                30   ,                  2001   ,           1258   ,          3   ,                        9   ,                   0   ,                    0   ,               15.2   ,                   7.7   ,                5.0   ,                  7.6   ,              12.3   ,               2.6   ,                12.2   ,           12.6   ,             12.2   ,                         3.4   ,              16   ,        0.8750   ,               37.0   ,                 11949   ,
2026-02-11 18:13:42 ,         210.0   ,             50.6   ,               38.0   ,        48.3   ,                  42.0   ,                30   ,                  2000   ,                30   ,                  2000   ,           1258   ,          3   ,                        8   ,                   0   ,                    0   ,               15.2   ,                   7.6   ,                5.1   ,                  7.6   ,              12.3   ,               2.5   ,                12.2   ,           12.7   ,             12.2   ,                         3.4   ,              16   ,        0.8750   ,               36.0   ,                 11949   ,
2026-02-11 18:13:43 ,         210.0   ,             50.6   ,               38.0   ,        48.3   ,                  42.0   ,                30   ,                  1998   ,                30   ,                  1998   ,           1258   ,          3   ,                        9   ,                   0   ,                    0   ,               15.3   ,                   7.6   ,                5.1   ,                  7.6   ,              12.3   ,               2.5   ,                12.2   ,           12.8   ,             12.2   ,                         3.4   ,              16   ,        0.8750   ,               37.0   ,                 11948   ,
2026-02-11 18:13:44 ,         210.0   ,             50.6   ,               37.9   ,        48.3   ,                  42.0   ,                30   ,                  1993   ,                30   ,                  1993   ,           1258   ,          3   ,                        8   ,                   0   ,                    0   ,               15.4   ,                   7.7   ,                5.2   ,                  7.7   ,              12.3   ,               2.5   ,                12.2   ,           12.8   ,             12.2   ,                         3.4   ,              16   ,        0.8750   ,               37.0   ,                 11949   ,
2026-02-11 18:13:45 ,         210.0   ,             50.6   ,               37.9   ,        48.1   ,                  42.0   ,                30   ,                  2000   ,                30   ,                  2000   ,           1258   ,          3   ,                        4   ,                   0   ,                    0   ,               15.2   ,                   7.5   ,                5.2   ,                  7.7   ,              12.3   ,               2.4   ,                12.2   ,           12.7   ,             12.2   ,                         3.4   ,              16   ,        0.8750   ,               37.0   ,                 11948   ,
2026-02-11 18:13:46 ,         210.0   ,             50.6   ,               37.8   ,        48.1   ,                  42.0   ,                30   ,                  2000   ,                30   ,                  2000   ,           1258   ,          3   ,                        9   ,                   0   ,                    0   ,               15.2   ,                   7.7   ,                5.1   ,                  7.5   ,              12.3   ,               2.4   ,                12.2   ,           12.8   ,             12.2   ,                         3.4   ,              16   ,        0.8750   ,               36.0   ,                 11948   ,
2026-02-11 18:13:47 ,         210.0   ,             50.6   ,               37.8   ,        48.1   ,                  40.0   ,                30   ,                  1999   ,                30   ,                  1999   ,           1258   ,          3   ,                        8   ,                   0   ,                    0   ,               15.3   ,                   7.6   ,                7.0   ,                  9.7   ,              12.3   ,               2.7   ,                12.2   ,           14.5   ,             12.2   ,                         3.8   ,              16   ,        0.8750   ,               37.0   ,                 11948   ,
2026-02-11 18:13:48 ,         210.0   ,             50.6   ,               37.7   ,        48.0   ,                  42.0   ,                30   ,                  1998   ,                30   ,                  1999   ,           1258   ,          3   ,                        4   ,                   0   ,                    0   ,               16.1   ,                   7.6   ,                6.0   ,                  8.5   ,              12.3   ,               2.5   ,                12.2   ,           13.5   ,             12.2   ,                         3.6   ,              16   ,        0.8750   ,               36.0   ,                 11947   ,
2026-02-11 18:13:49 ,         210.0   ,             50.6   ,               37.7   ,        48.1   ,                  42.0   ,                30   ,                  2000   ,                30   ,                  2000   ,           1258   ,          2   ,                        4   ,                   0   ,                    0   ,               16.8   ,                   7.5   ,                6.7   ,                  9.3   ,              12.3   ,               2.6   ,                12.2   ,           14.2   ,             12.2   ,                         3.7   ,              16   ,        0.8750   ,               37.0   ,                 11947   ,
2026-02-11 18:13:50 ,         210.0   ,             50.6   ,               37.6   ,        47.8   ,                  42.0   ,                30   ,                  1998   ,                30   ,                  1998   ,           1258   ,          3   ,                        4   ,                   0   ,                    0   ,               16.8   ,                   7.5   ,                6.6   ,                  9.3   ,              12.3   ,               2.7   ,                12.2   ,           14.1   ,             12.2   ,                         3.7   ,              16   ,        0.8750   ,               36.0   ,                 11947   ,
2026-02-11 18:13:51 ,         210.0   ,             50.6   ,               37.6   ,        47.8   ,                  42.0   ,                30   ,                  1997   ,                30   ,                  1997   ,           1258   ,          3   ,                        9   ,                   0   ,                    0   ,               16.7   ,                   7.6   ,                6.6   ,                  9.2   ,              12.3   ,               2.5   ,                12.2   ,           14.2   ,             12.2   ,                         3.7   ,              16   ,        0.8750   ,               37.0   ,                 11947   ,
2026-02-11 18:13:52 ,         210.0   ,             50.6   ,               37.5   ,        47.8   ,                  42.0   ,                30   ,                  2001   ,                30   ,                  2001   ,           1258   ,          3   ,                       10   ,                   0   ,                    0   ,               16.4   ,                   7.6   ,                6.2   ,                  8.8   ,              12.3   ,               2.6   ,                12.2   ,           13.8   ,             12.2   ,                         3.6   ,              16   ,        0.8750   ,               36.0   ,                 11947   ,
2026-02-11 18:13:53 ,         210.0   ,             50.6   ,               37.4   ,        47.8   ,                  42.0   ,                30   ,                  1997   ,                30   ,                  1997   ,           1258   ,          3   ,                        5   ,                   0   ,                    0   ,               16.5   ,                   7.4   ,                6.6   ,                  9.1   ,              12.3   ,               2.5   ,                12.2   ,           14.0   ,             12.2   ,                         3.7   ,              16   ,        0.8750   ,               36.0   ,                 11947   ,
2026-02-11 18:13:54 ,         210.0   ,             50.6   ,               37.4   ,        47.8   ,                  42.0   ,                30   ,                  1995   ,                30   ,                  1995   ,           1258   ,          3   ,                        8   ,                   0   ,                    0   ,               17.0   ,                   7.6   ,                6.8   ,                  9.4   ,              12.3   ,               2.6   ,                12.2   ,           14.4   ,             12.2   ,                         3.8   ,              16   ,        0.8750   ,               36.0   ,                 11947   ,
2026-02-11 18:13:55 ,         210.0   ,             50.6   ,               37.4   ,        47.6   ,                  42.0   ,                30   ,                  2000   ,                30   ,                  2000   ,           1258   ,          3   ,                        4   ,                   0   ,                    0   ,               16.7   ,                   7.5   ,                6.6   ,                  9.2   ,              12.3   ,               2.6   ,                12.2   ,           14.1   ,             12.2   ,                         3.7   ,              16   ,        0.8750   ,               36.0   ,                 11947   ,
2026-02-11 18:13:56 ,         210.0   ,             50.6   ,               37.3   ,        47.6   ,                  40.0   ,                30   ,                  2002   ,                30   ,                  2002   ,           1258   ,          3   ,                       12   ,                   0   ,                    0   ,               16.7   ,                   7.5   ,                6.6   ,                  9.3   ,              12.3   ,               2.6   ,                12.2   ,           14.1   ,             12.2   ,                         3.7   ,              16   ,        0.8750   ,               37.0   ,                 11946   ,
2026-02-11 18:13:57 ,         210.0   ,             50.6   ,               37.3   ,        47.6   ,                  42.0   ,                30   ,                  2001   ,                30   ,                  2001   ,           1258   ,          4   ,                        4   ,                   0   ,                    0   ,               16.8   ,                   7.5   ,                6.7   ,                  9.3   ,              12.3   ,               2.6   ,                12.2   ,           14.2   ,             12.2   ,                         3.7   ,              16   ,        0.8750   ,               37.0   ,                 11946   ,
2026-02-11 18:13:58 ,         210.0   ,             50.6   ,               37.2   ,        47.5   ,                  40.0   ,                30   ,                  2000   ,                30   ,                  2000   ,           1258   ,          3   ,                        4   ,                   0   ,                    0   ,               15.4   ,                   7.5   ,                5.4   ,                  7.9   ,              12.3   ,               2.5   ,                12.2   ,           12.8   ,             12.2   ,                         3.4   ,              16   ,        0.8750   ,               38.0   ,                 11499   ,
2026-02-11 18:13:59 ,         210.0   ,             50.6   ,               37.2   ,        47.5   ,                  40.0   ,                30   ,                  1996   ,                30   ,                  1996   ,           1258   ,          3   ,                        9   ,                   0   ,                    0   ,               14.8   ,                   7.6   ,                4.7   ,                  7.2   ,              12.3   ,               2.5   ,                12.2   ,           12.3   ,             12.2   ,                         3.3   ,              16   ,        0.8750   ,               39.0   ,                 11502   ,
2026-02-11 18:14:00 ,         210.0   ,             50.6   ,               37.1   ,        47.4   ,                  40.0   ,                30   ,                  2000   ,                30   ,                  2000   ,           1258   ,          3   ,                       11   ,                   0   ,                    0   ,               14.6   ,                   7.6   ,                4.6   ,                  7.0   ,              12.3   ,               2.4   ,                12.2   ,           12.2   ,             12.2   ,                         3.2   ,              16   ,        0.8750   ,               32.0   ,                 11514   ,
2026-02-11 18:14:01 ,         210.0   ,             50.6   ,               37.1   ,        47.3   ,                  42.0   ,                30   ,                  1999   ,                30   ,                  1999   ,           1258   ,          3   ,                       12   ,                   0   ,                    0   ,               15.6   ,                   7.7   ,                5.3   ,                  7.9   ,              12.3   ,               2.6   ,                12.2   ,           13.0   ,             12.2   ,                         3.5   ,              16   ,        0.8750   ,               32.0   ,                 10098   ,
2026-02-11 18:14:02 ,         210.0   ,             50.6   ,               37.0   ,        47.3   ,                  40.0   ,                30   ,                  1999   ,                30   ,                  1999   ,           1258   ,          3   ,                        8   ,                   0   ,                    0   ,               15.4   ,                   7.4   ,                5.3   ,                  8.0   ,              12.3   ,               2.6   ,                12.2   ,           12.7   ,             12.2   ,                         3.4   ,              16   ,        0.8750   ,               33.0   ,                 10757   ,
2026-02-11 18:14:03 ,         210.0   ,             50.6   ,               37.0   ,        47.2   ,                  40.0   ,                30   ,                  2000   ,                30   ,                  2000   ,           1258   ,          3   ,                        4   ,                   0   ,                    0   ,               15.4   ,                   7.5   ,                5.2   ,                  7.9   ,              12.3   ,               2.7   ,                12.2   ,           12.7   ,             12.2   ,                         3.4   ,              16   ,        0.8750   ,               40.0   ,                 11365   ,
2026-02-11 18:14:04 ,         210.0   ,             50.6   ,               37.0   ,        47.3   ,                  42.0   ,                30   ,                  2001   ,                30   ,                  2001   ,           1258   ,          3   ,                        4   ,                   0   ,                    0   ,               15.9   ,                   7.6   ,                5.7   ,                  8.3   ,              12.3   ,               2.5   ,                12.2   ,           13.3   ,             12.2   ,                         3.5   ,              16   ,        0.8750   ,               35.0   ,                 12685   ,
2026-02-11 18:14:05 ,         210.0   ,             50.6   ,               36.9   ,        47.1   ,                  40.0   ,                30   ,                  1999   ,                30   ,                  1999   ,           1258   ,          3   ,                        6   ,                   0   ,                    0   ,               16.4   ,                   7.4   ,                6.3   ,                  9.0   ,              12.3   ,               2.7   ,                12.2   ,           13.8   ,             12.2   ,                         3.7   ,              16   ,        0.8750   ,               40.0   ,                 14938   ,
2026-02-11 18:14:06 ,         210.0   ,             50.6   ,               36.9   ,        47.1   ,                  40.0   ,                30   ,                  1999   ,                30   ,                  1999   ,           1258   ,          3   ,                        6   ,                   0   ,                    0   ,               16.5   ,                   7.5   ,                6.3   ,                  9.0   ,              12.3   ,               2.7   ,                12.2   ,           13.8   ,             12.2   ,                         3.7   ,              16   ,        0.8750   ,               41.0   ,                 15060   ,
2026-02-11 18:14:07 ,         210.0   ,             50.6   ,               36.8   ,        47.1   ,                  40.0   ,                30   ,                  2000   ,                30   ,                  2000   ,           1258   ,          3   ,                        6   ,                   0   ,                    0   ,               16.4   ,                   7.5   ,                6.2   ,                  8.8   ,              12.3   ,               2.7   ,                12.2   ,           13.7   ,             12.2   ,                         3.6   ,              16   ,        0.8750   ,               34.0   ,                 15169   ,
2026-02-11 18:14:08 ,         210.0   ,             50.6   ,               36.8   ,        47.1   ,                  42.0   ,                30   ,                  2001   ,                30   ,                  2001   ,           1258   ,          3   ,                        4   ,                   0   ,                    0   ,               16.3   ,                   7.6   ,                6.1   ,                  8.7   ,              12.3   ,               2.6   ,                12.2   ,           13.7   ,             12.2   ,                         3.6   ,              16   ,        0.8750   ,               38.0   ,                 15244   ,
2026-02-11 18:14:09 ,         210.0   ,             50.6   ,               36.8   ,        47.0   ,                  40.0   ,                30   ,                  2001   ,                30   ,                  2001   ,           1258   ,          3   ,                        4   ,                   0   ,                    0   ,               16.1   ,                   7.4   ,                5.4   ,                  8.1   ,              12.3   ,               2.6   ,                12.2   ,           12.9   ,             12.2   ,                         3.5   ,              16   ,        0.8750   ,               39.0   ,                 15258   ,
2026-02-11 18:14:11 ,         210.0   ,             50.6   ,               36.7   ,        47.0   ,                  40.0   ,                30   ,                  2001   ,                30   ,                  2001   ,           1258   ,          3   ,                        9   ,                   0   ,                    0   ,               15.7   ,                   7.5   ,                5.7   ,                  8.3   ,              12.3   ,               2.5   ,                12.2   ,           13.2   ,             12.2   ,                         3.5   ,              16   ,        0.8750   ,               36.0   ,                 15557   ,
2026-02-11 18:14:12 ,         210.0   ,             50.6   ,               36.7   ,        46.9   ,                  40.0   ,                30   ,                  1998   ,                30   ,                  1999   ,           1258   ,          3   ,                        4   ,                   0   ,                    0   ,               14.9   ,                   7.6   ,                4.7   ,                  7.4   ,              12.3   ,               2.6   ,                12.2   ,           12.3   ,             12.2   ,                         3.3   ,              16   ,        0.8750   ,               33.0   ,                 16043   ,
2026-02-11 18:14:13 ,         210.0   ,             50.6   ,               36.7   ,        46.8   ,                  40.0   ,                30   ,                  1999   ,                30   ,                  1999   ,           1258   ,          7   ,                        6   ,                   0   ,                    0   ,               14.8   ,                   7.6   ,                4.7   ,                  7.2   ,              12.3   ,               2.6   ,                12.2   ,           12.2   ,             12.2   ,                         3.3   ,              16   ,        0.8750   ,               37.0   ,                 13757   ,
2026-02-11 18:14:14 ,         210.0   ,             50.6   ,               36.6   ,        46.8   ,                  40.0   ,                30   ,                  2000   ,                30   ,                  2000   ,           1258   ,          3   ,                        9   ,                   0   ,                    0   ,               14.7   ,                   7.5   ,                4.7   ,                  7.2   ,              12.3   ,               2.5   ,                12.2   ,           12.2   ,             12.2   ,                         3.3   ,              16   ,        0.8750   ,               36.0   ,                 13758   ,
2026-02-11 18:14:15 ,         210.0   ,             50.6   ,               36.6   ,        46.8   ,                  40.0   ,                30   ,                  1999   ,                30   ,                  1999   ,           1258   ,          3   ,                        4   ,                   0   ,                    0   ,               14.7   ,                   7.6   ,                4.7   ,                  7.2   ,              12.3   ,               2.5   ,                12.2   ,           12.3   ,             12.2   ,                         3.3   ,              16   ,        0.8750   ,               33.0   ,                 13778   ,
2026-02-11 18:14:16 ,         210.0   ,             50.6   ,               36.6   ,        46.7   ,                  40.0   ,                30   ,                  1997   ,                30   ,                  1997   ,           1258   ,          3   ,                        5   ,                   0   ,                    0   ,               14.4   ,                   7.6   ,                4.5   ,                  6.8   ,              12.3   ,               2.3   ,                12.2   ,           12.1   ,             12.2   ,                         3.2   ,              16   ,        0.8750   ,               32.0   ,                 11276   ,
2026-02-11 18:14:17 ,         210.0   ,             50.6   ,               36.5   ,        46.8   ,                  40.0   ,                30   ,                  1995   ,                30   ,                  1995   ,           1258   ,          3   ,                        4   ,                   0   ,                    0   ,               15.6   ,                   7.5   ,                5.6   ,                  8.1   ,              12.3   ,               2.4   ,                12.2   ,           13.2   ,             12.2   ,                         3.5   ,              16   ,        0.8750   ,               35.0   ,                 10596   ,
2026-02-11 18:14:18 ,         210.0   ,             50.6   ,               36.5   ,        46.6   ,                  40.0   ,                30   ,                  2001   ,                30   ,                  2001   ,           1258   ,          3   ,                        4   ,                   0   ,                    0   ,               15.0   ,                   7.5   ,                5.1   ,                  7.6   ,              12.3   ,               2.5   ,                12.2   ,           12.5   ,             12.2   ,                         3.3   ,              16   ,        0.8750   ,               36.0   ,                 11632   ,
2026-02-11 18:14:19 ,         210.0   ,             50.6   ,               36.4   ,        46.6   ,                  38.0   ,                30   ,                  1999   ,                30   ,                  1999   ,           1258   ,          3   ,                       10   ,                   0   ,                    0   ,               14.7   ,                   7.7   ,                4.6   ,                  7.0   ,              12.3   ,               2.5   ,                12.2   ,           13.5   ,             12.2   ,                         3.6   ,              16   ,        0.8750   ,               38.0   ,                 12662   ,
2026-02-11 18:14:20 ,         210.0   ,             50.6   ,               36.4   ,        46.6   ,                  38.0   ,                30   ,                  2000   ,                30   ,                  2000   ,           1258   ,          4   ,                       10   ,                   0   ,                    0   ,               14.7   ,                   7.7   ,                4.5   ,                  7.0   ,              12.3   ,               2.5   ,                12.2   ,           12.2   ,             12.2   ,                         4.0   ,              16   ,        0.8750   ,               40.0   ,                 15204   ,
2026-02-11 18:14:21 ,         210.0   ,             50.6   ,               36.4   ,        46.5   ,                  40.0   ,                30   ,                  2002   ,                30   ,                  2002   ,           1258   ,          3   ,                        8   ,                   0   ,                    0   ,               14.6   ,                   7.6   ,                4.5   ,                  7.0   ,              12.3   ,               2.5   ,                12.2   ,           15.1   ,             12.2   ,                         3.9   ,              16   ,        0.8750   ,               41.0   ,                 15156   ,
2026-02-11 18:14:22 ,         210.0   ,             50.6   ,               36.4   ,        46.5   ,                  40.0   ,                30   ,                  2000   ,                30   ,                  2000   ,           1258   ,          3   ,                        8   ,                   0   ,                    0   ,               16.9   ,                   7.4   ,                7.0   ,                  9.4   ,              12.3   ,               2.5   ,                12.2   ,           14.4   ,             12.2   ,                         3.8   ,              16   ,        0.8750   ,               38.0   ,                 15186   ,
2026-02-11 18:14:23 ,         210.0   ,             50.6   ,               36.3   ,        46.5   ,                  40.0   ,                30   ,                  2002   ,                30   ,                  2002   ,           1258   ,          3   ,                        5   ,                   0   ,                    0   ,               16.5   ,                   7.5   ,                6.5   ,                  9.0   ,              12.3   ,               2.5   ,                12.2   ,           14.0   ,             12.2   ,                         3.7   ,              16   ,        0.8750   ,               39.0   ,                 15441   ,
2026-02-11 18:14:24 ,         210.0   ,             50.6   ,               36.3   ,        46.5   ,                  40.0   ,                30   ,                  2000   ,                30   ,                  2000   ,           1258   ,          3   ,                        4   ,                   0   ,                    0   ,               16.4   ,                   7.4   ,                6.6   ,                  9.0   ,              12.3   ,               2.4   ,                12.2   ,           14.0   ,             12.2   ,                         3.7   ,              16   ,        0.8750   ,               38.0   ,                 15467   ,
2026-02-11 18:14:25 ,         210.0   ,             50.6   ,               36.2   ,        46.5   ,                  40.0   ,                30   ,                  2000   ,                30   ,                  2000   ,           1258   ,          3   ,                       14   ,                   0   ,                    0   ,               16.4   ,                   7.3   ,                6.7   ,                  9.1   ,              12.3   ,               2.5   ,                12.2   ,           13.9   ,             12.2   ,                         3.6   ,              16   ,        0.8750   ,               40.0   ,                 16088   ,
2026-02-11 18:14:26 ,         210.0   ,             50.6   ,               36.2   ,        46.5   ,                  38.0   ,                30   ,                  2002   ,                30   ,                  2002   ,           1258   ,          3   ,                       20   ,                   0   ,                    0   ,               16.2   ,                   7.4   ,                6.5   ,                  8.9   ,              12.3   ,               2.4   ,                12.2   ,           13.8   ,             12.2   ,                         3.6   ,              16   ,        0.8750   ,               36.0   ,                 16336   ,
2026-02-11 18:14:27 ,         210.0   ,             50.6   ,               36.1   ,        46.4   ,                  40.0   ,                30   ,                  2002   ,                30   ,                  2002   ,           1258   ,          3   ,                        9   ,                   0   ,                    0   ,               16.4   ,                   7.4   ,                6.5   ,                  9.0   ,              12.3   ,               2.4   ,                12.2   ,           14.0   ,             12.2   ,                         3.6   ,              16   ,        0.8750   ,               37.0   ,                 16336   ,
2026-02-11 18:14:28 ,         210.0   ,             50.6   ,               36.1   ,        46.3   ,                  40.0   ,                30   ,                  2000   ,                30   ,                  2000   ,           1258   ,          3   ,                        9   ,                   0   ,                    0   ,               16.4   ,                   7.4   ,                6.6   ,                  9.0   ,              12.3   ,               2.5   ,                12.2   ,           14.0   ,             12.2   ,                         3.7   ,              16   ,        0.8750   ,               36.0   ,                 16335   ,
2026-02-11 18:14:29 ,         210.0   ,             50.6   ,               36.1   ,        46.2   ,                  40.0   ,                30   ,                  2001   ,                30   ,                  2001   ,           1258   ,          3   ,                        5   ,                   0   ,                    0   ,               16.7   ,                   7.7   ,                6.5   ,                  9.0   ,              12.3   ,               2.5   ,                12.2   ,           14.2   ,             12.2   ,                         3.7   ,              16   ,        0.8750   ,               36.0   ,                 16335   ,
2026-02-11 18:14:30 ,         210.0   ,             50.6   ,               36.0   ,        46.2   ,                  40.0   ,                30   ,                  1998   ,                30   ,                  1998   ,           1258   ,          3   ,                        7   ,                   0   ,                    0   ,               17.1   ,                   7.5   ,                7.0   ,                  9.6   ,              12.3   ,               2.5   ,                12.2   ,           14.6   ,             12.2   ,                         3.8   ,              16   ,        0.8750   ,               37.0   ,                 16334   ,
2026-02-11 18:14:31 ,         210.0   ,             50.6   ,               36.0   ,        46.1   ,                  40.0   ,                30   ,                  1996   ,                30   ,                  1996   ,           1258   ,          3   ,                        7   ,                   0   ,                    0   ,               16.5   ,                   7.5   ,                6.4   ,                  9.0   ,              12.3   ,               2.6   ,                12.2   ,           13.9   ,             12.2   ,                         3.7   ,              16   ,        0.8750   ,               36.0   ,                 16333   ,
2026-02-11 18:14:32 ,         210.0   ,             50.6   ,               36.0   ,        46.1   ,                  40.0   ,                30   ,                  2001   ,                30   ,                  2001   ,           1258   ,          3   ,                        4   ,                   0   ,                    0   ,               16.6   ,                   7.6   ,                5.2   ,                  7.7   ,              12.3   ,               2.5   ,                12.2   ,           12.8   ,             12.2   ,                         3.4   ,              16   ,        0.8750   ,               36.0   ,                 16333   ,
2026-02-11 18:14:33 ,         210.0   ,             50.6   ,               35.9   ,        46.1   ,                  40.0   ,                30   ,                  2002   ,                30   ,                  2002   ,           1258   ,          3   ,                       17   ,                   0   ,                    0   ,               16.5   ,                   7.5   ,                6.5   ,                  7.9   ,              12.3   ,               2.5   ,                12.2   ,           13.0   ,             12.2   ,                         3.4   ,              16   ,        0.8750   ,               36.0   ,                 16331   ,
2026-02-11 18:14:34 ,         210.0   ,             50.6   ,               35.9   ,        46.1   ,                  38.0   ,                30   ,                  2003   ,                30   ,                  2003   ,           1258   ,          3   ,                        7   ,                   0   ,                    0   ,               15.0   ,                   7.6   ,                4.8   ,                  7.3   ,              12.3   ,               2.5   ,                12.2   ,           12.5   ,             12.2   ,                         3.3   ,              16   ,        0.8750   ,               36.0   ,                 16331   ,
2026-02-11 18:14:35 ,         210.0   ,             50.6   ,               35.8   ,        46.1   ,                  40.0   ,                30   ,                  1995   ,                30   ,                  1995   ,           1258   ,          3   ,                        9   ,                   0   ,                    0   ,               14.3   ,                   7.7   ,                4.2   ,                  6.7   ,              12.3   ,               2.4   ,                12.2   ,           11.9   ,             12.2   ,                         3.2   ,              16   ,        0.8750   ,               35.0   ,                 16331   ,
2026-02-11 18:14:36 ,         210.0   ,             50.6   ,               35.8   ,        46.0   ,                  38.0   ,                30   ,                  2001   ,                30   ,                  2001   ,           1258   ,          4   ,                        4   ,                   0   ,                    0   ,               14.4   ,                   7.7   ,                4.3   ,                  6.7   ,              12.3   ,               2.5   ,                12.2   ,           11.9   ,             12.2   ,                         3.2   ,              16   ,        0.8750   ,               36.0   ,                 16330   ,
2026-02-11 18:14:37 ,         210.0   ,             50.6   ,               35.8   ,        46.0   ,                  38.0   ,                30   ,                  1997   ,                30   ,                  1997   ,           1258   ,          4   ,                       13   ,                   0   ,                    0   ,               14.6   ,                   7.7   ,                4.3   ,                  6.9   ,              12.3   ,               2.5   ,                12.2   ,           12.0   ,             12.2   ,                         3.2   ,              16   ,        0.8750   ,               36.0   ,                 16329   ,
2026-02-11 18:14:38 ,         210.0   ,             50.6   ,               35.8   ,        45.9   ,                  38.0   ,                30   ,                  2002   ,                30   ,                  2002   ,           1258   ,          5   ,                        8   ,                   0   ,                    0   ,               14.5   ,                   7.6   ,                4.5   ,                  6.9   ,              12.3   ,               2.4   ,                12.2   ,           12.1   ,             12.2   ,                         3.2   ,              16   ,        0.8750   ,               36.0   ,                 16321   ,
2026-02-11 18:14:39 ,         210.0   ,             50.6   ,               35.7   ,        45.8   ,                  38.0   ,                30   ,                  1999   ,                30   ,                  1999   ,           1258   ,          3   ,                        4   ,                   0   ,                    0   ,               14.6   ,                   7.6   ,                4.5   ,                  6.9   ,              12.3   ,               2.4   ,                12.2   ,           12.1   ,             12.2   ,                         3.2   ,              16   ,        0.8750   ,               36.0   ,                 16321   ,
2026-02-11 18:14:40 ,         210.0   ,             50.6   ,               35.7   ,        45.8   ,                  38.0   ,                30   ,                  2000   ,                30   ,                  2000   ,           1258   ,          4   ,                        5   ,                   0   ,                    0   ,               14.8   ,                   7.6   ,                4.7   ,                  7.2   ,              12.3   ,               2.5   ,                12.2   ,           12.3   ,             12.2   ,                         3.3   ,              16   ,        0.8750   ,               35.0   ,                 16321   ,
2026-02-11 18:14:41 ,         210.0   ,             50.6   ,               35.7   ,        45.8   ,                  38.0   ,                30   ,                  2001   ,                30   ,                  2001   ,           1258   ,          4   ,                        5   ,                   0   ,                    0   ,               14.6   ,                   7.6   ,                4.6   ,                  7.0   ,              12.3   ,               2.5   ,                12.2   ,           12.2   ,             12.2   ,                         3.2   ,              16   ,        0.8750   ,               36.0   ,                 16321   ,
2026-02-11 18:14:42 ,         210.0   ,             50.6   ,               35.6   ,        45.8   ,                  38.0   ,                30   ,                  2000   ,                30   ,                  2000   ,           1258   ,          4   ,                        4   ,                   0   ,                    0   ,               14.6   ,                   7.7   ,                4.4   ,                  6.9   ,              12.3   ,               2.5   ,                12.2   ,           12.1   ,             12.2   ,                         3.2   ,              16   ,        0.8750   ,               36.0   ,                 16321   ,
2026-02-11 18:14:43 ,         210.0   ,             50.6   ,               35.6   ,        45.7   ,                  38.0   ,                30   ,                  1998   ,                30   ,                  1998   ,           1258   ,          4   ,                        7   ,                   0   ,                    0   ,               15.0   ,                   7.5   ,                5.0   ,                  7.5   ,              12.3   ,               2.4   ,                12.2   ,           12.6   ,             12.2   ,                         3.8   ,              16   ,        0.8750   ,               36.0   ,                 16320   ,
2026-02-11 18:14:44 ,         210.0   ,             50.6   ,               35.6   ,        45.7   ,                  38.0   ,                30   ,                  2002   ,                30   ,                  2002   ,           1258   ,          4   ,                        4   ,                   0   ,                    0   ,               15.2   ,                   7.5   ,                5.1   ,                  7.7   ,              12.3   ,               2.5   ,                12.2   ,           14.5   ,             12.2   ,                         3.8   ,              16   ,        0.8750   ,               36.0   ,                 16320   ,
2026-02-11 18:14:45 ,         210.0   ,             50.6   ,               35.6   ,        45.8   ,                  38.0   ,                30   ,                  2001   ,                30   ,                  2001   ,           1258   ,          4   ,                        5   ,                   0   ,                    0   ,               15.1   ,                   7.6   ,                5.0   ,                  7.5   ,              12.3   ,               2.4   ,                12.2   ,           14.7   ,             12.2   ,                         3.8   ,              16   ,        0.8750   ,               36.0   ,                 16320   ,
2026-02-11 18:14:46 ,         210.0   ,             50.6   ,               35.5   ,        45.7   ,                  38.0   ,                30   ,                  2001   ,                30   ,                  2001   ,           1258   ,          5   ,                        8   ,                   0   ,                    0   ,               16.5   ,                   7.5   ,                6.5   ,                  9.0   ,              12.3   ,               2.5   ,                12.2   ,           14.0   ,             12.2   ,                         3.7   ,              16   ,        0.8750   ,               37.0   ,                 16320   ,
2026-02-11 18:14:47 ,         210.0   ,             50.6   ,               35.5   ,        45.7   ,                  40.0   ,                30   ,                  2002   ,                30   ,                  2002   ,           1258   ,          5   ,                        8   ,                   0   ,                    0   ,               16.3   ,                   7.4   ,                6.3   ,                  8.9   ,              12.3   ,               2.6   ,                12.2   ,           13.7   ,             12.2   ,                         3.6   ,              16   ,        0.8750   ,               37.0   ,                 16320   ,
2026-02-11 18:14:48 ,         210.0   ,             50.6   ,               35.5   ,        45.6   ,                  38.0   ,                30   ,                  1995   ,                30   ,                  1995   ,           1258   ,          8   ,                        8   ,                   0   ,                    0   ,               16.1   ,                   7.3   ,                6.3   ,                  8.7   ,              12.3   ,               2.5   ,                12.2   ,           13.6   ,             12.2   ,                         3.6   ,              16   ,        0.8750   ,               37.0   ,                 16319   ,
2026-02-11 18:14:50 ,         210.0   ,             50.6   ,               35.4   ,        45.5   ,                  38.0   ,                30   ,                  2003   ,                30   ,                  2003   ,           1258   ,          8   ,                        5   ,                   0   ,                    0   ,               16.4   ,                   7.5   ,                6.3   ,                  8.9   ,              12.3   ,               2.5   ,                12.2   ,           13.9   ,             12.2   ,                         3.6   ,              16   ,        0.8750   ,               37.0   ,                 16320   ,
2026-02-11 18:14:51 ,         210.0   ,             50.6   ,               35.4   ,        45.5   ,                  38.0   ,                30   ,                  1996   ,                30   ,                  1995   ,           1258   ,          2   ,                        4   ,                   0   ,                    0   ,               15.7   ,                   7.4   ,                5.8   ,                  8.3   ,              12.3   ,               2.5   ,                12.2   ,           13.1   ,             12.2   ,                         3.5   ,              16   ,        0.8750   ,               36.0   ,                 16319   ,
2026-02-11 18:14:52 ,         210.0   ,             50.6   ,               35.4   ,        45.4   ,                  38.0   ,                30   ,                  2002   ,                30   ,                  2002   ,           1258   ,          3   ,                        4   ,                   0   ,                    0   ,               15.8   ,                   7.5   ,                5.8   ,                  8.2   ,              12.3   ,               2.4   ,                12.2   ,           13.3   ,             12.2   ,                         3.5   ,              16   ,        0.8750   ,               37.0   ,                 16319   ,
2026-02-11 18:14:53 ,         210.0   ,             50.6   ,               35.3   ,        45.4   ,                  38.0   ,                30   ,                  2002   ,                30   ,                  2002   ,           1258   ,          3   ,                        7   ,                   0   ,                    0   ,               16.0   ,                   7.4   ,                6.0   ,                  8.5   ,              12.3   ,               2.5   ,                12.2   ,           13.5   ,             12.2   ,                         3.5   ,              16   ,        0.8750   ,               37.0   ,                 16319   ,
2026-02-11 18:14:54 ,         210.0   ,             50.6   ,               35.3   ,        45.4   ,                  38.0   ,                30   ,                  2001   ,                30   ,                  2001   ,           1258   ,          3   ,                        4   ,                   0   ,                    0   ,               15.6   ,                   7.6   ,                5.5   ,                  8.0   ,              12.3   ,               2.6   ,                12.2   ,           13.0   ,             12.2   ,                         3.5   ,              16   ,        0.8750   ,               37.0   ,                 16319   ,
2026-02-11 18:14:55 ,         210.0   ,             50.6   ,               35.3   ,        45.5   ,                  38.0   ,                30   ,                  1998   ,                30   ,                  1998   ,           1258   ,          4   ,                        8   ,                   0   ,                    0   ,               15.6   ,                   7.5   ,                5.6   ,                  8.1   ,              12.3   ,               2.4   ,                12.2   ,           13.2   ,             12.2   ,                         3.5   ,              16   ,        0.8750   ,               37.0   ,                 16319   ,
2026-02-11 18:14:56 ,         210.0   ,             50.6   ,               35.3   ,        45.4   ,                  38.0   ,                30   ,                  1997   ,                30   ,                  1997   ,           1258   ,          3   ,                        4   ,                   0   ,                    0   ,               15.5   ,                   7.5   ,                5.5   ,                  7.9   ,              12.3   ,               2.4   ,                12.2   ,           13.1   ,             12.2   ,                         3.4   ,              16   ,        0.8750   ,               36.0   ,                 16319   ,
2026-02-11 18:14:57 ,         210.0   ,             50.6   ,               35.3   ,        45.4   ,                  38.0   ,                30   ,                  1999   ,                30   ,                  1999   ,           1258   ,          3   ,                        4   ,                   0   ,                    0   ,               15.3   ,                   7.5   ,                5.4   ,                  7.8   ,              12.3   ,               2.4   ,                12.2   ,           12.9   ,             12.2   ,                         3.4   ,              16   ,        0.8750   ,               36.0   ,                 16319   ,
2026-02-11 18:14:58 ,         210.0   ,             50.6   ,               35.3   ,        45.3   ,                  38.0   ,                30   ,                  2001   ,                30   ,                  2001   ,           1258   ,          4   ,                        4   ,                   0   ,                    0   ,               15.5   ,                   7.5   ,                5.5   ,                  8.1   ,              12.3   ,               2.5   ,                12.2   ,           13.0   ,             12.2   ,                         3.5   ,              16   ,        0.8750   ,               36.0   ,                 16318   ,
2026-02-11 18:14:59 ,         210.0   ,             50.6   ,               35.2   ,        45.3   ,                  38.0   ,                30   ,                  2003   ,                30   ,                  2003   ,           1258   ,          6   ,                        5   ,                   0   ,                    0   ,               16.2   ,                   7.4   ,                6.3   ,                  8.8   ,              12.3   ,               2.5   ,                12.2   ,           13.7   ,             12.2   ,                         3.6   ,              16   ,        0.8750   ,               35.0   ,                 13769   ,
2026-02-11 18:15:00 ,         210.0   ,             50.6   ,               35.2   ,        45.3   ,                  38.0   ,                30   ,                  2004   ,                30   ,                  2004   ,           1258   ,          5   ,                        8   ,                   0   ,                    0   ,               15.4   ,                   7.5   ,                5.4   ,                  7.9   ,              12.3   ,               2.5   ,                12.2   ,           12.9   ,             12.2   ,                         3.4   ,              16   ,        0.8750   ,               36.0   ,                 13766   ,
2026-02-11 18:15:01 ,         210.0   ,             50.6   ,               35.2   ,        45.3   ,                  38.0   ,                30   ,                  2002   ,                30   ,                  2002   ,           1258   ,          5   ,                        8   ,                   0   ,                    0   ,               16.2   ,                   7.5   ,                6.2   ,                  8.8   ,              12.3   ,               2.6   ,                12.2   ,           13.7   ,             12.2   ,                         3.7   ,              16   ,        0.8750   ,               33.0   ,                 13793   ,
2026-02-11 18:15:02 ,         210.0   ,             50.6   ,               35.1   ,        45.3   ,                  38.0   ,                30   ,                  1999   ,                30   ,                  1999   ,           1258   ,          3   ,                       11   ,                   0   ,                    0   ,               15.4   ,                   7.6   ,                5.3   ,                  7.8   ,              12.3   ,               2.5   ,                12.2   ,           14.3   ,             12.2   ,                         3.8   ,              16   ,        0.8750   ,               31.0   ,                 11860   ,
2026-02-11 18:15:03 ,         210.0   ,             50.6   ,               35.1   ,        45.3   ,                  38.0   ,                30   ,                  2001   ,                30   ,                  2000   ,           1258   ,          5   ,                       12   ,                   0   ,                    0   ,               15.2   ,                   7.4   ,                6.3   ,                  8.7   ,              12.3   ,               2.4   ,                12.2   ,           13.7   ,             12.2   ,                         3.6   ,              16   ,        0.8750   ,               32.0   ,                 10201   ,
2026-02-11 18:15:04 ,         210.0   ,             50.6   ,               35.1   ,        45.2   ,                  38.0   ,                30   ,                  2003   ,                30   ,                  2003   ,           1258   ,          5   ,                        6   ,                   0   ,                    0   ,               16.2   ,                   7.7   ,                6.1   ,                  8.5   ,              12.3   ,               2.4   ,                12.2   ,           13.7   ,             12.2   ,                         3.6   ,              16   ,        0.8750   ,               34.0   ,                 10906   ,
2026-02-11 18:15:05 ,         210.0   ,             50.6   ,               35.1   ,        45.2   ,                  38.0   ,                30   ,                  2002   ,                30   ,                  2002   ,           1258   ,          7   ,                       18   ,                   0   ,                    0   ,               15.9   ,                   7.6   ,                5.9   ,                  8.3   ,              12.3   ,               2.4   ,                12.2   ,           13.5   ,             12.2   ,                         3.5   ,              16   ,        0.8750   ,               38.0   ,                 10956   ,
2026-02-11 18:15:06 ,         210.0   ,             50.6   ,               35.1   ,        45.1   ,                  36.0   ,                30   ,                  1996   ,                30   ,                  1996   ,           1258   ,          5   ,                        4   ,                   0   ,                    0   ,               15.8   ,                   7.5   ,                5.9   ,                  8.4   ,              12.3   ,               2.5   ,                12.2   ,           13.3   ,             12.2   ,                         3.5   ,              16   ,        0.8750   ,               37.0   ,                 10951   ,
2026-02-11 18:15:07 ,         210.0   ,             50.6   ,               35.1   ,        45.2   ,                  38.0   ,                30   ,                  2003   ,                30   ,                  2003   ,           1258   ,          5   ,                        5   ,                   0   ,                    0   ,               15.6   ,                   7.6   ,                5.6   ,                  8.1   ,              12.3   ,               2.4   ,                12.2   ,           13.2   ,             12.2   ,                         3.5   ,              16   ,        0.8750   ,               33.0   ,                 10959   ,
2026-02-11 18:15:08 ,         210.0   ,             50.6   ,               35.0   ,        44.9   ,                  38.0   ,                30   ,                  2000   ,                30   ,                  2000   ,           1258   ,          6   ,                        7   ,                   0   ,                    0   ,               16.1   ,                   7.6   ,                6.1   ,                  8.5   ,              12.3   ,               2.4   ,                12.2   ,           13.7   ,             12.2   ,                         3.6   ,              16   ,        0.8750   ,               35.0   ,                 10101   ,
2026-02-11 18:15:09 ,         210.0   ,             50.6   ,               35.0   ,        45.1   ,                  38.0   ,                30   ,                  1999   ,                30   ,                  1999   ,           1258   ,          6   ,                        9   ,                   0   ,                    0   ,               15.9   ,                   7.5   ,                5.9   ,                  8.4   ,              12.3   ,               2.5   ,                12.2   ,           13.4   ,             12.2   ,                         3.5   ,              16   ,        0.8750   ,               33.0   ,                 10650   ,
2026-02-11 18:15:10 ,         210.0   ,             50.6   ,               35.0   ,        45.1   ,                  36.0   ,                30   ,                  1996   ,                30   ,                  1996   ,           1258   ,          6   ,                        8   ,                   0   ,                    0   ,               16.2   ,                   7.6   ,                6.0   ,                  8.5   ,              12.3   ,               2.6   ,                12.2   ,           13.6   ,             12.2   ,                         3.6   ,              16   ,        0.8750   ,               37.0   ,                 10947   ,
2026-02-11 18:15:11 ,         210.0   ,             50.6   ,               34.9   ,        45.0   ,                  36.0   ,                30   ,                  1998   ,                30   ,                  1998   ,           1258   ,          5   ,                       18   ,                   0   ,                    0   ,               16.1   ,                   7.5   ,                6.1   ,                  8.6   ,              12.3   ,               2.5   ,                12.2   ,           13.6   ,             12.2   ,                         3.6   ,              16   ,        0.8750   ,               37.0   ,                 10945   ,
2026-02-11 18:15:12 ,         210.0   ,             50.6   ,               34.9   ,        45.2   ,                  38.0   ,                30   ,                  1999   ,                30   ,                  1999   ,           1258   ,          6   ,                        5   ,                   0   ,                    0   ,               15.9   ,                   7.6   ,                5.9   ,                  8.3   ,              12.3   ,               2.5   ,                12.2   ,           13.4   ,             12.2   ,                         3.5   ,              16   ,        0.8750   ,               36.0   ,                 10944   ,
2026-02-11 18:15:13 ,         210.0   ,             50.6   ,               34.9   ,        44.9   ,                  36.0   ,                30   ,                  2001   ,                30   ,                  2001   ,           1258   ,          6   ,                        5   ,                   0   ,                    0   ,               16.7   ,                   7.6   ,                5.3   ,                  7.8   ,              12.3   ,               2.5   ,                12.2   ,           12.9   ,             12.2   ,                         3.4   ,              16   ,        0.8750   ,               36.0   ,                 10944   ,
2026-02-11 18:15:14 ,         210.0   ,             50.6   ,               34.8   ,        45.1   ,                  38.0   ,                30   ,                  2003   ,                30   ,                  2003   ,           1258   ,          3   ,                        6   ,                   0   ,                    0   ,               14.3   ,                   7.6   ,                4.3   ,                  6.7   ,              12.3   ,               2.4   ,                12.2   ,           12.0   ,             12.2   ,                         3.2   ,              16   ,        0.8750   ,               36.0   ,                 10944   ,
2026-02-11 18:15:15 ,         210.0   ,             50.6   ,               34.8   ,        45.0   ,                  38.0   ,                30   ,                  1996   ,                30   ,                  1996   ,           1258   ,          3   ,                        9   ,                   0   ,                    0   ,               14.3   ,                   7.6   ,                4.3   ,                  6.7   ,              12.3   ,               2.4   ,                12.2   ,           11.9   ,             12.2   ,                         3.2   ,              16   ,        0.8750   ,               36.0   ,                 10944   ,
2026-02-11 18:15:16 ,         210.0   ,             50.6   ,               34.8   ,        44.8   ,                  36.0   ,                30   ,                  1996   ,                30   ,                  1996   ,           1258   ,          3   ,                       13   ,                   0   ,                    0   ,               14.4   ,                   7.6   ,                4.4   ,                  6.8   ,              12.3   ,               2.4   ,                12.2   ,           12.0   ,             12.2   ,                         3.2   ,              16   ,        0.8750   ,               36.0   ,                 10944   ,
2026-02-11 18:15:17 ,         210.0   ,             50.6   ,               34.8   ,        44.9   ,                  36.0   ,                30   ,                  1999   ,                30   ,                  1999   ,           1258   ,          4   ,                       18   ,                   0   ,                    0   ,               14.6   ,                   7.7   ,                4.4   ,                  6.9   ,              12.3   ,               2.5   ,                12.2   ,           12.1   ,             12.2   ,                         3.2   ,              16   ,        0.8750   ,               36.0   ,                 10944   ,
2026-02-11 18:15:18 ,         210.0   ,             50.6   ,               34.8   ,        44.9   ,                  36.0   ,                30   ,                  1999   ,                30   ,                  1999   ,           1258   ,          4   ,                       11   ,                   0   ,                    0   ,               14.6   ,                   7.8   ,                4.3   ,                  6.9   ,              12.3   ,               2.6   ,                12.2   ,           12.1   ,             12.2   ,                         3.3   ,              16   ,        0.8750   ,               36.0   ,                 10944   ,
2026-02-11 18:15:19 ,         210.0   ,             50.6   ,               34.8   ,        44.9   ,                  38.0   ,                30   ,                  1999   ,                30   ,                  1999   ,           1258   ,          4   ,                       13   ,                   0   ,                    0   ,               14.4   ,                   7.8   ,                4.2   ,                  6.6   ,              12.3   ,               2.4   ,                12.2   ,           12.0   ,             12.2   ,                         3.2   ,              16   ,        0.8750   ,               36.0   ,                 10944   ,
2026-02-11 18:15:20 ,         210.0   ,             50.6   ,               34.7   ,        44.8   ,                  38.0   ,                30   ,                  1999   ,                30   ,                  2000   ,           1258   ,          4   ,                       20   ,                   0   ,                    0   ,               14.6   ,                   7.6   ,                4.5   ,                  7.0   ,              12.3   ,               2.5   ,                12.2   ,           12.1   ,             12.2   ,                         3.2   ,              16   ,        0.8750   ,               37.0   ,                 10944   ,
2026-02-11 18:15:21 ,         210.0   ,             50.6   ,               34.7   ,        44.8   ,                  38.0   ,                30   ,                  2003   ,                30   ,                  2003   ,           1258   ,          4   ,                       10   ,                   0   ,                    0   ,               14.5   ,                   7.6   ,                4.5   ,                  7.0   ,              12.3   ,               2.5   ,                12.2   ,           12.1   ,             12.2   ,                         3.2   ,              16   ,        0.8750   ,               36.0   ,                 10945   ,
2026-02-11 18:15:22 ,         210.0   ,             50.6   ,               34.7   ,        44.8   ,                  38.0   ,                30   ,                  1999   ,                30   ,                  1999   ,           1258   ,          4   ,                        9   ,                   0   ,                    0   ,               15.3   ,                   7.6   ,                5.1   ,                  7.7   ,              12.3   ,               2.6   ,                12.2   ,           12.8   ,             12.2   ,                         3.8   ,              16   ,        0.8750   ,               36.0   ,                 10945   ,
2026-02-11 18:15:23 ,         210.0   ,             50.6   ,               34.7   ,        44.8   ,                  36.0   ,                30   ,                  1998   ,                30   ,                  1998   ,           1258   ,          4   ,                        7   ,                   0   ,                    0   ,               15.1   ,                   7.6   ,                5.0   ,                  7.5   ,              12.3   ,               2.6   ,                12.2   ,           14.6   ,             12.2   ,                         3.8   ,              16   ,        0.8750   ,               36.0   ,                 10945   ,
2026-02-11 18:15:24 ,         210.0   ,             50.6   ,               34.7   ,        44.8   ,                  38.0   ,                30   ,                  2003   ,                30   ,                  2003   ,           1258   ,          4   ,                       18   ,                   0   ,                    0   ,               15.2   ,                   7.8   ,                4.8   ,                  7.4   ,              12.3   ,               2.6   ,                12.2   ,           14.5   ,             12.2   ,                         3.8   ,              16   ,        0.8750   ,               37.0   ,                 10944   ,
2026-02-11 18:15:25 ,         210.0   ,             50.6   ,               34.7   ,        44.7   ,                  38.0   ,                30   ,                  1997   ,                30   ,                  1997   ,           1258   ,          4   ,                       12   ,                   0   ,                    0   ,               15.2   ,                   7.7   ,                5.0   ,                  7.6   ,              12.3   ,               2.6   ,                12.2   ,           14.4   ,             12.2   ,                         3.8   ,              16   ,        0.8750   ,               37.0   ,                 10944   ,
2026-02-11 18:15:26 ,         210.0   ,             50.6   ,               34.7   ,        44.6   ,                  38.0   ,                30   ,                  2003   ,                30   ,                  2003   ,           1258   ,          4   ,                       10   ,                   0   ,                    0   ,               16.7   ,                   7.7   ,                6.4   ,                  9.0   ,              12.3   ,               2.6   ,                12.2   ,           14.1   ,             12.2   ,                         3.7   ,              16   ,        0.8750   ,               36.0   ,                 10944   ,
2026-02-11 18:15:27 ,         210.0   ,             50.6   ,               34.6   ,        44.7   ,                  38.0   ,                30   ,                  1998   ,                30   ,                  1998   ,           1258   ,          5   ,                        9   ,                   0   ,                    0   ,               16.0   ,                   7.6   ,                5.9   ,                  8.4   ,              12.3   ,               2.6   ,                12.2   ,           13.4   ,             12.2   ,                         3.6   ,              16   ,        0.8750   ,               36.0   ,                 10945   ,
2026-02-11 18:15:28 ,         210.0   ,             50.6   ,               34.6   ,        44.7   ,                  38.0   ,                30   ,                  2003   ,                30   ,                  2003   ,           1258   ,          5   ,                       10   ,                   0   ,                    0   ,               15.9   ,                   7.6   ,                5.7   ,                  8.2   ,              12.3   ,               2.5   ,                12.2   ,           13.3   ,             12.2   ,                         3.5   ,              16   ,        0.8750   ,               37.0   ,                 10945   ,
2026-02-11 18:15:29 ,         210.0   ,             50.6   ,               34.6   ,        44.7   ,                  36.0   ,                30   ,                  2004   ,                30   ,                  2004   ,           1258   ,          5   ,                       10   ,                   0   ,                    0   ,               15.9   ,                   7.4   ,                5.9   ,                  8.4   ,              12.3   ,               2.6   ,                12.2   ,           13.3   ,             12.2   ,                         3.5   ,              16   ,        0.8750   ,               36.0   ,                 10945   ,
2026-02-11 18:15:30 ,         210.0   ,             50.6   ,               34.6   ,        44.8   ,                  38.0   ,                30   ,                  2000   ,                30   ,                  2000   ,           1258   ,          6   ,                       10   ,                   0   ,                    0   ,               15.9   ,                   7.3   ,                6.0   ,                  8.6   ,              12.3   ,               2.5   ,                12.2   ,           13.4   ,             12.2   ,                         3.5   ,              16   ,        0.8750   ,               36.0   ,                 10945   ,
2026-02-11 18:15:31 ,         210.0   ,             50.6   ,               34.6   ,        44.7   ,                  36.0   ,                30   ,                  1994   ,                30   ,                  1994   ,           1258   ,          7   ,                       11   ,                   0   ,                    0   ,               16.0   ,                   7.5   ,                6.0   ,                  8.6   ,              12.3   ,               2.5   ,                12.2   ,           13.5   ,             12.2   ,                         3.6   ,              16   ,        0.8750   ,               37.0   ,                 10945   ,
2026-02-11 18:15:32 ,         210.0   ,             50.6   ,               34.6   ,        44.6   ,                  36.0   ,                30   ,                  1999   ,                30   ,                  1999   ,           1258   ,          7   ,                        5   ,                   0   ,                    0   ,               15.5   ,                   7.5   ,                5.5   ,                  8.0   ,              12.3   ,               2.5   ,                12.2   ,           13.1   ,             12.2   ,                         3.5   ,              16   ,        0.8750   ,               37.0   ,                 10945   ,
2026-02-11 18:15:33 ,         210.0   ,             50.6   ,               34.6   ,        44.6   ,                  36.0   ,                30   ,                  2005   ,                30   ,                  2005   ,           1258   ,          6   ,                       10   ,                   0   ,                    0   ,               15.6   ,                   7.5   ,                5.5   ,                  8.1   ,              12.3   ,               2.6   ,                12.2   ,           13.1   ,             12.2   ,                         3.5   ,              16   ,        0.8750   ,               34.0   ,                 10944   ,
2026-02-11 18:15:34 ,         210.0   ,             50.6   ,               34.5   ,        44.6   ,                  38.0   ,                30   ,                  2001   ,                30   ,                  2001   ,           1258   ,          6   ,                        5   ,                   0   ,                    0   ,               15.8   ,                   7.6   ,                5.6   ,                  8.2   ,              12.3   ,               2.6   ,                12.2   ,           13.2   ,             12.2   ,                         3.5   ,              16   ,        0.8750   ,               36.0   ,                 10944   ,
2026-02-11 18:15:35 ,         210.0   ,             50.6   ,               34.5   ,        44.6   ,                  36.0   ,                30   ,                  2001   ,                30   ,                  2001   ,           1258   ,          6   ,                       13   ,                   0   ,                    0   ,               16.1   ,                   7.5   ,                6.0   ,                  8.7   ,              12.3   ,               2.6   ,                12.2   ,           13.5   ,             12.2   ,                         3.6   ,              16   ,        0.8750   ,               37.0   ,                 10944   ,
2026-02-11 18:15:36 ,         210.0   ,             50.6   ,               34.5   ,        44.5   ,                  38.0   ,                30   ,                  1997   ,                30   ,                  1997   ,           1258   ,          3   ,                       11   ,                   0   ,                    0   ,               15.8   ,                   7.5   ,                5.8   ,                  8.4   ,              12.3   ,               2.6   ,                12.2   ,           13.2   ,             12.2   ,                         3.5   ,              16   ,        0.8750   ,               36.0   ,                 10944   ,
2026-02-11 18:15:37 ,         210.0   ,             50.6   ,               34.5   ,        44.6   ,                  38.0   ,                30   ,                  1996   ,                30   ,                  1996   ,           1258   ,          3   ,                       18   ,                   0   ,                    0   ,               15.5   ,                   7.6   ,                5.4   ,                  7.9   ,              12.3   ,               2.5   ,                12.2   ,           13.0   ,             12.2   ,                         3.4   ,              16   ,        0.8750   ,               36.0   ,                 10941   ,
2026-02-11 18:15:38 ,         210.0   ,             50.6   ,               34.4   ,        44.6   ,                  36.0   ,                30   ,                  1997   ,                30   ,                  1997   ,           1258   ,          3   ,                       19   ,                   0   ,                    0   ,               15.6   ,                   7.7   ,                5.4   ,                  8.0   ,              12.3   ,               2.6   ,                12.2   ,           13.1   ,             12.2   ,                         3.5   ,              16   ,        0.8750   ,               36.0   ,                 10942   ,
2026-02-11 18:15:39 ,         210.0   ,             50.6   ,               34.4   ,        44.5   ,                  36.0   ,                30   ,                  2000   ,                30   ,                  2000   ,           1258   ,          3   ,                       13   ,                   0   ,                    0   ,               15.7   ,                   7.6   ,                5.6   ,                  8.1   ,              12.3   ,               2.5   ,                12.2   ,           13.2   ,             12.2   ,                         3.5   ,              16   ,        0.8750   ,               36.0   ,                 10942   ,
2026-02-11 18:15:40 ,         210.0   ,             50.6   ,               34.4   ,        44.5   ,                  36.0   ,                30   ,                  2001   ,                30   ,                  2001   ,           1258   ,          5   ,                        5   ,                   0   ,                    0   ,               15.6   ,                   7.6   ,                5.4   ,                  8.0   ,              12.3   ,               2.5   ,                12.2   ,           13.0   ,             12.2   ,                         3.8   ,              16   ,        0.8750   ,               35.0   ,                 10942   ,
2026-02-11 18:15:41 ,         210.0   ,             50.6   ,               34.4   ,        44.5   ,                  36.0   ,                30   ,                  2005   ,                30   ,                  2005   ,           1258   ,          5   ,                        5   ,                   0   ,                    0   ,               15.5   ,                   7.6   ,                5.5   ,                  7.9   ,              12.3   ,               2.4   ,                12.2   ,           14.2   ,             12.2   ,                         3.7   ,              16   ,        0.8750   ,               36.0   ,                 10942   ,
2026-02-11 18:15:42 ,         210.0   ,             50.6   ,               34.4   ,        44.5   ,                  36.0   ,                30   ,                  2003   ,                30   ,                  2003   ,           1258   ,          6   ,                        5   ,                   0   ,                    0   ,               16.0   ,                   7.5   ,                6.3   ,                  8.8   ,              12.3   ,               2.5   ,                12.2   ,           13.8   ,             12.2   ,                         3.6   ,              16   ,        0.8750   ,               36.0   ,                 10939   ,
2026-02-11 18:15:43 ,         210.0   ,             50.6   ,               34.4   ,        44.5   ,                  36.0   ,                30   ,                  2004   ,                30   ,                  2004   ,           1258   ,          8   ,                        5   ,                   0   ,                    0   ,               16.2   ,                   7.5   ,                6.1   ,                  8.7   ,              12.3   ,               2.6   ,                12.2   ,           13.6   ,             12.2   ,                         3.6   ,              16   ,        0.8750   ,               36.0   ,                 10942   ,
2026-02-11 18:15:44 ,         210.0   ,             50.6   ,               34.4   ,        44.4   ,                  36.0   ,                30   ,                  2004   ,                30   ,                  2004   ,           1258   ,          6   ,                       13   ,                   0   ,                    0   ,               15.0   ,                   7.6   ,                4.9   ,                  7.3   ,              12.3   ,               2.4   ,                12.2   ,           12.5   ,             12.2   ,                         3.3   ,              16   ,        0.8750   ,               35.0   ,                 10943   ,
2026-02-11 18:15:45 ,         210.0   ,             50.6   ,               34.4   ,        44.4   ,                  36.0   ,                30   ,                  2006   ,                30   ,                  2006   ,           1258   ,          6   ,                       12   ,                   0   ,                    0   ,               15.0   ,                   7.7   ,                4.9   ,                  7.4   ,              12.3   ,               2.5   ,                12.2   ,           12.5   ,             12.2   ,                         3.3   ,              16   ,        0.8750   ,               33.0   ,                 10970   ,
2026-02-11 18:15:46 ,         210.0   ,             50.6   ,               34.4   ,        44.4   ,                  36.0   ,                30   ,                  1999   ,                30   ,                  1999   ,           1253   ,          6   ,                       11   ,                   0   ,                    0   ,               16.2   ,                   7.7   ,                6.0   ,                  8.5   ,              12.3   ,               2.5   ,                12.2   ,           13.7   ,             12.2   ,                         3.6   ,              16   ,        0.8750   ,               33.0   ,                  9941   ,
2026-02-11 18:15:47 ,         210.0   ,             50.6   ,               34.3   ,        44.4   ,                  36.0   ,                30   ,                  1999   ,                30   ,                  1999   ,           1253   ,          1   ,                        4   ,                   0   ,                    0   ,               14.5   ,                   7.6   ,                4.5   ,                  6.9   ,              12.3   ,               2.4   ,                12.2   ,           12.1   ,             12.2   ,                         3.2   ,              16   ,        0.8750   ,               31.0   ,                  9951   ,
2026-02-11 18:15:48 ,         210.0   ,             50.6   ,               34.3   ,        44.4   ,                  36.0   ,                30   ,                  1998   ,                30   ,                  1998   ,           1253   ,          1   ,                        4   ,                   0   ,                    0   ,               14.6   ,                   7.7   ,                4.5   ,                  7.0   ,              12.3   ,               2.5   ,                12.2   ,           12.2   ,             12.2   ,                         3.3   ,              16   ,        0.8750   ,               33.0   ,                  9941   ,
2026-02-11 18:15:49 ,         210.0   ,             50.6   ,               34.3   ,        44.3   ,                  36.0   ,                30   ,                  2006   ,                30   ,                  2006   ,           1253   ,          2   ,                        8   ,                   0   ,                    0   ,               14.7   ,                   7.6   ,                4.7   ,                  7.1   ,              12.3   ,               2.5   ,                12.2   ,           13.2   ,             12.2   ,                         3.5   ,              16   ,        0.8750   ,               33.0   ,                  9943   ,
2026-02-11 18:15:50 ,         210.0   ,             50.6   ,               34.3   ,        44.4   ,                  36.0   ,                30   ,                  2005   ,                30   ,                  2005   ,           1253   ,          2   ,                        5   ,                   0   ,                    0   ,               14.6   ,                   7.7   ,                4.5   ,                  7.8   ,              12.3   ,               2.4   ,                12.2   ,           13.0   ,             12.2   ,                         3.4   ,              16   ,        0.8750   ,               32.0   ,                  9943   ,
2026-02-11 18:15:51 ,         210.0   ,             50.6   ,               34.3   ,        44.3   ,                  36.0   ,                30   ,                  2000   ,                30   ,                  2000   ,           1253   ,          2   ,                        5   ,                   0   ,                    0   ,               14.5   ,                   7.7   ,                5.4   ,                  7.8   ,              12.3   ,               2.4   ,                12.2   ,           13.0   ,             12.2   ,                         3.4   ,              16   ,        0.8750   ,               32.0   ,                  9942   ,
2026-02-11 18:15:52 ,         210.0   ,             50.6   ,               34.3   ,        44.3   ,                  36.0   ,                30   ,                  2000   ,                30   ,                  2000   ,           1253   ,          0   ,                       11   ,                   0   ,                    0   ,               14.5   ,                   7.8   ,                4.3   ,                  6.7   ,              12.3   ,               2.4   ,                12.2   ,           12.1   ,             12.2   ,                         3.2   ,              16   ,        0.8750   ,               32.0   ,                  9941   ,
2026-02-11 18:15:53 ,         210.0   ,             50.6   ,               34.2   ,        44.4   ,                  36.0   ,                30   ,                  1997   ,                30   ,                  1997   ,           1253   ,          0   ,                        8   ,                   0   ,                    0   ,               14.5   ,                   7.7   ,                4.4   ,                  6.8   ,              12.3   ,               2.3   ,                12.2   ,           12.2   ,             12.2   ,                         3.2   ,              16   ,        0.8750   ,               32.0   ,                  9941   ,
2026-02-11 18:15:54 ,         210.0   ,             50.6   ,               34.2   ,        44.3   ,                  36.0   ,                30   ,                  1995   ,                30   ,                  1995   ,           1253   ,          0   ,                        4   ,                   0   ,                    0   ,               14.5   ,                   7.7   ,                4.3   ,                  6.8   ,              12.3   ,               2.5   ,                12.2   ,           12.0   ,             12.2   ,                         3.2   ,              16   ,        0.8750   ,               32.0   ,                  9941   ,
2026-02-11 18:15:55 ,         210.0   ,             50.6   ,               34.2   ,        44.3   ,                  36.0   ,                30   ,                  2002   ,                30   ,                  2002   ,           1253   ,          0   ,                        4   ,                   0   ,                    0   ,               14.5   ,                   7.7   ,                4.3   ,                  6.8   ,              12.3   ,               2.5   ,                12.2   ,           12.0   ,             12.2   ,                         3.2   ,              16   ,        0.8750   ,               32.0   ,                  9941   ,
2026-02-11 18:15:56 ,         210.0   ,             50.6   ,               34.2   ,        44.3   ,                  36.0   ,                30   ,                  2002   ,                30   ,                  2002   ,           1253   ,          0   ,                        4   ,                   0   ,                    0   ,               14.6   ,                   7.7   ,                4.5   ,                  6.9   ,              12.3   ,               2.5   ,                12.2   ,           12.1   ,             12.2   ,                         3.2   ,              16   ,        0.8750   ,               33.0   ,                  9941   ,
2026-02-11 18:15:57 ,         210.0   ,             50.6   ,               34.2   ,        44.3   ,                  36.0   ,                30   ,                  2003   ,                30   ,                  2003   ,           1253   ,          0   ,                        4   ,                   0   ,                    0   ,               14.6   ,                   7.8   ,                4.4   ,                  6.8   ,              12.3   ,               2.5   ,                12.2   ,           12.1   ,             12.2   ,                         3.2   ,              16   ,        0.8750   ,               30.0   ,                  9940   ,
2026-02-11 18:15:58 ,         210.0   ,             50.6   ,               34.2   ,        44.3   ,                  36.0   ,                30   ,                  1999   ,                30   ,                  1999   ,           1253   ,          0   ,                        9   ,                   0   ,                    0   ,               14.4   ,                   7.8   ,                4.2   ,                  6.6   ,              12.3   ,               2.5   ,                12.2   ,           11.9   ,             12.2   ,                         3.2   ,              16   ,        0.8750   ,               32.0   ,                  9941   ,
2026-02-11 18:15:59 ,         210.0   ,             50.6   ,               34.1   ,        44.1   ,                  36.0   ,                30   ,                  2001   ,                30   ,                  2001   ,           1253   ,          0   ,                       16   ,                   0   ,                    0   ,               14.3   ,                   7.8   ,                4.1   ,                  6.6   ,              12.3   ,               2.5   ,                12.2   ,           11.9   ,             12.2   ,                         3.2   ,              16   ,        0.8750   ,               32.0   ,                  9941   ,
2026-02-11 18:16:00 ,         210.0   ,             50.6   ,               34.1   ,        44.2   ,                  36.0   ,                30   ,                  1998   ,                30   ,                  1998   ,           1253   ,          0   ,                        9   ,                   0   ,                    0   ,               14.5   ,                   7.7   ,                4.4   ,                  6.9   ,              12.3   ,               2.4   ,                12.2   ,           12.1   ,             12.2   ,                         3.2   ,              16   ,        0.8750   ,               31.0   ,                  9941   ,
2026-02-11 18:16:01 ,         210.0   ,             50.6   ,               34.1   ,        44.2   ,                  36.0   ,                30   ,                  1998   ,                30   ,                  1998   ,           1253   ,          0   ,                       13   ,                   0   ,                    0   ,               14.5   ,                   7.8   ,                4.1   ,                  6.7   ,              12.3   ,               2.6   ,                12.2   ,           11.9   ,             12.2   ,                         3.2   ,              16   ,        0.8750   ,               31.0   ,                  9941   ,
2026-02-11 18:16:02 ,         210.0   ,             50.6   ,               34.1   ,        44.1   ,                  36.0   ,                30   ,                  1998   ,                30   ,                  1998   ,           1253   ,          0   ,                       16   ,                   0   ,                    0   ,               14.5   ,                   7.7   ,                4.3   ,                  6.9   ,              12.3   ,               2.6   ,                12.2   ,           12.0   ,             12.2   ,                         3.2   ,              16   ,        0.8750   ,               32.0   ,                  9940   ,
2026-02-11 18:16:03 ,         210.0   ,             50.6   ,               34.1   ,        44.2   ,                  36.0   ,                30   ,                  1997   ,                30   ,                  1997   ,           1253   ,          0   ,                       17   ,                   0   ,                    0   ,               14.5   ,                   7.7   ,                4.2   ,                  6.8   ,              12.3   ,               2.6   ,                12.2   ,           11.9   ,             12.2   ,                         3.5   ,              16   ,        0.8750   ,               31.0   ,                  9940   ,
2026-02-11 18:16:04 ,         210.0   ,             50.6   ,               34.1   ,        44.0   ,                  34.0   ,                30   ,                  2000   ,                30   ,                  2000   ,           1253   ,          0   ,                        5   ,                   0   ,                    0   ,               14.5   ,                   7.6   ,                4.3   ,                  6.9   ,              12.3   ,               2.5   ,                12.2   ,           13.2   ,             12.2   ,                         3.5   ,              16   ,        0.8750   ,               31.0   ,                  9940   ,
2026-02-11 18:16:05 ,         210.0   ,             50.6   ,               34.0   ,        44.1   ,                  36.0   ,                30   ,                  2004   ,                30   ,                  2004   ,           1253   ,          0   ,                       11   ,                   0   ,                    0   ,               14.5   ,                   7.7   ,                4.4   ,                  6.9   ,              12.3   ,               2.6   ,                12.2   ,           13.2   ,             12.2   ,                         3.5   ,              16   ,        0.8750   ,               31.0   ,                  9940   ,
2026-02-11 18:16:06 ,         210.0   ,             50.6   ,               34.0   ,        44.1   ,                  36.0   ,                30   ,                  2003   ,                30   ,                  2003   ,           1253   ,          0   ,                        4   ,                   0   ,                    0   ,               14.6   ,                   7.7   ,                5.4   ,                  8.0   ,              12.3   ,               2.7   ,                12.2   ,           13.0   ,             12.2   ,                         3.5   ,              16   ,        0.8750   ,               31.0   ,                  9940   ,
2026-02-11 18:16:07 ,         210.0   ,             50.6   ,               34.0   ,        44.1   ,                  36.0   ,                30   ,                  2004   ,                30   ,                  2004   ,           1253   ,          0   ,                        6   ,                   0   ,                    0   ,               14.7   ,                   7.6   ,                4.7   ,                  7.2   ,              12.3   ,               2.5   ,                12.2   ,           12.3   ,             12.2   ,                         3.3   ,              16   ,        0.8750   ,               32.0   ,                  9939   ,
2026-02-11 18:16:08 ,         210.0   ,             50.6   ,               34.0   ,        44.1   ,                  36.0   ,                30   ,                  1998   ,                30   ,                  1998   ,           1253   ,          0   ,                       18   ,                   0   ,                    0   ,               14.8   ,                   7.7   ,                4.6   ,                  7.2   ,              12.3   ,               2.5   ,                12.2   ,           12.3   ,             12.2   ,                         3.3   ,              16   ,        0.8750   ,               31.0   ,                  9939   ,
2026-02-11 18:16:09 ,         210.0   ,             50.6   ,               34.0   ,        44.0   ,                  36.0   ,                30   ,                  2003   ,                30   ,                  2003   ,           1253   ,          0   ,                        4   ,                   0   ,                    0   ,               14.5   ,                   7.6   ,                4.4   ,                  6.9   ,              12.3   ,               2.5   ,                12.2   ,           12.0   ,             12.2   ,                         3.2   ,              16   ,        0.8750   ,               32.0   ,                  9940   ,
2026-02-11 18:16:10 ,         210.0   ,             50.6   ,               34.0   ,        44.0   ,                  36.0   ,                30   ,                  1994   ,                30   ,                  1994   ,           1253   ,          0   ,                        9   ,                   0   ,                    0   ,               14.4   ,                   7.6   ,                4.3   ,                  6.8   ,              12.3   ,               2.5   ,                12.2   ,           12.0   ,             12.2   ,                         3.2   ,              16   ,        0.8750   ,               32.0   ,                  9940   ,
2026-02-11 18:16:11 ,         210.0   ,             50.6   ,               33.9   ,        44.1   ,                  36.0   ,                30   ,                  2002   ,                30   ,                  2002   ,           1253   ,          0   ,                       12   ,                   0   ,                    0   ,               14.2   ,                   7.7   ,                4.1   ,                  6.5   ,              12.3   ,               2.4   ,                12.2   ,           11.8   ,             12.2   ,                         3.2   ,              16   ,        0.8750   ,               32.0   ,                  9940   ,
2026-02-11 18:16:12 ,         210.0   ,             50.6   ,               33.9   ,        44.1   ,                  36.0   ,                30   ,                  2003   ,                30   ,                  2003   ,           1253   ,          0   ,                       13   ,                   0   ,                    0   ,               14.6   ,                   7.8   ,                4.3   ,                  6.8   ,              12.3   ,               2.5   ,                12.2   ,           12.1   ,             12.2   ,                         3.2   ,              16   ,        0.8750   ,               31.0   ,                  9939   ,
2026-02-11 18:16:13 ,         210.0   ,             50.6   ,               33.9   ,        44.1   ,                  36.0   ,                30   ,                  1992   ,                30   ,                  1992   ,           1253   ,          0   ,                        4   ,                   0   ,                    0   ,               14.7   ,                   7.7   ,                4.4   ,                  7.0   ,              12.3   ,               2.6   ,                12.2   ,           12.1   ,             12.2   ,                         3.3   ,              16   ,        0.8750   ,               31.0   ,                  9939   ,
2026-02-11 18:16:14 ,         210.0   ,             50.6   ,               33.9   ,        44.1   ,                  36.0   ,                30   ,                  2005   ,                30   ,                  2005   ,           1253   ,          0   ,                        4   ,                   0   ,                    0   ,               14.3   ,                   7.7   ,                4.2   ,                  6.6   ,              12.3   ,               2.4   ,                12.2   ,           11.9   ,             12.2   ,                         3.2   ,              16   ,        0.8750   ,               32.0   ,                  9940   ,
2026-02-11 18:16:15 ,         210.0   ,             50.6   ,               33.9   ,        43.9   ,                  36.0   ,                30   ,                  1995   ,                30   ,                  1995   ,           1253   ,          0   ,                        4   ,                   0   ,                    0   ,               14.7   ,                   7.8   ,                4.3   ,                  6.9   ,              12.3   ,               2.6   ,                12.2   ,           12.1   ,             12.2   ,                         3.3   ,              16   ,        0.8750   ,               31.0   ,                  9940   ,
2026-02-11 18:16:16 ,         210.0   ,             50.6   ,               33.9   ,        43.9   ,                  36.0   ,                30   ,                  2005   ,                30   ,                  2005   ,           1253   ,          0   ,                        8   ,                   0   ,                    0   ,               14.5   ,                   7.8   ,                4.3   ,                  6.8   ,              12.3   ,               2.5   ,                12.2   ,           12.1   ,             12.2   ,                         3.2   ,              16   ,        0.8750   ,               31.0   ,                  9940   ,
2026-02-11 18:16:17 ,         210.0   ,             50.6   ,               33.8   ,        43.9   ,                  36.0   ,                30   ,                  2002   ,                30   ,                  2002   ,           1253   ,          0   ,                       10   ,                   0   ,                    0   ,               14.5   ,                   7.6   ,                4.4   ,                  6.9   ,              12.3   ,               2.5   ,                12.2   ,           12.0   ,             12.2   ,                         3.2   ,              16   ,        0.8750   ,               32.0   ,                  9939   ,
2026-02-11 18:16:19 ,         210.0   ,             50.6   ,               33.8   ,        43.8   ,                  36.0   ,                30   ,                  2003   ,                30   ,                  2003   ,           1253   ,          0   ,                        8   ,                   0   ,                    0   ,               14.5   ,                   7.8   ,                4.2   ,                  6.7   ,              12.3   ,               2.4   ,                12.2   ,           12.0   ,             12.2   ,                         3.2   ,              16   ,        0.8750   ,               32.0   ,                  9939   ,
2026-02-11 18:16:20 ,         210.0   ,             50.6   ,               33.8   ,        43.8   ,                  36.0   ,                30   ,                  1997   ,                30   ,                  1997   ,           1253   ,          0   ,                        8   ,                   0   ,                    0   ,               14.3   ,                   7.7   ,                4.2   ,                  6.5   ,              12.3   ,               2.4   ,                12.2   ,           11.9   ,             12.2   ,                         3.2   ,              16   ,        0.8750   ,               32.0   ,                  9940   ,
2026-02-11 18:16:21 ,         210.0   ,             50.6   ,               33.8   ,        43.8   ,                  34.0   ,                30   ,                  2004   ,                30   ,                  2004   ,           1253   ,          0   ,                        8   ,                   0   ,                    0   ,               14.3   ,                   7.6   ,                4.3   ,                  6.7   ,              12.3   ,               2.4   ,                12.2   ,           11.9   ,             12.2   ,                         3.2   ,              16   ,        0.8750   ,               30.0   ,                  9939   ,
2026-02-11 18:16:22 ,         210.0   ,             50.6   ,               33.8   ,        43.8   ,                  34.0   ,                30   ,                  2003   ,                30   ,                  2003   ,           1253   ,          0   ,                        7   ,                   0   ,                    0   ,               14.4   ,                   7.6   ,                4.3   ,                  6.7   ,              12.3   ,               2.4   ,                12.2   ,           11.9   ,             12.2   ,                         3.2   ,              16   ,        0.8750   ,               31.0   ,                  9939   ,
2026-02-11 18:16:23 ,         210.0   ,             50.6   ,               33.8   ,        43.8   ,                  36.0   ,                30   ,                  2000   ,                30   ,                  2000   ,           1253   ,          0   ,                        4   ,                   0   ,                    0   ,               14.4   ,                   7.6   ,                4.4   ,                  6.8   ,              12.3   ,               2.4   ,                12.2   ,           12.0   ,             12.2   ,                         3.2   ,              16   ,        0.8750   ,               31.0   ,                  9939   ,
2026-02-11 18:16:24 ,         210.0   ,             50.6   ,               33.8   ,        43.8   ,                  34.0   ,                30   ,                  1998   ,                30   ,                  1998   ,           1253   ,          0   ,                        4   ,                   0   ,                    0   ,               14.5   ,                   7.5   ,                4.6   ,                  7.1   ,              12.3   ,               2.5   ,                12.2   ,           12.0   ,             12.2   ,                         3.5   ,              16   ,        0.8750   ,               31.0   ,                  9938   ,
2026-02-11 18:16:25 ,         210.0   ,             50.6   ,               33.7   ,        43.8   ,                  36.0   ,                30   ,                  2000   ,                30   ,                  2000   ,           1253   ,          0   ,                        4   ,                   0   ,                    0   ,               14.4   ,                   7.6   ,                4.4   ,                  6.8   ,              12.3   ,               2.4   ,                12.3   ,           12.1   ,             12.2   ,                         3.5   ,              16   ,        0.8750   ,               31.0   ,                  9939   ,
2026-02-11 18:16:26 ,         210.0   ,             50.6   ,               33.7   ,        43.8   ,                  36.0   ,                30   ,                  2003   ,                30   ,                  2003   ,           1253   ,          1   ,                       15   ,                   0   ,                    0   ,               14.6   ,                   7.7   ,                4.4   ,                  6.9   ,              12.3   ,               2.5   ,                12.3   ,           13.2   ,             12.2   ,                         3.5   ,              16   ,        0.8750   ,               31.0   ,                  9939   ,
2026-02-11 18:16:27 ,         210.0   ,             50.6   ,               33.7   ,        43.8   ,                  34.0   ,                30   ,                  1997   ,                30   ,                  1997   ,           1253   ,          2   ,                       12   ,                   0   ,                    0   ,               14.4   ,                   7.8   ,                4.3   ,                  6.6   ,              12.3   ,               2.4   ,                12.2   ,           13.0   ,             12.2   ,                         3.4   ,              16   ,        0.8750   ,               31.0   ,                  9939   ,
2026-02-11 18:16:28 ,         210.0   ,             50.6   ,               33.7   ,        43.8   ,                  36.0   ,                30   ,                  1994   ,                30   ,                  1994   ,           1253   ,          2   ,                       12   ,                   0   ,                    0   ,               15.4   ,                   7.5   ,                5.3   ,                  7.8   ,              12.3   ,               2.5   ,                12.2   ,           12.8   ,             12.2   ,                         3.4   ,              16   ,        0.8750   ,               31.0   ,                  9938   ,
2026-02-11 18:16:29 ,         210.0   ,             50.6   ,               33.7   ,        43.7   ,                  36.0   ,                30   ,                  2002   ,                30   ,                  2002   ,           1253   ,          0   ,                        9   ,                   0   ,                    0   ,               14.5   ,                   7.6   ,                4.4   ,                  6.8   ,              12.3   ,               2.4   ,                12.2   ,           12.0   ,             12.2   ,                         3.2   ,              16   ,        0.8750   ,               30.0   ,                  9940   ,
2026-02-11 18:16:30 ,         210.0   ,             50.6   ,               33.6   ,        43.7   ,                  36.0   ,                30   ,                  1999   ,                30   ,                  1999   ,           1253   ,          0   ,                       12   ,                   0   ,                    0   ,               14.5   ,                   7.6   ,                4.4   ,                  6.9   ,              12.3   ,               2.5   ,                12.2   ,           12.0   ,             12.2   ,                         3.2   ,              16   ,        0.8750   ,               31.0   ,                  9947   ,
2026-02-11 18:16:31 ,         210.0   ,             50.6   ,               33.6   ,        43.7   ,                  34.0   ,                30   ,                  2001   ,                30   ,                  2001   ,           1253   ,          0   ,                        4   ,                   0   ,                    0   ,               14.6   ,                   7.6   ,                4.5   ,                  7.0   ,              12.3   ,               2.5   ,                12.2   ,           12.1   ,             12.2   ,                         3.2   ,              16   ,        0.8750   ,               31.0   ,                  9942   ,
2026-02-11 18:16:32 ,         210.0   ,             50.6   ,               33.6   ,        43.7   ,                  34.0   ,                30   ,                  2002   ,                30   ,                  2002   ,           1253   ,          0   ,                        8   ,                   0   ,                    0   ,               14.5   ,                   7.7   ,                4.3   ,                  6.8   ,              12.3   ,               2.5   ,                12.2   ,           12.0   ,             12.2   ,                         3.2   ,              16   ,        0.8750   ,               31.0   ,                  9946   ,
2026-02-11 18:16:33 ,         210.0   ,             50.6   ,               33.6   ,        43.7   ,                  36.0   ,                30   ,                  2002   ,                30   ,                  2002   ,           1253   ,          0   ,                        7   ,                   0   ,                    0   ,               14.5   ,                   7.6   ,                4.4   ,                  6.9   ,              12.3   ,               2.5   ,                12.2   ,           12.0   ,             12.2   ,                         3.2   ,              16   ,        0.8750   ,               32.0   ,                  9946   ,
2026-02-11 18:16:34 ,         210.0   ,             50.6   ,               33.6   ,        43.6   ,                  34.0   ,                30   ,                  2000   ,                30   ,                  2000   ,           1253   ,          0   ,                        9   ,                   0   ,                    0   ,               14.7   ,                   7.7   ,                4.4   ,                  7.0   ,              12.3   ,               2.6   ,                12.2   ,           12.1   ,             12.2   ,                         3.3   ,              16   ,        0.8750   ,               30.0   ,                  9946   ,
2026-02-11 18:16:35 ,         210.0   ,             50.6   ,               33.6   ,        43.7   ,                  36.0   ,                30   ,                  2001   ,                30   ,                  2001   ,           1253   ,          0   ,                       14   ,                   0   ,                    0   ,               14.5   ,                   7.6   ,                4.5   ,                  6.9   ,              12.3   ,               2.4   ,                12.2   ,           12.1   ,             12.2   ,                         3.2   ,              16   ,        0.8750   ,               31.0   ,                  9947   ,
2026-02-11 18:16:36 ,         210.0   ,             50.6   ,               33.6   ,        43.6   ,                  34.0   ,                30   ,                  2001   ,                30   ,                  2001   ,           1253   ,          0   ,                       15   ,                   0   ,                    0   ,               14.4   ,                   7.6   ,                4.3   ,                  6.8   ,              12.3   ,               2.5   ,                12.2   ,           11.9   ,             12.2   ,                         3.2   ,              16   ,        0.8750   ,               32.0   ,                  9947   ,
2026-02-11 18:16:37 ,         210.0   ,             50.6   ,               33.6   ,        43.7   ,                  36.0   ,                30   ,                  2002   ,                30   ,                  2002   ,           1253   ,          0   ,                       12   ,                   0   ,                    0   ,               14.6   ,                   7.7   ,                4.4   ,                  6.9   ,              12.3   ,               2.6   ,                12.2   ,           12.0   ,             12.2   ,                         3.2   ,              16   ,        0.8750   ,               32.0   ,                  9947   ,
2026-02-11 18:16:38 ,         210.0   ,             50.6   ,               33.5   ,        43.7   ,                  34.0   ,                30   ,                  2002   ,                30   ,                  2002   ,           1253   ,          0   ,                        4   ,                   0   ,                    0   ,               14.5   ,                   7.7   ,                4.3   ,                  6.8   ,              12.3   ,               2.5   ,                12.2   ,           12.0   ,             12.2   ,                         3.2   ,              16   ,        0.8750   ,               31.0   ,                  9945   ,
2026-02-11 18:16:39 ,         210.0   ,             50.6   ,               33.5   ,        43.6   ,                  36.0   ,                30   ,                  2000   ,                30   ,                  2000   ,           1253   ,          0   ,                        6   ,                   0   ,                    0   ,               14.5   ,                   7.8   ,                4.2   ,                  6.7   ,              12.3   ,               2.5   ,                12.2   ,           12.0   ,             12.2   ,                         3.2   ,              16   ,        0.8750   ,               31.0   ,                  9946   ,
2026-02-11 18:16:40 ,         210.0   ,             50.6   ,               33.5   ,        43.4   ,                  36.0   ,                30   ,                  2001   ,                30   ,                  2001   ,           1253   ,          0   ,                        4   ,                   0   ,                    0   ,               14.4   ,                   7.8   ,                4.2   ,                  6.6   ,              12.3   ,               2.4   ,                12.2   ,           12.0   ,             12.2   ,                         3.5   ,              16   ,        0.8750   ,               31.0   ,                  9946   ,
2026-02-11 18:16:41 ,         210.0   ,             50.6   ,               33.5   ,        43.6   ,                  34.0   ,                30   ,                  2000   ,                30   ,                  2000   ,           1253   ,          0   ,                        4   ,                   0   ,                    0   ,               14.9   ,                   7.7   ,                4.7   ,                  7.1   ,              12.3   ,               2.5   ,                12.2   ,           12.4   ,             12.2   ,                         3.3   ,              16   ,        0.8750   ,               30.0   ,                  9946   ,
2026-02-11 18:16:42 ,         210.0   ,             50.6   ,               33.4   ,        43.4   ,                  34.0   ,                30   ,                  2002   ,                30   ,                  2002   ,           1253   ,          0   ,                        4   ,                   0   ,                    0   ,               14.8   ,                   7.8   ,                4.5   ,                  7.1   ,              12.3   ,               2.5   ,                12.2   ,           12.3   ,             12.2   ,                         3.3   ,              16   ,        0.8750   ,               30.0   ,                  9946   ,
2026-02-11 18:16:43 ,         210.0   ,             50.6   ,               33.4   ,        43.5   ,                  34.0   ,                30   ,                  2000   ,                30   ,                  2000   ,           1253   ,          0   ,                       11   ,                   0   ,                    0   ,               14.3   ,                   7.7   ,                4.1   ,                  6.6   ,              12.3   ,               2.5   ,                12.2   ,           11.8   ,             12.2   ,                         3.2   ,              16   ,        0.8750   ,               30.0   ,                  9946   ,
2026-02-11 18:16:44 ,         210.0   ,             50.6   ,               33.4   ,        43.4   ,                  34.0   ,                30   ,                  1997   ,                30   ,                  1997   ,           1253   ,          0   ,                       12   ,                   0   ,                    0   ,               14.4   ,                   7.8   ,                4.1   ,                  6.6   ,              12.3   ,               2.5   ,                12.2   ,           11.9   ,             12.2   ,                         3.2   ,              16   ,        0.8750   ,               32.0   ,                  9946   ,
2026-02-11 18:16:45 ,         210.0   ,             50.6   ,               33.4   ,        43.4   ,                  34.0   ,                30   ,                  1998   ,                30   ,                  1998   ,           1253   ,          0   ,                       13   ,                   0   ,                    0   ,               14.3   ,                   7.8   ,                4.1   ,                  6.6   ,              12.3   ,               2.5   ,                12.2   ,           11.9   ,             12.2   ,                         3.2   ,              16   ,        0.8750   ,               32.0   ,                  9946   ,
2026-02-11 18:16:46 ,         210.0   ,             50.6   ,               33.4   ,        43.4   ,                  36.0   ,                30   ,                  1999   ,                30   ,                  1999   ,           1253   ,          0   ,                        8   ,                   0   ,                    0   ,               14.5   ,                   7.7   ,                4.3   ,                  6.8   ,              12.3   ,               2.5   ,                12.2   ,           12.0   ,             12.2   ,                         3.2   ,              16   ,        0.8750   ,               31.0   ,                  9946   ,
2026-02-11 18:16:47 ,         210.0   ,             50.6   ,               33.4   ,        43.5   ,                  36.0   ,                30   ,                  2000   ,                30   ,                  2000   ,           1253   ,          0   ,                        5   ,                   0   ,                    0   ,               14.5   ,                   7.7   ,                4.2   ,                  6.8   ,              12.3   ,               2.6   ,                12.2   ,           11.9   ,             12.2   ,                         3.2   ,              16   ,        0.8750   ,               31.0   ,                  9946   ,
2026-02-11 18:16:48 ,         210.0   ,             50.6   ,               33.4   ,        43.4   ,                  36.0   ,                30   ,                  2001   ,                30   ,                  2001   ,           1253   ,          0   ,                       20   ,                   0   ,                    0   ,               14.4   ,                   7.8   ,                4.1   ,                  6.6   ,              12.3   ,               2.5   ,                12.2   ,           11.9   ,             12.2   ,                         3.2   ,              16   ,        0.8750   ,               31.0   ,                  9946   ,
2026-02-11 18:16:49 ,         210.0   ,             50.6   ,               33.4   ,        43.3   ,                  36.0   ,                30   ,                  2001   ,                30   ,                  2001   ,           1253   ,          0   ,                       14   ,                   0   ,                    0   ,               16.1   ,                   7.2   ,                6.3   ,                  8.9   ,              12.3   ,               2.6   ,                12.2   ,           13.5   ,             12.2   ,                         3.6   ,              16   ,        0.8750   ,               32.0   ,                  9946   ,
2026-02-11 18:16:50 ,        2760.0   ,           1312.7   ,               35.7   ,        44.8   ,                  36.0   ,                30   ,                  1998   ,                30   ,                  1998   ,           1273   ,         17   ,                        0   ,                   0   ,                    0   ,               82.9   ,                  47.9   ,               28.0   ,                 34.9   ,              12.2   ,               6.9   ,                12.2   ,           75.9   ,             12.2   ,                        18.4   ,               4   ,        1.0500   ,               33.0   ,                  9963   ,
2026-02-11 18:16:51 ,        2760.0   ,           1312.7   ,               35.9   ,        45.1   ,                  38.0   ,                30   ,                  2000   ,                30   ,                  2000   ,           1287   ,          0   ,                        0   ,                   0   ,                    0   ,               78.8   ,                  44.1   ,               27.9   ,                 34.8   ,              12.3   ,               6.8   ,                12.2   ,           72.0   ,             12.2   ,                        17.5   ,               4   ,        1.0500   ,               33.0   ,                  9964   ,
2026-02-11 18:16:52 ,        1455.0   ,            101.3   ,               34.8   ,        44.4   ,                  38.0   ,                30   ,                  1999   ,                30   ,                  1999   ,           1278   ,          0   ,                        0   ,                   0   ,                    0   ,               43.4   ,                  19.8   ,               12.7   ,                 16.3   ,              12.3   ,               3.7   ,                12.3   ,           32.4   ,             12.2   ,                         8.0   ,              16   ,        0.8900   ,               32.0   ,                  9964   ,
2026-02-11 18:16:53 ,         945.0   ,            101.3   ,               34.2   ,        44.1   ,                  36.0   ,                30   ,                  2002   ,                30   ,                  2002   ,           1300   ,          1   ,                        2   ,                   0   ,                    0   ,               25.4   ,                  13.5   ,                8.4   ,                 11.9   ,              12.3   ,               3.5   ,                12.2   ,           22.0   ,             12.2   ,                         5.6   ,              16   ,        0.8900   ,               30.0   ,                 10064   ,
2026-02-11 18:16:54 ,         525.0   ,             50.6   ,               34.0   ,        43.8   ,                  36.0   ,                30   ,                  2001   ,                30   ,                  2001   ,           1299   ,         14   ,                       15   ,                   0   ,                    5   ,               18.1   ,                   8.4   ,                7.0   ,                  9.7   ,              12.3   ,               2.7   ,                12.2   ,           15.3   ,             12.2   ,                         4.0   ,              16   ,        0.8750   ,               33.0   ,                 10036   ,
2026-02-11 18:16:55 ,         375.0   ,             50.6   ,               33.8   ,        43.8   ,                  36.0   ,                30   ,                  2000   ,                30   ,                  2000   ,           1300   ,          6   ,                        6   ,                   0   ,                    3   ,               15.9   ,                   7.4   ,                5.9   ,                  8.5   ,              12.3   ,               2.5   ,                12.2   ,           13.4   ,             12.2   ,                         4.0   ,              16   ,        0.8750   ,               34.0   ,                 10090   ,
2026-02-11 18:16:56 ,         255.0   ,             50.6   ,               33.9   ,        43.8   ,                  36.0   ,                30   ,                  1998   ,                30   ,                  1998   ,           1333   ,          3   ,                        4   ,                   0   ,                    5   ,               22.6   ,                   9.4   ,               10.4   ,                 13.1   ,              12.3   ,               2.7   ,                12.2   ,           19.9   ,             12.2   ,                         5.0   ,              16   ,        0.8750   ,               33.0   ,                 10096   ,
2026-02-11 18:16:57 ,         210.0   ,             50.6   ,               33.7   ,        43.7   ,                  36.0   ,                30   ,                  2000   ,                30   ,                  2000   ,           1299   ,          4   ,                        7   ,                   0   ,                    0   ,               16.3   ,                   7.5   ,                6.2   ,                  8.8   ,              12.3   ,               2.6   ,                12.2   ,           13.6   ,             12.2   ,                         3.6   ,              16   ,        0.8750   ,               32.0   ,                 10095   ,
2026-02-11 18:16:58 ,         210.0   ,             50.6   ,               33.6   ,        43.6   ,                  36.0   ,                30   ,                  2001   ,                30   ,                  2001   ,           1300   ,          1   ,                        8   ,                   0   ,                    0   ,               14.9   ,                   7.6   ,                4.8   ,                  7.3   ,              12.3   ,               2.5   ,                12.2   ,           12.4   ,             12.2   ,                         3.3   ,              16   ,        0.8750   ,               33.0   ,                 10094   ,
2026-02-11 18:16:59 ,         210.0   ,             50.6   ,               33.7   ,        43.5   ,                  36.0   ,                30   ,                  2002   ,                30   ,                  2002   ,           1309   ,         17   ,                       16   ,                   0   ,                    2   ,               19.1   ,                   8.5   ,                8.0   ,                 10.7   ,              12.3   ,               2.7   ,                12.2   ,           16.5   ,             12.2   ,                         4.3   ,              16   ,        0.8750   ,               33.0   ,                 10106   ,
2026-02-11 18:17:00 ,         210.0   ,             50.6   ,               33.6   ,        43.7   ,                  36.0   ,                30   ,                  1999   ,                30   ,                  1999   ,           1304   ,          1   ,                        3   ,                   0   ,                    0   ,               15.3   ,                   7.7   ,                5.0   ,                  7.6   ,              12.3   ,               2.6   ,                12.2   ,           12.7   ,             12.2   ,                         3.4   ,              16   ,        0.8750   ,               31.0   ,                 10106   ,
2026-02-11 18:17:01 ,         210.0   ,             50.6   ,               33.6   ,        43.6   ,                  34.0   ,                30   ,                  1999   ,                30   ,                  1999   ,           1304   ,          2   ,                        9   ,                   0   ,                    0   ,               15.5   ,                   7.4   ,                5.4   ,                  8.1   ,              12.3   ,               2.7   ,                12.2   ,           12.8   ,             12.2   ,                         3.4   ,              16   ,        0.8750   ,               32.0   ,                 10110   ,
2026-02-11 18:17:02 ,         210.0   ,             50.6   ,               33.5   ,        43.5   ,                  34.0   ,                30   ,                  1999   ,                30   ,                  1999   ,           1304   ,          3   ,                        3   ,                   0   ,                    1   ,               15.1   ,                   7.6   ,                4.8   ,                  7.5   ,              12.3   ,               2.7   ,                12.2   ,           12.4   ,             12.2   ,                         3.3   ,              16   ,        0.8750   ,               30.0   ,                 10079   ,
2026-02-11 18:17:03 ,         210.0   ,             50.6   ,               33.5   ,        43.5   ,                  34.0   ,                30   ,                  1999   ,                30   ,                  1999   ,           1304   ,          2   ,                        3   ,                   0   ,                    0   ,               15.9   ,                   7.5   ,                5.8   ,                  8.4   ,              12.3   ,               2.6   ,                12.2   ,           13.3   ,             12.2   ,                         3.5   ,              16   ,        0.8750   ,               31.0   ,                 10075   ,
2026-02-11 18:17:04 ,         210.0   ,             50.6   ,               33.6   ,        43.6   ,                  36.0   ,                30   ,                  2000   ,                30   ,                  2000   ,           1308   ,          9   ,                        7   ,                   0   ,                    0   ,               17.4   ,                   8.2   ,                6.5   ,                  9.3   ,              12.3   ,               2.7   ,                12.2   ,           14.7   ,             12.2   ,                         3.9   ,              16   ,        0.8750   ,               37.0   ,                 10073   ,
2026-02-11 18:17:05 ,         210.0   ,             50.6   ,               33.5   ,        43.4   ,                  36.0   ,                30   ,                  1999   ,                30   ,                  2000   ,           1299   ,          2   ,                        2   ,                   0   ,                    0   ,               15.5   ,                   7.5   ,                5.3   ,                  8.0   ,              12.3   ,               2.7   ,                12.2   ,           12.8   ,             12.2   ,                         3.4   ,              16   ,        0.8750   ,               31.0   ,                 10071   ,
2026-02-11 18:17:06 ,         210.0   ,             50.6   ,               33.5   ,        43.5   ,                  36.0   ,                30   ,                  1999   ,                30   ,                  1999   ,           1267   ,          8   ,                        3   ,                   0   ,                    0   ,               16.4   ,                   7.4   ,                6.3   ,                  9.0   ,              12.3   ,               2.7   ,                12.2   ,           13.7   ,             12.2   ,                         3.7   ,              16   ,        0.8750   ,               31.0   ,                  9942   ,
2026-02-11 18:17:07 ,         210.0   ,             50.6   ,               33.5   ,        43.5   ,                  36.0   ,                30   ,                  2001   ,                30   ,                  2001   ,           1267   ,          5   ,                       12   ,                   0   ,                    0   ,               16.2   ,                   7.3   ,                6.3   ,                  8.9   ,              12.3   ,               2.5   ,                12.2   ,           13.6   ,             12.2   ,                         3.6   ,              16   ,        0.8750   ,               32.0   ,                  9961   ,
2026-02-11 18:17:08 ,         210.0   ,             50.6   ,               33.5   ,        43.4   ,                  36.0   ,                30   ,                  2002   ,                30   ,                  2002   ,           1267   ,          8   ,                        4   ,                   0   ,                    0   ,               16.4   ,                   7.3   ,                6.6   ,                  9.1   ,              12.3   ,               2.5   ,                12.2   ,           13.9   ,             12.2   ,                         3.6   ,              16   ,        0.8750   ,               32.0   ,                  9959   ,
2026-02-11 18:17:09 ,         210.0   ,             50.6   ,               33.4   ,        43.4   ,                  34.0   ,                30   ,                  2001   ,                30   ,                  2002   ,           1231   ,          0   ,                        4   ,                   0   ,                    0   ,               14.0   ,                   7.6   ,                3.9   ,                  6.4   ,              12.3   ,               2.5   ,                12.2   ,           11.5   ,             12.2   ,                         3.1   ,              16   ,        0.8750   ,               31.0   ,                  9865   ,
2026-02-11 18:17:10 ,         210.0   ,             50.6   ,               33.4   ,        43.3   ,                  36.0   ,                30   ,                  1998   ,                30   ,                  1998   ,           1231   ,          2   ,                        7   ,                   0   ,                    0   ,               16.2   ,                   7.4   ,                6.3   ,                  8.9   ,              12.3   ,               2.6   ,                12.2   ,           13.6   ,             12.2   ,                         3.6   ,              16   ,        0.8750   ,               31.0   ,                  9870   ,
2026-02-11 18:17:11 ,         210.0   ,             50.6   ,               33.3   ,        43.4   ,                  36.0   ,                30   ,                  1997   ,                30   ,                  1997   ,           1231   ,          1   ,                        7   ,                   0   ,                    0   ,               14.8   ,                   7.7   ,                4.5   ,                  7.1   ,              12.3   ,               2.6   ,                12.2   ,           12.2   ,             12.2   ,                         3.3   ,              16   ,        0.8750   ,               31.0   ,                  9869   ,
2026-02-11 18:17:12 ,         210.0   ,             50.6   ,               33.4   ,        43.3   ,                  34.0   ,                30   ,                  2000   ,                30   ,                  2000   ,           1244   ,          3   ,                        3   ,                   0   ,                    0   ,               16.3   ,                   7.4   ,                6.2   ,                  8.9   ,              12.3   ,               2.7   ,                12.2   ,           13.6   ,             12.2   ,                         3.6   ,              16   ,        0.8750   ,               31.0   ,                  9888   ,
2026-02-11 18:17:13 ,         210.0   ,             50.6   ,               33.4   ,        43.3   ,                  36.0   ,                30   ,                  2001   ,                30   ,                  2001   ,           1237   ,          7   ,                        3   ,                   0   ,                    1   ,               16.1   ,                   7.3   ,                6.2   ,                  8.8   ,              12.3   ,               2.6   ,                12.2   ,           13.5   ,             12.2   ,                         3.6   ,              16   ,        0.8750   ,               31.0   ,                  9887   ,
2026-02-11 18:17:14 ,         210.0   ,             50.6   ,               33.3   ,        43.3   ,                  36.0   ,                30   ,                  2000   ,                30   ,                  2000   ,           1237   ,          2   ,                        7   ,                   0   ,                    0   ,               15.4   ,                   7.3   ,                5.6   ,                  8.1   ,              12.3   ,               2.5   ,                12.2   ,           12.9   ,             12.2   ,                         3.4   ,              16   ,        0.8750   ,               30.0   ,                  9882   ,
        Date        , GPU Clock [MHz] , Memory Clock [MHz] , GPU Temperature [°C] , Hot Spot [°C] , Memory Temperature [°C] , Fan 1 Speed (%) [%] , Fan 1 Speed (RPM) [RPM] , Fan 2 Speed (%) [%] , Fan 2 Speed (RPM) [RPM] , Memory Used [MB] , GPU Load [%] , Memory Controller Load [%] , Video Engine Load [%] , Bus Interface Load [%] , Board Power Draw [W] , GPU Chip Power Draw [W] , MVDDC Power Draw [W] , PWR_SRC Power Draw [W] , PWR_SRC Voltage [V] , PCIe Slot Power [W] , PCIe Slot Voltage [V] , 16-Pin Power [W] , 16-Pin Voltage [V] , Power Consumption (%) [% TDP] , PerfCap Reason [] , GPU Voltage [V] , CPU Temperature [°C] , System Memory Used [MB] ,
2026-02-14 01:37:12 ,         210.0   ,             50.6   ,               29.7   ,        38.7   ,                  32.0   ,                30   ,                  1999   ,                30   ,                     0   ,            953   ,          8   ,                        6   ,                   0   ,                    0   ,               29.0   ,                  15.3   ,               10.4   ,                 13.7   ,              12.2   ,               3.3   ,                12.2   ,           25.7   ,             12.2   ,                         6.4   ,              16   ,        0.8800   ,               27.0   ,                  9584   ,
2026-02-14 01:37:13 ,         210.0   ,             50.6   ,               29.7   ,        38.6   ,                  30.0   ,                30   ,                  2001   ,                30   ,                     0   ,            944   ,          2   ,                        2   ,                   0   ,                    0   ,               25.4   ,                  13.7   ,                8.5   ,                 11.7   ,              12.2   ,               3.2   ,                12.2   ,           22.2   ,             12.2   ,                         5.6   ,              16   ,        0.8800   ,               31.0   ,                  9604   ,
2026-02-14 01:37:14 ,         210.0   ,             50.6   ,               29.6   ,        38.7   ,                  30.0   ,                30   ,                  1999   ,                30   ,                     0   ,            948   ,          2   ,                        2   ,                   0   ,                    0   ,               25.5   ,                  13.7   ,                8.5   ,                 11.7   ,              12.2   ,               3.2   ,                12.2   ,           22.3   ,             12.2   ,                         5.7   ,              16   ,        0.8800   ,               28.0   ,                  9616   ,
2026-02-14 01:37:15 ,         210.0   ,             50.6   ,               29.7   ,        38.7   ,                  32.0   ,                30   ,                  1999   ,                30   ,                     0   ,            953   ,          5   ,                        3   ,                   0   ,                    0   ,               27.2   ,                  14.4   ,                9.6   ,                 12.8   ,              12.2   ,               3.2   ,                12.2   ,           23.9   ,             12.2   ,                         6.0   ,              16   ,        0.8800   ,               27.0   ,                  9614   ,
2026-02-14 01:37:16 ,         210.0   ,             50.6   ,               29.6   ,        38.6   ,                  30.0   ,                30   ,                  2001   ,                30   ,                     0   ,            944   ,          2   ,                        2   ,                   0   ,                    0   ,               23.8   ,                  12.9   ,                7.7   ,                 10.8   ,              12.2   ,               3.2   ,                12.2   ,           20.6   ,             12.2   ,                         5.3   ,              16   ,        0.8800   ,               28.0   ,                  9616   ,
2026-02-14 01:37:17 ,         210.0   ,             50.6   ,               29.6   ,        38.7   ,                  30.0   ,                30   ,                  2001   ,                30   ,                     0   ,            944   ,          4   ,                        6   ,                   0   ,                    0   ,               24.2   ,                  12.9   ,                8.1   ,                 11.3   ,              12.2   ,               3.2   ,                12.2   ,           21.0   ,             12.2   ,                         5.4   ,              16   ,        0.8800   ,               27.0   ,                  9610   ,
2026-02-14 01:37:18 ,         210.0   ,             50.6   ,               29.6   ,        38.5   ,                  30.0   ,                30   ,                  2003   ,                30   ,                     0   ,            954   ,          8   ,                        4   ,                   0   ,                    0   ,               27.1   ,                  14.3   ,                9.6   ,                 12.8   ,              12.2   ,               3.2   ,                12.2   ,           23.9   ,             12.2   ,                         6.0   ,              16   ,        0.8800   ,               32.0   ,                  9704   ,
2026-02-14 01:37:19 ,         210.0   ,             50.6   ,               29.6   ,        38.5   ,                  30.0   ,                30   ,                  1999   ,                30   ,                     0   ,            954   ,          3   ,                        8   ,                   0   ,                    0   ,               24.2   ,                  13.0   ,                8.0   ,                 11.2   ,              12.2   ,               3.2   ,                12.2   ,           21.0   ,             12.2   ,                         5.4   ,              16   ,        0.8800   ,               37.0   ,                 10444   ,
2026-02-14 01:37:20 ,         210.0   ,             50.6   ,               29.5   ,        38.6   ,                  30.0   ,                30   ,                  1998   ,                30   ,                     0   ,            954   ,          3   ,                        9   ,                   0   ,                    0   ,               24.2   ,                  12.9   ,                8.2   ,                 11.3   ,              12.2   ,               3.1   ,                12.2   ,           21.1   ,             12.2   ,                         5.4   ,              16   ,        0.8800   ,               36.0   ,                 11009   ,
2026-02-14 01:37:21 ,         210.0   ,             50.6   ,               29.5   ,        38.4   ,                  30.0   ,                30   ,                  1998   ,                30   ,                     0   ,            954   ,          3   ,                        4   ,                   0   ,                    0   ,               24.1   ,                  13.0   ,                7.9   ,                 11.1   ,              12.2   ,               3.2   ,                12.2   ,           21.0   ,             12.2   ,                         5.4   ,              16   ,        0.8800   ,               32.0   ,                 11366   ,
2026-02-14 01:37:22 ,         210.0   ,             50.6   ,               29.5   ,        38.5   ,                  30.0   ,                30   ,                  2000   ,                30   ,                     0   ,            954   ,          3   ,                        7   ,                   0   ,                    0   ,               28.4   ,                  15.2   ,               10.0   ,                 13.2   ,              12.2   ,               3.2   ,                12.2   ,           25.2   ,             12.2   ,                         6.3   ,              16   ,        0.8800   ,               31.0   ,                 11521   ,
2026-02-14 01:37:23 ,         210.0   ,             50.6   ,               29.5   ,        38.5   ,                  30.0   ,                30   ,                  2001   ,                30   ,                     0   ,            954   ,          3   ,                        9   ,                   0   ,                    0   ,               27.3   ,                  14.6   ,                9.5   ,                 12.7   ,              12.2   ,               3.2   ,                12.2   ,           24.1   ,             12.2   ,                         6.1   ,              16   ,        0.8800   ,               29.0   ,                 11120   ,
2026-02-14 01:37:24 ,         210.0   ,             50.6   ,               29.4   ,        38.4   ,                  30.0   ,                30   ,                  2000   ,                30   ,                     0   ,            954   ,          3   ,                        8   ,                   0   ,                    0   ,               26.3   ,                  14.0   ,                9.0   ,                 12.3   ,              12.2   ,               3.3   ,                12.2   ,           23.0   ,             12.2   ,                         5.8   ,              16   ,        0.8800   ,               28.0   ,                 11124   ,
2026-02-14 01:37:25 ,         210.0   ,             50.6   ,               29.4   ,        38.4   ,                  30.0   ,                30   ,                  2002   ,                30   ,                     0   ,            954   ,          3   ,                       14   ,                   0   ,                    0   ,               26.3   ,                  14.1   ,                9.0   ,                 12.2   ,              12.2   ,               3.3   ,                12.2   ,           23.1   ,             12.2   ,                         5.8   ,              16   ,        0.8800   ,               28.0   ,                 10719   ,
2026-02-14 01:37:26 ,         210.0   ,             50.6   ,               29.4   ,        38.4   ,                  30.0   ,                30   ,                  1998   ,                30   ,                     0   ,            954   ,          3   ,                        6   ,                   0   ,                    0   ,               27.6   ,                  14.7   ,                9.7   ,                 13.0   ,              12.2   ,               3.3   ,                12.2   ,           24.4   ,             12.2   ,                         6.1   ,              16   ,        0.8800   ,               38.0   ,                 10178   ,
2026-02-14 01:37:27 ,         210.0   ,             50.6   ,               29.4   ,        38.4   ,                  30.0   ,                30   ,                  2001   ,                30   ,                     0   ,            954   ,          3   ,                       15   ,                   0   ,                    0   ,               27.2   ,                  14.4   ,                9.6   ,                 12.8   ,              12.2   ,               3.3   ,                12.2   ,           23.9   ,             12.2   ,                         6.0   ,              16   ,        0.8800   ,               36.0   ,                 10907   ,
2026-02-14 01:37:28 ,         210.0   ,             50.6   ,               29.4   ,        38.4   ,                  30.0   ,                30   ,                  2001   ,                30   ,                     0   ,            954   ,          3   ,                       12   ,                   0   ,                    0   ,               27.4   ,                  14.4   ,                9.7   ,                 13.0   ,              12.2   ,               3.3   ,                12.2   ,           24.1   ,             12.2   ,                         6.1   ,              16   ,        0.8800   ,               39.0   ,                 11368   ,
2026-02-14 01:37:29 ,         210.0   ,             50.6   ,               29.4   ,        38.4   ,                  30.0   ,                30   ,                  1999   ,                30   ,                     0   ,            954   ,          3   ,                        5   ,                   0   ,                    0   ,               27.4   ,                  14.5   ,                9.5   ,                 12.9   ,              12.2   ,               3.3   ,                12.2   ,           24.1   ,             12.2   ,                         6.1   ,              16   ,        0.8800   ,               34.0   ,                 11531   ,
2026-02-14 01:37:30 ,         210.0   ,             50.6   ,               29.4   ,        38.3   ,                  30.0   ,                30   ,                  1998   ,                30   ,                     0   ,            954   ,          3   ,                        5   ,                   0   ,                    0   ,               27.5   ,                  14.5   ,                9.7   ,                 12.9   ,              12.2   ,               3.3   ,                12.2   ,           24.2   ,             12.2   ,                         6.1   ,              16   ,        0.8800   ,               33.0   ,                 11577   ,
2026-02-14 01:37:31 ,         210.0   ,             50.6   ,               29.4   ,        38.4   ,                  30.0   ,                30   ,                  2000   ,                30   ,                     0   ,            954   ,          3   ,                       21   ,                   0   ,                    0   ,               27.1   ,                  14.3   ,                9.5   ,                 12.8   ,              12.2   ,               3.3   ,                12.2   ,           23.8   ,             12.2   ,                         6.0   ,              16   ,        0.8800   ,               33.0   ,                 11577   ,
2026-02-14 01:37:32 ,         210.0   ,             50.6   ,               29.3   ,        38.4   ,                  30.0   ,                30   ,                  2001   ,                30   ,                     0   ,            954   ,          3   ,                        5   ,                   0   ,                    0   ,               26.9   ,                  14.1   ,                9.6   ,                 12.8   ,              12.2   ,               3.3   ,                12.2   ,           23.7   ,             12.2   ,                         6.0   ,              16   ,        0.8800   ,               33.0   ,                 11577   ,
2026-02-14 01:37:33 ,         210.0   ,             50.6   ,               29.3   ,        38.3   ,                  30.0   ,                30   ,                  2003   ,                30   ,                     0   ,            954   ,          3   ,                        7   ,                   0   ,                    0   ,               26.6   ,                  14.0   ,                9.4   ,                 12.7   ,              12.2   ,               3.3   ,                12.2   ,           23.4   ,             12.2   ,                         5.9   ,              16   ,        0.8800   ,               34.0   ,                 11577   ,
2026-02-14 01:37:34 ,         210.0   ,             50.6   ,               29.3   ,        38.4   ,                  32.0   ,                30   ,                  2003   ,                30   ,                     0   ,            954   ,          3   ,                        9   ,                   0   ,                    0   ,               26.7   ,                  13.1   ,                8.2   ,                 11.5   ,              12.2   ,               3.2   ,                12.2   ,           21.4   ,             12.2   ,                         5.5   ,              16   ,        0.8800   ,               32.0   ,                 11576   ,
2026-02-14 01:37:35 ,         210.0   ,             50.6   ,               29.3   ,        38.3   ,                  30.0   ,                30   ,                  2002   ,                30   ,                     0   ,            954   ,          3   ,                        9   ,                   0   ,                    0   ,               26.7   ,                  13.0   ,                8.2   ,                 11.3   ,              12.2   ,               3.1   ,                12.2   ,           21.2   ,             12.2   ,                         5.4   ,              16   ,        0.8800   ,               31.0   ,                 11576   ,
2026-02-14 01:37:36 ,         210.0   ,             50.6   ,               29.3   ,        38.3   ,                  30.0   ,                30   ,                  2002   ,                30   ,                     0   ,            954   ,          3   ,                       12   ,                   0   ,                    0   ,               27.6   ,                  14.6   ,                9.8   ,                 13.1   ,              12.2   ,               3.2   ,                12.2   ,           24.4   ,             12.2   ,                         6.1   ,              16   ,        0.8800   ,               31.0   ,                 11572   ,
2026-02-14 01:37:37 ,         210.0   ,             50.6   ,               29.3   ,        38.3   ,                  30.0   ,                30   ,                  2001   ,                30   ,                     0   ,            954   ,          3   ,                       22   ,                   0   ,                    0   ,               26.9   ,                  14.2   ,                9.4   ,                 12.7   ,              12.2   ,               3.3   ,                12.2   ,           23.6   ,             12.2   ,                         6.0   ,              16   ,        0.8800   ,               31.0   ,                 11571   ,
2026-02-14 01:37:38 ,         210.0   ,             50.6   ,               29.3   ,        38.3   ,                  30.0   ,                30   ,                  2002   ,                30   ,                     0   ,            954   ,          3   ,                        7   ,                   0   ,                    0   ,               26.4   ,                  14.0   ,                9.2   ,                 12.4   ,              12.2   ,               3.2   ,                12.2   ,           23.2   ,             12.2   ,                         5.9   ,              16   ,        0.8800   ,               30.0   ,                 11571   ,
2026-02-14 01:37:39 ,         210.0   ,             50.6   ,               29.3   ,        38.4   ,                  32.0   ,                30   ,                  2002   ,                30   ,                     0   ,            954   ,          3   ,                       13   ,                   0   ,                    0   ,               26.5   ,                  14.0   ,                9.3   ,                 12.5   ,              12.2   ,               3.2   ,                12.2   ,           23.2   ,             12.2   ,                         5.9   ,              16   ,        0.8800   ,               31.0   ,                 11570   ,
2026-02-14 01:37:40 ,         210.0   ,             50.6   ,               29.3   ,        38.3   ,                  30.0   ,                30   ,                  2003   ,                30   ,                     0   ,            954   ,          3   ,                       13   ,                   0   ,                    0   ,               26.3   ,                  13.9   ,                9.1   ,                 12.4   ,              12.2   ,               3.2   ,                12.2   ,           23.0   ,             12.2   ,                         5.8   ,              16   ,        0.8800   ,               31.0   ,                 11571   ,
2026-02-14 01:37:41 ,         210.0   ,             50.6   ,               29.3   ,        38.3   ,                  30.0   ,                30   ,                  2002   ,                30   ,                     0   ,            954   ,          3   ,                        4   ,                   0   ,                    0   ,               25.3   ,                  13.4   ,                8.7   ,                 11.9   ,              12.2   ,               3.2   ,                12.2   ,           22.1   ,             12.2   ,                         5.6   ,              16   ,        0.8800   ,               31.0   ,                 11570   ,
2026-02-14 01:37:42 ,         210.0   ,             50.6   ,               29.3   ,        38.3   ,                  30.0   ,                30   ,                  2001   ,                30   ,                     0   ,            954   ,          3   ,                        9   ,                   0   ,                    0   ,               26.3   ,                  13.9   ,                9.2   ,                 12.4   ,              12.2   ,               3.2   ,                12.2   ,           23.0   ,             12.2   ,                         5.8   ,              16   ,        0.8800   ,               31.0   ,                 11570   ,
2026-02-14 01:37:43 ,         210.0   ,             50.6   ,               29.3   ,        38.2   ,                  30.0   ,                30   ,                  2002   ,                30   ,                     0   ,            954   ,          3   ,                        7   ,                   0   ,                    0   ,               26.6   ,                  14.2   ,                9.2   ,                 12.4   ,              12.2   ,               3.2   ,                12.2   ,           23.4   ,             12.2   ,                         5.8   ,              16   ,        0.8800   ,               31.0   ,                 11570   ,
2026-02-14 01:37:44 ,         210.0   ,             50.6   ,               29.3   ,        38.3   ,                  30.0   ,                30   ,                  2003   ,                30   ,                     0   ,            954   ,          3   ,                        4   ,                   0   ,                    0   ,               24.8   ,                  13.3   ,                8.3   ,                 11.5   ,              12.2   ,               3.2   ,                12.2   ,           21.6   ,             12.2   ,                         5.5   ,              16   ,        0.8800   ,               31.0   ,                 11569   ,
2026-02-14 01:37:45 ,         210.0   ,             50.6   ,               29.3   ,        38.3   ,                  30.0   ,                30   ,                  2004   ,                30   ,                     0   ,            954   ,          3   ,                       11   ,                   0   ,                    0   ,               24.6   ,                  13.1   ,                8.3   ,                 11.5   ,              12.2   ,               3.2   ,                12.2   ,           21.4   ,             12.2   ,                         5.5   ,              16   ,        0.8800   ,               31.0   ,                 11570   ,
2026-02-14 01:37:46 ,         210.0   ,             50.6   ,               29.3   ,        38.3   ,                  30.0   ,                30   ,                  2001   ,                30   ,                     0   ,            954   ,          3   ,                        9   ,                   0   ,                    0   ,               24.0   ,                  12.7   ,                8.1   ,                 11.3   ,              12.2   ,               3.3   ,                12.2   ,           20.8   ,             12.2   ,                         5.3   ,              16   ,        0.8800   ,               31.0   ,                 11569   ,
2026-02-14 01:37:47 ,         210.0   ,             50.6   ,               29.3   ,        38.2   ,                  30.0   ,                30   ,                  2000   ,                30   ,                     0   ,            954   ,          3   ,                        4   ,                   0   ,                    0   ,               25.4   ,                  13.5   ,                8.7   ,                 11.9   ,              12.2   ,               3.2   ,                12.2   ,           22.2   ,             12.2   ,                         5.6   ,              16   ,        0.8800   ,               31.0   ,                 11568   ,
2026-02-14 01:37:48 ,         210.0   ,             50.6   ,               29.2   ,        38.3   ,                  30.0   ,                30   ,                  1999   ,                30   ,                     0   ,            954   ,          3   ,                        7   ,                   0   ,                    0   ,               25.4   ,                  13.5   ,                8.7   ,                 11.9   ,              12.2   ,               3.3   ,                12.2   ,           22.2   ,             12.2   ,                         5.7   ,              16   ,        0.8800   ,               30.0   ,                 11568   ,
2026-02-14 01:37:49 ,         210.0   ,             50.6   ,               29.2   ,        38.3   ,                  30.0   ,                30   ,                  2003   ,                30   ,                     0   ,            954   ,          3   ,                        7   ,                   0   ,                    0   ,               25.3   ,                  13.5   ,                8.6   ,                 11.9   ,              12.2   ,               3.2   ,                12.2   ,           22.1   ,             12.2   ,                         5.6   ,              16   ,        0.8800   ,               31.0   ,                 11567   ,
2026-02-14 01:37:50 ,         210.0   ,             50.6   ,               29.2   ,        38.2   ,                  30.0   ,                30   ,                  2000   ,                30   ,                     0   ,            954   ,          3   ,                        7   ,                   0   ,                    0   ,               25.6   ,                  13.5   ,                8.8   ,                 12.1   ,              12.2   ,               3.2   ,                12.2   ,           22.4   ,             12.2   ,                         5.7   ,              16   ,        0.8800   ,               32.0   ,                 11566   ,
2026-02-14 01:37:51 ,         210.0   ,             50.6   ,               29.2   ,        38.3   ,                  30.0   ,                30   ,                  1998   ,                30   ,                     0   ,            954   ,          3   ,                        4   ,                   0   ,                    0   ,               25.4   ,                  13.5   ,                8.7   ,                 11.9   ,              12.2   ,               3.2   ,                12.2   ,           22.2   ,             12.2   ,                         5.7   ,              16   ,        0.8800   ,               30.0   ,                 11566   ,
2026-02-14 01:37:52 ,         210.0   ,             50.6   ,               29.2   ,        38.2   ,                  30.0   ,                30   ,                  1999   ,                30   ,                     0   ,            954   ,          3   ,                       20   ,                   0   ,                    0   ,               25.6   ,                  13.5   ,                8.8   ,                 12.0   ,              12.2   ,               3.2   ,                12.2   ,           22.4   ,             12.2   ,                         5.7   ,              16   ,        0.8800   ,               31.0   ,                 11565   ,
2026-02-14 01:37:53 ,         210.0   ,             50.6   ,               29.2   ,        38.3   ,                  30.0   ,                30   ,                  2000   ,                30   ,                     0   ,            954   ,          3   ,                       10   ,                   0   ,                    0   ,               25.6   ,                  13.6   ,                8.8   ,                 12.0   ,              12.2   ,               3.2   ,                12.2   ,           22.4   ,             12.2   ,                         5.7   ,              16   ,        0.8800   ,               31.0   ,                 11565   ,
2026-02-14 01:37:54 ,         210.0   ,             50.6   ,               29.2   ,        38.3   ,                  30.0   ,                30   ,                  2001   ,                30   ,                     0   ,            954   ,          3   ,                        6   ,                   0   ,                    0   ,               25.5   ,                  13.6   ,                8.7   ,                 11.9   ,              12.2   ,               3.2   ,                12.2   ,           22.3   ,             12.2   ,                         5.7   ,              16   ,        0.8800   ,               31.0   ,                 11564   ,
2026-02-14 01:37:55 ,         210.0   ,             50.6   ,               29.2   ,        38.3   ,                  28.0   ,                30   ,                  2000   ,                30   ,                     0   ,            954   ,          3   ,                        6   ,                   0   ,                    0   ,               24.6   ,                  14.0   ,                9.1   ,                 12.3   ,              12.2   ,               3.2   ,                12.2   ,           23.1   ,             12.2   ,                         5.8   ,              16   ,        0.8800   ,               31.0   ,                 11564   ,
2026-02-14 01:37:56 ,         210.0   ,             50.6   ,               29.3   ,        38.2   ,                  30.0   ,                30   ,                  2001   ,                30   ,                     0   ,            954   ,          3   ,                       12   ,                   0   ,                    0   ,               25.3   ,                  13.6   ,                8.5   ,                 11.7   ,              12.2   ,               3.2   ,                12.2   ,           22.1   ,             12.2   ,                         5.6   ,              16   ,        0.8800   ,               31.0   ,                 11564   ,
2026-02-14 01:37:57 ,         210.0   ,             50.6   ,               29.3   ,        38.2   ,                  30.0   ,                30   ,                  1998   ,                30   ,                     0   ,            954   ,          3   ,                       11   ,                   0   ,                    0   ,               25.1   ,                  13.3   ,                8.5   ,                 11.7   ,              12.2   ,               3.2   ,                12.2   ,           21.9   ,             12.2   ,                         5.6   ,              16   ,        0.8800   ,               31.0   ,                 11564   ,
2026-02-14 01:37:58 ,         210.0   ,             50.6   ,               29.2   ,        38.2   ,                  30.0   ,                30   ,                  2002   ,                30   ,                     0   ,            954   ,          3   ,                       17   ,                   0   ,                    0   ,               24.3   ,                  12.9   ,                8.2   ,                 11.4   ,              12.2   ,               3.2   ,                12.2   ,           21.1   ,             12.2   ,                         5.4   ,              16   ,        0.8800   ,               31.0   ,                 11564   ,
2026-02-14 01:37:59 ,         210.0   ,             50.6   ,               29.3   ,        38.3   ,                  30.0   ,                30   ,                  2000   ,                30   ,                     0   ,            954   ,          3   ,                       19   ,                   0   ,                    0   ,               24.3   ,                  13.1   ,                8.1   ,                 11.2   ,              12.2   ,               3.1   ,                12.2   ,           21.1   ,             12.2   ,                         5.4   ,              16   ,        0.8800   ,               31.0   ,                 11563   ,
2026-02-14 01:38:00 ,         210.0   ,             50.6   ,               29.3   ,        38.3   ,                  30.0   ,                30   ,                  2001   ,                30   ,                     0   ,            954   ,          3   ,                        9   ,                   0   ,                    0   ,               24.3   ,                  12.9   ,                8.2   ,                 11.5   ,              12.2   ,               3.2   ,                12.2   ,           21.1   ,             12.2   ,                         5.4   ,              16   ,        0.8800   ,               31.0   ,                 11563   ,
2026-02-14 01:38:01 ,         210.0   ,             50.6   ,               29.3   ,        38.2   ,                  30.0   ,                30   ,                  2001   ,                30   ,                     0   ,            954   ,          3   ,                       12   ,                   0   ,                    0   ,               24.4   ,                  13.0   ,                8.3   ,                 11.4   ,              12.2   ,               3.2   ,                12.2   ,           21.3   ,             12.2   ,                         5.4   ,              16   ,        0.8800   ,               30.0   ,                 11563   ,
2026-02-14 01:38:02 ,         210.0   ,             50.6   ,               29.3   ,        38.3   ,                  30.0   ,                30   ,                  1998   ,                30   ,                     0   ,            954   ,          3   ,                        8   ,                   0   ,                    0   ,               24.3   ,                  13.0   ,                8.1   ,                 11.3   ,              12.2   ,               3.2   ,                12.2   ,           21.1   ,             12.2   ,                         5.4   ,              16   ,        0.8800   ,               31.0   ,                 11563   ,
2026-02-14 01:38:03 ,         210.0   ,             50.6   ,               29.3   ,        38.3   ,                  30.0   ,                30   ,                  1999   ,                30   ,                     0   ,            954   ,          3   ,                        8   ,                   0   ,                    0   ,               24.6   ,                  13.0   ,                8.3   ,                 11.5   ,              12.2   ,               3.2   ,                12.2   ,           21.3   ,             12.2   ,                         5.5   ,              16   ,        0.8800   ,               28.0   ,                 11169   ,
2026-02-14 01:38:04 ,         210.0   ,             50.6   ,               29.3   ,        38.3   ,                  30.0   ,                30   ,                  1998   ,                30   ,                     0   ,            954   ,          3   ,                       11   ,                   0   ,                    0   ,               24.5   ,                  13.1   ,                8.2   ,                 11.4   ,              12.2   ,               3.2   ,                12.2   ,           21.3   ,             12.2   ,                         5.4   ,              16   ,        0.8800   ,               28.0   ,                 10735   ,
2026-02-14 01:38:05 ,         210.0   ,             50.6   ,               29.3   ,        38.3   ,                  30.0   ,                30   ,                  2004   ,                30   ,                     0   ,            954   ,          3   ,                       12   ,                   0   ,                    0   ,               27.5   ,                  14.7   ,                9.6   ,                 12.7   ,              12.2   ,               3.2   ,                12.2   ,           24.3   ,             12.2   ,                         6.1   ,              16   ,        0.8800   ,               29.0   ,                 10050   ,
2026-02-14 01:38:06 ,         210.0   ,             50.6   ,               29.3   ,        38.3   ,                  30.0   ,                30   ,                  1999   ,                30   ,                     0   ,            954   ,          4   ,                       10   ,                   0   ,                    0   ,               27.6   ,                  14.6   ,                9.8   ,                 13.0   ,              12.2   ,               3.1   ,                12.2   ,           24.4   ,             12.2   ,                         6.1   ,              16   ,        0.8800   ,               42.0   ,                 10594   ,
2026-02-14 01:38:07 ,         210.0   ,             50.6   ,               29.3   ,        38.3   ,                  30.0   ,                30   ,                  1998   ,                30   ,                     0   ,            954   ,          3   ,                        6   ,                   0   ,                    0   ,               26.9   ,                  14.1   ,                9.5   ,                 12.8   ,              12.2   ,               3.3   ,                12.2   ,           23.7   ,             12.2   ,                         6.0   ,              16   ,        0.8800   ,               38.0   ,                 11643   ,
2026-02-14 01:38:08 ,         210.0   ,             50.6   ,               29.3   ,        38.2   ,                  30.0   ,                30   ,                  1998   ,                30   ,                     0   ,            954   ,          4   ,                        4   ,                   0   ,                    0   ,               27.5   ,                  14.5   ,                9.8   ,                 13.0   ,              12.2   ,               3.2   ,                12.1   ,           24.3   ,             12.2   ,                         6.1   ,              16   ,        0.8800   ,               42.0   ,                 13061   ,
2026-02-14 01:38:09 ,         210.0   ,             50.6   ,               29.3   ,        38.3   ,                  30.0   ,                30   ,                  2001   ,                30   ,                     0   ,            954   ,          3   ,                        5   ,                   0   ,                    0   ,               27.2   ,                  14.5   ,                9.6   ,                 12.7   ,              12.2   ,               3.2   ,                12.2   ,           24.0   ,             12.2   ,                         6.1   ,              16   ,        0.8800   ,               36.0   ,                 14705   ,
2026-02-14 01:38:10 ,         210.0   ,             50.6   ,               29.3   ,        38.3   ,                  30.0   ,                30   ,                  2002   ,                30   ,                     0   ,            954   ,          3   ,                        8   ,                   0   ,                    0   ,               27.2   ,                  14.4   ,                9.6   ,                 12.8   ,              12.2   ,               3.3   ,                12.2   ,           24.0   ,             12.2   ,                         6.0   ,              16   ,        0.8800   ,               37.0   ,                 14732   ,
2026-02-14 01:38:11 ,         210.0   ,             50.6   ,               29.3   ,        38.3   ,                  30.0   ,                30   ,                  2001   ,                30   ,                     0   ,            954   ,          3   ,                        5   ,                   0   ,                    0   ,               27.1   ,                  14.4   ,                9.5   ,                 12.7   ,              12.2   ,               3.3   ,                12.2   ,           23.9   ,             12.2   ,                         6.0   ,              16   ,        0.8800   ,               37.0   ,                 14822   ,
2026-02-14 01:38:12 ,         210.0   ,             50.6   ,               29.3   ,        38.3   ,                  30.0   ,                30   ,                  1999   ,                30   ,                     0   ,            954   ,          2   ,                       14   ,                   0   ,                    0   ,               27.1   ,                  14.2   ,                9.6   ,                 12.9   ,              12.2   ,               3.3   ,                12.2   ,           23.8   ,             12.2   ,                         6.0   ,              16   ,        0.8800   ,               35.0   ,                 15103   ,
2026-02-14 01:38:13 ,         210.0   ,             50.6   ,               29.3   ,        38.3   ,                  30.0   ,                30   ,                  2001   ,                30   ,                     0   ,            954   ,          3   ,                        7   ,                   0   ,                    0   ,               25.9   ,                  14.0   ,                8.8   ,                 12.0   ,              12.2   ,               3.2   ,                12.2   ,           22.8   ,             12.2   ,                         5.8   ,              16   ,        0.8800   ,               35.0   ,                 15077   ,
2026-02-14 01:38:15 ,         210.0   ,             50.6   ,               29.3   ,        38.1   ,                  30.0   ,                30   ,                  1999   ,                30   ,                     0   ,            954   ,          3   ,                        7   ,                   0   ,                    0   ,               25.6   ,                  13.6   ,                8.8   ,                 12.0   ,              12.2   ,               3.2   ,                12.2   ,           22.5   ,             12.2   ,                         5.7   ,              16   ,        0.8800   ,               33.0   ,                 15899   ,
2026-02-14 01:38:16 ,         210.0   ,             50.6   ,               29.3   ,        38.1   ,                  30.0   ,                30   ,                  2001   ,                30   ,                     0   ,            954   ,          3   ,                        3   ,                   0   ,                    0   ,               26.6   ,                  14.3   ,                9.1   ,                 12.2   ,              12.2   ,               3.2   ,                12.2   ,           23.4   ,             12.2   ,                         5.9   ,              16   ,        0.8800   ,               29.0   ,                 13383   ,
2026-02-14 01:38:17 ,         210.0   ,             50.6   ,               29.3   ,        38.3   ,                  30.0   ,                30   ,                  2002   ,                30   ,                     0   ,            954   ,          3   ,                        4   ,                   0   ,                    0   ,               25.5   ,                  13.5   ,                8.8   ,                 12.0   ,              12.2   ,               3.2   ,                12.2   ,           22.4   ,             12.2   ,                         5.7   ,              16   ,        0.8800   ,               28.0   ,                 11313   ,
2026-02-14 01:38:18 ,         210.0   ,             50.6   ,               29.3   ,        38.4   ,                  30.0   ,                30   ,                  1999   ,                30   ,                     0   ,            954   ,          3   ,                        9   ,                   0   ,                    0   ,               24.3   ,                  13.0   ,                8.1   ,                 11.2   ,              12.2   ,               3.2   ,                12.2   ,           21.1   ,             12.2   ,                         5.4   ,              16   ,        0.8800   ,               35.0   ,                 10327   ,
2026-02-14 01:38:19 ,         210.0   ,             50.6   ,               29.3   ,        38.3   ,                  30.0   ,                30   ,                  1996   ,                30   ,                     0   ,            954   ,          3   ,                       17   ,                   0   ,                    0   ,               27.8   ,                  14.7   ,                9.9   ,                 13.1   ,              12.2   ,               3.2   ,                12.2   ,           24.6   ,             12.2   ,                         6.2   ,              16   ,        0.8800   ,               38.0   ,                 11484   ,
2026-02-14 01:38:20 ,         210.0   ,             50.6   ,               29.4   ,        38.3   ,                  30.0   ,                30   ,                  1999   ,                30   ,                     0   ,            954   ,          1   ,                       15   ,                   0   ,                    0   ,               28.4   ,                  15.1   ,               10.2   ,                 13.4   ,              12.2   ,               3.2   ,                12.2   ,           25.2   ,             12.2   ,                         6.3   ,              16   ,        0.8800   ,               39.0   ,                 12608   ,
2026-02-14 01:38:21 ,         210.0   ,             50.6   ,               29.4   ,        38.3   ,                  30.0   ,                30   ,                  2000   ,                30   ,                     0   ,            954   ,          3   ,                       15   ,                   0   ,                    0   ,               27.5   ,                  14.7   ,                9.7   ,                 12.9   ,              12.2   ,               3.1   ,                12.2   ,           24.4   ,             12.2   ,                         6.1   ,              16   ,        0.8800   ,               34.0   ,                 14589   ,
2026-02-14 01:38:22 ,         210.0   ,             50.6   ,               29.3   ,        38.3   ,                  30.0   ,                30   ,                  2003   ,                30   ,                     0   ,            954   ,          3   ,                        8   ,                   0   ,                    0   ,               27.5   ,                  14.6   ,                9.6   ,                 12.9   ,              12.2   ,               3.3   ,                12.2   ,           24.1   ,             12.2   ,                         6.1   ,              16   ,        0.8800   ,               34.0   ,                 14811   ,
2026-02-14 01:38:23 ,         210.0   ,             50.6   ,               29.3   ,        38.3   ,                  30.0   ,                30   ,                  2002   ,                30   ,                     0   ,            954   ,          3   ,                        8   ,                   0   ,                    0   ,               26.9   ,                  14.3   ,                9.3   ,                 12.6   ,              12.2   ,               3.3   ,                12.2   ,           23.6   ,             12.2   ,                         6.0   ,              16   ,        0.8800   ,               37.0   ,                 14808   ,
2026-02-14 01:38:24 ,         210.0   ,             50.6   ,               29.3   ,        38.3   ,                  30.0   ,                30   ,                  1999   ,                30   ,                     0   ,            954   ,          3   ,                        6   ,                   0   ,                    0   ,               26.6   ,                  14.1   ,                9.2   ,                 12.5   ,              12.2   ,               3.3   ,                12.2   ,           23.2   ,             12.2   ,                         5.9   ,              16   ,        0.8800   ,               38.0   ,                 15059   ,
2026-02-14 01:38:25 ,         210.0   ,             50.6   ,               29.3   ,        38.3   ,                  30.0   ,                30   ,                  1999   ,                30   ,                     0   ,            954   ,          3   ,                        4   ,                   0   ,                    0   ,               26.2   ,                  13.9   ,                9.0   ,                 12.2   ,              12.2   ,               3.3   ,                12.2   ,           22.9   ,             12.2   ,                         5.8   ,              16   ,        0.8800   ,               38.0   ,                 15083   ,
2026-02-14 01:38:26 ,         210.0   ,             50.6   ,               29.3   ,        38.3   ,                  30.0   ,                30   ,                  1998   ,                30   ,                     0   ,            954   ,          3   ,                        7   ,                   0   ,                    0   ,               26.5   ,                  14.0   ,                9.2   ,                 12.5   ,              12.2   ,               3.3   ,                12.2   ,           23.2   ,             12.2   ,                         5.9   ,              16   ,        0.8800   ,               34.0   ,                 15637   ,
2026-02-14 01:38:27 ,         210.0   ,             50.6   ,               29.4   ,        38.3   ,                  30.0   ,                30   ,                  2002   ,                30   ,                     0   ,            954   ,          3   ,                        8   ,                   0   ,                    0   ,               26.9   ,                  14.3   ,                9.3   ,                 12.5   ,              12.2   ,               3.3   ,                12.2   ,           23.6   ,             12.2   ,                         6.0   ,              16   ,        0.8800   ,               33.0   ,                 15941   ,
2026-02-14 01:38:28 ,         210.0   ,             50.6   ,               29.4   ,        38.4   ,                  30.0   ,                30   ,                  2001   ,                30   ,                     0   ,            954   ,          3   ,                       12   ,                   0   ,                    0   ,               26.7   ,                  14.2   ,                9.3   ,                 12.6   ,              12.2   ,               3.3   ,                12.2   ,           23.5   ,             12.2   ,                         5.8   ,              16   ,        0.8800   ,               34.0   ,                 15947   ,
2026-02-14 01:38:29 ,         210.0   ,             50.6   ,               29.4   ,        38.4   ,                  30.0   ,                30   ,                  2000   ,                30   ,                     0   ,            954   ,          3   ,                        9   ,                   0   ,                    0   ,               26.5   ,                  14.1   ,                9.1   ,                 12.3   ,              12.2   ,               3.3   ,                12.2   ,           23.2   ,             12.2   ,                         5.8   ,              16   ,        0.8800   ,               34.0   ,                 15947   ,
2026-02-14 01:38:30 ,         210.0   ,             50.6   ,               29.4   ,        38.3   ,                  30.0   ,                30   ,                  1998   ,                30   ,                     0   ,            954   ,          3   ,                       11   ,                   0   ,                    0   ,               26.5   ,                  14.1   ,                9.2   ,                 12.5   ,              12.2   ,               3.3   ,                12.2   ,           23.3   ,             12.2   ,                         5.9   ,              16   ,        0.8800   ,               34.0   ,                 15947   ,
2026-02-14 01:38:31 ,         210.0   ,             50.6   ,               29.4   ,        38.4   ,                  30.0   ,                30   ,                  2001   ,                30   ,                     0   ,            954   ,          3   ,                        4   ,                   0   ,                    0   ,               26.3   ,                  14.0   ,                9.1   ,                 12.3   ,              12.2   ,               3.3   ,                12.2   ,           23.0   ,             12.2   ,                         5.8   ,              16   ,        0.8800   ,               34.0   ,                 15947   ,
2026-02-14 01:38:32 ,         210.0   ,             50.6   ,               29.4   ,        38.4   ,                  30.0   ,                30   ,                  2002   ,                30   ,                     0   ,            954   ,          3   ,                        4   ,                   0   ,                    0   ,               26.2   ,                  13.8   ,                9.1   ,                 12.4   ,              12.2   ,               3.3   ,                12.2   ,           22.9   ,             12.2   ,                         5.8   ,              16   ,        0.8800   ,               34.0   ,                 15946   ,
2026-02-14 01:38:33 ,         210.0   ,             50.6   ,               29.4   ,        38.4   ,                  30.0   ,                30   ,                  2002   ,                30   ,                     0   ,            954   ,          3   ,                        7   ,                   0   ,                    0   ,               26.2   ,                  13.9   ,                9.0   ,                 12.3   ,              12.2   ,               3.3   ,                12.2   ,           22.3   ,             12.2   ,                         5.7   ,              16   ,        0.8800   ,               34.0   ,                 15947   ,
2026-02-14 01:38:34 ,         210.0   ,             50.6   ,               29.4   ,        38.3   ,                  30.0   ,                30   ,                  2000   ,                30   ,                     0   ,            954   ,          3   ,                        4   ,                   0   ,                    0   ,               25.7   ,                  13.6   ,                8.9   ,                 12.1   ,              12.2   ,               3.2   ,                12.2   ,           22.5   ,             12.2   ,                         5.7   ,              16   ,        0.8800   ,               34.0   ,                 15946   ,
2026-02-14 01:38:35 ,         210.0   ,             50.6   ,               29.4   ,        38.4   ,                  28.0   ,                30   ,                  1999   ,                30   ,                     0   ,            954   ,          3   ,                        9   ,                   0   ,                    0   ,               25.7   ,                  13.8   ,                8.8   ,                 11.9   ,              12.2   ,               3.1   ,                12.2   ,           22.6   ,             12.2   ,                         5.7   ,              16   ,        0.8800   ,               34.0   ,                 15944   ,
2026-02-14 01:38:36 ,         210.0   ,             50.6   ,               29.4   ,        38.4   ,                  30.0   ,                30   ,                  2000   ,                30   ,                     0   ,            954   ,          3   ,                        5   ,                   0   ,                    0   ,               25.4   ,                  13.5   ,                8.7   ,                 11.9   ,              12.2   ,               3.2   ,                12.2   ,           22.3   ,             12.2   ,                         5.7   ,              16   ,        0.8800   ,               34.0   ,                 15938   ,
2026-02-14 01:38:37 ,         210.0   ,             50.6   ,               29.4   ,        38.4   ,                  30.0   ,                30   ,                  2000   ,                30   ,                     0   ,            954   ,          3   ,                        7   ,                   0   ,                    0   ,               25.1   ,                  13.5   ,                8.5   ,                 11.9   ,              12.2   ,               3.1   ,                12.2   ,           22.5   ,             12.2   ,                         5.7   ,              16   ,        0.8800   ,               34.0   ,                 15939   ,
2026-02-14 01:38:38 ,         210.0   ,             50.6   ,               29.4   ,        38.4   ,                  30.0   ,                30   ,                  2002   ,                30   ,                     0   ,            954   ,          3   ,                        7   ,                   0   ,                    0   ,               25.2   ,                  13.5   ,                8.6   ,                 11.7   ,              12.2   ,               3.2   ,                12.2   ,           23.6   ,             12.2   ,                         5.9   ,              16   ,        0.8800   ,               34.0   ,                 15937   ,
2026-02-14 01:38:39 ,         210.0   ,             50.6   ,               29.4   ,        38.4   ,                  30.0   ,                30   ,                  2001   ,                30   ,                     0   ,            954   ,          3   ,                       17   ,                   0   ,                    0   ,               24.9   ,                  13.2   ,                8.5   ,                 11.8   ,              12.2   ,               3.1   ,                12.2   ,           22.1   ,             12.2   ,                         5.6   ,              16   ,        0.8800   ,               34.0   ,                 15939   ,
2026-02-14 01:38:40 ,         210.0   ,             50.6   ,               29.4   ,        38.5   ,                  30.0   ,                30   ,                  1999   ,                30   ,                     0   ,            954   ,          3   ,                       23   ,                   0   ,                    0   ,               24.9   ,                  13.2   ,                8.5   ,                 11.7   ,              12.2   ,               3.2   ,                12.2   ,           22.8   ,             12.2   ,                         5.8   ,              16   ,        0.8800   ,               34.0   ,                 15939   ,
2026-02-14 01:38:41 ,         210.0   ,             50.6   ,               29.4   ,        38.4   ,                  30.0   ,                30   ,                  1998   ,                30   ,                     0   ,            954   ,          3   ,                       20   ,                   0   ,                    0   ,               25.0   ,                  13.4   ,                8.8   ,                 12.0   ,              12.2   ,               3.1   ,                12.2   ,           22.8   ,             12.2   ,                         5.8   ,              16   ,        0.8800   ,               33.0   ,                 15938   ,
2026-02-14 01:38:42 ,         210.0   ,             50.6   ,               29.4   ,        38.5   ,                  30.0   ,                30   ,                  1998   ,                30   ,                     0   ,            954   ,          3   ,                       14   ,                   0   ,                    0   ,               25.0   ,                  13.2   ,                8.5   ,                 11.7   ,              12.2   ,               3.2   ,                12.2   ,           22.1   ,             12.2   ,                         5.6   ,              16   ,        0.8800   ,               34.0   ,                 15937   ,
2026-02-14 01:38:43 ,         210.0   ,             50.6   ,               29.4   ,        38.5   ,                  30.0   ,                30   ,                  2002   ,                30   ,                     0   ,            954   ,          3   ,                        9   ,                   0   ,                    0   ,               24.9   ,                  13.3   ,                8.6   ,                 11.6   ,              12.2   ,               3.1   ,                12.2   ,           22.5   ,             12.2   ,                         5.7   ,              16   ,        0.8800   ,               33.0   ,                 15939   ,
2026-02-14 01:38:44 ,         210.0   ,             50.6   ,               29.4   ,        38.4   ,                  30.0   ,                30   ,                  2002   ,                30   ,                     0   ,            954   ,          3   ,                        6   ,                   0   ,                    0   ,               25.1   ,                  13.4   ,                8.6   ,                 11.7   ,              12.2   ,               3.1   ,                12.2   ,           22.2   ,             12.2   ,                         5.6   ,              16   ,        0.8800   ,               34.0   ,                 15939   ,
2026-02-14 01:38:45 ,         210.0   ,             50.6   ,               29.4   ,        38.4   ,                  30.0   ,                30   ,                  2001   ,                30   ,                     0   ,            954   ,          3   ,                        8   ,                   0   ,                    0   ,               24.7   ,                  13.2   ,                8.5   ,                 11.5   ,              12.2   ,               3.0   ,                12.2   ,           22.2   ,             12.2   ,                         5.6   ,              16   ,        0.8800   ,               34.0   ,                 15937   ,
2026-02-14 01:38:46 ,         210.0   ,             50.6   ,               29.4   ,        38.5   ,                  30.0   ,                30   ,                  1999   ,                30   ,                     0   ,            954   ,          3   ,                       17   ,                   0   ,                    0   ,               24.8   ,                  13.4   ,                8.4   ,                 11.4   ,              12.2   ,               3.1   ,                12.2   ,           23.2   ,             12.2   ,                         5.8   ,              16   ,        0.8800   ,               34.0   ,                 15937   ,
2026-02-14 01:38:47 ,         210.0   ,             50.6   ,               29.4   ,        38.5   ,                  30.0   ,                30   ,                  2000   ,                30   ,                     0   ,            954   ,          3   ,                       10   ,                   0   ,                    0   ,               26.0   ,                  14.0   ,                8.9   ,                 12.0   ,              12.2   ,               3.1   ,                12.2   ,           22.9   ,             12.2   ,                         5.8   ,              16   ,        0.8800   ,               35.0   ,                 15937   ,
2026-02-14 01:38:48 ,         210.0   ,             50.6   ,               29.5   ,        38.4   ,                  30.0   ,                30   ,                  2001   ,                30   ,                     0   ,            954   ,          3   ,                       13   ,                   0   ,                    0   ,               26.2   ,                  14.0   ,                9.0   ,                 12.1   ,              12.2   ,               3.1   ,                12.2   ,           23.1   ,             12.2   ,                         5.8   ,              16   ,        0.8800   ,               34.0   ,                 15939   ,
2026-02-14 01:38:49 ,         210.0   ,             50.6   ,               29.5   ,        38.5   ,                  30.0   ,                30   ,                  2001   ,                30   ,                     0   ,            954   ,          3   ,                        4   ,                   0   ,                    0   ,               25.9   ,                  13.7   ,                9.1   ,                 12.2   ,              12.2   ,               3.1   ,                12.2   ,           22.8   ,             12.2   ,                         5.8   ,              16   ,        0.8800   ,               33.0   ,                 15939   ,
2026-02-14 01:38:50 ,         210.0   ,             50.6   ,               29.5   ,        38.5   ,                  30.0   ,                30   ,                  2000   ,                30   ,                     0   ,            954   ,          3   ,                        8   ,                   0   ,                    0   ,               25.8   ,                  13.7   ,                8.9   ,                 12.0   ,              12.2   ,               3.1   ,                12.2   ,           22.6   ,             12.2   ,                         5.7   ,              16   ,        0.8800   ,               34.0   ,                 15938   ,
2026-02-14 01:38:51 ,         210.0   ,             50.6   ,               29.5   ,        38.4   ,                  30.0   ,                30   ,                  1999   ,                30   ,                     0   ,            954   ,          3   ,                       10   ,                   0   ,                    0   ,               25.5   ,                  13.5   ,                8.8   ,                 11.9   ,              12.2   ,               3.2   ,                12.2   ,           22.3   ,             12.2   ,                         5.7   ,              16   ,        0.8800   ,               33.0   ,                 15937   ,
2026-02-14 01:38:52 ,         210.0   ,             50.6   ,               29.5   ,        38.5   ,                  30.0   ,                30   ,                  2000   ,                30   ,                     0   ,            954   ,          3   ,                       11   ,                   0   ,                    0   ,               25.4   ,                  13.5   ,                8.8   ,                 11.9   ,              12.2   ,               3.2   ,                12.2   ,           22.2   ,             12.2   ,                         5.6   ,              16   ,        0.8800   ,               33.0   ,                 15936   ,
2026-02-14 01:38:53 ,         210.0   ,             50.6   ,               29.5   ,        38.5   ,                  30.0   ,                30   ,                  1999   ,                30   ,                     0   ,            954   ,          3   ,                       13   ,                   0   ,                    0   ,               25.2   ,                  13.5   ,                8.6   ,                 11.7   ,              12.2   ,               3.1   ,                12.2   ,           22.1   ,             12.2   ,                         5.6   ,              16   ,        0.8800   ,               33.0   ,                 15938   ,
2026-02-14 01:38:54 ,         210.0   ,             50.6   ,               29.5   ,        38.5   ,                  30.0   ,                30   ,                  2002   ,                30   ,                     0   ,            954   ,          3   ,                       16   ,                   0   ,                    0   ,               25.1   ,                  13.5   ,                8.5   ,                 11.7   ,              12.2   ,               3.1   ,                12.2   ,           22.0   ,             12.2   ,                         5.6   ,              16   ,        0.8800   ,               33.0   ,                 15937   ,
2026-02-14 01:38:55 ,         210.0   ,             50.6   ,               29.5   ,        38.5   ,                  30.0   ,                30   ,                  2001   ,                30   ,                     0   ,            954   ,          3   ,                       14   ,                   0   ,                    0   ,               25.7   ,                  13.7   ,                8.8   ,                 12.0   ,              12.2   ,               3.1   ,                12.2   ,           22.5   ,             12.2   ,                         5.7   ,              16   ,        0.8800   ,               33.0   ,                 15935   ,
2026-02-14 01:38:56 ,         210.0   ,             50.6   ,               29.6   ,        38.5   ,                  30.0   ,                30   ,                  1999   ,                30   ,                     0   ,            954   ,          3   ,                       18   ,                   0   ,                    0   ,               24.6   ,                  13.3   ,                8.3   ,                 11.3   ,              12.2   ,               3.1   ,                12.2   ,           21.6   ,             12.2   ,                         5.5   ,              16   ,        0.8800   ,               33.0   ,                 15935   ,
2026-02-14 01:38:57 ,         210.0   ,             50.6   ,               29.5   ,        38.5   ,                  30.0   ,                30   ,                  1998   ,                30   ,                     0   ,            954   ,          3   ,                       13   ,                   0   ,                    0   ,               24.1   ,                  12.9   ,                8.0   ,                 11.2   ,              12.2   ,               3.2   ,                12.2   ,           20.9   ,             12.2   ,                         5.4   ,              16   ,        0.8800   ,               33.0   ,                 15936   ,
2026-02-14 01:38:58 ,         210.0   ,             50.6   ,               29.6   ,        38.5   ,                  30.0   ,                30   ,                  1997   ,                30   ,                     0   ,            954   ,          7   ,                        4   ,                   0   ,                    0   ,               25.6   ,                  13.7   ,                8.6   ,                 11.9   ,              12.2   ,               3.3   ,                12.2   ,           22.3   ,             12.2   ,                         5.7   ,              16   ,        0.8800   ,               30.0   ,                 13379   ,
2026-02-14 01:38:59 ,         210.0   ,             50.6   ,               29.6   ,        38.6   ,                  30.0   ,                30   ,                  2001   ,                30   ,                     0   ,            954   ,          3   ,                       13   ,                   0   ,                    0   ,               23.4   ,                  12.5   ,                7.7   ,                 10.9   ,              12.2   ,               3.2   ,                12.2   ,           20.2   ,             12.2   ,                         5.2   ,              16   ,        0.8800   ,               34.0   ,                 13422   ,
2026-02-14 01:39:00 ,         210.0   ,             50.6   ,               29.6   ,        38.6   ,                  30.0   ,                30   ,                  2003   ,                30   ,                     0   ,            954   ,          4   ,                        7   ,                   0   ,                    1   ,               27.6   ,                  14.7   ,                9.7   ,                 12.9   ,              12.2   ,               3.2   ,                12.2   ,           24.4   ,             12.2   ,                         6.1   ,              16   ,        0.8800   ,               34.0   ,                  9681   ,
2026-02-14 01:39:01 ,         210.0   ,             50.6   ,               29.6   ,        38.6   ,                  30.0   ,                30   ,                  1999   ,                30   ,                     0   ,            954   ,          4   ,                        9   ,                   0   ,                    0   ,               23.5   ,                  12.6   ,                7.6   ,                 10.9   ,              12.2   ,               3.3   ,                12.2   ,           20.3   ,             12.2   ,                         5.2   ,              16   ,        0.8800   ,               32.0   ,                 10083   ,
2026-02-14 01:39:02 ,         210.0   ,             50.6   ,               29.6   ,        38.7   ,                  30.0   ,                30   ,                  2000   ,                30   ,                     0   ,            954   ,          5   ,                        5   ,                   0   ,                    0   ,               23.8   ,                  12.8   ,                7.9   ,                 11.0   ,              12.2   ,               3.2   ,                12.2   ,           20.6   ,             12.2   ,                         5.3   ,              16   ,        0.8800   ,               32.0   ,                 11235   ,
2026-02-14 01:39:03 ,         210.0   ,             50.6   ,               29.6   ,        38.6   ,                  30.0   ,                30   ,                  1999   ,                30   ,                     0   ,            954   ,          3   ,                        7   ,                   0   ,                    0   ,               23.5   ,                  12.6   ,                7.7   ,                 10.9   ,              12.2   ,               3.2   ,                12.2   ,           20.3   ,             12.2   ,                         5.2   ,              16   ,        0.8800   ,               30.0   ,                 10607   ,
2026-02-14 01:39:04 ,         210.0   ,             50.6   ,               29.7   ,        38.6   ,                  30.0   ,                30   ,                  1999   ,                30   ,                     0   ,            954   ,          3   ,                       11   ,                   0   ,                    0   ,               27.7   ,                  14.7   ,                9.7   ,                 13.0   ,              12.2   ,               3.3   ,                12.2   ,           24.4   ,             12.2   ,                         6.1   ,              16   ,        0.8800   ,               33.0   ,                  9633   ,
2026-02-14 01:39:05 ,         210.0   ,             50.6   ,               29.7   ,        38.7   ,                  30.0   ,                30   ,                  2002   ,                30   ,                     0   ,            954   ,          3   ,                        4   ,                   0   ,                    0   ,               26.1   ,                  13.8   ,                9.2   ,                 12.3   ,              12.2   ,               3.1   ,                12.2   ,           23.0   ,             12.2   ,                         5.8   ,              16   ,        0.8800   ,               37.0   ,                 10218   ,
2026-02-14 01:39:06 ,         210.0   ,             50.6   ,               29.7   ,        38.6   ,                  30.0   ,                30   ,                  2000   ,                30   ,                     0   ,            954   ,          3   ,                       16   ,                   0   ,                    0   ,               26.3   ,                  13.9   ,                9.1   ,                 12.3   ,              12.2   ,               3.2   ,                12.2   ,           23.1   ,             12.2   ,                         5.8   ,              16   ,        0.8800   ,               35.0   ,                 10566   ,
2026-02-14 01:39:07 ,         210.0   ,             50.6   ,               29.7   ,        38.7   ,                  30.0   ,                30   ,                  1999   ,                30   ,                     0   ,            954   ,          3   ,                        4   ,                   0   ,                    0   ,               25.8   ,                  13.7   ,                8.9   ,                 12.1   ,              12.2   ,               3.1   ,                12.2   ,           22.7   ,             12.2   ,                         5.7   ,              16   ,        0.8800   ,               34.0   ,                 10557   ,
2026-02-14 01:39:08 ,         210.0   ,             50.6   ,               29.7   ,        38.7   ,                  30.0   ,                30   ,                  1999   ,                30   ,                     0   ,            954   ,          3   ,                        8   ,                   0   ,                    0   ,               25.5   ,                  13.5   ,                8.8   ,                 12.0   ,              12.2   ,               3.3   ,                12.2   ,           22.2   ,             12.2   ,                         5.7   ,              16   ,        0.8800   ,               34.0   ,                 10556   ,
2026-02-14 01:39:09 ,         210.0   ,             50.6   ,               29.7   ,        38.7   ,                  30.0   ,                30   ,                  2001   ,                30   ,                     0   ,            954   ,          3   ,                        9   ,                   0   ,                    0   ,               25.3   ,                  13.4   ,                8.7   ,                 11.9   ,              12.2   ,               3.2   ,                12.2   ,           22.1   ,             12.2   ,                         5.6   ,              16   ,        0.8800   ,               34.0   ,                 10556   ,
2026-02-14 01:39:10 ,         210.0   ,             50.6   ,               29.7   ,        38.8   ,                  30.0   ,                30   ,                  2002   ,                30   ,                     0   ,            954   ,          3   ,                        6   ,                   0   ,                    0   ,               25.2   ,                  13.5   ,                8.6   ,                 11.8   ,              12.2   ,               3.2   ,                12.2   ,           22.0   ,             12.2   ,                         5.6   ,              16   ,        0.8800   ,               34.0   ,                 10555   ,
2026-02-14 01:39:11 ,         210.0   ,             50.6   ,               29.7   ,        38.7   ,                  30.0   ,                30   ,                  2002   ,                30   ,                     0   ,            954   ,          3   ,                        5   ,                   0   ,                    0   ,               25.5   ,                  13.6   ,                8.6   ,                 11.9   ,              12.2   ,               3.3   ,                12.2   ,           22.2   ,             12.2   ,                         5.7   ,              16   ,        0.8800   ,               34.0   ,                 10556   ,
2026-02-14 01:39:12 ,         210.0   ,             50.6   ,               29.8   ,        38.8   ,                  30.0   ,                30   ,                  1999   ,                30   ,                     0   ,            954   ,          3   ,                        9   ,                   0   ,                    0   ,               25.3   ,                  13.4   ,                8.7   ,                 11.9   ,              12.2   ,               3.3   ,                12.2   ,           22.1   ,             12.2   ,                         5.6   ,              16   ,        0.8800   ,               33.0   ,                 10556   ,
2026-02-14 01:39:13 ,         210.0   ,             50.6   ,               29.8   ,        38.7   ,                  32.0   ,                30   ,                  1999   ,                30   ,                     0   ,            954   ,          3   ,                       10   ,                   0   ,                    0   ,               25.3   ,                  13.3   ,                8.7   ,                 11.9   ,              12.2   ,               3.2   ,                12.2   ,           22.1   ,             12.2   ,                         5.6   ,              16   ,        0.8800   ,               33.0   ,                 10555   ,
2026-02-14 01:39:14 ,         210.0   ,             50.6   ,               29.8   ,        38.7   ,                  30.0   ,                30   ,                  2000   ,                30   ,                     0   ,            954   ,          3   ,                        4   ,                   0   ,                    0   ,               25.0   ,                  13.4   ,                8.5   ,                 11.7   ,              12.2   ,               3.2   ,                12.2   ,           21.9   ,             12.2   ,                         5.6   ,              16   ,        0.8800   ,               34.0   ,                 10556   ,
2026-02-14 01:39:15 ,         210.0   ,             50.6   ,               29.8   ,        38.7   ,                  30.0   ,                30   ,                  2003   ,                30   ,                     0   ,            954   ,          3   ,                        4   ,                   0   ,                    0   ,               25.3   ,                  13.4   ,                8.7   ,                 11.9   ,              12.2   ,               3.2   ,                12.2   ,           22.1   ,             12.2   ,                         5.6   ,              16   ,        0.8800   ,               34.0   ,                 10556   ,
2026-02-14 01:39:16 ,         210.0   ,             50.6   ,               29.8   ,        38.8   ,                  30.0   ,                30   ,                  2000   ,                30   ,                     0   ,            954   ,          3   ,                       10   ,                   0   ,                    0   ,               25.5   ,                  13.6   ,                8.7   ,                 11.9   ,              12.2   ,               3.2   ,                12.2   ,           22.4   ,             12.2   ,                         5.7   ,              16   ,        0.8800   ,               35.0   ,                 10556   ,
2026-02-14 01:39:17 ,         210.0   ,             50.6   ,               29.8   ,        38.8   ,                  30.0   ,                30   ,                  2000   ,                30   ,                     0   ,            954   ,          5   ,                        4   ,                   0   ,                    0   ,               25.3   ,                  13.6   ,                8.6   ,                 11.8   ,              12.2   ,               3.2   ,                12.2   ,           22.1   ,             12.2   ,                         5.6   ,              16   ,        0.8800   ,               32.0   ,                 10555   ,
2026-02-14 01:39:18 ,         210.0   ,             50.6   ,               29.8   ,        38.7   ,                  30.0   ,                30   ,                  2001   ,                30   ,                     0   ,            954   ,          3   ,                       11   ,                   0   ,                    0   ,               24.6   ,                  13.1   ,                8.4   ,                 11.6   ,              12.2   ,               3.2   ,                12.2   ,           21.5   ,             12.2   ,                         5.5   ,              16   ,        0.8800   ,               34.0   ,                 10556   ,
2026-02-14 01:39:19 ,         210.0   ,             50.6   ,               29.8   ,        38.8   ,                  30.0   ,                30   ,                  1999   ,                30   ,                     0   ,            954   ,          3   ,                        4   ,                   0   ,                    0   ,               24.6   ,                  13.2   ,                8.3   ,                 11.5   ,              12.2   ,               3.2   ,                12.2   ,           21.4   ,             12.2   ,                         5.5   ,              16   ,        0.8800   ,               34.0   ,                 10555   ,
2026-02-14 01:39:20 ,         210.0   ,             50.6   ,               29.8   ,        38.7   ,                  30.0   ,                30   ,                  2001   ,                30   ,                     0   ,            954   ,          3   ,                        4   ,                   0   ,                    0   ,               24.8   ,                  13.3   ,                8.3   ,                 11.5   ,              12.2   ,               3.2   ,                12.2   ,           21.6   ,             12.2   ,                         5.9   ,              16   ,        0.8800   ,               34.0   ,                 10555   ,
2026-02-14 01:39:21 ,         210.0   ,             50.6   ,               29.8   ,        38.8   ,                  30.0   ,                30   ,                  2001   ,                30   ,                     0   ,            954   ,          3   ,                        4   ,                   0   ,                    0   ,               24.2   ,                  13.0   ,                8.1   ,                 12.8   ,              12.2   ,               3.2   ,                12.2   ,           24.3   ,             12.2   ,                         6.1   ,              16   ,        0.8800   ,               33.0   ,                 10555   ,
2026-02-14 01:39:22 ,         210.0   ,             50.6   ,               29.9   ,        38.8   ,                  32.0   ,                30   ,                  2003   ,                30   ,                     0   ,            954   ,          3   ,                        9   ,                   0   ,                    0   ,               26.8   ,                  14.2   ,                9.5   ,                 12.6   ,              12.2   ,               3.2   ,                12.2   ,           23.6   ,             12.2   ,                         6.0   ,              16   ,        0.8800   ,               34.0   ,                 10555   ,
2026-02-14 01:39:23 ,         210.0   ,             50.6   ,               29.8   ,        38.8   ,                  30.0   ,                30   ,                  2000   ,                30   ,                     0   ,            954   ,          3   ,                        4   ,                   0   ,                    0   ,               25.5   ,                  13.6   ,                8.7   ,                 11.9   ,              12.2   ,               3.2   ,                12.2   ,           22.3   ,             12.2   ,                         5.7   ,              16   ,        0.8800   ,               34.0   ,                 10556   ,
2026-02-14 01:39:24 ,         210.0   ,             50.6   ,               29.9   ,        38.9   ,                  32.0   ,                30   ,                  2000   ,                30   ,                     0   ,            954   ,          3   ,                       10   ,                   0   ,                    0   ,               26.6   ,                  14.1   ,                9.3   ,                 12.5   ,              12.2   ,               3.1   ,                12.2   ,           23.4   ,             12.2   ,                         5.9   ,              16   ,        0.8800   ,               33.0   ,                 10555   ,
2026-02-14 01:39:25 ,         210.0   ,             50.6   ,               29.9   ,        38.9   ,                  32.0   ,                30   ,                  2000   ,                30   ,                     0   ,            954   ,          3   ,                        4   ,                   0   ,                    0   ,               25.8   ,                  13.7   ,                8.9   ,                 12.1   ,              12.2   ,               3.2   ,                12.2   ,           22.7   ,             12.2   ,                         5.7   ,              16   ,        0.8800   ,               34.0   ,                 10555   ,
2026-02-14 01:39:26 ,         210.0   ,             50.6   ,               29.9   ,        38.9   ,                  30.0   ,                30   ,                  2000   ,                30   ,                     0   ,            954   ,          3   ,                        4   ,                   0   ,                    0   ,               25.7   ,                  13.6   ,                8.8   ,                 12.0   ,              12.2   ,               3.2   ,                12.2   ,           22.4   ,             12.2   ,                         5.7   ,              16   ,        0.8800   ,               33.0   ,                 10555   ,
2026-02-14 01:39:27 ,         210.0   ,             50.6   ,               29.9   ,        38.8   ,                  30.0   ,                30   ,                  2000   ,                30   ,                     0   ,            954   ,          3   ,                       12   ,                   0   ,                    0   ,               25.1   ,                  13.4   ,                8.6   ,                 11.7   ,              12.2   ,               3.2   ,                12.2   ,           21.9   ,             12.2   ,                         5.6   ,              16   ,        0.8800   ,               34.0   ,                 10555   ,
2026-02-14 01:39:28 ,         210.0   ,             50.6   ,               29.9   ,        38.9   ,                  30.0   ,                30   ,                  2001   ,                30   ,                     0   ,            954   ,          3   ,                        4   ,                   0   ,                    0   ,               25.3   ,                  13.5   ,                8.7   ,                 11.8   ,              12.2   ,               3.2   ,                12.2   ,           22.2   ,             12.2   ,                         5.6   ,              16   ,        0.8800   ,               33.0   ,                 10555   ,
2026-02-14 01:39:29 ,         210.0   ,             50.6   ,               29.9   ,        38.9   ,                  30.0   ,                30   ,                  1999   ,                30   ,                     0   ,            954   ,          3   ,                        5   ,                   0   ,                    0   ,               25.3   ,                  13.5   ,                8.7   ,                 11.8   ,              12.2   ,               3.1   ,                12.2   ,           22.2   ,             12.2   ,                         5.6   ,              16   ,        0.8800   ,               33.0   ,                 10556   ,
2026-02-14 01:39:30 ,         210.0   ,             50.6   ,               29.9   ,        38.9   ,                  32.0   ,                30   ,                  2000   ,                30   ,                     0   ,            954   ,          3   ,                        5   ,                   0   ,                    0   ,               26.5   ,                  14.0   ,                9.4   ,                 12.5   ,              12.2   ,               3.2   ,                12.2   ,           23.3   ,             12.2   ,                         5.9   ,              16   ,        0.8800   ,               33.0   ,                 10555   ,
2026-02-14 01:39:31 ,         210.0   ,             50.6   ,               29.9   ,        38.8   ,                  32.0   ,                30   ,                  2002   ,                30   ,                     0   ,            954   ,          3   ,                        5   ,                   0   ,                    0   ,               26.0   ,                  13.9   ,                8.9   ,                 12.1   ,              12.2   ,               3.2   ,                12.2   ,           22.8   ,             12.2   ,                         5.8   ,              16   ,        0.8800   ,               34.0   ,                 10555   ,
2026-02-14 01:39:32 ,         210.0   ,             50.6   ,               30.0   ,        38.9   ,                  30.0   ,                30   ,                  2002   ,                30   ,                     0   ,            954   ,          3   ,                        4   ,                   0   ,                    0   ,               26.3   ,                  13.9   ,                9.2   ,                 12.4   ,              12.2   ,               3.2   ,                12.2   ,           23.1   ,             12.2   ,                         5.8   ,              16   ,        0.8800   ,               33.0   ,                 10555   ,
2026-02-14 01:39:33 ,         210.0   ,             50.6   ,               30.0   ,        39.0   ,                  32.0   ,                30   ,                  2002   ,                30   ,                     0   ,            954   ,          3   ,                        4   ,                   0   ,                    0   ,               26.2   ,                  13.9   ,                9.1   ,                 12.3   ,              12.2   ,               3.2   ,                12.2   ,           23.0   ,             12.2   ,                         5.8   ,              16   ,        0.8800   ,               33.0   ,                 10555   ,
2026-02-14 01:39:34 ,         210.0   ,             50.6   ,               30.0   ,        38.9   ,                  32.0   ,                30   ,                  1998   ,                30   ,                     0   ,            954   ,          3   ,                        4   ,                   0   ,                    0   ,               26.2   ,                  13.9   ,                9.1   ,                 12.3   ,              12.2   ,               3.2   ,                12.2   ,           23.0   ,             12.2   ,                         5.8   ,              16   ,        0.8800   ,               34.0   ,                 10556   ,
2026-02-14 01:39:35 ,         210.0   ,             50.6   ,               30.0   ,        39.0   ,                  32.0   ,                30   ,                  2001   ,                30   ,                     0   ,            954   ,          3   ,                        6   ,                   0   ,                    0   ,               26.2   ,                  13.9   ,                9.2   ,                 12.3   ,              12.2   ,               3.1   ,                12.2   ,           23.1   ,             12.2   ,                         5.8   ,              16   ,        0.8800   ,               32.0   ,                 10555   ,
2026-02-14 01:39:36 ,         210.0   ,             50.6   ,               30.0   ,        39.0   ,                  30.0   ,                30   ,                  2002   ,                30   ,                     0   ,            954   ,          3   ,                       14   ,                   0   ,                    0   ,               25.9   ,                  13.9   ,                8.9   ,                 12.1   ,              12.2   ,               3.1   ,                12.2   ,           22.8   ,             12.2   ,                         5.8   ,              16   ,        0.8800   ,               34.0   ,                 10555   ,
2026-02-14 01:39:37 ,         210.0   ,             50.6   ,               30.0   ,        39.0   ,                  32.0   ,                30   ,                  1997   ,                30   ,                     0   ,            954   ,          3   ,                       12   ,                   0   ,                    0   ,               25.9   ,                  14.0   ,                8.9   ,                 11.9   ,              12.2   ,               3.0   ,                12.2   ,           22.9   ,             12.2   ,                         5.8   ,              16   ,        0.8800   ,               34.0   ,                 10555   ,
2026-02-14 01:39:38 ,         210.0   ,             50.6   ,               30.0   ,        39.0   ,                  32.0   ,                30   ,                  2004   ,                30   ,                     0   ,            954   ,          3   ,                       10   ,                   0   ,                    0   ,               26.2   ,                  14.0   ,                9.1   ,                 12.3   ,              12.2   ,               3.2   ,                12.2   ,           23.0   ,             12.2   ,                         5.8   ,              16   ,        0.8800   ,               35.0   ,                 10555   ,
2026-02-14 01:39:39 ,         210.0   ,             50.6   ,               30.1   ,        39.0   ,                  30.0   ,                30   ,                  2002   ,                30   ,                     0   ,            954   ,          5   ,                        6   ,                   0   ,                    0   ,               27.0   ,                  14.4   ,                9.5   ,                 12.6   ,              12.2   ,               3.1   ,                12.2   ,           23.9   ,             12.2   ,                         6.0   ,              16   ,        0.8800   ,               31.0   ,                 11252   ,
2026-02-14 01:39:40 ,         210.0   ,             50.6   ,               30.1   ,        39.1   ,                  32.0   ,                30   ,                  2000   ,                30   ,                     0   ,            954   ,          3   ,                       15   ,                   0   ,                    0   ,               26.5   ,                  14.0   ,                9.4   ,                 12.5   ,              12.2   ,               3.1   ,                12.2   ,           21.2   ,             12.2   ,                         5.4   ,              16   ,        0.8800   ,               29.0   ,                 10623   ,
2026-02-14 01:39:41 ,         210.0   ,             50.6   ,               30.1   ,        39.1   ,                  30.0   ,                30   ,                  1999   ,                30   ,                     0   ,            949   ,          3   ,                       10   ,                   0   ,                    0   ,               26.4   ,                  14.0   ,                9.2   ,                 12.5   ,              12.2   ,               3.2   ,                12.2   ,           23.2   ,             12.2   ,                         5.9   ,              16   ,        0.8800   ,               28.0   ,                  9583   ,
2026-02-14 01:39:42 ,         210.0   ,             50.6   ,               30.0   ,        39.1   ,                  30.0   ,                30   ,                  2002   ,                30   ,                     0   ,            949   ,          0   ,                       37   ,                   0   ,                    0   ,               23.4   ,                  12.5   ,                7.7   ,                 10.9   ,              12.2   ,               3.1   ,                12.2   ,           20.2   ,             12.2   ,                         5.2   ,              16   ,        0.8800   ,               27.0   ,                  9580   ,
2026-02-14 01:39:43 ,         210.0   ,             50.6   ,               30.1   ,        39.0   ,                  30.0   ,                30   ,                  2004   ,                30   ,                     0   ,            949   ,          0   ,                       32   ,                   0   ,                    0   ,               23.4   ,                  12.5   ,                7.8   ,                 10.9   ,              12.2   ,               3.1   ,                12.2   ,           20.3   ,             12.2   ,                         5.2   ,              16   ,        0.8800   ,               27.0   ,                  9579   ,
2026-02-14 01:39:44 ,         210.0   ,             50.6   ,               30.0   ,        39.0   ,                  30.0   ,                30   ,                  2003   ,                30   ,                     0   ,            949   ,          0   ,                       23   ,                   0   ,                    0   ,               23.4   ,                  12.5   ,                7.8   ,                 10.8   ,              12.2   ,               3.1   ,                12.2   ,           20.3   ,             12.2   ,                         5.2   ,              16   ,        0.8800   ,               28.0   ,                  9577   ,
2026-02-14 01:39:45 ,         210.0   ,             50.6   ,               30.0   ,        39.1   ,                  30.0   ,                30   ,                  2002   ,                30   ,                     0   ,            949   ,          0   ,                       38   ,                   0   ,                    0   ,               23.3   ,                  12.4   ,                7.8   ,                 10.9   ,              12.2   ,               3.2   ,                12.2   ,           20.1   ,             12.2   ,                         5.2   ,              16   ,        0.8800   ,               27.0   ,                  9578   ,
2026-02-14 01:39:46 ,         210.0   ,             50.6   ,               30.1   ,        39.1   ,                  30.0   ,                30   ,                  2003   ,                30   ,                     0   ,            949   ,          0   ,                       20   ,                   0   ,                    0   ,               23.1   ,                  12.3   ,                7.6   ,                 10.8   ,              12.2   ,               3.1   ,                12.2   ,           19.9   ,             12.2   ,                         5.1   ,              16   ,        0.8800   ,               27.0   ,                  9577   ,
2026-02-14 01:39:47 ,         210.0   ,             50.6   ,               30.1   ,        39.1   ,                  32.0   ,                30   ,                  2000   ,                30   ,                     0   ,            949   ,          0   ,                        7   ,                   0   ,                    0   ,               23.1   ,                  12.4   ,                7.6   ,                 10.7   ,              12.2   ,               3.1   ,                12.2   ,           20.0   ,             12.2   ,                         5.1   ,              16   ,        0.8800   ,               27.0   ,                  9578   ,
2026-02-14 01:39:48 ,         210.0   ,             50.6   ,               30.1   ,        39.3   ,                  30.0   ,                30   ,                  2002   ,                30   ,                     0   ,            949   ,          0   ,                       22   ,                   0   ,                    0   ,               23.1   ,                  12.2   ,                7.7   ,                 10.8   ,              12.2   ,               3.1   ,                12.2   ,           20.0   ,             12.2   ,                         5.1   ,              16   ,        0.8800   ,               27.0   ,                  9577   ,
2026-02-14 01:39:49 ,         210.0   ,             50.6   ,               30.1   ,        39.1   ,                  32.0   ,                30   ,                  2004   ,                30   ,                     0   ,            949   ,          0   ,                       18   ,                   0   ,                    0   ,               23.1   ,                  12.4   ,                7.7   ,                 10.7   ,              12.2   ,               3.0   ,                12.2   ,           20.1   ,             12.2   ,                         5.1   ,              16   ,        0.8800   ,               27.0   ,                  9577   ,
2026-02-14 01:39:50 ,         210.0   ,             50.6   ,               30.1   ,        39.2   ,                  30.0   ,                30   ,                  2002   ,                30   ,                     0   ,            949   ,          0   ,                       15   ,                   0   ,                    0   ,               23.4   ,                  12.4   ,                7.8   ,                 10.9   ,              12.2   ,               3.1   ,                12.2   ,           20.2   ,             12.2   ,                         5.2   ,              16   ,        0.8800   ,               27.0   ,                  9577   ,
2026-02-14 01:39:51 ,         210.0   ,             50.6   ,               30.1   ,        39.2   ,                  30.0   ,                30   ,                  2003   ,                30   ,                     0   ,            949   ,          0   ,                       21   ,                   0   ,                    0   ,               23.4   ,                  12.5   ,                7.7   ,                 10.8   ,              12.2   ,               3.1   ,                12.2   ,           20.2   ,             12.2   ,                         5.2   ,              16   ,        0.8800   ,               27.0   ,                  9578   ,
2026-02-14 01:39:52 ,         210.0   ,             50.6   ,               30.1   ,        39.2   ,                  32.0   ,                30   ,                  1998   ,                30   ,                     0   ,            949   ,          0   ,                       15   ,                   0   ,                    0   ,               23.6   ,                  12.6   ,                7.8   ,                 11.0   ,              12.2   ,               3.2   ,                12.2   ,           20.4   ,             12.2   ,                         5.2   ,              16   ,        0.8800   ,               27.0   ,                  9577   ,
2026-02-14 01:39:53 ,         210.0   ,             50.6   ,               30.1   ,        39.2   ,                  32.0   ,                30   ,                  1997   ,                30   ,                     0   ,            949   ,          0   ,                       37   ,                   0   ,                    0   ,               23.5   ,                  12.6   ,                7.8   ,                 10.9   ,              12.2   ,               3.1   ,                12.2   ,           20.4   ,             12.2   ,                         5.2   ,              16   ,        0.8800   ,               27.0   ,                  9576   ,
2026-02-14 01:39:54 ,         210.0   ,             50.6   ,               30.1   ,        39.1   ,                  32.0   ,                30   ,                  1995   ,                30   ,                     0   ,            949   ,          0   ,                        6   ,                   0   ,                    0   ,               23.4   ,                  12.6   ,                7.6   ,                 10.7   ,              12.2   ,               3.1   ,                12.2   ,           20.3   ,             12.2   ,                         5.2   ,              16   ,        0.8800   ,               27.0   ,                  9576   ,
2026-02-14 01:39:55 ,         210.0   ,             50.6   ,               30.2   ,        39.3   ,                  32.0   ,                30   ,                  2000   ,                30   ,                     0   ,            949   ,          0   ,                       29   ,                   0   ,                    0   ,               23.4   ,                  12.5   ,                7.7   ,                 10.8   ,              12.2   ,               3.1   ,                12.2   ,           20.3   ,             12.2   ,                         5.2   ,              16   ,        0.8800   ,               27.0   ,                  9577   ,
2026-02-14 01:39:56 ,         210.0   ,             50.6   ,               30.2   ,        39.3   ,                  32.0   ,                30   ,                  2001   ,                30   ,                     0   ,            949   ,          0   ,                       34   ,                   0   ,                    0   ,               23.3   ,                  12.4   ,                7.7   ,                 10.9   ,              12.2   ,               3.1   ,                12.2   ,           20.2   ,             12.2   ,                         5.2   ,              16   ,        0.8800   ,               27.0   ,                  9576   ,
2026-02-14 01:39:57 ,         210.0   ,             50.6   ,               30.2   ,        39.3   ,                  30.0   ,                30   ,                  2003   ,                30   ,                     0   ,            949   ,          0   ,                       21   ,                   0   ,                    0   ,               23.3   ,                  12.4   ,                7.7   ,                 10.9   ,              12.2   ,               3.2   ,                12.2   ,           20.1   ,             12.2   ,                         5.2   ,              16   ,        0.8800   ,               27.0   ,                  9576   ,
2026-02-14 01:39:58 ,         210.0   ,             50.6   ,               30.2   ,        39.3   ,                  32.0   ,                30   ,                  1999   ,                30   ,                     0   ,            949   ,          0   ,                       26   ,                   0   ,                    0   ,               23.4   ,                  12.6   ,                7.7   ,                 10.8   ,              12.2   ,               3.1   ,                12.2   ,           20.3   ,             12.2   ,                         5.2   ,              16   ,        0.8800   ,               27.0   ,                  9575   ,
2026-02-14 01:39:59 ,         210.0   ,             50.6   ,               30.2   ,        39.3   ,                  32.0   ,                30   ,                  2000   ,                30   ,                     0   ,            949   ,          0   ,                       31   ,                   0   ,                    0   ,               23.5   ,                  12.6   ,                7.8   ,                 11.0   ,              12.2   ,               3.1   ,                12.2   ,           20.4   ,             12.2   ,                         5.2   ,              16   ,        0.8800   ,               28.0   ,                  9575   ,
2026-02-14 01:40:00 ,         210.0   ,             50.6   ,               30.2   ,        39.3   ,                  32.0   ,                30   ,                  2001   ,                30   ,                     0   ,            949   ,          0   ,                       25   ,                   0   ,                    0   ,               23.6   ,                  12.6   ,                7.8   ,                 11.0   ,              12.2   ,               3.2   ,                12.2   ,           20.5   ,             12.2   ,                         5.3   ,              16   ,        0.8800   ,               26.0   ,                  9576   ,
2026-02-14 01:40:01 ,         210.0   ,             50.6   ,               30.2   ,        39.2   ,                  32.0   ,                30   ,                  2002   ,                30   ,                     0   ,            949   ,          0   ,                       42   ,                   0   ,                    0   ,               23.6   ,                  12.6   ,                7.9   ,                 11.0   ,              12.2   ,               3.1   ,                12.2   ,           20.5   ,             12.2   ,                         5.3   ,              16   ,        0.8800   ,               28.0   ,                  9574   ,
2026-02-14 01:40:02 ,         210.0   ,             50.6   ,               30.2   ,        39.3   ,                  32.0   ,                30   ,                  2000   ,                30   ,                     0   ,            949   ,          0   ,                       25   ,                   0   ,                    0   ,               23.3   ,                  12.4   ,                7.7   ,                 10.9   ,              12.2   ,               3.1   ,                12.2   ,           20.2   ,             12.2   ,                         5.2   ,              16   ,        0.8800   ,               28.0   ,                  9574   ,
2026-02-14 01:40:03 ,         210.0   ,             50.6   ,               30.3   ,        39.3   ,                  32.0   ,                30   ,                  2001   ,                30   ,                     0   ,            949   ,          0   ,                       47   ,                   0   ,                    0   ,               23.2   ,                  12.4   ,                7.7   ,                 10.8   ,              12.2   ,               3.1   ,                12.2   ,           20.1   ,             12.2   ,                         5.2   ,              16   ,        0.8800   ,               27.0   ,                  9573   ,
2026-02-14 01:40:04 ,         210.0   ,             50.6   ,               30.3   ,        39.3   ,                  30.0   ,                30   ,                  1997   ,                30   ,                     0   ,            949   ,          0   ,                       41   ,                   0   ,                    0   ,               23.1   ,                  12.3   ,                7.7   ,                 10.8   ,              12.2   ,               3.1   ,                12.2   ,           20.0   ,             12.2   ,                         5.1   ,              16   ,        0.8800   ,               28.0   ,                  9573   ,
2026-02-14 01:40:05 ,         210.0   ,             50.6   ,               30.3   ,        39.4   ,                  32.0   ,                30   ,                  2000   ,                30   ,                     0   ,            949   ,          0   ,                       40   ,                   0   ,                    0   ,               23.3   ,                  12.4   ,                7.7   ,                 10.9   ,              12.2   ,               3.2   ,                12.2   ,           20.1   ,             12.2   ,                         5.2   ,              16   ,        0.8800   ,               28.0   ,                  9568   ,
2026-02-14 01:40:06 ,         210.0   ,             50.6   ,               30.3   ,        39.3   ,                  32.0   ,                30   ,                  1998   ,                30   ,                     0   ,            949   ,          0   ,                       15   ,                   0   ,                    0   ,               23.5   ,                  12.7   ,                7.7   ,                 10.8   ,              12.2   ,               3.1   ,                12.2   ,           20.3   ,             12.2   ,                         5.2   ,              16   ,        0.8800   ,               27.0   ,                  9568   ,
2026-02-14 01:40:07 ,         210.0   ,             50.6   ,               30.3   ,        39.4   ,                  32.0   ,                30   ,                  2002   ,                30   ,                     0   ,            949   ,          0   ,                       24   ,                   0   ,                    0   ,               23.3   ,                  12.5   ,                7.6   ,                 10.8   ,              12.2   ,               3.1   ,                12.2   ,           20.1   ,             12.2   ,                         5.2   ,              16   ,        0.8800   ,               28.0   ,                  9568   ,
2026-02-14 01:40:08 ,         210.0   ,             50.6   ,               30.3   ,        39.3   ,                  32.0   ,                30   ,                  2001   ,                30   ,                     0   ,            949   ,          0   ,                       31   ,                   0   ,                    0   ,               23.6   ,                  12.6   ,                7.8   ,                 11.0   ,              12.2   ,               3.2   ,                12.2   ,           20.4   ,             12.2   ,                         5.2   ,              16   ,        0.8800   ,               28.0   ,                  9567   ,
2026-02-14 01:40:09 ,         210.0   ,             50.6   ,               30.3   ,        39.4   ,                  32.0   ,                30   ,                  2002   ,                30   ,                     0   ,            949   ,          0   ,                       19   ,                   0   ,                    0   ,               23.7   ,                  12.6   ,                7.8   ,                 11.0   ,              12.2   ,               3.2   ,                12.2   ,           20.5   ,             12.2   ,                         5.3   ,              16   ,        0.8800   ,               28.0   ,                  9566   ,
2026-02-14 01:40:10 ,         210.0   ,             50.6   ,               30.3   ,        39.3   ,                  32.0   ,                30   ,                  1999   ,                30   ,                     0   ,            949   ,          0   ,                       30   ,                   0   ,                    0   ,               23.9   ,                  12.8   ,                7.9   ,                 11.1   ,              12.2   ,               3.2   ,                12.2   ,           20.7   ,             12.2   ,                         5.3   ,              16   ,        0.8800   ,               28.0   ,                  9566   ,
2026-02-14 01:40:11 ,         210.0   ,             50.6   ,               30.3   ,        39.4   ,                  30.0   ,                30   ,                  2002   ,                30   ,                     0   ,            949   ,          0   ,                       19   ,                   0   ,                    0   ,               23.9   ,                  12.9   ,                7.8   ,                 11.0   ,              12.2   ,               3.2   ,                12.2   ,           20.8   ,             12.2   ,                         5.3   ,              16   ,        0.8800   ,               27.0   ,                  9566   ,
2026-02-14 01:40:12 ,         210.0   ,             50.6   ,               30.3   ,        39.4   ,                  32.0   ,                30   ,                  2002   ,                30   ,                     0   ,            949   ,          0   ,                       41   ,                   0   ,                    0   ,               24.1   ,                  12.9   ,                8.1   ,                 11.1   ,              12.2   ,               3.1   ,                12.2   ,           21.0   ,             12.2   ,                         5.3   ,              16   ,        0.8800   ,               28.0   ,                  9566   ,
2026-02-14 01:40:13 ,         210.0   ,             50.6   ,               30.3   ,        39.4   ,                  30.0   ,                30   ,                  1998   ,                30   ,                     0   ,            949   ,          0   ,                       19   ,                   0   ,                    0   ,               24.0   ,                  12.8   ,                8.0   ,                 11.1   ,              12.2   ,               3.2   ,                12.2   ,           20.8   ,             12.2   ,                         5.3   ,              16   ,        0.8800   ,               27.0   ,                  9565   ,
2026-02-14 01:40:14 ,         210.0   ,             50.6   ,               30.3   ,        39.4   ,                  32.0   ,                30   ,                  1998   ,                30   ,                     0   ,            949   ,          0   ,                       11   ,                   0   ,                    0   ,               23.6   ,                  12.7   ,                7.8   ,                 10.9   ,              12.2   ,               3.1   ,                12.2   ,           20.5   ,             12.2   ,                         5.2   ,              16   ,        0.8800   ,               27.0   ,                  9565   ,
2026-02-14 01:40:15 ,         210.0   ,             50.6   ,               30.4   ,        39.3   ,                  32.0   ,                30   ,                  2001   ,                30   ,                     0   ,            949   ,          0   ,                       41   ,                   0   ,                    0   ,               23.8   ,                  12.7   ,                8.0   ,                 11.1   ,              12.2   ,               3.2   ,                12.2   ,           20.7   ,             12.2   ,                         5.3   ,              16   ,        0.8800   ,               28.0   ,                  9565   ,
2026-02-14 01:40:16 ,         210.0   ,             50.6   ,               30.3   ,        39.5   ,                  32.0   ,                30   ,                  2002   ,                30   ,                     0   ,            949   ,          0   ,                       30   ,                   0   ,                    0   ,               23.5   ,                  12.5   ,                7.8   ,                 11.0   ,              12.2   ,               3.2   ,                12.2   ,           20.3   ,             12.2   ,                         5.2   ,              16   ,        0.8800   ,               27.0   ,                  9564   ,
2026-02-14 01:40:17 ,         210.0   ,             50.6   ,               30.4   ,        39.5   ,                  32.0   ,                30   ,                  2003   ,                30   ,                     0   ,            949   ,          0   ,                        8   ,                   0   ,                    0   ,               23.5   ,                  12.7   ,                7.6   ,                 10.8   ,              12.2   ,               3.1   ,                12.2   ,           20.3   ,             12.2   ,                         5.2   ,              16   ,        0.8800   ,               27.0   ,                  9565   ,
2026-02-14 01:40:18 ,         210.0   ,             50.6   ,               30.4   ,        39.5   ,                  32.0   ,                30   ,                  1996   ,                30   ,                     0   ,            949   ,          0   ,                       32   ,                   0   ,                    0   ,               23.6   ,                  12.5   ,                7.9   ,                 11.0   ,              12.2   ,               3.2   ,                12.2   ,           20.4   ,             12.2   ,                         5.2   ,              16   ,        0.8800   ,               27.0   ,                  9565   ,
2026-02-14 01:40:19 ,         210.0   ,             50.6   ,               30.4   ,        39.5   ,                  32.0   ,                30   ,                  2000   ,                30   ,                     0   ,            949   ,          0   ,                       16   ,                   0   ,                    0   ,               23.9   ,                  12.7   ,                7.9   ,                 11.1   ,              12.2   ,               3.2   ,                12.2   ,           20.6   ,             12.2   ,                         5.3   ,              16   ,        0.8800   ,               27.0   ,                  9564   ,
2026-02-14 01:40:20 ,         210.0   ,             50.6   ,               30.4   ,        39.4   ,                  32.0   ,                30   ,                  2000   ,                30   ,                     0   ,            949   ,          0   ,                       10   ,                   0   ,                    0   ,               23.6   ,                  12.7   ,                7.7   ,                 10.9   ,              12.2   ,               3.2   ,                12.2   ,           20.4   ,             12.2   ,                         5.2   ,              16   ,        0.8800   ,               27.0   ,                  9564   ,
2026-02-14 01:40:21 ,         210.0   ,             50.6   ,               30.4   ,        39.5   ,                  32.0   ,                30   ,                  2004   ,                30   ,                     0   ,            949   ,          0   ,                       37   ,                   0   ,                    0   ,               23.7   ,                  12.6   ,                7.9   ,                 11.0   ,              12.2   ,               3.2   ,                12.2   ,           20.5   ,             12.2   ,                         5.3   ,              16   ,        0.8800   ,               27.0   ,                  9598   ,
2026-02-14 01:40:22 ,         210.0   ,             50.6   ,               30.4   ,        39.4   ,                  32.0   ,                30   ,                  2002   ,                30   ,                     0   ,            949   ,          0   ,                       26   ,                   0   ,                    0   ,               23.6   ,                  12.7   ,                7.8   ,                 10.9   ,              12.2   ,               3.2   ,                12.2   ,           20.4   ,             12.2   ,                         5.2   ,              16   ,        0.8800   ,               27.0   ,                  9598   ,
2026-02-14 01:40:23 ,         210.0   ,             50.6   ,               30.4   ,        39.6   ,                  30.0   ,                30   ,                  1999   ,                30   ,                     0   ,            949   ,          0   ,                       24   ,                   0   ,                    0   ,               23.6   ,                  12.6   ,                7.8   ,                 11.0   ,              12.2   ,               3.2   ,                12.2   ,           20.4   ,             12.2   ,                         5.3   ,              16   ,        0.8800   ,               27.0   ,                  9598   ,
2026-02-14 01:40:24 ,         210.0   ,             50.6   ,               30.4   ,        39.6   ,                  30.0   ,                30   ,                  1999   ,                30   ,                     0   ,            949   ,          2   ,                       18   ,                   0   ,                    0   ,               24.9   ,                  13.0   ,                8.6   ,                 11.8   ,              12.2   ,               3.3   ,                12.2   ,           21.6   ,             12.2   ,                         5.5   ,              16   ,        0.8800   ,               28.0   ,                  9598   ,
2026-02-14 01:40:25 ,         210.0   ,             50.6   ,               30.5   ,        39.5   ,                  32.0   ,                30   ,                  2000   ,                30   ,                     0   ,            949   ,          6   ,                        4   ,                   0   ,                    0   ,               23.2   ,                  12.5   ,                8.3   ,                 11.5   ,              12.2   ,               3.2   ,                12.2   ,           21.9   ,             12.2   ,                         5.6   ,              16   ,        0.8800   ,               28.0   ,                  9575   ,
2026-02-14 01:40:26 ,        2520.0   ,           1312.7   ,               31.7   ,        40.0   ,                  32.0   ,                30   ,                  2003   ,                30   ,                     0   ,            964   ,          4   ,                        3   ,                   0   ,                    0   ,               71.5   ,                  33.1   ,               31.2   ,                 38.4   ,              12.2   ,               7.3   ,                12.2   ,           64.3   ,             12.2   ,                        15.9   ,              16   ,        0.9750   ,               29.0   ,                  9596   ,
2026-02-14 01:40:27 ,        2520.0   ,           1312.7   ,               32.1   ,        40.4   ,                  32.0   ,                30   ,                  2001   ,                30   ,                     0   ,            974   ,          1   ,                        0   ,                   0   ,                    0   ,               71.5   ,                  33.5   ,               30.9   ,                 38.0   ,              12.2   ,               7.1   ,                12.2   ,           64.4   ,             12.2   ,                        15.9   ,              16   ,        0.9750   ,               29.0   ,                  9617   ,
2026-02-14 01:40:28 ,        2520.0   ,           1312.7   ,               32.3   ,        40.7   ,                  34.0   ,                30   ,                  1994   ,                30   ,                     0   ,           1040   ,          2   ,                        1   ,                   0   ,                    0   ,               72.3   ,                  33.7   ,               31.4   ,                 38.5   ,              12.2   ,               7.1   ,                12.2   ,           65.1   ,             12.2   ,                        16.1   ,              16   ,        0.9750   ,               29.0   ,                  9748   ,
2026-02-14 01:40:29 ,         480.0   ,            101.3   ,               31.5   ,        40.3   ,                  34.0   ,                30   ,                  2002   ,                30   ,                     0   ,           1025   ,         10   ,                        6   ,                   0   ,                    2   ,               37.4   ,                  18.2   ,               15.5   ,                 19.3   ,              12.2   ,               3.7   ,                12.2   ,           33.7   ,             12.2   ,                         8.3   ,              16   ,        0.8950   ,               33.0   ,                  9714   ,
2026-02-14 01:40:30 ,         330.0   ,             50.6   ,               31.2   ,        40.2   ,                  32.0   ,                30   ,                  2002   ,                30   ,                     0   ,           1025   ,         17   ,                        4   ,                   0   ,                   25   ,               28.1   ,                  13.1   ,               11.1   ,                 15.0   ,              12.2   ,               3.9   ,                12.2   ,           24.2   ,             12.2   ,                         6.2   ,              16   ,        0.8800   ,               28.0   ,                  9717   ,
2026-02-14 01:40:31 ,         240.0   ,             50.6   ,               31.1   ,        40.0   ,                  32.0   ,                30   ,                  2003   ,                30   ,                     0   ,           1057   ,         31   ,                       20   ,                   0   ,                    1   ,               30.0   ,                  14.8   ,               11.9   ,                 15.2   ,              12.2   ,               3.3   ,                12.2   ,           26.7   ,             12.2   ,                         6.7   ,              16   ,        0.8800   ,               29.0   ,                  9796   ,
2026-02-14 01:40:32 ,         210.0   ,             50.6   ,               31.0   ,        40.0   ,                  32.0   ,                30   ,                  2003   ,                30   ,                     0   ,           1025   ,          3   ,                        3   ,                   0   ,                    0   ,               28.0   ,                  15.0   ,                9.7   ,                 12.9   ,              12.2   ,               3.2   ,                12.2   ,           24.8   ,             12.2   ,                         6.2   ,              16   ,        0.8800   ,               28.0   ,                  9796   ,
2026-02-14 01:40:33 ,         210.0   ,             50.6   ,               31.0   ,        39.9   ,                  32.0   ,                30   ,                  2001   ,                30   ,                     0   ,           1025   ,          1   ,                        5   ,                   0   ,                    0   ,               28.0   ,                  15.0   ,                9.7   ,                 13.0   ,              12.2   ,               3.3   ,                12.2   ,           24.7   ,             12.2   ,                         6.2   ,              16   ,        0.8800   ,               31.0   ,                  9792   ,
2026-02-14 01:40:34 ,         210.0   ,             50.6   ,               30.9   ,        39.9   ,                  32.0   ,                30   ,                  2001   ,                30   ,                     0   ,           1030   ,          1   ,                        1   ,                   0   ,                    0   ,               25.2   ,                  13.7   ,                8.2   ,                 11.5   ,              12.2   ,               3.3   ,                12.2   ,           21.9   ,             12.2   ,                         5.6   ,              16   ,        0.8800   ,               28.0   ,                  9807   ,
2026-02-14 01:40:35 ,         210.0   ,             50.6   ,               31.0   ,        40.0   ,                  32.0   ,                30   ,                  2001   ,                30   ,                     0   ,           1030   ,          2   ,                        5   ,                   0   ,                    1   ,               26.6   ,                  14.4   ,                9.0   ,                 12.3   ,              12.2   ,               3.3   ,                12.2   ,           23.4   ,             12.2   ,                         5.9   ,              16   ,        0.8800   ,               28.0   ,                  9799   ,
2026-02-14 01:40:36 ,         210.0   ,             50.6   ,               30.9   ,        39.8   ,                  32.0   ,                30   ,                  2000   ,                30   ,                     0   ,           1030   ,          0   ,                        1   ,                   0   ,                    0   ,               25.2   ,                  13.8   ,                8.3   ,                 11.4   ,              12.2   ,               3.2   ,                12.2   ,           22.0   ,             12.2   ,                         5.6   ,              16   ,        0.8800   ,               28.0   ,                  9769   ,
2026-02-14 01:40:37 ,         210.0   ,             50.6   ,               30.9   ,        39.9   ,                  32.0   ,                30   ,                  1996   ,                30   ,                     0   ,           1030   ,          0   ,                       18   ,                   0   ,                    0   ,               25.9   ,                  13.8   ,                8.9   ,                 12.1   ,              12.2   ,               3.2   ,                12.2   ,           22.7   ,             12.2   ,                         5.8   ,              16   ,        0.8800   ,               28.0   ,                  9764   ,
2026-02-14 01:40:38 ,         210.0   ,             50.6   ,               30.8   ,        39.9   ,                  32.0   ,                30   ,                  1999   ,                30   ,                     0   ,           1030   ,          0   ,                       16   ,                   0   ,                    0   ,               24.4   ,                  13.0   ,                8.2   ,                 11.4   ,              12.2   ,               3.2   ,                12.2   ,           21.2   ,             12.2   ,                         5.4   ,              16   ,        0.8800   ,               29.0   ,                  9764   ,
2026-02-14 01:40:39 ,         210.0   ,             50.6   ,               30.8   ,        39.9   ,                  32.0   ,                30   ,                  1997   ,                30   ,                     0   ,           1030   ,          0   ,                        9   ,                   0   ,                    0   ,               24.4   ,                  13.0   ,                8.2   ,                 11.4   ,              12.2   ,               3.2   ,                12.2   ,           21.2   ,             12.2   ,                         5.4   ,              16   ,        0.8800   ,               27.0   ,                  9764   ,
2026-02-14 01:40:40 ,         210.0   ,             50.6   ,               30.8   ,        39.8   ,                  32.0   ,                30   ,                  2002   ,                30   ,                     0   ,           1030   ,          2   ,                        5   ,                   0   ,                    0   ,               24.8   ,                  13.5   ,                8.1   ,                 11.3   ,              12.2   ,               3.2   ,                12.2   ,           21.6   ,             12.2   ,                         5.5   ,              16   ,        0.8800   ,               27.0   ,                  9762   ,
2026-02-14 01:40:41 ,         210.0   ,             50.6   ,               30.9   ,        39.9   ,                  32.0   ,                30   ,                  2004   ,                30   ,                     0   ,           1030   ,          2   ,                        4   ,                   0   ,                    0   ,               26.5   ,                  13.9   ,                9.2   ,                 12.5   ,              12.2   ,               3.3   ,                12.2   ,           23.2   ,             12.2   ,                         5.9   ,              16   ,        0.8800   ,               27.0   ,                  9761   ,
2026-02-14 01:40:42 ,         210.0   ,             50.6   ,               30.9   ,        39.8   ,                  32.0   ,                30   ,                  2002   ,                30   ,                     0   ,           1030   ,          2   ,                        2   ,                   0   ,                    0   ,               24.3   ,                  12.9   ,                8.2   ,                 11.4   ,              12.2   ,               3.2   ,                12.2   ,           21.1   ,             12.2   ,                         5.4   ,              16   ,        0.8800   ,               27.0   ,                  9760   ,
2026-02-14 01:40:43 ,         210.0   ,             50.6   ,               30.9   ,        39.8   ,                  32.0   ,                30   ,                  2002   ,                30   ,                     0   ,           1030   ,          1   ,                        0   ,                   0   ,                    0   ,               23.9   ,                  13.1   ,                7.5   ,                 10.8   ,              12.2   ,               3.3   ,                12.2   ,           20.6   ,             12.2   ,                         5.3   ,              16   ,        0.8800   ,               28.0   ,                  9768   ,
2026-02-14 01:40:44 ,         210.0   ,             50.6   ,               30.9   ,        39.9   ,                  32.0   ,                30   ,                  1998   ,                30   ,                     0   ,            993   ,         32   ,                       21   ,                   0   ,                    1   ,               27.7   ,                  14.7   ,                9.8   ,                 13.0   ,              12.2   ,               3.2   ,                12.2   ,           24.5   ,             12.2   ,                         6.2   ,              16   ,        0.8800   ,               28.0   ,                  9662   ,
2026-02-14 01:40:45 ,         210.0   ,             50.6   ,               30.9   ,        39.9   ,                  32.0   ,                30   ,                  2003   ,                30   ,                     0   ,            993   ,          1   ,                       22   ,                   0   ,                    0   ,               23.3   ,                  12.6   ,                7.9   ,                 11.2   ,              12.2   ,               3.3   ,                12.2   ,           21.1   ,             12.2   ,                         5.4   ,              16   ,        0.8800   ,               28.0   ,                  9660   ,
2026-02-14 01:40:46 ,         210.0   ,             50.6   ,               30.9   ,        39.8   ,                  32.0   ,                30   ,                  2000   ,                30   ,                     0   ,            992   ,          0   ,                        4   ,                   0   ,                    0   ,               24.4   ,                  13.0   ,                8.2   ,                 11.4   ,              12.2   ,               3.2   ,                12.2   ,           21.2   ,             12.2   ,                         5.4   ,              16   ,        0.8800   ,               30.0   ,                  9661   ,
2026-02-14 01:40:47 ,         210.0   ,             50.6   ,               31.0   ,        40.1   ,                  32.0   ,                30   ,                  2002   ,                30   ,                     0   ,           1013   ,         12   ,                        8   ,                   0   ,                    0   ,               28.1   ,                  15.1   ,                9.7   ,                 13.0   ,              12.2   ,               3.3   ,                12.2   ,           24.8   ,             12.2   ,                         6.2   ,              16   ,        0.8800   ,               29.0   ,                  9811   ,
2026-02-14 01:40:48 ,         210.0   ,             50.6   ,               30.9   ,        39.9   ,                  32.0   ,                30   ,                  2005   ,                30   ,                     0   ,           1013   ,          0   ,                        2   ,                   0   ,                    0   ,               23.4   ,                  12.7   ,                7.5   ,                 10.7   ,              12.2   ,               3.2   ,                12.2   ,           20.2   ,             12.2   ,                         5.2   ,              16   ,        0.8800   ,               28.0   ,                  9810   ,
2026-02-14 01:40:49 ,         210.0   ,             50.6   ,               30.9   ,        39.9   ,                  32.0   ,                30   ,                  2001   ,                30   ,                     0   ,           1013   ,          0   ,                        2   ,                   0   ,                    0   ,               23.7   ,                  12.8   ,                7.6   ,                 10.8   ,              12.2   ,               3.2   ,                12.2   ,           20.5   ,             12.2   ,                         5.3   ,              16   ,        0.8800   ,               27.0   ,                  9804   ,
2026-02-14 01:40:50 ,         210.0   ,             50.6   ,               30.9   ,        39.9   ,                  32.0   ,                30   ,                  1996   ,                30   ,                     0   ,           1013   ,          7   ,                        5   ,                   0   ,                    1   ,               26.0   ,                  13.1   ,                9.6   ,                 12.8   ,              12.2   ,               3.2   ,                12.2   ,           22.7   ,             12.2   ,                         5.8   ,              16   ,        0.8800   ,               28.0   ,                  9798   ,
2026-02-14 01:40:51 ,         210.0   ,             50.6   ,               30.9   ,        39.9   ,                  32.0   ,                30   ,                  1995   ,                30   ,                     0   ,           1013   ,          0   ,                        2   ,                   0   ,                    0   ,               23.3   ,                  12.6   ,                7.6   ,                 10.7   ,              12.2   ,               3.2   ,                12.2   ,           20.1   ,             12.2   ,                         5.2   ,              16   ,        0.8800   ,               28.0   ,                  9802   ,
2026-02-14 01:40:52 ,         210.0   ,             50.6   ,               30.8   ,        39.8   ,                  32.0   ,                30   ,                  2002   ,                30   ,                     0   ,           1013   ,          0   ,                        4   ,                   0   ,                    0   ,               23.4   ,                  12.5   ,                7.7   ,                 10.9   ,              12.2   ,               3.2   ,                12.2   ,           20.2   ,             12.2   ,                         5.2   ,              16   ,        0.8800   ,               27.0   ,                  9801   ,
2026-02-14 01:40:53 ,         210.0   ,             50.6   ,               30.9   ,        39.9   ,                  32.0   ,                30   ,                  2001   ,                30   ,                     0   ,           1013   ,         15   ,                        9   ,                   0   ,                    3   ,               25.8   ,                  12.6   ,                9.9   ,                 13.2   ,              12.2   ,               3.3   ,                12.2   ,           22.5   ,             12.2   ,                         5.7   ,              16   ,        0.8800   ,               28.0   ,                  9795   ,
2026-02-14 01:40:54 ,         210.0   ,             50.6   ,               30.9   ,        39.9   ,                  32.0   ,                30   ,                  2001   ,                30   ,                     0   ,           1013   ,          5   ,                        3   ,                   0   ,                    0   ,               27.3   ,                  14.4   ,                9.7   ,                 12.9   ,              12.2   ,               3.3   ,                12.2   ,           24.1   ,             12.2   ,                         6.1   ,              16   ,        0.8800   ,               28.0   ,                  9800   ,
2026-02-14 01:40:55 ,         210.0   ,             50.6   ,               30.9   ,        39.8   ,                  32.0   ,                30   ,                  2004   ,                30   ,                     0   ,            992   ,          0   ,                        1   ,                   0   ,                    0   ,               23.2   ,                  12.7   ,                7.4   ,                 10.5   ,              12.2   ,               3.2   ,                12.2   ,           20.0   ,             12.2   ,                         5.2   ,              16   ,        0.8800   ,               27.0   ,                  9665   ,
2026-02-14 01:40:56 ,         210.0   ,             50.6   ,               30.9   ,        39.9   ,                  32.0   ,                30   ,                  2002   ,                30   ,                     0   ,            992   ,          0   ,                       30   ,                   0   ,                    0   ,               23.4   ,                  12.4   ,                7.9   ,                 11.0   ,              12.2   ,               3.2   ,                12.2   ,           20.2   ,             12.2   ,                         5.2   ,              16   ,        0.8800   ,               29.0   ,                  9664   ,
2026-02-14 01:40:57 ,         210.0   ,             50.6   ,               30.9   ,        40.0   ,                  32.0   ,                30   ,                  2003   ,                30   ,                     0   ,            992   ,          3   ,                       14   ,                   0   ,                    0   ,               25.6   ,                  13.7   ,                8.7   ,                 11.9   ,              12.2   ,               3.3   ,                12.2   ,           22.3   ,             12.2   ,                         5.7   ,              16   ,        0.8800   ,               28.0   ,                  9664   ,
2026-02-14 01:40:58 ,         210.0   ,             50.6   ,               30.9   ,        39.9   ,                  32.0   ,                30   ,                  1999   ,                30   ,                     0   ,            981   ,          4   ,                        4   ,                   0   ,                    0   ,               25.3   ,                  13.4   ,                8.8   ,                 12.0   ,              12.2   ,               3.2   ,                12.2   ,           22.1   ,             12.2   ,                         5.6   ,              16   ,        0.8800   ,               28.0   ,                  9659   ,
