        Date        , GPU Clock [MHz] , Memory Clock [MHz] , GPU Temperature [°C] , Hot Spot [°C] , Memory Temperature [°C] , Fan 1 Speed (%) [%] , Fan 1 Speed (RPM) [RPM] , Fan 2 Speed (%) [%] , Fan 2 Speed (RPM) [RPM] , Memory Used [MB] , GPU Load [%] , Memory Controller Load [%] , Video Engine Load [%] , Bus Interface Load [%] , Board Power Draw [W] , GPU Chip Power Draw [W] , MVDDC Power Draw [W] , PWR_SRC Power Draw [W] , PWR_SRC Voltage [V] , PCIe Slot Power [W] , PCIe Slot Voltage [V] , 16-Pin Power [W] , 16-Pin Voltage [V] , Power Consumption (%) [% TDP] , PerfCap Reason [] , GPU Voltage [V] , CPU Temperature [°C] , System Memory Used [MB] ,
2026-02-11 18:12:53 ,         210.0   ,             50.6   ,               38.2   ,        46.7   ,                  46.0   ,                30   ,                  2001   ,                30   ,                     0   ,            534   ,          0   ,                        0   ,                   0   ,                    0   ,               19.7   ,                  11.0   ,                7.3   ,                  9.6   ,              12.3   ,               2.3   ,                12.2   ,           19.2   ,             12.2   ,                         4.8   ,              16   ,        0.8750   ,               29.0   ,                  9911   ,
2026-02-11 18:12:54 ,         210.0   ,             50.6   ,               38.1   ,        46.7   ,                  46.0   ,                30   ,                  2001   ,                30   ,                     0   ,            534   ,          0   ,                        0   ,                   0   ,                    0   ,               19.9   ,                  11.2   ,                6.4   ,                  8.7   ,              12.3   ,               2.3   ,                12.2   ,           20.3   ,             12.2   ,                         5.0   ,              16   ,        0.8750   ,               29.0   ,                  9910   ,
2026-02-11 18:12:55 ,         210.0   ,             50.6   ,               38.0   ,        46.7   ,                  46.0   ,                30   ,                  2000   ,                30   ,                     0   ,            534   ,          0   ,                        0   ,                   0   ,                    0   ,               22.0   ,                  12.7   ,                7.0   ,                  9.3   ,              12.3   ,               2.3   ,                12.2   ,           19.7   ,             12.2   ,                         4.9   ,              16   ,        0.8750   ,               29.0   ,                  9905   ,
2026-02-11 18:12:56 ,         210.0   ,             50.6   ,               38.0   ,        46.5   ,                  46.0   ,                30   ,                  1999   ,                30   ,                     0   ,            534   ,          0   ,                        0   ,                   0   ,                    0   ,               20.7   ,                  11.8   ,                6.7   ,                  9.0   ,              12.3   ,               2.3   ,                12.2   ,           18.4   ,             12.2   ,                         4.6   ,              16   ,        0.8750   ,               29.0   ,                  9908   ,
2026-02-11 18:12:57 ,         210.0   ,             50.6   ,               37.9   ,        46.5   ,                  46.0   ,                30   ,                  1999   ,                30   ,                     0   ,            534   ,          0   ,                        0   ,                   0   ,                    0   ,               19.8   ,                  10.9   ,                6.7   ,                  8.9   ,              12.3   ,               2.2   ,                12.2   ,           17.6   ,             12.2   ,                         4.4   ,              16   ,        0.8750   ,               30.0   ,                  9906   ,
2026-02-11 18:12:58 ,         210.0   ,             50.6   ,               37.8   ,        46.5   ,                  44.0   ,                30   ,                  1999   ,                30   ,                     0   ,            534   ,          0   ,                        0   ,                   0   ,                    0   ,               20.3   ,                  11.4   ,                6.7   ,                  8.9   ,              12.3   ,               2.2   ,                12.2   ,           18.0   ,             12.2   ,                         4.5   ,              16   ,        0.8750   ,               29.0   ,                  9906   ,
2026-02-11 18:12:59 ,         210.0   ,             50.6   ,               37.8   ,        46.3   ,                  46.0   ,                30   ,                  2002   ,                30   ,                     0   ,            534   ,          0   ,                        0   ,                   0   ,                    0   ,               19.8   ,                  11.0   ,                6.6   ,                  8.7   ,              12.3   ,               2.2   ,                12.2   ,           17.6   ,             12.2   ,                         4.4   ,              16   ,        0.8750   ,               29.0   ,                  9906   ,
2026-02-11 18:13:00 ,         210.0   ,             50.6   ,               37.7   ,        46.2   ,                  44.0   ,                30   ,                  2000   ,                30   ,                     0   ,            534   ,          0   ,                        0   ,                   0   ,                    0   ,               20.1   ,                  11.3   ,                6.6   ,                  8.8   ,              12.3   ,               2.3   ,                12.2   ,           17.9   ,             12.2   ,                         4.5   ,              16   ,        0.8750   ,               29.0   ,                  9902   ,
2026-02-11 18:13:01 ,         210.0   ,             50.6   ,               37.6   ,        46.1   ,                  46.0   ,                30   ,                  1998   ,                30   ,                     0   ,            534   ,          0   ,                        0   ,                   0   ,                    0   ,               20.5   ,                  11.6   ,                6.6   ,                  8.9   ,              12.3   ,               2.3   ,                12.2   ,           18.2   ,             12.2   ,                         4.6   ,              16   ,        0.8750   ,               29.0   ,                  9900   ,
2026-02-11 18:13:02 ,         210.0   ,             50.6   ,               37.6   ,        46.2   ,                  46.0   ,                30   ,                  1998   ,                30   ,                     0   ,            534   ,          0   ,                        0   ,                   0   ,                    0   ,               23.1   ,                  13.7   ,                7.1   ,                  9.4   ,              12.3   ,               2.3   ,                12.2   ,           20.8   ,             12.2   ,                         5.1   ,              16   ,        0.8750   ,               31.0   ,                  9983   ,
2026-02-11 18:13:03 ,         210.0   ,             50.6   ,               37.4   ,        46.0   ,                  44.0   ,                30   ,                  2001   ,                30   ,                     0   ,            534   ,          0   ,                        0   ,                   0   ,                    0   ,               20.0   ,                  11.1   ,                6.6   ,                  8.9   ,              12.3   ,               2.3   ,                12.2   ,           17.7   ,             12.2   ,                         4.4   ,              16   ,        0.8750   ,               31.0   ,                  9988   ,
2026-02-11 18:13:04 ,         210.0   ,             50.6   ,               37.4   ,        45.9   ,                  44.0   ,                30   ,                  2000   ,                30   ,                     0   ,            534   ,          0   ,                        0   ,                   0   ,                    0   ,               20.1   ,                  11.1   ,                6.7   ,                  9.0   ,              12.3   ,               2.3   ,                12.2   ,           17.8   ,             12.2   ,                         4.5   ,              16   ,        0.8750   ,               30.0   ,                  9991   ,
2026-02-11 18:13:05 ,         210.0   ,             50.6   ,               37.3   ,        45.8   ,                  44.0   ,                30   ,                  2000   ,                30   ,                     0   ,            534   ,          0   ,                        0   ,                   0   ,                    0   ,               20.2   ,                  11.4   ,                6.6   ,                  8.8   ,              12.3   ,               2.2   ,                12.2   ,           18.0   ,             12.2   ,                         4.5   ,              16   ,        0.8750   ,               31.0   ,                  9978   ,
2026-02-11 18:13:06 ,         210.0   ,             50.6   ,               37.3   ,        45.8   ,                  46.0   ,                30   ,                  2000   ,                30   ,                     0   ,            534   ,          0   ,                        0   ,                   0   ,                    0   ,               20.1   ,                  11.1   ,                6.7   ,                  9.0   ,              12.3   ,               2.2   ,                12.2   ,           17.8   ,             12.2   ,                         4.5   ,              16   ,        0.8750   ,               30.0   ,                  9969   ,
2026-02-11 18:13:07 ,         210.0   ,             50.6   ,               37.2   ,        45.8   ,                  44.0   ,                30   ,                  1998   ,                30   ,                     0   ,            534   ,          0   ,                        0   ,                   0   ,                    0   ,               19.4   ,                  10.8   ,                6.3   ,                  8.6   ,              12.3   ,               2.3   ,                12.2   ,           17.1   ,             12.2   ,                         4.3   ,              16   ,        0.8750   ,               31.0   ,                 10013   ,
2026-02-11 18:13:08 ,         210.0   ,             50.6   ,               37.1   ,        45.7   ,                  44.0   ,                30   ,                  2001   ,                30   ,                     0   ,            534   ,          0   ,                        0   ,                   0   ,                    0   ,               19.7   ,                  11.2   ,                6.2   ,                  8.6   ,              12.3   ,               2.4   ,                12.2   ,           17.4   ,             12.2   ,                         4.4   ,              16   ,        0.8750   ,               36.0   ,                 10056   ,
2026-02-11 18:13:09 ,         210.0   ,             50.6   ,               37.0   ,        45.6   ,                  44.0   ,                30   ,                  2003   ,                30   ,                     0   ,            534   ,          0   ,                        0   ,                   0   ,                    0   ,               19.8   ,                  11.2   ,                6.3   ,                  8.6   ,              12.3   ,               2.3   ,                12.2   ,           17.5   ,             12.2   ,                         4.4   ,              16   ,        0.8750   ,               32.0   ,                 10076   ,
2026-02-11 18:13:10 ,         210.0   ,             50.6   ,               37.0   ,        45.6   ,                  44.0   ,                30   ,                  2000   ,                30   ,                     0   ,            534   ,          0   ,                        0   ,                   0   ,                    0   ,               22.5   ,                  13.4   ,                6.7   ,                  9.1   ,              12.3   ,               2.4   ,                12.2   ,           20.1   ,             12.2   ,                         5.0   ,              16   ,        0.8750   ,               30.0   ,                  9943   ,
2026-02-11 18:13:11 ,         210.0   ,             50.6   ,               37.0   ,        45.5   ,                  44.0   ,                30   ,                  1999   ,                30   ,                     0   ,            534   ,          0   ,                        0   ,                   0   ,                    0   ,               19.4   ,                  11.0   ,                6.2   ,                  8.5   ,              12.3   ,               2.2   ,                12.2   ,           17.2   ,             12.2   ,                         4.3   ,              16   ,        0.8750   ,               30.0   ,                  9948   ,
2026-02-11 18:13:12 ,         210.0   ,             50.6   ,               36.9   ,        45.5   ,                  44.0   ,                30   ,                  1997   ,                30   ,                     0   ,            534   ,          0   ,                        0   ,                   0   ,                    0   ,               19.5   ,                  11.1   ,                6.2   ,                  8.4   ,              12.3   ,               2.2   ,                12.2   ,           17.3   ,             12.2   ,                         4.3   ,              16   ,        0.8750   ,               31.0   ,                  9947   ,
2026-02-11 18:13:13 ,         210.0   ,             50.6   ,               36.8   ,        45.4   ,                  44.0   ,                30   ,                  1999   ,                30   ,                     0   ,            534   ,          0   ,                        0   ,                   0   ,                    0   ,               19.2   ,                  10.8   ,                6.2   ,                  8.4   ,              12.3   ,               2.1   ,                12.2   ,           17.0   ,             12.2   ,                         4.3   ,              16   ,        0.8750   ,               37.0   ,                 10395   ,
2026-02-11 18:13:14 ,        2520.0   ,           1312.7   ,               37.8   ,        45.8   ,                  46.0   ,                30   ,                  2001   ,                30   ,                     0   ,            938   ,          5   ,                        0   ,                   0   ,                    0   ,               70.4   ,                  36.1   ,               28.0   ,                 34.3   ,              12.2   ,               6.4   ,                12.1   ,           64.1   ,             12.2   ,                        15.7   ,              16   ,        0.9500   ,               41.0   ,                 11463   ,
2026-02-11 18:13:15 ,        2520.0   ,           1312.7   ,               38.1   ,        45.9   ,                  44.0   ,                30   ,                  2000   ,                30   ,                     0   ,           2504   ,          0   ,                        0   ,                   0   ,                    0   ,               71.6   ,                  37.2   ,               28.0   ,                 34.3   ,              12.2   ,               6.4   ,                12.1   ,           65.2   ,             12.2   ,                        15.9   ,              16   ,        0.9500   ,               40.0   ,                 11763   ,
2026-02-11 18:13:16 ,        2520.0   ,           1312.7   ,               38.2   ,        46.1   ,                  44.0   ,                30   ,                  2000   ,                30   ,                     0   ,           2504   ,          0   ,                        0   ,                   0   ,                    0   ,               71.5   ,                  37.2   ,               27.9   ,                 34.3   ,              12.2   ,               6.3   ,                12.1   ,           65.2   ,             12.2   ,                        15.9   ,              16   ,        0.9500   ,               36.0   ,                 11781   ,
2026-02-11 18:13:17 ,        2520.0   ,           1312.7   ,               39.5   ,        46.2   ,                  46.0   ,                30   ,                  1998   ,                30   ,                     0   ,           3840   ,          6   ,                        0   ,                   0   ,                    3   ,               77.7   ,                  41.1   ,               30.3   ,                 36.6   ,              12.2   ,               6.4   ,                12.1   ,           71.3   ,             12.2   ,                        17.3   ,              16   ,        0.9500   ,               32.0   ,                 11941   ,
2026-02-11 18:13:18 ,        1530.0   ,            101.3   ,               37.3   ,        45.8   ,                  44.0   ,                30   ,                  2001   ,                30   ,                     0   ,            536   ,          0   ,                        0   ,                   0   ,                    0   ,               31.1   ,                  17.8   ,               10.7   ,                 13.4   ,              12.3   ,               2.7   ,                12.1   ,           28.5   ,             12.2   ,                         6.9   ,              16   ,        0.8900   ,               37.0   ,                 11510   ,
2026-02-11 18:13:19 ,         870.0   ,            101.3   ,               37.0   ,        45.6   ,                  44.0   ,                30   ,                  2000   ,                30   ,                     0   ,            536   ,          0   ,                        0   ,                   0   ,                    0   ,               23.4   ,                  14.4   ,                6.6   ,                  9.1   ,              12.3   ,               2.5   ,                12.2   ,           20.9   ,             12.2   ,                         5.2   ,              16   ,        0.8900   ,               37.0   ,                 11491   ,
2026-02-11 18:13:20 ,         495.0   ,             50.6   ,               36.8   ,        45.4   ,                  44.0   ,                30   ,                  2002   ,                30   ,                     0   ,            536   ,          0   ,                        0   ,                   0   ,                    0   ,               20.6   ,                  11.9   ,                6.5   ,                  8.7   ,              12.3   ,               2.2   ,                12.2   ,           18.4   ,             12.2   ,                         4.6   ,              16   ,        0.8750   ,               30.0   ,                 11494   ,
2026-02-11 18:13:21 ,         285.0   ,             50.6   ,               36.8   ,        45.4   ,                  44.0   ,                30   ,                  2000   ,                30   ,                     0   ,            534   ,          0   ,                        0   ,                   0   ,                    0   ,               24.0   ,                  14.0   ,                7.9   ,                 10.1   ,              12.3   ,               2.2   ,                12.2   ,           21.8   ,             12.2   ,                         5.3   ,              16   ,        0.8750   ,               36.0   ,                 10020   ,
2026-02-11 18:13:22 ,         210.0   ,             50.6   ,               36.7   ,        45.3   ,                  44.0   ,                30   ,                  1998   ,                30   ,                     0   ,            534   ,          1   ,                        0   ,                   0   ,                    0   ,               21.7   ,                  12.8   ,                6.7   ,                  8.9   ,              12.3   ,               2.2   ,                12.1   ,           19.5   ,             12.2   ,                         4.8   ,              16   ,        0.8750   ,               38.0   ,                 10959   ,
2026-02-11 18:13:23 ,        2520.0   ,           1312.7   ,               37.8   ,        45.8   ,                  46.0   ,                30   ,                  1998   ,                30   ,                     0   ,           1222   ,          8   ,                        0   ,                   0   ,                    4   ,               72.2   ,                  37.7   ,               28.1   ,                 34.5   ,              12.2   ,               6.4   ,                12.1   ,           65.8   ,             12.2   ,                        16.2   ,              16   ,        0.9500   ,               32.0   ,                 11730   ,
2026-02-11 18:13:24 ,        2520.0   ,           1312.7   ,               38.0   ,        45.8   ,                  46.0   ,                30   ,                  2001   ,                30   ,                     0   ,           2504   ,          0   ,                        0   ,                   0   ,                    0   ,               71.5   ,                  37.1   ,               27.9   ,                 34.3   ,              12.2   ,               6.4   ,                12.1   ,           65.1   ,             12.2   ,                        15.9   ,              16   ,        0.9500   ,               38.0   ,                 11817   ,
2026-02-11 18:13:25 ,        2760.0   ,           1312.7   ,               44.8   ,        48.6   ,                  50.0   ,                30   ,                  2002   ,                30   ,                     0   ,           3866   ,         93   ,                       53   ,                   0   ,                    0   ,              279.3   ,                 189.7   ,               81.3   ,                 89.6   ,              12.1   ,               8.3   ,                12.1   ,          271.0   ,             12.0   ,                        62.1   ,               4   ,        1.0500   ,               36.0   ,                 11958   ,
2026-02-11 18:13:26 ,        2760.0   ,           1312.7   ,               46.1   ,        50.0   ,                  50.0   ,                30   ,                  2001   ,                30   ,                     0   ,           3866   ,         94   ,                       49   ,                   0   ,                    0   ,              283.1   ,                 193.7   ,               81.2   ,                 89.4   ,              12.1   ,               8.2   ,                12.1   ,          274.9   ,             12.0   ,                        62.9   ,               4   ,        1.0500   ,               37.0   ,                 11955   ,
2026-02-11 18:13:27 ,        2760.0   ,           1312.7   ,               47.7   ,        52.4   ,                  50.0   ,                30   ,                  1999   ,                30   ,                     0   ,           3866   ,         96   ,                       38   ,                   0   ,                    0   ,              299.9   ,                 227.3   ,               64.9   ,                 72.6   ,              12.1   ,               7.7   ,                12.1   ,          292.2   ,             12.0   ,                        66.6   ,               4   ,        1.0500   ,               37.0   ,                 11954   ,
2026-02-11 18:13:28 ,        2745.0   ,           1312.7   ,               49.7   ,        55.4   ,                  50.0   ,                30   ,                  1998   ,                30   ,                     0   ,           3866   ,         95   ,                       44   ,                   0   ,                    0   ,              290.5   ,                 204.1   ,               78.3   ,                 86.3   ,              12.1   ,               8.1   ,                12.1   ,          282.4   ,             12.0   ,                        64.5   ,               4   ,        1.0500   ,               36.0   ,                 11953   ,
2026-02-11 18:13:29 ,        2745.0   ,           1312.7   ,               50.2   ,        56.2   ,                  52.0   ,                30   ,                  2000   ,                30   ,                     0   ,           3866   ,         95   ,                       44   ,                   0   ,                    0   ,              292.6   ,                 205.1   ,               79.3   ,                 87.5   ,              12.1   ,               8.2   ,                12.1   ,          284.5   ,             12.0   ,                        65.0   ,               4   ,        1.0500   ,               37.0   ,                 11954   ,
2026-02-11 18:13:30 ,        2745.0   ,           1312.7   ,               49.9   ,        55.3   ,                  52.0   ,                30   ,                  2001   ,                30   ,                     0   ,           3866   ,         95   ,                       44   ,                   0   ,                    0   ,              288.1   ,                 199.9   ,               79.9   ,                 88.1   ,              12.1   ,               8.2   ,                12.1   ,          279.8   ,             12.0   ,                        64.0   ,               4   ,        1.0500   ,               36.0   ,                 11955   ,
2026-02-11 18:13:31 ,        2745.0   ,           1312.7   ,               49.2   ,        53.8   ,                  52.0   ,                30   ,                  2003   ,                30   ,                     0   ,           3866   ,         94   ,                       46   ,                   0   ,                    0   ,              286.4   ,                 195.5   ,               82.6   ,                 90.9   ,              12.0   ,               8.3   ,                12.1   ,          278.1   ,             12.0   ,                        63.6   ,               4   ,        1.0500   ,               35.0   ,                 11955   ,
2026-02-11 18:13:32 ,        2745.0   ,           1312.7   ,               48.7   ,        52.9   ,                  52.0   ,                30   ,                  2000   ,                30   ,                     0   ,           3866   ,         94   ,                       51   ,                   0   ,                    0   ,              284.9   ,                 191.8   ,               84.8   ,                 93.2   ,              12.1   ,               8.4   ,                12.1   ,          276.6   ,             12.0   ,                        63.3   ,               4   ,        1.0500   ,               36.0   ,                 11955   ,
2026-02-11 18:13:33 ,        2745.0   ,           1312.7   ,               48.9   ,        53.3   ,                  54.0   ,                30   ,                  1999   ,                30   ,                     0   ,           3866   ,         93   ,                       59   ,                   0   ,                    0   ,              281.9   ,                 186.8   ,               86.5   ,                 94.3   ,              12.0   ,               8.4   ,                12.1   ,          280.1   ,             12.0   ,                        64.1   ,               4   ,        1.0500   ,               37.0   ,                 11955   ,
2026-02-11 18:13:34 ,        2745.0   ,           1312.7   ,               49.2   ,        53.7   ,                  54.0   ,                30   ,                  2000   ,                30   ,                     0   ,           3866   ,         93   ,                       58   ,                   0   ,                    0   ,              280.6   ,                 186.8   ,               85.5   ,                 93.9   ,              12.1   ,               8.4   ,                12.1   ,          272.2   ,             12.0   ,                        62.4   ,               4   ,        1.0500   ,               37.0   ,                 11956   ,
2026-02-11 18:13:35 ,        2745.0   ,           1312.7   ,               49.2   ,        53.7   ,                  54.0   ,                30   ,                  2000   ,                30   ,                     0   ,           3866   ,         93   ,                       57   ,                   0   ,                    0   ,              277.4   ,                 185.9   ,               83.1   ,                 91.4   ,              12.1   ,               8.3   ,                12.1   ,          269.1   ,             12.1   ,                        61.6   ,               4   ,        1.0500   ,               36.0   ,                 11954   ,
2026-02-11 18:13:36 ,        2745.0   ,           1312.7   ,               49.7   ,        53.9   ,                  56.0   ,                30   ,                  2002   ,                30   ,                     0   ,           3866   ,         93   ,                       52   ,                   0   ,                    0   ,              279.5   ,                 191.7   ,               79.6   ,                 87.8   ,              12.1   ,               8.2   ,                12.1   ,          271.3   ,             12.0   ,                        62.1   ,               4   ,        1.0500   ,               37.0   ,                 11963   ,
2026-02-11 18:13:37 ,        2745.0   ,           1312.7   ,               50.0   ,        54.2   ,                  56.0   ,                30   ,                  2001   ,                30   ,                     0   ,           3866   ,         93   ,                       53   ,                   0   ,                    0   ,              287.7   ,                 198.0   ,               81.5   ,                 89.8   ,              12.1   ,               8.3   ,                12.1   ,          279.4   ,             12.0   ,                        63.9   ,               4   ,        1.0500   ,               36.0   ,                 11952   ,
2026-02-11 18:13:38 ,        2745.0   ,           1312.7   ,               51.8   ,        56.9   ,                  56.0   ,                30   ,                  1999   ,                30   ,                     0   ,           3866   ,         94   ,                       50   ,                   0   ,                    0   ,              289.3   ,                 204.0   ,               77.1   ,                 85.3   ,              12.1   ,               8.3   ,                12.1   ,          278.5   ,             12.0   ,                        63.7   ,               4   ,        1.0500   ,               36.0   ,                 11949   ,
2026-02-11 18:13:39 ,        2745.0   ,           1312.7   ,               51.7   ,        56.6   ,                  56.0   ,                30   ,                  2000   ,                30   ,                     0   ,           3866   ,         96   ,                       45   ,                   0   ,                    0   ,              297.8   ,                 223.7   ,               74.2   ,                 82.2   ,              12.1   ,               8.0   ,                12.1   ,          283.6   ,             12.0   ,                        64.8   ,               4   ,        1.0500   ,               37.0   ,                 11949   ,
2026-02-11 18:13:40 ,        2745.0   ,           1312.7   ,               54.0   ,        60.7   ,                  58.0   ,                30   ,                  2001   ,                30   ,                     0   ,           3866   ,         96   ,                       37   ,                   0   ,                    0   ,              303.0   ,                 233.4   ,               61.9   ,                 69.6   ,              12.1   ,               7.7   ,                12.1   ,          295.3   ,             12.0   ,                        67.3   ,               4   ,        1.0500   ,               36.0   ,                 11949   ,
2026-02-11 18:13:41 ,        2745.0   ,           1312.7   ,               52.9   ,        57.9   ,                  56.0   ,                30   ,                  2001   ,                30   ,                     0   ,           3866   ,         95   ,                       45   ,                   0   ,                    0   ,              290.3   ,                 205.4   ,               76.7   ,                 85.0   ,              12.1   ,               8.2   ,                12.1   ,          282.1   ,             12.0   ,                        64.5   ,               4   ,        1.0500   ,               37.0   ,                 11949   ,
2026-02-11 18:13:42 ,        2745.0   ,           1312.7   ,               55.3   ,        62.0   ,                  58.0   ,                30   ,                  2001   ,                30   ,                     0   ,           3866   ,         97   ,                       32   ,                   0   ,                    0   ,              320.9   ,                 250.1   ,               63.0   ,                 70.7   ,              12.0   ,               7.7   ,                12.1   ,          313.2   ,             12.0   ,                        71.3   ,               4   ,        1.0500   ,               36.0   ,                 11949   ,
2026-02-11 18:13:43 ,        2745.0   ,           1312.7   ,               53.0   ,        57.7   ,                  56.0   ,                30   ,                  2000   ,                30   ,                     0   ,           3866   ,         95   ,                       41   ,                   0   ,                    0   ,              290.8   ,                 201.3   ,               81.2   ,                 89.6   ,              12.1   ,               8.4   ,                12.1   ,          282.5   ,             12.0   ,                        64.6   ,               4   ,        1.0500   ,               37.0   ,                 11948   ,
2026-02-11 18:13:44 ,        2745.0   ,           1312.7   ,               53.8   ,        59.0   ,                  58.0   ,                30   ,                  1998   ,                30   ,                     0   ,           3866   ,         95   ,                       43   ,                   0   ,                    0   ,              296.9   ,                 208.9   ,               79.8   ,                 88.0   ,              12.0   ,               8.2   ,                12.1   ,          288.7   ,             12.0   ,                        66.0   ,               4   ,        1.0500   ,               37.0   ,                 11949   ,
2026-02-11 18:13:45 ,        2745.0   ,           1312.7   ,               54.6   ,        60.1   ,                  58.0   ,                30   ,                  2000   ,                30   ,                     0   ,           3866   ,         94   ,                       42   ,                   0   ,                    0   ,              287.1   ,                 198.0   ,               80.9   ,                 89.1   ,              12.1   ,               8.2   ,                12.1   ,          278.9   ,             12.0   ,                        63.8   ,               4   ,        1.0500   ,               36.0   ,                 11948   ,
2026-02-11 18:13:46 ,        2745.0   ,           1312.7   ,               55.5   ,        61.6   ,                  58.0   ,                30   ,                  2003   ,                30   ,                     0   ,           3866   ,         94   ,                       47   ,                   0   ,                    0   ,              284.7   ,                 197.8   ,               78.7   ,                 86.9   ,              12.1   ,               8.2   ,                12.1   ,          276.5   ,             12.0   ,                        63.3   ,               4   ,        1.0500   ,               36.0   ,                 11948   ,
2026-02-11 18:13:47 ,        2745.0   ,           1312.7   ,               54.4   ,        59.3   ,                  60.0   ,                30   ,                  2001   ,                30   ,                     0   ,           3866   ,         95   ,                       44   ,                   0   ,                    0   ,              319.2   ,                 247.6   ,               63.9   ,                 71.6   ,              12.0   ,               7.7   ,                12.1   ,          311.5   ,             12.0   ,                        70.9   ,               4   ,        1.0500   ,               37.0   ,                 11948   ,
2026-02-11 18:13:48 ,        2745.0   ,           1312.7   ,               54.9   ,        60.1   ,                  60.0   ,                30   ,                  2000   ,                30   ,                     0   ,           3866   ,         94   ,                       44   ,                   0   ,                    0   ,              314.9   ,                 237.0   ,               70.0   ,                 77.9   ,              12.0   ,               7.9   ,                12.1   ,          306.9   ,             12.0   ,                        70.0   ,               4   ,        1.0500   ,               37.0   ,                 11947   ,
2026-02-11 18:13:49 ,        2745.0   ,           1312.7   ,               55.5   ,        61.0   ,                  60.0   ,                30   ,                  1998   ,                30   ,                     0   ,           3866   ,         95   ,                       44   ,                   0   ,                    0   ,              306.8   ,                 233.7   ,               65.3   ,                 73.1   ,              12.0   ,               7.8   ,                12.1   ,          299.0   ,             12.0   ,                        68.2   ,               4   ,        1.0500   ,               37.0   ,                 11947   ,
2026-02-11 18:13:50 ,        2745.0   ,           1312.7   ,               55.4   ,        60.3   ,                  60.0   ,                30   ,                  2000   ,                30   ,                     0   ,           3866   ,         94   ,                       50   ,                   0   ,                    0   ,              303.6   ,                 203.5   ,               85.3   ,                 93.7   ,              12.0   ,               8.4   ,                12.1   ,          288.8   ,             12.0   ,                        66.1   ,               4   ,        1.0500   ,               37.0   ,                 11947   ,
2026-02-11 18:13:51 ,        2745.0   ,           1312.7   ,               54.9   ,        59.5   ,                  62.0   ,                30   ,                  2001   ,                30   ,                     0   ,           3866   ,         93   ,                       57   ,                   0   ,                    0   ,              284.2   ,                 190.4   ,               85.4   ,                 91.8   ,              12.1   ,               8.4   ,                12.1   ,          270.9   ,             12.0   ,                        62.1   ,               4   ,        1.0500   ,               37.0   ,                 11947   ,
2026-02-11 18:13:52 ,        2745.0   ,           1312.7   ,               55.0   ,        59.9   ,                  62.0   ,                30   ,                  2001   ,                30   ,                     0   ,           3866   ,         92   ,                       58   ,                   0   ,                    0   ,              284.8   ,                 191.7   ,               84.7   ,                 93.1   ,              12.1   ,               8.4   ,                12.1   ,          276.4   ,             12.0   ,                        63.3   ,               4   ,        1.0500   ,               36.0   ,                 11947   ,
2026-02-11 18:13:53 ,        2745.0   ,           1312.7   ,               55.6   ,        60.6   ,                  64.0   ,                30   ,                  2002   ,                30   ,                     0   ,           3866   ,         93   ,                       59   ,                   0   ,                    0   ,              284.1   ,                 191.4   ,               84.4   ,                 92.7   ,              12.1   ,               8.4   ,                12.1   ,          275.8   ,             12.0   ,                        63.1   ,               4   ,        1.0500   ,               36.0   ,                 11947   ,
2026-02-11 18:13:54 ,        2745.0   ,           1312.7   ,               55.4   ,        61.0   ,                  64.0   ,                30   ,                  2000   ,                30   ,                     0   ,           3866   ,         93   ,                       56   ,                   0   ,                    0   ,              283.1   ,                 190.5   ,               84.2   ,                 92.6   ,              12.1   ,               8.4   ,                12.1   ,          274.7   ,             12.0   ,                        62.9   ,               4   ,        1.0500   ,               36.0   ,                 11947   ,
2026-02-11 18:13:55 ,        2745.0   ,           1312.7   ,               55.7   ,        60.8   ,                  64.0   ,                30   ,                  2000   ,                30   ,                     0   ,           3866   ,         93   ,                       56   ,                   0   ,                    0   ,              286.3   ,                 192.7   ,               85.2   ,                 93.6   ,              12.1   ,               8.4   ,                12.1   ,          277.9   ,             12.0   ,                        63.6   ,               4   ,        1.0500   ,               35.0   ,                 11947   ,
2026-02-11 18:13:56 ,        2745.0   ,           1312.7   ,               56.0   ,        60.8   ,                  64.0   ,                30   ,                  2001   ,                30   ,                     0   ,           3866   ,         93   ,                       56   ,                   0   ,                    0   ,              284.0   ,                 190.9   ,               84.6   ,                 93.1   ,              12.1   ,               8.5   ,                12.1   ,          275.5   ,             12.0   ,                        63.1   ,               4   ,        1.0500   ,               36.0   ,                 11946   ,
2026-02-11 18:13:57 ,        2745.0   ,           1312.7   ,               56.8   ,        61.8   ,                  64.0   ,                30   ,                  2002   ,                30   ,                     0   ,           3866   ,         93   ,                       54   ,                   0   ,                    0   ,              282.2   ,                 189.7   ,               84.0   ,                 92.4   ,              12.1   ,               8.4   ,                12.1   ,          273.8   ,             12.0   ,                        62.7   ,               4   ,        1.0500   ,               37.0   ,                 11946   ,
2026-02-11 18:13:58 ,        2745.0   ,           1312.7   ,               50.6   ,        59.4   ,                  60.0   ,                30   ,                  2000   ,                30   ,                     0   ,            536   ,          0   ,                        0   ,                   0   ,                    0   ,               87.9   ,                  52.8   ,               28.6   ,                 35.1   ,              12.2   ,               6.5   ,                12.1   ,           81.4   ,             12.2   ,                        19.5   ,               4   ,        1.0500   ,               38.0   ,                 11500   ,
2026-02-11 18:13:59 ,        2745.0   ,           1312.7   ,               50.0   ,        58.9   ,                  60.0   ,                30   ,                  2001   ,                30   ,                     0   ,            536   ,          0   ,                        0   ,                   0   ,                    0   ,               86.5   ,                  51.4   ,               28.6   ,                 35.1   ,              12.2   ,               6.5   ,                12.1   ,           80.1   ,             12.2   ,                        19.2   ,               4   ,        1.0500   ,               39.0   ,                 11502   ,
2026-02-11 18:14:00 ,         420.0   ,            625.2   ,               48.4   ,        57.9   ,                  58.0   ,                30   ,                  1999   ,                30   ,                     0   ,            536   ,          0   ,                        0   ,                   0   ,                    0   ,               47.0   ,                  21.0   ,               19.7   ,                 26.0   ,              12.3   ,               6.3   ,                12.1   ,           40.7   ,             12.2   ,                        10.5   ,              16   ,        0.8850   ,               32.0   ,                 11514   ,
2026-02-11 18:14:01 ,         270.0   ,            625.2   ,               48.0   ,        57.6   ,                  58.0   ,                30   ,                  2001   ,                30   ,                     0   ,            534   ,          0   ,                        0   ,                   0   ,                    0   ,               47.0   ,                  21.0   ,               19.7   ,                 26.0   ,              12.2   ,               6.3   ,                12.1   ,           40.8   ,             12.2   ,                        10.5   ,              16   ,        0.8850   ,               32.0   ,                 10098   ,
2026-02-11 18:14:02 ,         210.0   ,            625.2   ,               47.7   ,        57.0   ,                  56.0   ,                30   ,                  2001   ,                30   ,                     0   ,            534   ,          0   ,                        0   ,                   0   ,                    0   ,               47.1   ,                  21.1   ,               19.6   ,                 25.9   ,              12.2   ,               6.4   ,                12.1   ,           40.8   ,             12.2   ,                        10.5   ,              16   ,        0.8850   ,               33.0   ,                 10757   ,
2026-02-11 18:14:03 ,        2520.0   ,           1312.7   ,               48.2   ,        57.2   ,                  58.0   ,                30   ,                  1999   ,                30   ,                     0   ,            938   ,          6   ,                        0   ,                   0   ,                    0   ,               76.3   ,                  42.2   ,               28.3   ,                 34.9   ,              12.2   ,               6.6   ,                12.1   ,           70.6   ,             12.2   ,                        17.1   ,              16   ,        0.9500   ,               40.0   ,                 11363   ,
2026-02-11 18:14:04 ,        2520.0   ,           1312.7   ,               48.1   ,        57.0   ,                  56.0   ,                30   ,                  2000   ,                30   ,                     0   ,            938   ,          0   ,                        0   ,                   0   ,                    0   ,               76.4   ,                  41.5   ,               28.3   ,                 34.8   ,              12.2   ,               6.5   ,                12.1   ,           69.9   ,             12.2   ,                        17.0   ,              16   ,        0.9500   ,               36.0   ,                 12695   ,
2026-02-11 18:14:05 ,        2520.0   ,           1312.7   ,               48.0   ,        56.9   ,                  58.0   ,                30   ,                  1997   ,                30   ,                     0   ,           2650   ,         14   ,                        0   ,                   0   ,                    6   ,               77.1   ,                  41.6   ,               29.0   ,                 35.5   ,              12.2   ,               6.5   ,                12.1   ,           70.6   ,             12.2   ,                        17.1   ,              16   ,        0.9500   ,               40.0   ,                 14917   ,
2026-02-11 18:14:06 ,        2520.0   ,           1312.7   ,               47.9   ,        56.7   ,                  56.0   ,                30   ,                  2000   ,                30   ,                     0   ,           5180   ,          0   ,                        0   ,                   0   ,                    0   ,               75.7   ,                  41.0   ,               28.2   ,                 34.7   ,              12.3   ,               6.5   ,                12.1   ,           69.2   ,             12.2   ,                        16.8   ,              16   ,        0.9500   ,               41.0   ,                 15060   ,
2026-02-11 18:14:07 ,        2520.0   ,           1312.7   ,               47.7   ,        56.5   ,                  56.0   ,                30   ,                  2000   ,                30   ,                     0   ,           5180   ,          0   ,                        0   ,                   0   ,                    0   ,               76.3   ,                  41.5   ,               28.3   ,                 34.8   ,              12.2   ,               6.5   ,                12.1   ,           69.8   ,             12.2   ,                        17.0   ,              16   ,        0.9500   ,               34.0   ,                 15169   ,
2026-02-11 18:14:08 ,        2520.0   ,           1312.7   ,               47.5   ,        56.3   ,                  58.0   ,                30   ,                  2003   ,                30   ,                     0   ,           5180   ,          0   ,                        0   ,                   0   ,                    0   ,               76.2   ,                  41.4   ,               28.3   ,                 34.8   ,              12.2   ,               6.5   ,                12.1   ,           69.7   ,             12.2   ,                        16.9   ,              16   ,        0.9500   ,               38.0   ,                 15245   ,
2026-02-11 18:14:09 ,         645.0   ,            101.3   ,               46.7   ,        55.9   ,                  56.0   ,                30   ,                  2000   ,                30   ,                     0   ,           5180   ,          0   ,                        0   ,                   0   ,                    0   ,               24.0   ,                  14.0   ,                7.2   ,                 10.0   ,              12.3   ,               2.8   ,                12.1   ,           21.2   ,             12.2   ,                         5.3   ,              16   ,        0.8850   ,               39.0   ,                 15258   ,
2026-02-11 18:14:11 ,         375.0   ,             50.6   ,               46.0   ,        55.3   ,                  54.0   ,                30   ,                  2000   ,                30   ,                     0   ,           5180   ,          0   ,                        0   ,                   0   ,                    0   ,               26.9   ,                  17.7   ,                6.5   ,                  9.2   ,              12.3   ,               2.7   ,                12.1   ,           24.2   ,             12.2   ,                         6.4   ,              16   ,        0.8700   ,               36.0   ,                 15557   ,
2026-02-11 18:14:12 ,         210.0   ,             50.6   ,               45.8   ,        55.0   ,                  54.0   ,                30   ,                  1998   ,                30   ,                     0   ,           5606   ,         17   ,                        5   ,                   0   ,                   12   ,               29.8   ,                  18.0   ,                9.4   ,                 11.8   ,              12.3   ,               2.4   ,                12.1   ,           27.4   ,             12.2   ,                         8.2   ,              16   ,        0.8700   ,               33.0   ,                 16043   ,
2026-02-11 18:14:13 ,        2520.0   ,           1312.7   ,               46.9   ,        55.4   ,                  56.0   ,                30   ,                  2000   ,                30   ,                     0   ,            536   ,          1   ,                        0   ,                   0   ,                    0   ,               76.4   ,                  41.5   ,               28.4   ,                 34.8   ,              12.2   ,               6.5   ,                12.1   ,           69.9   ,             12.2   ,                        16.9   ,              16   ,        0.9500   ,               37.0   ,                 13757   ,
2026-02-11 18:14:14 ,        1080.0   ,            625.2   ,               46.4   ,        55.3   ,                  56.0   ,                30   ,                  2000   ,                30   ,                     0   ,            536   ,          0   ,                        0   ,                   0   ,                    0   ,               76.1   ,                  41.4   ,               28.2   ,                 34.7   ,              12.2   ,               6.5   ,                12.1   ,           43.6   ,             12.2   ,                        11.1   ,              16   ,        0.8850   ,               36.0   ,                 13758   ,
2026-02-11 18:14:15 ,         660.0   ,            101.3   ,               45.6   ,        54.8   ,                  54.0   ,                30   ,                  2000   ,                30   ,                     0   ,            536   ,          0   ,                        0   ,                   0   ,                    0   ,               40.2   ,                  24.6   ,               12.7   ,                 15.6   ,              12.3   ,               2.8   ,                12.1   ,           37.3   ,             12.2   ,                         8.9   ,              16   ,        0.8850   ,               33.0   ,                 13778   ,
2026-02-11 18:14:16 ,         390.0   ,            101.3   ,               45.2   ,        54.4   ,                  54.0   ,                30   ,                  2001   ,                30   ,                     0   ,            536   ,          0   ,                        0   ,                   0   ,                    0   ,               28.2   ,                  18.2   ,                7.4   ,                 10.0   ,              12.3   ,               2.6   ,                12.1   ,           25.6   ,             12.2   ,                         6.3   ,              16   ,        0.8850   ,               32.0   ,                 11276   ,
2026-02-11 18:14:17 ,         225.0   ,             50.6   ,               44.9   ,        54.1   ,                  54.0   ,                30   ,                  1999   ,                30   ,                     0   ,            534   ,          0   ,                        0   ,                   0   ,                    0   ,               26.5   ,                  16.7   ,                7.6   ,                  9.8   ,              12.3   ,               2.2   ,                12.1   ,           24.3   ,             12.2   ,                         5.9   ,              16   ,        0.8700   ,               35.0   ,                 10596   ,
2026-02-11 18:14:18 ,        2520.0   ,           1312.7   ,               45.9   ,        54.4   ,                  56.0   ,                30   ,                  2000   ,                30   ,                     0   ,            938   ,          0   ,                        0   ,                   0   ,                    0   ,               75.2   ,                  40.6   ,               28.2   ,                 34.6   ,              12.2   ,               6.4   ,                12.1   ,           68.8   ,             12.2   ,                        16.7   ,              16   ,        0.9500   ,               36.0   ,                 11632   ,
2026-02-11 18:14:19 ,        2520.0   ,           1312.7   ,               45.9   ,        54.4   ,                  56.0   ,                30   ,                  2002   ,                30   ,                     0   ,            986   ,          0   ,                        0   ,                   0   ,                    0   ,               75.9   ,                  41.2   ,               28.3   ,                 34.7   ,              12.2   ,               6.4   ,                12.1   ,           69.5   ,             12.2   ,                        16.9   ,              16   ,        0.9500   ,               40.0   ,                 12663   ,
2026-02-11 18:14:20 ,        2520.0   ,           1312.7   ,               45.9   ,        54.4   ,                  56.0   ,                30   ,                  1998   ,                30   ,                     0   ,           3146   ,         18   ,                        1   ,                   0   ,                    8   ,               76.5   ,                  40.7   ,               29.3   ,                 35.8   ,              12.2   ,               6.5   ,                12.1   ,           70.0   ,             12.2   ,                        17.0   ,              16   ,        0.9500   ,               40.0   ,                 15199   ,
2026-02-11 18:14:21 ,        2520.0   ,           1312.7   ,               45.8   ,        54.3   ,                  54.0   ,                30   ,                  2001   ,                30   ,                     0   ,           5180   ,          0   ,                        0   ,                   0   ,                    0   ,               74.8   ,                  40.1   ,               28.2   ,                 34.6   ,              12.2   ,               6.5   ,                12.1   ,           68.3   ,             12.2   ,                        16.6   ,              16   ,        0.9500   ,               41.0   ,                 15156   ,
2026-02-11 18:14:22 ,        2520.0   ,           1312.7   ,               45.7   ,        54.2   ,                  54.0   ,                30   ,                  1999   ,                30   ,                     0   ,           5180   ,          0   ,                        0   ,                   0   ,                    0   ,               75.6   ,                  40.9   ,               28.2   ,                 34.7   ,              12.2   ,               6.4   ,                12.1   ,           69.1   ,             12.2   ,                        16.8   ,              16   ,        0.9500   ,               38.0   ,                 15186   ,
2026-02-11 18:14:23 ,        2520.0   ,           1312.7   ,               45.6   ,        54.2   ,                  54.0   ,                30   ,                  1999   ,                30   ,                     0   ,           5180   ,          0   ,                        0   ,                   0   ,                    0   ,               75.5   ,                  40.9   ,               28.1   ,                 34.6   ,              12.2   ,               6.4   ,                12.1   ,           69.1   ,             12.2   ,                        16.8   ,              16   ,        0.9500   ,               39.0   ,                 15441   ,
2026-02-11 18:14:24 ,         615.0   ,            101.3   ,               44.6   ,        53.7   ,                  54.0   ,                30   ,                  1999   ,                30   ,                     0   ,           5180   ,          0   ,                        0   ,                   0   ,                    0   ,               38.1   ,                  23.4   ,               12.0   ,                 14.6   ,              12.3   ,               2.6   ,                12.1   ,           26.9   ,             12.2   ,                         6.6   ,              16   ,        0.8850   ,               38.0   ,                 15467   ,
2026-02-11 18:14:25 ,        2520.0   ,           1312.7   ,               45.3   ,        53.7   ,                  54.0   ,                30   ,                  2002   ,                30   ,                     0   ,           5852   ,         82   ,                       16   ,                   0   ,                    9   ,               88.2   ,                  40.3   ,               28.2   ,                 34.6   ,              12.2   ,               6.4   ,                12.1   ,           68.6   ,             12.2   ,                        16.7   ,              16   ,        0.9500   ,               40.0   ,                 16088   ,
2026-02-11 18:14:26 ,        2745.0   ,           1312.7   ,               50.9   ,        55.8   ,                  58.0   ,                30   ,                  2001   ,                30   ,                     0   ,           7438   ,         93   ,                       59   ,                   0   ,                    0   ,              263.9   ,                 167.1   ,               88.2   ,                 96.8   ,              12.1   ,               8.6   ,                12.1   ,          255.3   ,             12.1   ,                        58.6   ,               4   ,        1.0500   ,               36.0   ,                 16336   ,
2026-02-11 18:14:27 ,        2745.0   ,           1312.7   ,               51.6   ,        56.8   ,                  60.0   ,                30   ,                  1999   ,                30   ,                     0   ,           7438   ,         93   ,                       59   ,                   0   ,                    0   ,              266.6   ,                 167.9   ,               89.9   ,                 98.7   ,              12.1   ,               8.8   ,                12.1   ,          257.8   ,             12.1   ,                        59.2   ,               4   ,        1.0500   ,               37.0   ,                 16336   ,
2026-02-11 18:14:28 ,        2745.0   ,           1312.7   ,               52.2   ,        57.2   ,                  60.0   ,                30   ,                  2001   ,                30   ,                     0   ,           7438   ,         93   ,                       58   ,                   0   ,                    0   ,              268.4   ,                 170.1   ,               89.5   ,                 98.3   ,              12.1   ,               8.8   ,                12.1   ,          259.6   ,             12.1   ,                        59.6   ,               4   ,        1.0500   ,               36.0   ,                 16335   ,
2026-02-11 18:14:29 ,        2745.0   ,           1312.7   ,               52.4   ,        57.6   ,                  60.0   ,                30   ,                  2000   ,                30   ,                     0   ,           7438   ,         93   ,                       59   ,                   0   ,                    0   ,              274.4   ,                 174.5   ,               91.0   ,                 99.9   ,              12.1   ,               8.9   ,                12.1   ,          265.5   ,             12.0   ,                        61.0   ,               4   ,        1.0500   ,               37.0   ,                 16335   ,
2026-02-11 18:14:30 ,        2745.0   ,           1312.7   ,               52.7   ,        58.1   ,                  62.0   ,                30   ,                  2002   ,                30   ,                     0   ,           7438   ,         92   ,                       59   ,                   0   ,                    0   ,              271.1   ,                 171.6   ,               90.8   ,                 99.5   ,              12.1   ,               8.8   ,                12.1   ,          262.4   ,             12.0   ,                        60.3   ,               4   ,        1.0500   ,               36.0   ,                 16334   ,
2026-02-11 18:14:31 ,        2745.0   ,           1312.7   ,               53.0   ,        58.1   ,                  62.0   ,                30   ,                  2000   ,                30   ,                     0   ,           7438   ,         93   ,                       57   ,                   0   ,                    0   ,              263.9   ,                 168.0   ,               87.2   ,                 95.9   ,              12.1   ,               8.7   ,                12.1   ,          255.2   ,             12.1   ,                        58.6   ,               4   ,        1.0500   ,               37.0   ,                 16333   ,
2026-02-11 18:14:32 ,        2745.0   ,           1312.7   ,               54.0   ,        58.9   ,                  62.0   ,                30   ,                  2000   ,                30   ,                     0   ,           7438   ,         94   ,                       56   ,                   0   ,                    0   ,              272.3   ,                 174.3   ,               89.3   ,                 98.0   ,              12.1   ,               8.7   ,                12.1   ,          263.6   ,             12.0   ,                        60.5   ,               4   ,        1.0500   ,               36.0   ,                 16333   ,
2026-02-11 18:14:33 ,        2745.0   ,           1312.7   ,               54.1   ,        58.9   ,                  62.0   ,                30   ,                  2000   ,                30   ,                     0   ,           7438   ,         94   ,                       55   ,                   0   ,                    0   ,              272.1   ,                 176.4   ,               87.1   ,                 95.7   ,              12.1   ,               8.7   ,                12.1   ,          263.5   ,             12.0   ,                        60.5   ,               4   ,        1.0500   ,               36.0   ,                 16331   ,
2026-02-11 18:14:34 ,        2745.0   ,           1312.7   ,               53.8   ,        58.9   ,                  64.0   ,                30   ,                  2001   ,                30   ,                     0   ,           7438   ,         93   ,                       58   ,                   0   ,                    0   ,              268.9   ,                 170.0   ,               90.1   ,                 98.9   ,              12.1   ,               8.8   ,                12.1   ,          260.1   ,             12.0   ,                        59.8   ,               4   ,        1.0500   ,               36.0   ,                 16331   ,
2026-02-11 18:14:35 ,        2745.0   ,           1312.7   ,               54.1   ,        59.2   ,                  64.0   ,                30   ,                  2002   ,                30   ,                     0   ,           7438   ,         93   ,                       59   ,                   0   ,                    0   ,              269.9   ,                 170.6   ,               90.5   ,                 99.4   ,              12.1   ,               8.8   ,                12.1   ,          261.1   ,             12.0   ,                        60.0   ,               4   ,        1.0500   ,               35.0   ,                 16331   ,
2026-02-11 18:14:36 ,        2745.0   ,           1312.7   ,               54.2   ,        59.6   ,                  64.0   ,                30   ,                  2001   ,                30   ,                     0   ,           7438   ,         92   ,                       59   ,                   0   ,                    0   ,              271.5   ,                 171.6   ,               91.0   ,                 99.9   ,              12.1   ,               8.7   ,                12.1   ,          256.8   ,             12.1   ,                        59.0   ,               4   ,        1.0500   ,               36.0   ,                 16330   ,
2026-02-11 18:14:37 ,        2745.0   ,           1312.7   ,               54.6   ,        59.8   ,                  64.0   ,                30   ,                  2000   ,                30   ,                     0   ,           7438   ,         93   ,                       59   ,                   0   ,                    0   ,              269.7   ,                 171.2   ,               89.7   ,                 98.5   ,              12.1   ,               8.8   ,                12.1   ,          262.9   ,             12.1   ,                        60.4   ,               4   ,        1.0500   ,               36.0   ,                 16329   ,
2026-02-11 18:14:38 ,        2745.0   ,           1312.7   ,               55.0   ,        60.5   ,                  64.0   ,                30   ,                  1999   ,                30   ,                     0   ,           7438   ,         92   ,                       59   ,                   0   ,                    0   ,              275.4   ,                 175.2   ,               91.3   ,                100.2   ,              12.1   ,               8.9   ,                12.1   ,          266.0   ,             12.0   ,                        61.1   ,               4   ,        1.0500   ,               36.0   ,                 16322   ,
2026-02-11 18:14:39 ,        2745.0   ,           1312.7   ,               55.2   ,        60.5   ,                  64.0   ,                30   ,                  2000   ,                30   ,                     0   ,           7438   ,         93   ,                       58   ,                   0   ,                    0   ,              274.2   ,                 174.5   ,               90.8   ,                 99.8   ,              12.1   ,               8.9   ,                12.1   ,          265.3   ,             12.0   ,                        60.9   ,               4   ,        1.0500   ,               36.0   ,                 16321   ,
2026-02-11 18:14:40 ,        2745.0   ,           1312.7   ,               55.2   ,        60.8   ,                  64.0   ,                30   ,                  2001   ,                30   ,                     0   ,           7438   ,         92   ,                       59   ,                   0   ,                    0   ,              268.5   ,                 170.3   ,               89.4   ,                 98.2   ,              12.1   ,               8.8   ,                12.1   ,          259.7   ,             12.0   ,                        59.7   ,               4   ,        1.0500   ,               35.0   ,                 16321   ,
2026-02-11 18:14:41 ,        2745.0   ,           1312.7   ,               55.7   ,        61.0   ,                  66.0   ,                30   ,                  2001   ,                30   ,                     0   ,           7438   ,         93   ,                       58   ,                   0   ,                    0   ,              274.0   ,                 176.3   ,               88.9   ,                 97.7   ,              12.1   ,               8.8   ,                12.1   ,          265.2   ,             12.0   ,                        60.9   ,               4   ,        1.0500   ,               37.0   ,                 16321   ,
2026-02-11 18:14:42 ,        2745.0   ,           1312.7   ,               55.8   ,        61.3   ,                  66.0   ,                30   ,                  2001   ,                30   ,                     0   ,           7438   ,         93   ,                       59   ,                   0   ,                    0   ,              272.0   ,                 172.9   ,               90.2   ,                 99.1   ,              12.1   ,               8.9   ,                12.1   ,          263.2   ,             12.0   ,                        60.5   ,               4   ,        1.0500   ,               36.0   ,                 16321   ,
2026-02-11 18:14:43 ,        2745.0   ,           1312.7   ,               56.0   ,        61.5   ,                  64.0   ,                30   ,                  2001   ,                30   ,                     0   ,           7438   ,         93   ,                       59   ,                   0   ,                    0   ,              268.1   ,                 170.2   ,               89.1   ,                 97.9   ,              12.1   ,               8.8   ,                12.1   ,          259.3   ,             12.1   ,                        59.6   ,               4   ,        1.0500   ,               37.0   ,                 16320   ,
2026-02-11 18:14:44 ,        2745.0   ,           1312.7   ,               56.0   ,        61.6   ,                  68.0   ,                30   ,                  1999   ,                30   ,                     0   ,           7438   ,         92   ,                       58   ,                   0   ,                    0   ,              272.0   ,                 172.1   ,               91.0   ,                 99.9   ,              12.1   ,               8.9   ,                12.1   ,          263.2   ,             12.1   ,                        60.5   ,               4   ,        1.0500   ,               36.0   ,                 16320   ,
2026-02-11 18:14:45 ,        2745.0   ,           1312.7   ,               56.5   ,        62.0   ,                  66.0   ,                30   ,                  1999   ,                30   ,                     0   ,           7438   ,         92   ,                       60   ,                   0   ,                    0   ,              273.7   ,                 174.1   ,               90.8   ,                 99.7   ,              12.1   ,               8.9   ,                12.1   ,          264.8   ,             12.1   ,                        60.8   ,               4   ,        1.0500   ,               36.0   ,                 16320   ,
2026-02-11 18:14:46 ,        2745.0   ,           1312.7   ,               56.6   ,        62.1   ,                  66.0   ,                30   ,                  2002   ,                30   ,                     0   ,           7438   ,         93   ,                       59   ,                   0   ,                    0   ,              277.5   ,                 177.4   ,               91.1   ,                100.1   ,              12.1   ,               8.9   ,                12.1   ,          268.5   ,             12.0   ,                        61.7   ,               4   ,        1.0500   ,               37.0   ,                 16320   ,
2026-02-11 18:14:47 ,        2745.0   ,           1312.7   ,               56.8   ,        62.3   ,                  68.0   ,                30   ,                  1999   ,                30   ,                     0   ,           7438   ,         93   ,                       58   ,                   0   ,                    0   ,              276.1   ,                 176.9   ,               90.3   ,                 99.2   ,              12.1   ,               8.9   ,                12.1   ,          267.2   ,             12.0   ,                        61.4   ,               4   ,        1.0500   ,               37.0   ,                 16320   ,
2026-02-11 18:14:48 ,        2745.0   ,           1312.7   ,               57.1   ,        62.7   ,                  68.0   ,                30   ,                  2001   ,                30   ,                     0   ,           7438   ,         93   ,                       56   ,                   0   ,                    0   ,              275.7   ,                 177.2   ,               89.6   ,                 98.4   ,              12.1   ,               8.8   ,                12.1   ,          266.8   ,             12.0   ,                        60.2   ,               4   ,        1.0500   ,               37.0   ,                 16319   ,
2026-02-11 18:14:49 ,        2745.0   ,           1312.7   ,               57.4   ,        62.9   ,                  66.0   ,                30   ,                  2000   ,                30   ,                     0   ,           7438   ,         93   ,                       58   ,                   0   ,                    0   ,              278.4   ,                 181.8   ,               87.8   ,                 96.6   ,              12.1   ,               8.8   ,                12.1   ,          269.6   ,             12.0   ,                        61.9   ,               4   ,        1.0500   ,               37.0   ,                 16319   ,
2026-02-11 18:14:50 ,        2745.0   ,           1312.7   ,               58.7   ,        64.7   ,                  68.0   ,                30   ,                  2000   ,                30   ,                     0   ,           7438   ,         93   ,                       56   ,                   0   ,                    0   ,              274.9   ,                 175.7   ,               90.3   ,                 99.2   ,              12.1   ,               8.9   ,                12.1   ,          266.0   ,             12.0   ,                        61.1   ,               4   ,        1.0500   ,               37.0   ,                 16320   ,
2026-02-11 18:14:51 ,        2745.0   ,           1312.7   ,               57.9   ,        63.5   ,                  68.0   ,                30   ,                  2002   ,                30   ,                     0   ,           7438   ,         94   ,                       53   ,                   0   ,                    0   ,              280.0   ,                 182.7   ,               88.4   ,                 98.2   ,              12.1   ,               8.9   ,                12.1   ,          260.9   ,             12.0   ,                        60.0   ,               4   ,        1.0500   ,               36.0   ,                 16319   ,
2026-02-11 18:14:52 ,        2745.0   ,           1312.7   ,               58.0   ,        63.6   ,                  68.0   ,                30   ,                  2000   ,                30   ,                     0   ,           7438   ,         93   ,                       56   ,                   0   ,                    0   ,              271.0   ,                 172.5   ,               89.5   ,                 98.4   ,              12.1   ,               8.9   ,                12.1   ,          262.0   ,             12.0   ,                        60.2   ,               4   ,        1.0500   ,               37.0   ,                 16319   ,
2026-02-11 18:14:53 ,        2745.0   ,           1312.7   ,               58.2   ,        63.8   ,                  68.0   ,                30   ,                  2000   ,                30   ,                     0   ,           7438   ,         93   ,                       58   ,                   0   ,                    0   ,              275.3   ,                 175.0   ,               91.3   ,                100.3   ,              12.1   ,               9.0   ,                12.1   ,          266.3   ,             12.0   ,                        61.2   ,               4   ,        1.0500   ,               37.0   ,                 16319   ,
2026-02-11 18:14:54 ,        2745.0   ,           1312.7   ,               58.2   ,        64.0   ,                  68.0   ,                30   ,                  1998   ,                30   ,                     0   ,           7438   ,         93   ,                       57   ,                   0   ,                    0   ,              273.0   ,                 174.1   ,               89.9   ,                 98.9   ,              12.1   ,               9.0   ,                12.1   ,          264.0   ,             12.1   ,                        60.7   ,               4   ,        1.0500   ,               37.0   ,                 16319   ,
2026-02-11 18:14:55 ,        2745.0   ,           1312.7   ,               58.7   ,        64.3   ,                  70.0   ,                30   ,                  2000   ,                30   ,                     0   ,           7438   ,         93   ,                       59   ,                   0   ,                    0   ,              275.5   ,                 175.7   ,               90.8   ,                 99.8   ,              12.1   ,               9.0   ,                12.1   ,          266.5   ,             12.1   ,                        61.2   ,               4   ,        1.0500   ,               37.0   ,                 16319   ,
2026-02-11 18:14:56 ,        2745.0   ,           1312.7   ,               58.5   ,        64.4   ,                  68.0   ,                31   ,                  2002   ,                31   ,                     0   ,           7438   ,         93   ,                       58   ,                   0   ,                    0   ,              270.6   ,                 171.4   ,               90.2   ,                 99.2   ,              12.1   ,               9.0   ,                12.1   ,          261.6   ,             12.1   ,                        60.1   ,               4   ,        1.0500   ,               36.0   ,                 16319   ,
2026-02-11 18:14:57 ,        2745.0   ,           1312.7   ,               58.8   ,        64.6   ,                  70.0   ,                32   ,                  2012   ,                32   ,                     0   ,           7438   ,         93   ,                       59   ,                   0   ,                    0   ,              272.6   ,                 173.2   ,               90.5   ,                 99.4   ,              12.1   ,               8.9   ,                12.1   ,          263.7   ,             12.1   ,                        60.6   ,               4   ,        1.0500   ,               36.0   ,                 16319   ,
2026-02-11 18:14:58 ,        2745.0   ,           1312.7   ,               59.1   ,        64.8   ,                  68.0   ,                33   ,                  2044   ,                33   ,                     0   ,           7438   ,         93   ,                       59   ,                   0   ,                    0   ,              268.4   ,                 171.1   ,               88.5   ,                 97.4   ,              12.1   ,               8.8   ,                12.1   ,          259.6   ,             12.1   ,                        59.6   ,               4   ,        1.0500   ,               36.0   ,                 16318   ,
2026-02-11 18:14:59 ,        2745.0   ,           1312.7   ,               54.6   ,        63.9   ,                  66.0   ,                34   ,                  2073   ,                34   ,                     0   ,            536   ,          1   ,                        0   ,                   0   ,                    0   ,               93.0   ,                  56.9   ,               29.3   ,                 36.0   ,              12.2   ,               6.8   ,                12.1   ,           86.2   ,             12.2   ,                        20.7   ,               4   ,        1.0500   ,               35.0   ,                 13769   ,
2026-02-11 18:15:00 ,        2745.0   ,           1312.7   ,               53.7   ,        63.3   ,                  66.0   ,                34   ,                  2097   ,                34   ,                     0   ,            536   ,          0   ,                        0   ,                   0   ,                    0   ,               90.0   ,                  54.1   ,               29.1   ,                 35.9   ,              12.2   ,               6.8   ,                12.1   ,           83.1   ,             12.2   ,                        20.0   ,               4   ,        1.0500   ,               37.0   ,                 13765   ,
2026-02-11 18:15:01 ,         465.0   ,            625.2   ,               52.1   ,        62.3   ,                  64.0   ,                33   ,                  2122   ,                33   ,                     0   ,            536   ,          0   ,                        0   ,                   0   ,                    0   ,               47.7   ,                  21.3   ,               19.8   ,                 26.5   ,              12.2   ,               6.6   ,                12.1   ,           41.1   ,             12.2   ,                        10.6   ,              16   ,        0.8800   ,               33.0   ,                 13793   ,
2026-02-11 18:15:02 ,         300.0   ,            625.2   ,               51.6   ,        61.7   ,                  64.0   ,                33   ,                  2143   ,                33   ,                     0   ,            536   ,          0   ,                        0   ,                   0   ,                    0   ,               47.7   ,                  21.1   ,               19.8   ,                 26.6   ,              12.2   ,               6.7   ,                12.1   ,           40.9   ,             12.2   ,                        10.6   ,              16   ,        0.8800   ,               31.0   ,                 11860   ,
2026-02-11 18:15:03 ,         210.0   ,            625.2   ,               51.2   ,        61.3   ,                  64.0   ,                33   ,                  2144   ,                33   ,                     0   ,            534   ,          0   ,                        0   ,                   0   ,                    0   ,               46.9   ,                  20.4   ,               19.7   ,                 26.6   ,              12.2   ,               6.9   ,                12.1   ,           40.1   ,             12.2   ,                        10.4   ,              16   ,        0.8800   ,               33.0   ,                 10201   ,
2026-02-11 18:15:04 ,        2520.0   ,           1312.7   ,               51.9   ,        61.4   ,                  64.0   ,                33   ,                  2158   ,                33   ,                     0   ,           3142   ,         23   ,                        0   ,                   0   ,                    2   ,               77.4   ,                  41.5   ,               29.0   ,                 35.9   ,              12.2   ,               6.9   ,                12.1   ,           70.5   ,             12.2   ,                        17.2   ,              16   ,        0.9500   ,               34.0   ,                 10906   ,
2026-02-11 18:15:05 ,        2520.0   ,           1312.7   ,               51.6   ,        61.2   ,                  64.0   ,                33   ,                  2158   ,                33   ,                     0   ,            536   ,          0   ,                        0   ,                   0   ,                    0   ,               77.6   ,                  42.1   ,               28.6   ,                 35.5   ,              12.2   ,               6.8   ,                12.1   ,           70.7   ,             12.2   ,                        17.2   ,              16   ,        0.9500   ,               38.0   ,                 10956   ,
2026-02-11 18:15:06 ,        1080.0   ,            625.2   ,               50.7   ,        60.7   ,                  62.0   ,                33   ,                  2158   ,                33   ,                     0   ,            536   ,          0   ,                        0   ,                   0   ,                    0   ,               48.5   ,                  22.1   ,               19.7   ,                 26.5   ,              12.2   ,               6.7   ,                12.1   ,           41.8   ,             12.2   ,                        10.8   ,              16   ,        0.8800   ,               37.0   ,                 10951   ,
2026-02-11 18:15:07 ,         660.0   ,            101.3   ,               50.1   ,        60.1   ,                  62.0   ,                33   ,                  2160   ,                33   ,                     0   ,            536   ,          0   ,                        0   ,                   0   ,                    0   ,               33.9   ,                  22.4   ,               10.3   ,                 13.5   ,              12.3   ,               3.2   ,                12.1   ,           32.7   ,             12.2   ,                         8.0   ,              16   ,        0.8850   ,               33.0   ,                 10959   ,
2026-02-11 18:15:08 ,         375.0   ,             50.6   ,               49.6   ,        59.6   ,                  60.0   ,                32   ,                  2157   ,                32   ,                     0   ,            534   ,          0   ,                        0   ,                   0   ,                    0   ,               29.9   ,                  19.0   ,                8.1   ,                 10.9   ,              12.3   ,               2.7   ,                12.1   ,           27.2   ,             12.2   ,                         6.6   ,              16   ,        0.8700   ,               35.0   ,                 10101   ,
2026-02-11 18:15:09 ,        2520.0   ,           1312.7   ,               50.8   ,        60.0   ,                  62.0   ,                32   ,                  2145   ,                32   ,                     0   ,           2196   ,         11   ,                        1   ,                   0   ,                    1   ,               82.2   ,                  45.4   ,               30.0   ,                 36.8   ,              12.2   ,               6.9   ,                12.1   ,           75.3   ,             12.2   ,                        18.3   ,              16   ,        0.9500   ,               33.0   ,                 10650   ,
2026-02-11 18:15:10 ,        2745.0   ,           1312.7   ,               58.2   ,        63.4   ,                  66.0   ,                32   ,                  2146   ,                32   ,                     0   ,           3950   ,         92   ,                       50   ,                   0   ,                    0   ,              288.1   ,                 199.3   ,               80.3   ,                 88.8   ,              12.0   ,               8.5   ,                12.1   ,          279.6   ,             12.0   ,                        64.0   ,               4   ,        1.0500   ,               37.0   ,                 10947   ,
2026-02-11 18:15:11 ,        2745.0   ,           1312.7   ,               58.7   ,        64.3   ,                  66.0   ,                32   ,                  2131   ,                32   ,                     0   ,           3950   ,         92   ,                       50   ,                   0   ,                    0   ,              292.9   ,                 203.2   ,               81.1   ,                 89.7   ,              12.0   ,               8.6   ,                12.1   ,          284.3   ,             12.0   ,                        65.1   ,               4   ,        1.0500   ,               37.0   ,                 10945   ,
2026-02-11 18:15:12 ,        2745.0   ,           1312.7   ,               58.5   ,        63.6   ,                  66.0   ,                32   ,                  2132   ,                32   ,                     0   ,           3950   ,         92   ,                       50   ,                   0   ,                    0   ,              284.1   ,                 195.7   ,               79.9   ,                 88.4   ,              12.0   ,               8.5   ,                12.1   ,          275.6   ,             12.0   ,                        63.1   ,               4   ,        1.0500   ,               36.0   ,                 10944   ,
2026-02-11 18:15:13 ,        2745.0   ,           1312.7   ,               58.8   ,        64.1   ,                  68.0   ,                32   ,                  2120   ,                32   ,                     0   ,           3950   ,         92   ,                       49   ,                   0   ,                    0   ,              293.8   ,                 203.5   ,               81.7   ,                 90.4   ,              12.0   ,               8.7   ,                12.1   ,          285.1   ,             12.0   ,                        65.3   ,               4   ,        1.0500   ,               36.0   ,                 10944   ,
2026-02-11 18:15:14 ,        2745.0   ,           1312.7   ,               58.7   ,        64.0   ,                  66.0   ,                32   ,                  2121   ,                32   ,                     0   ,           3950   ,         92   ,                       50   ,                   0   ,                    0   ,              290.0   ,                 200.2   ,               81.3   ,                 89.9   ,              12.0   ,               8.6   ,                12.1   ,          279.6   ,             12.0   ,                        64.1   ,               4   ,        1.0500   ,               36.0   ,                 10944   ,
2026-02-11 18:15:15 ,        2745.0   ,           1312.7   ,               58.9   ,        64.1   ,                  66.0   ,                33   ,                  2129   ,                33   ,                     0   ,           3950   ,         92   ,                       50   ,                   0   ,                    0   ,              284.8   ,                 195.0   ,               81.1   ,                 89.7   ,              12.0   ,               8.6   ,                12.1   ,          276.1   ,             12.0   ,                        63.6   ,               4   ,        1.0500   ,               36.0   ,                 10944   ,
2026-02-11 18:15:16 ,        2745.0   ,           1312.7   ,               59.4   ,        64.7   ,                  68.0   ,                34   ,                  2145   ,                34   ,                     0   ,           3950   ,         92   ,                       50   ,                   0   ,                    0   ,              288.8   ,                 197.8   ,               82.3   ,                 91.0   ,              12.0   ,               8.7   ,                12.1   ,          280.1   ,             12.0   ,                        64.2   ,               4   ,        1.0500   ,               36.0   ,                 10944   ,
2026-02-11 18:15:17 ,        2745.0   ,           1312.7   ,               59.3   ,        64.6   ,                  68.0   ,                35   ,                  2172   ,                35   ,                     0   ,           3950   ,         92   ,                       49   ,                   0   ,                    0   ,              291.3   ,                 202.4   ,               80.2   ,                 88.9   ,              12.0   ,               8.7   ,                12.1   ,          282.6   ,             12.0   ,                        64.7   ,               4   ,        1.0500   ,               36.0   ,                 10944   ,
2026-02-11 18:15:18 ,        2745.0   ,           1312.7   ,               60.0   ,        65.7   ,                  68.0   ,                37   ,                  2215   ,                37   ,                     0   ,           3950   ,         92   ,                       50   ,                   0   ,                    0   ,              294.8   ,                 204.1   ,               81.8   ,                 90.7   ,              12.0   ,               8.8   ,                12.1   ,          285.9   ,             12.0   ,                        65.5   ,               4   ,        1.0500   ,               36.0   ,                 10944   ,
2026-02-11 18:15:19 ,        2730.0   ,           1312.7   ,               60.6   ,        66.2   ,                  68.0   ,                42   ,                  2276   ,                42   ,                     0   ,           3950   ,         92   ,                       48   ,                   0   ,                    0   ,              309.8   ,                 221.8   ,               79.1   ,                 88.0   ,              12.0   ,               8.8   ,                12.1   ,          301.0   ,             12.0   ,                        68.8   ,               4   ,        1.0450   ,               36.0   ,                 10944   ,
2026-02-11 18:15:20 ,        2730.0   ,           1312.7   ,               60.8   ,        66.4   ,                  68.0   ,                46   ,                  2381   ,                46   ,                     0   ,           3950   ,         92   ,                       48   ,                   0   ,                    0   ,              315.0   ,                 223.8   ,               81.9   ,                 91.2   ,              12.0   ,               9.3   ,                12.1   ,          305.7   ,             12.0   ,                        70.0   ,               4   ,        1.0450   ,               37.0   ,                 10944   ,
2026-02-11 18:15:21 ,        2730.0   ,           1312.7   ,               60.9   ,        66.7   ,                  68.0   ,                48   ,                  2506   ,                48   ,                     0   ,           3950   ,         92   ,                       50   ,                   0   ,                    0   ,              296.0   ,                 204.3   ,               82.2   ,                 91.7   ,              12.0   ,               9.5   ,                12.1   ,          286.5   ,             12.0   ,                        65.8   ,               4   ,        1.0450   ,               36.0   ,                 10945   ,
2026-02-11 18:15:22 ,        2730.0   ,           1312.7   ,               60.4   ,        65.9   ,                  70.0   ,                48   ,                  2615   ,                48   ,                     0   ,           3950   ,         92   ,                       49   ,                   0   ,                    0   ,              293.0   ,                 202.8   ,               80.8   ,                 90.2   ,              12.0   ,               9.4   ,                12.1   ,          283.5   ,             12.0   ,                        65.1   ,               4   ,        1.0450   ,               36.0   ,                 10945   ,
2026-02-11 18:15:23 ,        2730.0   ,           1312.7   ,               61.0   ,        66.3   ,                  68.0   ,                49   ,                  2702   ,                49   ,                     0   ,           3950   ,         92   ,                       49   ,                   0   ,                    0   ,              290.6   ,                 200.7   ,               80.3   ,                 89.9   ,              12.0   ,               9.6   ,                12.1   ,          281.0   ,             12.0   ,                        64.6   ,               4   ,        1.0450   ,               36.0   ,                 10945   ,
2026-02-11 18:15:24 ,        2730.0   ,           1312.7   ,               61.4   ,        67.0   ,                  70.0   ,                50   ,                  2782   ,                50   ,                     0   ,           3950   ,         92   ,                       49   ,                   0   ,                    0   ,              292.8   ,                 202.1   ,               80.9   ,                 90.7   ,              12.0   ,               9.9   ,                12.1   ,          282.9   ,             12.0   ,                        65.1   ,               4   ,        1.0450   ,               37.0   ,                 10944   ,
2026-02-11 18:15:25 ,        2730.0   ,           1312.7   ,               61.1   ,        66.5   ,                  70.0   ,                50   ,                  2856   ,                50   ,                     0   ,           3950   ,         92   ,                       50   ,                   0   ,                    0   ,              297.2   ,                 205.0   ,               82.1   ,                 92.2   ,              12.0   ,              10.2   ,                12.1   ,          287.1   ,             12.0   ,                        66.1   ,               4   ,        1.0450   ,               37.0   ,                 10944   ,
2026-02-11 18:15:26 ,        2730.0   ,           1312.7   ,               60.9   ,        66.2   ,                  70.0   ,                51   ,                  2912   ,                51   ,                     0   ,           3950   ,         92   ,                       50   ,                   0   ,                    0   ,              294.5   ,                 203.4   ,               80.9   ,                 91.1   ,              12.0   ,              10.2   ,                12.1   ,          284.3   ,             12.0   ,                        65.4   ,               4   ,        1.0450   ,               36.0   ,                 10944   ,
2026-02-11 18:15:27 ,        2730.0   ,           1312.7   ,               61.8   ,        67.7   ,                  70.0   ,                51   ,                  2972   ,                51   ,                     0   ,           3950   ,         92   ,                       50   ,                   0   ,                    0   ,              296.6   ,                 204.6   ,               81.6   ,                 92.0   ,              12.0   ,              10.4   ,                12.1   ,          286.2   ,             12.0   ,                        67.6   ,               4   ,        1.0450   ,               36.0   ,                 10945   ,
2026-02-11 18:15:28 ,        2730.0   ,           1312.7   ,               62.1   ,        68.0   ,                  70.0   ,                51   ,                  3015   ,                51   ,                     0   ,           3950   ,         92   ,                       49   ,                   0   ,                    0   ,              292.6   ,                 201.2   ,               80.9   ,                 91.4   ,              12.0   ,              10.5   ,                12.1   ,          293.4   ,             12.0   ,                        67.5   ,               4   ,        1.0450   ,               37.0   ,                 10945   ,
2026-02-11 18:15:30 ,        2730.0   ,           1312.7   ,               62.0   ,        67.8   ,                  70.0   ,                52   ,                  3063   ,                52   ,                     0   ,           3950   ,         92   ,                       50   ,                   0   ,                    0   ,              295.7   ,                 203.5   ,               81.5   ,                 91.6   ,              12.0   ,              10.7   ,                12.1   ,          287.7   ,             12.0   ,                        66.3   ,               4   ,        1.0450   ,               36.0   ,                 10945   ,
2026-02-11 18:15:31 ,        2730.0   ,           1312.7   ,               61.2   ,        66.3   ,                  70.0   ,                53   ,                  3140   ,                53   ,                     0   ,           3950   ,         92   ,                       51   ,                   0   ,                    0   ,              295.6   ,                 202.4   ,               82.2   ,                 93.2   ,              12.0   ,              11.0   ,                12.1   ,          284.6   ,             12.0   ,                        65.7   ,               4   ,        1.0450   ,               37.0   ,                 10945   ,
2026-02-11 18:15:32 ,        2730.0   ,           1312.7   ,               61.6   ,        67.5   ,                  70.0   ,                53   ,                  3164   ,                53   ,                     0   ,           3950   ,         92   ,                       50   ,                   0   ,                    0   ,              294.6   ,                 200.9   ,               82.6   ,                 93.7   ,              12.0   ,              11.1   ,                12.1   ,          283.4   ,             12.0   ,                        65.5   ,               4   ,        1.0450   ,               37.0   ,                 10945   ,
2026-02-11 18:15:33 ,        2730.0   ,           1312.7   ,               61.2   ,        66.5   ,                  70.0   ,                53   ,                  3193   ,                53   ,                     0   ,           3950   ,         91   ,                       50   ,                   0   ,                    0   ,              290.1   ,                 197.6   ,               81.3   ,                 92.5   ,              12.0   ,              11.2   ,                12.1   ,          278.9   ,             12.0   ,                        64.5   ,               4   ,        1.0450   ,               34.0   ,                 10944   ,
2026-02-11 18:15:34 ,        2730.0   ,           1312.7   ,               61.3   ,        66.5   ,                  70.0   ,                53   ,                  3215   ,                53   ,                     0   ,           3950   ,         92   ,                       50   ,                   0   ,                    0   ,              293.0   ,                 200.0   ,               81.8   ,                 93.0   ,              12.0   ,              11.2   ,                12.1   ,          281.8   ,             12.0   ,                        65.1   ,               4   ,        1.0450   ,               36.0   ,                 10944   ,
2026-02-11 18:15:35 ,        2730.0   ,           1312.7   ,               61.8   ,        67.6   ,                  72.0   ,                53   ,                  3239   ,                53   ,                     0   ,           3950   ,         92   ,                       50   ,                   0   ,                    0   ,              297.0   ,                 203.5   ,               82.2   ,                 93.5   ,              12.0   ,              11.3   ,                12.1   ,          285.7   ,             12.0   ,                        66.0   ,               4   ,        1.0450   ,               37.0   ,                 10944   ,
2026-02-11 18:15:36 ,        2730.0   ,           1312.7   ,               61.4   ,        67.2   ,                  72.0   ,                53   ,                  3256   ,                53   ,                     0   ,           3950   ,         93   ,                       51   ,                   0   ,                    0   ,              291.8   ,                 199.2   ,               81.4   ,                 92.7   ,              12.0   ,              11.3   ,                12.1   ,          280.5   ,             12.0   ,                        64.9   ,               4   ,        1.0450   ,               36.0   ,                 10944   ,
2026-02-11 18:15:37 ,        2730.0   ,           1312.7   ,               61.5   ,        66.9   ,                  70.0   ,                54   ,                  3274   ,                54   ,                     0   ,           3950   ,         92   ,                       49   ,                   0   ,                    0   ,              290.6   ,                 198.1   ,               81.0   ,                 92.4   ,              12.0   ,              11.4   ,                12.1   ,          289.5   ,             12.0   ,                        66.9   ,               4   ,        1.0450   ,               36.0   ,                 10940   ,
2026-02-11 18:15:38 ,        2730.0   ,           1312.7   ,               62.3   ,        67.9   ,                  70.0   ,                54   ,                  3287   ,                54   ,                     0   ,           3950   ,         92   ,                       49   ,                   0   ,                    0   ,              311.6   ,                 219.4   ,               80.7   ,                 92.2   ,              12.0   ,              11.4   ,                12.1   ,          300.1   ,             12.0   ,                        69.2   ,               4   ,        1.0450   ,               36.0   ,                 10942   ,
2026-02-11 18:15:39 ,        2730.0   ,           1312.7   ,               63.2   ,        69.5   ,                  72.0   ,                55   ,                  3306   ,                55   ,                     0   ,           3950   ,         92   ,                       48   ,                   0   ,                    0   ,              313.6   ,                 223.8   ,               78.4   ,                 89.8   ,              12.0   ,              11.4   ,                12.1   ,          302.2   ,             12.0   ,                        69.7   ,               4   ,        1.0450   ,               37.0   ,                 10942   ,
2026-02-11 18:15:40 ,        2730.0   ,           1312.7   ,               63.9   ,        70.0   ,                  72.0   ,                57   ,                  3333   ,                57   ,                     0   ,           3950   ,         92   ,                       49   ,                   0   ,                    0   ,              318.1   ,                 226.0   ,               80.6   ,                 92.2   ,              12.0   ,              11.6   ,                12.1   ,          306.6   ,             12.0   ,                        70.7   ,               4   ,        1.0450   ,               37.0   ,                 10942   ,
2026-02-11 18:15:41 ,        2730.0   ,           1312.7   ,               63.8   ,        70.6   ,                  72.0   ,                58   ,                  3381   ,                58   ,                     0   ,           3950   ,         92   ,                       49   ,                   0   ,                    0   ,              319.6   ,                 227.3   ,               80.5   ,                 92.3   ,              12.0   ,              11.8   ,                12.1   ,          307.8   ,             12.0   ,                        71.0   ,               4   ,        1.0450   ,               37.0   ,                 10942   ,
2026-02-11 18:15:42 ,        2730.0   ,           1312.7   ,               63.3   ,        69.2   ,                  72.0   ,                59   ,                  3434   ,                59   ,                     0   ,           3950   ,         93   ,                       49   ,                   0   ,                    0   ,              316.3   ,                 224.2   ,               80.1   ,                 92.1   ,              12.0   ,              12.0   ,                12.1   ,          304.3   ,             12.0   ,                        70.3   ,               4   ,        1.0450   ,               36.0   ,                 10939   ,
2026-02-11 18:15:43 ,        2745.0   ,           1312.7   ,               55.3   ,        64.9   ,                  70.0   ,                59   ,                  3476   ,                59   ,                     0   ,            536   ,          0   ,                        0   ,                   0   ,                    0   ,               99.2   ,                  59.4   ,               29.5   ,                 39.8   ,              12.2   ,              10.3   ,                12.1   ,           88.9   ,             12.2   ,                        22.2   ,               4   ,        1.0500   ,               35.0   ,                 10942   ,
2026-02-11 18:15:44 ,        2745.0   ,           1312.7   ,               54.4   ,        64.2   ,                  68.0   ,                59   ,                  3515   ,                59   ,                     0   ,            536   ,          0   ,                        0   ,                   0   ,                    0   ,               97.4   ,                  57.4   ,               29.4   ,                 39.9   ,              12.2   ,              10.5   ,                12.1   ,           88.2   ,             12.2   ,                        21.9   ,               4   ,        1.0500   ,               35.0   ,                 10939   ,
2026-02-11 18:15:45 ,         435.0   ,            625.2   ,               52.4   ,        62.7   ,                  68.0   ,                59   ,                  3548   ,                59   ,                     0   ,            536   ,          0   ,                        0   ,                   0   ,                    0   ,               53.1   ,                  22.9   ,               19.8   ,                 30.2   ,              12.2   ,              10.4   ,                12.1   ,           42.7   ,             12.2   ,                        11.8   ,              16   ,        0.8800   ,               33.0   ,                 10970   ,
2026-02-11 18:15:46 ,         270.0   ,            625.2   ,               51.8   ,        61.9   ,                  66.0   ,                59   ,                  3570   ,                59   ,                     0   ,            534   ,          0   ,                        0   ,                   0   ,                    0   ,               51.2   ,                  20.9   ,               19.7   ,                 30.3   ,              12.2   ,              10.6   ,                12.1   ,           40.6   ,             12.2   ,                        11.4   ,              16   ,        0.8800   ,               33.0   ,                  9941   ,
2026-02-11 18:15:47 ,         210.0   ,            625.2   ,               51.2   ,        61.3   ,                  66.0   ,                58   ,                  3581   ,                58   ,                     0   ,            534   ,          0   ,                        0   ,                   0   ,                    0   ,               51.6   ,                  21.2   ,               19.8   ,                 30.3   ,              12.2   ,              10.6   ,                12.1   ,           41.0   ,             12.2   ,                        11.5   ,              16   ,        0.8800   ,               31.0   ,                  9951   ,
2026-02-11 18:15:48 ,         210.0   ,            625.2   ,               50.6   ,        60.8   ,                  66.0   ,                58   ,                  3589   ,                58   ,                     0   ,            534   ,          0   ,                        0   ,                   0   ,                    0   ,               51.5   ,                  21.2   ,               19.8   ,                 30.2   ,              12.2   ,              10.5   ,                12.1   ,           41.0   ,             12.2   ,                        11.4   ,              16   ,        0.8800   ,               33.0   ,                  9942   ,
2026-02-11 18:15:49 ,         210.0   ,            101.3   ,               49.8   ,        60.1   ,                  64.0   ,                56   ,                  3579   ,                56   ,                     0   ,            534   ,          0   ,                        0   ,                   0   ,                    0   ,               30.4   ,                  15.8   ,                7.2   ,                 14.6   ,              12.2   ,               7.4   ,                12.1   ,           23.0   ,             12.2   ,                         6.8   ,              16   ,        0.8800   ,               33.0   ,                  9943   ,
2026-02-11 18:15:50 ,         210.0   ,             50.6   ,               49.2   ,        59.2   ,                  64.0   ,                54   ,                  3558   ,                54   ,                     0   ,            534   ,          0   ,                        0   ,                   0   ,                    0   ,               29.9   ,                  16.0   ,                7.1   ,                 13.9   ,              12.2   ,               6.8   ,                12.1   ,           23.1   ,             12.2   ,                         6.7   ,              16   ,        0.8650   ,               32.0   ,                  9943   ,
2026-02-11 18:15:51 ,         210.0   ,             50.6   ,               48.8   ,        58.5   ,                  64.0   ,                52   ,                  3519   ,                52   ,                     0   ,            534   ,          0   ,                        0   ,                   0   ,                    0   ,               30.7   ,                  17.0   ,                7.1   ,                 13.7   ,              12.2   ,               6.6   ,                12.1   ,           24.1   ,             12.2   ,                         6.8   ,              16   ,        0.8650   ,               32.0   ,                  9942   ,
2026-02-11 18:15:52 ,         210.0   ,             50.6   ,               48.3   ,        57.9   ,                  64.0   ,                48   ,                  3456   ,                48   ,                     0   ,            534   ,          0   ,                        0   ,                   0   ,                    0   ,               28.9   ,                  15.5   ,                7.1   ,                 13.4   ,              12.2   ,               6.2   ,                12.1   ,           22.6   ,             12.2   ,                         6.4   ,              16   ,        0.8650   ,               32.0   ,                  9941   ,
2026-02-11 18:15:53 ,         210.0   ,             50.6   ,               47.9   ,        57.5   ,                  62.0   ,                45   ,                  3368   ,                45   ,                     0   ,            534   ,          0   ,                        0   ,                   0   ,                    0   ,               29.2   ,                  16.2   ,                7.1   ,                 13.0   ,              12.2   ,               5.9   ,                12.1   ,           23.3   ,             12.2   ,                         6.5   ,              16   ,        0.8650   ,               32.0   ,                  9941   ,
2026-02-11 18:15:54 ,         210.0   ,             50.6   ,               47.5   ,        57.1   ,                  64.0   ,                42   ,                  3264   ,                42   ,                     0   ,            534   ,          0   ,                        0   ,                   0   ,                    0   ,               28.8   ,                  16.3   ,                7.1   ,                 12.5   ,              12.2   ,               5.5   ,                12.1   ,           23.3   ,             12.2   ,                         7.0   ,              16   ,        0.8650   ,               32.0   ,                  9941   ,
2026-02-11 18:15:55 ,         210.0   ,             50.6   ,               47.1   ,        56.6   ,                  62.0   ,                39   ,                  3143   ,                39   ,                     0   ,            534   ,          0   ,                        0   ,                   0   ,                    0   ,               26.9   ,                  14.9   ,                7.0   ,                 11.9   ,              12.2   ,               4.9   ,                12.1   ,           25.2   ,             12.2   ,                         6.7   ,              16   ,        0.8650   ,               32.0   ,                  9941   ,
2026-02-11 18:15:56 ,         210.0   ,             50.6   ,               46.8   ,        56.2   ,                  62.0   ,                37   ,                  3007   ,                37   ,                     0   ,            534   ,          0   ,                        0   ,                   0   ,                    0   ,               27.8   ,                  16.3   ,                7.0   ,                 11.5   ,              12.3   ,               4.5   ,                12.1   ,           25.3   ,             12.2   ,                         6.6   ,              16   ,        0.8650   ,               33.0   ,                  9941   ,
2026-02-11 18:15:57 ,         210.0   ,             50.6   ,               46.5   ,        55.9   ,                  60.0   ,                34   ,                  2864   ,                34   ,                     0   ,            534   ,          0   ,                        0   ,                   0   ,                    0   ,               28.0   ,                  16.5   ,                7.4   ,                 11.5   ,              12.3   ,               4.1   ,                12.1   ,           23.9   ,             12.2   ,                         6.2   ,              16   ,        0.8650   ,               30.0   ,                  9940   ,
2026-02-11 18:15:58 ,         210.0   ,             50.6   ,               46.2   ,        55.5   ,                  62.0   ,                31   ,                  2720   ,                31   ,                     0   ,            534   ,          0   ,                        0   ,                   0   ,                    0   ,               27.6   ,                  16.9   ,                7.2   ,                 10.8   ,              12.3   ,               3.6   ,                12.1   ,           24.1   ,             12.2   ,                         6.1   ,              16   ,        0.8700   ,               32.0   ,                  9941   ,
2026-02-11 18:15:59 ,         210.0   ,             50.6   ,               45.9   ,        55.3   ,                  60.0   ,                30   ,                  2568   ,                30   ,                     0   ,            534   ,          0   ,                        0   ,                   0   ,                    0   ,               26.8   ,                  16.5   ,                7.1   ,                 10.3   ,              12.3   ,               3.3   ,                12.1   ,           23.5   ,             12.2   ,                         6.0   ,              16   ,        0.8700   ,               32.0   ,                  9941   ,
2026-02-11 18:16:00 ,         210.0   ,             50.6   ,               45.7   ,        54.9   ,                  60.0   ,                30   ,                  2455   ,                30   ,                     0   ,            534   ,          0   ,                        0   ,                   0   ,                    0   ,               26.7   ,                  16.7   ,                7.0   ,                 10.1   ,              12.3   ,               3.1   ,                12.1   ,           23.6   ,             12.2   ,                         5.9   ,              16   ,        0.8700   ,               31.0   ,                  9941   ,
2026-02-11 18:16:01 ,         210.0   ,             50.6   ,               45.5   ,        54.8   ,                  60.0   ,                30   ,                  2356   ,                30   ,                     0   ,            534   ,          0   ,                        0   ,                   0   ,                    0   ,               26.3   ,                  16.4   ,                6.9   ,                  9.9   ,              12.3   ,               3.0   ,                12.1   ,           23.3   ,             12.2   ,                         5.8   ,              16   ,        0.8700   ,               31.0   ,                  9941   ,
2026-02-11 18:16:02 ,         210.0   ,             50.6   ,               45.3   ,        54.5   ,                  60.0   ,                30   ,                  2278   ,                30   ,                     0   ,            534   ,          0   ,                        0   ,                   0   ,                    0   ,               25.6   ,                  15.8   ,                6.9   ,                  9.8   ,              12.3   ,               2.9   ,                12.1   ,           22.7   ,             12.2   ,                         5.7   ,              16   ,        0.8700   ,               32.0   ,                  9940   ,
2026-02-11 18:16:03 ,         210.0   ,             50.6   ,               45.2   ,        54.3   ,                  58.0   ,                30   ,                  2217   ,                30   ,                     0   ,            534   ,          0   ,                        0   ,                   0   ,                    0   ,               25.6   ,                  15.9   ,                7.0   ,                  9.7   ,              12.3   ,               2.7   ,                12.1   ,           22.9   ,             12.2   ,                         5.7   ,              16   ,        0.8700   ,               31.0   ,                  9940   ,
2026-02-11 18:16:04 ,         210.0   ,             50.6   ,               45.0   ,        54.2   ,                  58.0   ,                30   ,                  2172   ,                30   ,                     0   ,            534   ,          0   ,                        0   ,                   0   ,                    0   ,               25.3   ,                  15.7   ,                6.9   ,                  9.6   ,              12.3   ,               2.7   ,                12.1   ,           22.6   ,             12.2   ,                         5.6   ,              16   ,        0.8700   ,               31.0   ,                  9940   ,
2026-02-11 18:16:05 ,         210.0   ,             50.6   ,               44.8   ,        54.0   ,                  58.0   ,                30   ,                  2134   ,                30   ,                     0   ,            534   ,          0   ,                        0   ,                   0   ,                    0   ,               25.2   ,                  15.8   ,                6.8   ,                  9.4   ,              12.3   ,               2.6   ,                12.1   ,           22.6   ,             12.2   ,                         5.6   ,              16   ,        0.8700   ,               31.0   ,                  9940   ,
2026-02-11 18:16:06 ,         210.0   ,             50.6   ,               44.7   ,        53.8   ,                  58.0   ,                30   ,                  2104   ,                30   ,                     0   ,            534   ,          0   ,                        0   ,                   0   ,                    0   ,               24.8   ,                  15.5   ,                6.8   ,                  9.3   ,              12.3   ,               2.6   ,                12.1   ,           22.2   ,             12.2   ,                         5.5   ,              16   ,        0.8700   ,               31.0   ,                  9940   ,
2026-02-11 18:16:07 ,         210.0   ,             50.6   ,               44.5   ,        53.6   ,                  56.0   ,                30   ,                  2079   ,                30   ,                     0   ,            534   ,          0   ,                        0   ,                   0   ,                    0   ,               23.9   ,                  14.9   ,                6.6   ,                  9.0   ,              12.3   ,               2.4   ,                12.1   ,           21.5   ,             12.2   ,                         5.3   ,              16   ,        0.8700   ,               32.0   ,                  9939   ,
2026-02-11 18:16:08 ,         210.0   ,             50.6   ,               44.4   ,        53.4   ,                  56.0   ,                30   ,                  2063   ,                30   ,                     0   ,            534   ,          0   ,                        0   ,                   0   ,                    0   ,               24.5   ,                  15.5   ,                6.6   ,                  9.0   ,              12.3   ,               2.4   ,                12.1   ,           22.1   ,             12.2   ,                         5.4   ,              16   ,        0.8700   ,               31.0   ,                  9939   ,
2026-02-11 18:16:09 ,         210.0   ,             50.6   ,               44.2   ,        53.3   ,                  56.0   ,                30   ,                  2052   ,                30   ,                     0   ,            534   ,          0   ,                        0   ,                   0   ,                    0   ,               24.1   ,                  15.0   ,                6.6   ,                  9.1   ,              12.3   ,               2.5   ,                12.1   ,           21.7   ,             12.2   ,                         6.1   ,              16   ,        0.8700   ,               32.0   ,                  9940   ,
2026-02-11 18:16:10 ,         210.0   ,             50.6   ,               44.1   ,        53.2   ,                  58.0   ,                30   ,                  2036   ,                30   ,                     0   ,            534   ,          0   ,                        0   ,                   0   ,                    0   ,               24.6   ,                  15.6   ,                6.7   ,                  9.1   ,              12.3   ,               2.4   ,                12.1   ,           22.2   ,             12.2   ,                         5.9   ,              16   ,        0.8700   ,               32.0   ,                  9940   ,
2026-02-11 18:16:11 ,         210.0   ,             50.6   ,               44.0   ,        53.0   ,                  56.0   ,                30   ,                  2027   ,                30   ,                     0   ,            534   ,          0   ,                        0   ,                   0   ,                    0   ,               24.8   ,                  15.5   ,                6.7   ,                  9.3   ,              12.3   ,               2.5   ,                12.1   ,           22.2   ,             12.2   ,                         6.0   ,              16   ,        0.8700   ,               32.0   ,                  9940   ,
2026-02-11 18:16:12 ,         210.0   ,             50.6   ,               43.8   ,        52.9   ,                  56.0   ,                30   ,                  2017   ,                30   ,                     0   ,            534   ,          0   ,                        0   ,                   0   ,                    0   ,               25.5   ,                  16.1   ,                6.9   ,                  9.4   ,              12.3   ,               2.4   ,                12.1   ,           23.0   ,             12.2   ,                         5.7   ,              16   ,        0.8700   ,               31.0   ,                  9939   ,
2026-02-11 18:16:13 ,         210.0   ,             50.6   ,               43.7   ,        52.8   ,                  56.0   ,                30   ,                  2019   ,                30   ,                     0   ,            534   ,          0   ,                        0   ,                   0   ,                    0   ,               25.0   ,                  15.6   ,                6.9   ,                  9.4   ,              12.3   ,               2.5   ,                12.1   ,           22.6   ,             12.2   ,                         5.6   ,              16   ,        0.8700   ,               31.0   ,                  9939   ,
2026-02-11 18:16:14 ,         210.0   ,             50.6   ,               43.6   ,        52.6   ,                  56.0   ,                30   ,                  2009   ,                30   ,                     0   ,            534   ,          0   ,                        0   ,                   0   ,                    0   ,               24.1   ,                  14.9   ,                6.7   ,                  9.2   ,              12.3   ,               2.5   ,                12.1   ,           21.6   ,             12.2   ,                         5.4   ,              16   ,        0.8700   ,               32.0   ,                  9940   ,
2026-02-11 18:16:15 ,         210.0   ,             50.6   ,               43.5   ,        52.4   ,                  56.0   ,                30   ,                  2021   ,                30   ,                     0   ,            534   ,          0   ,                        0   ,                   0   ,                    0   ,               23.7   ,                  14.5   ,                6.8   ,                  9.2   ,              12.3   ,               2.4   ,                12.1   ,           21.3   ,             12.2   ,                         5.3   ,              16   ,        0.8700   ,               31.0   ,                  9940   ,
2026-02-11 18:16:16 ,         210.0   ,             50.6   ,               43.4   ,        52.3   ,                  54.0   ,                30   ,                  2000   ,                30   ,                     0   ,            534   ,          0   ,                        0   ,                   0   ,                    0   ,               23.9   ,                  14.7   ,                6.7   ,                  9.2   ,              12.3   ,               2.4   ,                12.1   ,           21.4   ,             12.2   ,                         5.3   ,              16   ,        0.8700   ,               31.0   ,                  9940   ,
2026-02-11 18:16:17 ,         210.0   ,             50.6   ,               43.2   ,        52.2   ,                  54.0   ,                30   ,                  1999   ,                30   ,                     0   ,            534   ,          0   ,                        0   ,                   0   ,                    0   ,               23.5   ,                  14.7   ,                6.5   ,                  8.9   ,              12.3   ,               2.4   ,                12.1   ,           21.1   ,             12.2   ,                         5.2   ,              16   ,        0.8700   ,               32.0   ,                  9939   ,
2026-02-11 18:16:19 ,         210.0   ,             50.6   ,               43.1   ,        52.0   ,                  54.0   ,                30   ,                  2000   ,                30   ,                     0   ,            534   ,          0   ,                        0   ,                   0   ,                    0   ,               23.3   ,                  14.5   ,                6.5   ,                  8.9   ,              12.3   ,               2.4   ,                12.1   ,           20.9   ,             12.2   ,                         5.2   ,              16   ,        0.8700   ,               32.0   ,                  9939   ,
2026-02-11 18:16:20 ,         210.0   ,             50.6   ,               43.0   ,        52.0   ,                  54.0   ,                30   ,                  1998   ,                30   ,                     0   ,            534   ,          0   ,                        0   ,                   0   ,                    0   ,               22.9   ,                  14.1   ,                6.5   ,                  8.8   ,              12.3   ,               2.3   ,                12.1   ,           20.6   ,             12.2   ,                         5.1   ,              16   ,        0.8700   ,               32.0   ,                  9940   ,
2026-02-11 18:16:21 ,         210.0   ,             50.6   ,               42.8   ,        51.8   ,                  54.0   ,                30   ,                  2002   ,                30   ,                     0   ,            534   ,          0   ,                        0   ,                   0   ,                    0   ,               22.7   ,                  14.0   ,                6.4   ,                  8.7   ,              12.3   ,               2.3   ,                12.1   ,           20.4   ,             12.2   ,                         5.0   ,              16   ,        0.8700   ,               30.0   ,                  9939   ,
2026-02-11 18:16:22 ,         210.0   ,             50.6   ,               42.8   ,        51.6   ,                  54.0   ,                30   ,                  1999   ,                30   ,                     0   ,            534   ,          0   ,                        0   ,                   0   ,                    0   ,               22.5   ,                  13.8   ,                6.4   ,                  8.7   ,              12.3   ,               2.3   ,                12.1   ,           20.2   ,             12.2   ,                         5.0   ,              16   ,        0.8700   ,               31.0   ,                  9939   ,
2026-02-11 18:16:23 ,         210.0   ,             50.6   ,               42.6   ,        51.5   ,                  54.0   ,                30   ,                  1998   ,                30   ,                     0   ,            534   ,          0   ,                        0   ,                   0   ,                    0   ,               22.6   ,                  13.9   ,                6.5   ,                  8.8   ,              12.3   ,               2.3   ,                12.1   ,           20.3   ,             12.2   ,                         5.0   ,              16   ,        0.8700   ,               31.0   ,                  9939   ,
2026-02-11 18:16:24 ,         210.0   ,             50.6   ,               42.5   ,        51.4   ,                  54.0   ,                30   ,                  2000   ,                30   ,                     0   ,            534   ,          0   ,                        0   ,                   0   ,                    0   ,               22.5   ,                  13.7   ,                6.5   ,                  8.8   ,              12.3   ,               2.3   ,                12.1   ,           20.2   ,             12.2   ,                         5.0   ,              16   ,        0.8700   ,               31.0   ,                  9938   ,
2026-02-11 18:16:25 ,         210.0   ,             50.6   ,               42.4   ,        51.3   ,                  52.0   ,                30   ,                  2001   ,                30   ,                     0   ,            534   ,          0   ,                        0   ,                   0   ,                    0   ,               23.0   ,                  14.3   ,                6.5   ,                  8.8   ,              12.3   ,               2.3   ,                12.1   ,           20.8   ,             12.2   ,                         5.1   ,              16   ,        0.8700   ,               31.0   ,                  9939   ,
2026-02-11 18:16:26 ,         210.0   ,             50.6   ,               42.3   ,        51.2   ,                  54.0   ,                30   ,                  2000   ,                30   ,                     0   ,            534   ,          0   ,                        0   ,                   0   ,                    0   ,               22.2   ,                  13.5   ,                6.4   ,                  8.7   ,              12.3   ,               2.3   ,                12.1   ,           19.9   ,             12.2   ,                         4.9   ,              16   ,        0.8700   ,               31.0   ,                  9939   ,
2026-02-11 18:16:27 ,         210.0   ,             50.6   ,               42.2   ,        51.0   ,                  52.0   ,                30   ,                  1998   ,                30   ,                     0   ,            534   ,          0   ,                        0   ,                   0   ,                    0   ,               22.4   ,                  13.8   ,                6.4   ,                  8.6   ,              12.3   ,               2.3   ,                12.1   ,           20.2   ,             12.2   ,                         5.0   ,              16   ,        0.8700   ,               31.0   ,                  9939   ,
2026-02-11 18:16:28 ,         210.0   ,             50.6   ,               42.1   ,        50.9   ,                  52.0   ,                30   ,                  1998   ,                30   ,                     0   ,            534   ,          0   ,                        0   ,                   0   ,                    0   ,               22.3   ,                  13.6   ,                6.4   ,                  8.7   ,              12.3   ,               2.3   ,                12.1   ,           20.0   ,             12.2   ,                         5.0   ,              16   ,        0.8700   ,               31.0   ,                  9938   ,
2026-02-11 18:16:29 ,         210.0   ,             50.6   ,               42.0   ,        50.8   ,                  52.0   ,                30   ,                  2000   ,                30   ,                     0   ,            534   ,          0   ,                        0   ,                   0   ,                    0   ,               21.7   ,                  13.1   ,                6.3   ,                  8.6   ,              12.3   ,               2.2   ,                12.1   ,           19.4   ,             12.2   ,                         4.8   ,              16   ,        0.8700   ,               30.0   ,                  9940   ,
2026-02-11 18:16:30 ,         210.0   ,             50.6   ,               41.8   ,        50.6   ,                  52.0   ,                30   ,                  1998   ,                30   ,                     0   ,            534   ,          0   ,                        0   ,                   0   ,                    0   ,               21.1   ,                  12.4   ,                6.4   ,                  8.7   ,              12.3   ,               2.3   ,                12.2   ,           18.8   ,             12.2   ,                         5.3   ,              16   ,        0.8700   ,               31.0   ,                  9947   ,
2026-02-11 18:16:31 ,         210.0   ,             50.6   ,               41.7   ,        50.6   ,                  52.0   ,                30   ,                  2001   ,                30   ,                     0   ,            534   ,          0   ,                        0   ,                   0   ,                    0   ,               22.1   ,                  13.5   ,                6.3   ,                  8.6   ,              12.3   ,               2.3   ,                12.1   ,           21.1   ,             12.2   ,                         5.2   ,              16   ,        0.8700   ,               31.0   ,                  9942   ,
2026-02-11 18:16:32 ,         210.0   ,             50.6   ,               41.6   ,        50.4   ,                  50.0   ,                30   ,                  2001   ,                30   ,                     0   ,            534   ,          0   ,                        0   ,                   0   ,                    0   ,               21.6   ,                  13.1   ,                6.3   ,                  8.5   ,              12.3   ,               2.3   ,                12.2   ,           21.7   ,             12.2   ,                         5.3   ,              16   ,        0.8700   ,               31.0   ,                  9946   ,
2026-02-11 18:16:33 ,         210.0   ,             50.6   ,               41.5   ,        50.3   ,                  52.0   ,                30   ,                  2002   ,                30   ,                     0   ,            534   ,          0   ,                        0   ,                   0   ,                    0   ,               21.9   ,                  13.2   ,                6.5   ,                  8.7   ,              12.3   ,               2.3   ,                12.1   ,           19.6   ,             12.2   ,                         4.9   ,              16   ,        0.8700   ,               32.0   ,                  9946   ,
2026-02-11 18:16:34 ,         210.0   ,             50.6   ,               41.4   ,        50.2   ,                  50.0   ,                30   ,                  1999   ,                30   ,                     0   ,            534   ,          0   ,                        0   ,                   0   ,                    0   ,               21.0   ,                  12.6   ,                6.2   ,                  8.4   ,              12.3   ,               2.2   ,                12.1   ,           18.8   ,             12.2   ,                         4.7   ,              16   ,        0.8700   ,               29.0   ,                  9946   ,
2026-02-11 18:16:35 ,         210.0   ,             50.6   ,               41.3   ,        50.1   ,                  50.0   ,                30   ,                  1999   ,                30   ,                     0   ,            534   ,          0   ,                        0   ,                   0   ,                    0   ,               21.7   ,                  13.2   ,                6.2   ,                  8.5   ,              12.3   ,               2.3   ,                12.1   ,           19.4   ,             12.2   ,                         4.8   ,              16   ,        0.8750   ,               31.0   ,                  9947   ,
2026-02-11 18:16:36 ,         210.0   ,             50.6   ,               41.2   ,        49.9   ,                  50.0   ,                30   ,                  2000   ,                30   ,                     0   ,            534   ,          0   ,                        0   ,                   0   ,                    0   ,               22.0   ,                  13.4   ,                6.2   ,                  8.6   ,              12.3   ,               2.3   ,                12.1   ,           19.7   ,             12.2   ,                         4.9   ,              16   ,        0.8750   ,               32.0   ,                  9947   ,
2026-02-11 18:16:37 ,         210.0   ,             50.6   ,               41.1   ,        49.8   ,                  50.0   ,                30   ,                  2000   ,                30   ,                     0   ,            534   ,          0   ,                        0   ,                   0   ,                    0   ,               22.0   ,                  13.2   ,                6.4   ,                  8.7   ,              12.3   ,               2.3   ,                12.2   ,           19.7   ,             12.2   ,                         4.9   ,              16   ,        0.8750   ,               32.0   ,                  9947   ,
2026-02-11 18:16:38 ,         210.0   ,             50.6   ,               41.0   ,        49.8   ,                  50.0   ,                30   ,                  2000   ,                30   ,                     0   ,            534   ,          0   ,                        0   ,                   0   ,                    0   ,               21.3   ,                  12.6   ,                6.3   ,                  8.7   ,              12.3   ,               2.3   ,                12.1   ,           18.9   ,             12.2   ,                         4.7   ,              16   ,        0.8750   ,               31.0   ,                  9945   ,
2026-02-11 18:16:39 ,         210.0   ,             50.6   ,               40.9   ,        49.7   ,                  50.0   ,                30   ,                  2002   ,                30   ,                     0   ,            534   ,          0   ,                        0   ,                   0   ,                    0   ,               21.4   ,                  12.9   ,                6.2   ,                  8.5   ,              12.3   ,               2.3   ,                12.1   ,           19.1   ,             12.2   ,                         4.8   ,              16   ,        0.8750   ,               31.0   ,                  9946   ,
2026-02-11 18:16:40 ,         210.0   ,             50.6   ,               40.8   ,        49.4   ,                  50.0   ,                30   ,                  2000   ,                30   ,                     0   ,            534   ,          0   ,                        0   ,                   0   ,                    0   ,               21.9   ,                  13.3   ,                6.2   ,                  8.6   ,              12.3   ,               2.3   ,                12.1   ,           19.6   ,             12.2   ,                         4.9   ,              16   ,        0.8750   ,               31.0   ,                  9946   ,
2026-02-11 18:16:41 ,         210.0   ,             50.6   ,               40.7   ,        49.4   ,                  50.0   ,                30   ,                  2001   ,                30   ,                     0   ,            534   ,          0   ,                        0   ,                   0   ,                    0   ,               22.3   ,                  13.7   ,                6.2   ,                  8.5   ,              12.3   ,               2.3   ,                12.1   ,           19.9   ,             12.2   ,                         4.9   ,              16   ,        0.8750   ,               30.0   ,                  9946   ,
2026-02-11 18:16:42 ,         210.0   ,             50.6   ,               40.6   ,        49.3   ,                  50.0   ,                30   ,                  1999   ,                30   ,                     0   ,            534   ,          0   ,                        0   ,                   0   ,                    0   ,               21.6   ,                  13.1   ,                6.2   ,                  8.4   ,              12.3   ,               2.2   ,                12.1   ,           19.3   ,             12.2   ,                         4.8   ,              16   ,        0.8750   ,               31.0   ,                  9946   ,
2026-02-11 18:16:43 ,         210.0   ,             50.6   ,               40.5   ,        49.2   ,                  50.0   ,                30   ,                  1999   ,                30   ,                     0   ,            534   ,          0   ,                        0   ,                   0   ,                    0   ,               21.0   ,                  12.5   ,                6.3   ,                  8.5   ,              12.3   ,               2.2   ,                12.1   ,           20.7   ,             12.2   ,                         5.1   ,              16   ,        0.8750   ,               30.0   ,                  9946   ,
2026-02-11 18:16:44 ,         210.0   ,             50.6   ,               40.4   ,        49.1   ,                  48.0   ,                30   ,                  2001   ,                30   ,                     0   ,            534   ,          0   ,                        0   ,                   0   ,                    0   ,               21.9   ,                  13.2   ,                6.5   ,                  8.7   ,              12.3   ,               2.2   ,                12.2   ,           19.7   ,             12.2   ,                         4.9   ,              16   ,        0.8750   ,               32.0   ,                  9946   ,
2026-02-11 18:16:45 ,         210.0   ,             50.6   ,               40.2   ,        48.9   ,                  50.0   ,                30   ,                  2002   ,                30   ,                     0   ,            534   ,          0   ,                        0   ,                   0   ,                    0   ,               21.7   ,                  13.0   ,                6.4   ,                  8.7   ,              12.3   ,               2.3   ,                12.1   ,           19.4   ,             12.2   ,                         4.8   ,              16   ,        0.8750   ,               32.0   ,                  9946   ,
2026-02-11 18:16:46 ,         210.0   ,             50.6   ,               40.2   ,        49.0   ,                  50.0   ,                30   ,                  2001   ,                30   ,                     0   ,            534   ,          0   ,                        0   ,                   0   ,                    0   ,               20.5   ,                  11.9   ,                6.3   ,                  8.5   ,              12.3   ,               2.2   ,                12.1   ,           18.2   ,             12.2   ,                         4.6   ,              16   ,        0.8750   ,               31.0   ,                  9946   ,
2026-02-11 18:16:47 ,         210.0   ,             50.6   ,               40.0   ,        48.7   ,                  48.0   ,                30   ,                  1999   ,                30   ,                     0   ,            534   ,          0   ,                        0   ,                   0   ,                    0   ,               21.0   ,                  12.5   ,                6.3   ,                  8.5   ,              12.3   ,               2.2   ,                12.2   ,           18.8   ,             12.2   ,                         4.7   ,              16   ,        0.8750   ,               31.0   ,                  9946   ,
2026-02-11 18:16:48 ,         210.0   ,             50.6   ,               39.9   ,        48.5   ,                  48.0   ,                30   ,                  2000   ,                30   ,                     0   ,            534   ,          0   ,                        0   ,                   0   ,                    0   ,               21.1   ,                  12.5   ,                6.4   ,                  8.6   ,              12.3   ,               2.2   ,                12.2   ,           18.8   ,             12.2   ,                         4.7   ,              16   ,        0.8750   ,               31.0   ,                  9946   ,
2026-02-11 18:16:49 ,         210.0   ,             50.6   ,               39.8   ,        48.5   ,                  48.0   ,                30   ,                  2003   ,                30   ,                     0   ,            534   ,          0   ,                        0   ,                   0   ,                    0   ,               20.9   ,                  12.3   ,                6.3   ,                  8.6   ,              12.3   ,               2.3   ,                12.2   ,           18.6   ,             12.2   ,                         4.6   ,              16   ,        0.8750   ,               32.0   ,                  9946   ,
2026-02-11 18:16:50 ,         210.0   ,             50.6   ,               39.8   ,        48.3   ,                  48.0   ,                30   ,                  1996   ,                30   ,                     0   ,            534   ,          0   ,                        0   ,                   0   ,                    0   ,               21.3   ,                  12.7   ,                6.4   ,                  9.3   ,              12.3   ,               2.2   ,                12.1   ,           20.4   ,             12.2   ,                         5.0   ,              16   ,        0.8750   ,               33.0   ,                  9963   ,
2026-02-11 18:16:51 ,         210.0   ,             50.6   ,               39.7   ,        48.3   ,                  48.0   ,                30   ,                  2000   ,                30   ,                     0   ,            534   ,          0   ,                        0   ,                   0   ,                    0   ,               22.1   ,                  13.5   ,                6.9   ,                  9.1   ,              12.3   ,               2.2   ,                12.2   ,           20.8   ,             12.2   ,                         5.1   ,              16   ,        0.8750   ,               33.0   ,                  9964   ,
2026-02-11 18:16:52 ,         210.0   ,             50.6   ,               39.6   ,        48.2   ,                  48.0   ,                30   ,                  1998   ,                30   ,                     0   ,            534   ,          0   ,                        0   ,                   0   ,                    0   ,               21.1   ,                  12.5   ,                6.3   ,                  8.5   ,              12.3   ,               2.3   ,                12.2   ,           18.8   ,             12.2   ,                         4.7   ,              16   ,        0.8750   ,               32.0   ,                  9964   ,
2026-02-11 18:16:53 ,         210.0   ,             50.6   ,               39.5   ,        48.1   ,                  48.0   ,                30   ,                  2002   ,                30   ,                     0   ,            534   ,          0   ,                        0   ,                   0   ,                    0   ,               21.2   ,                  12.7   ,                6.3   ,                  8.5   ,              12.3   ,               2.2   ,                12.1   ,           19.0   ,             12.2   ,                         4.7   ,              16   ,        0.8750   ,               30.0   ,                 10064   ,
2026-02-11 18:16:54 ,         210.0   ,             50.6   ,               39.4   ,        48.0   ,                  48.0   ,                30   ,                  2003   ,                30   ,                     0   ,            534   ,          0   ,                        0   ,                   0   ,                    0   ,               20.7   ,                  13.5   ,                7.0   ,                  9.2   ,              12.3   ,               2.2   ,                12.1   ,           20.4   ,             12.2   ,                         5.0   ,              16   ,        0.8750   ,               33.0   ,                 10036   ,
2026-02-11 18:16:55 ,         210.0   ,             50.6   ,               39.3   ,        47.8   ,                  48.0   ,                30   ,                  1998   ,                30   ,                     0   ,            534   ,          0   ,                        0   ,                   0   ,                    0   ,               21.7   ,                  12.7   ,                6.7   ,                  9.0   ,              12.3   ,               2.3   ,                12.1   ,           19.4   ,             12.2   ,                         4.8   ,              16   ,        0.8750   ,               34.0   ,                 10053   ,
2026-02-11 18:16:56 ,         210.0   ,             50.6   ,               39.2   ,        47.7   ,                  48.0   ,                30   ,                  1999   ,                30   ,                     0   ,            534   ,          0   ,                        0   ,                   0   ,                    0   ,               21.4   ,                  12.9   ,                6.3   ,                  8.5   ,              12.3   ,               2.3   ,                12.1   ,           19.1   ,             12.2   ,                         4.8   ,              16   ,        0.8750   ,               34.0   ,                 10096   ,
2026-02-11 18:16:57 ,         210.0   ,             50.6   ,               39.1   ,        47.7   ,                  46.0   ,                30   ,                  1999   ,                30   ,                     0   ,            534   ,          0   ,                        0   ,                   0   ,                    0   ,               21.9   ,                  13.3   ,                6.3   ,                  8.6   ,              12.3   ,               2.3   ,                12.2   ,           19.6   ,             12.2   ,                         4.9   ,              16   ,        0.8750   ,               32.0   ,                 10095   ,
2026-02-11 18:16:58 ,         210.0   ,             50.6   ,               39.0   ,        47.6   ,                  48.0   ,                30   ,                  1999   ,                30   ,                     0   ,            534   ,          0   ,                        0   ,                   0   ,                    0   ,               21.5   ,                  13.2   ,                6.1   ,                  8.3   ,              12.3   ,               2.2   ,                12.2   ,           19.4   ,             12.2   ,                         4.8   ,              16   ,        0.8750   ,               33.0   ,                 10094   ,
2026-02-11 18:16:59 ,         210.0   ,             50.6   ,               38.9   ,        47.6   ,                  48.0   ,                30   ,                  1999   ,                30   ,                     0   ,            534   ,          0   ,                        0   ,                   0   ,                    0   ,               20.7   ,                  12.1   ,                6.4   ,                  8.5   ,              12.3   ,               2.2   ,                12.1   ,           18.5   ,             12.2   ,                         5.2   ,              16   ,        0.8750   ,               33.0   ,                 10106   ,
2026-02-11 18:17:00 ,         210.0   ,             50.6   ,               38.8   ,        47.4   ,                  46.0   ,                30   ,                  2003   ,                30   ,                     0   ,            534   ,          0   ,                        0   ,                   0   ,                    0   ,               20.8   ,                  12.1   ,                6.4   ,                  8.6   ,              12.3   ,               2.3   ,                12.2   ,           18.5   ,             12.2   ,                         4.6   ,              16   ,        0.8750   ,               31.0   ,                 10106   ,
2026-02-11 18:17:01 ,         210.0   ,             50.6   ,               38.8   ,        47.3   ,                  46.0   ,                30   ,                  1998   ,                30   ,                     0   ,            534   ,          0   ,                        0   ,                   0   ,                    0   ,               20.1   ,                  11.5   ,                6.3   ,                  8.6   ,              12.3   ,               2.2   ,                12.2   ,           17.9   ,             12.2   ,                         4.5   ,              16   ,        0.8750   ,               32.0   ,                 10110   ,
2026-02-11 18:17:02 ,         210.0   ,             50.6   ,               38.7   ,        47.3   ,                  48.0   ,                30   ,                  2000   ,                30   ,                     0   ,            534   ,          0   ,                        0   ,                   0   ,                    0   ,               19.9   ,                  11.4   ,                6.3   ,                  8.5   ,              12.3   ,               2.2   ,                12.2   ,           17.7   ,             12.2   ,                         5.0   ,              16   ,        0.8750   ,               30.0   ,                 10079   ,
2026-02-11 18:17:03 ,         210.0   ,             50.6   ,               38.6   ,        47.1   ,                  46.0   ,                30   ,                  1998   ,                30   ,                     0   ,            534   ,          0   ,                        0   ,                   0   ,                    0   ,               18.8   ,                  10.4   ,                6.2   ,                  8.4   ,              12.3   ,               2.2   ,                12.2   ,           16.6   ,             12.2   ,                         4.2   ,              16   ,        0.8750   ,               31.0   ,                 10075   ,
2026-02-11 18:17:04 ,         210.0   ,             50.6   ,               38.5   ,        47.1   ,                  46.0   ,                30   ,                  2000   ,                30   ,                     0   ,            534   ,          0   ,                        0   ,                   0   ,                    0   ,               19.3   ,                  11.0   ,                7.1   ,                  9.3   ,              12.3   ,               2.2   ,                12.2   ,           19.3   ,             12.2   ,                         4.8   ,              16   ,        0.8750   ,               37.0   ,                 10073   ,
2026-02-11 18:17:05 ,         210.0   ,             50.6   ,               38.4   ,        47.0   ,                  46.0   ,                30   ,                  1999   ,                30   ,                     0   ,            534   ,          0   ,                        0   ,                   0   ,                    0   ,               19.5   ,                  11.2   ,                6.1   ,                  8.3   ,              12.3   ,               2.2   ,                12.2   ,           19.5   ,             12.2   ,                         4.8   ,              16   ,        0.8750   ,               32.0   ,                 10071   ,
2026-02-11 18:17:06 ,         210.0   ,             50.6   ,               38.4   ,        46.9   ,                  46.0   ,                30   ,                  1999   ,                30   ,                     0   ,            534   ,          0   ,                        0   ,                   0   ,                    0   ,               19.9   ,                  11.5   ,                6.1   ,                  8.4   ,              12.3   ,               2.3   ,                12.2   ,           17.6   ,             12.2   ,                         4.9   ,              16   ,        0.8750   ,               31.0   ,                  9942   ,
2026-02-11 18:17:07 ,         210.0   ,             50.6   ,               38.3   ,        46.9   ,                  46.0   ,                30   ,                  1997   ,                30   ,                     0   ,            534   ,          0   ,                        0   ,                   0   ,                    0   ,               20.4   ,                  11.9   ,                6.2   ,                  8.5   ,              12.3   ,               2.3   ,                12.2   ,           20.4   ,             12.2   ,                         5.0   ,              16   ,        0.8750   ,               32.0   ,                  9961   ,
2026-02-11 18:17:08 ,         210.0   ,             50.6   ,               38.2   ,        46.8   ,                  46.0   ,                30   ,                  1999   ,                30   ,                     0   ,            534   ,          0   ,                        0   ,                   0   ,                    0   ,               19.7   ,                  11.1   ,                6.3   ,                  9.3   ,              12.3   ,               2.3   ,                12.2   ,           19.2   ,             12.2   ,                         4.8   ,              16   ,        0.8750   ,               32.0   ,                  9959   ,
2026-02-11 18:17:09 ,         210.0   ,             50.6   ,               38.2   ,        46.8   ,                  44.0   ,                30   ,                  2000   ,                30   ,                     0   ,            534   ,          0   ,                        0   ,                   0   ,                    0   ,               20.9   ,                  12.0   ,                6.6   ,                  9.7   ,              12.3   ,               2.3   ,                12.2   ,           20.5   ,             12.2   ,                         5.1   ,              16   ,        0.8750   ,               31.0   ,                  9866   ,
2026-02-11 18:17:10 ,         210.0   ,             50.6   ,               38.0   ,        46.6   ,                  46.0   ,                30   ,                  2000   ,                30   ,                     0   ,            534   ,          0   ,                        0   ,                   0   ,                    0   ,               20.8   ,                  11.8   ,                6.8   ,                  9.0   ,              12.3   ,               2.2   ,                12.2   ,           18.6   ,             12.2   ,                         4.6   ,              16   ,        0.8750   ,               31.0   ,                  9870   ,
2026-02-11 18:17:11 ,         210.0   ,             50.6   ,               38.0   ,        46.5   ,                  46.0   ,                30   ,                  1999   ,                30   ,                     0   ,            534   ,          0   ,                        0   ,                   0   ,                    0   ,               21.6   ,                  12.3   ,                7.0   ,                  9.3   ,              12.3   ,               2.3   ,                12.2   ,           19.3   ,             12.2   ,                         4.8   ,              16   ,        0.8750   ,               31.0   ,                  9869   ,
2026-02-11 18:17:12 ,         210.0   ,             50.6   ,               37.9   ,        46.5   ,                  46.0   ,                30   ,                  1999   ,                30   ,                     0   ,            534   ,          0   ,                        0   ,                   0   ,                    0   ,               20.5   ,                  11.5   ,                6.8   ,                  9.0   ,              12.3   ,               2.3   ,                12.2   ,           18.2   ,             12.2   ,                         4.6   ,              16   ,        0.8750   ,               30.0   ,                  9888   ,
2026-02-11 18:17:13 ,         210.0   ,             50.6   ,               37.8   ,        46.3   ,                  44.0   ,                30   ,                  2003   ,                30   ,                     0   ,            534   ,          0   ,                        0   ,                   0   ,                    0   ,               21.0   ,                  12.0   ,                6.8   ,                  9.1   ,              12.3   ,               2.3   ,                12.2   ,           18.7   ,             12.2   ,                         4.7   ,              16   ,        0.8750   ,               30.0   ,                  9887   ,
        Date        , GPU Clock [MHz] , Memory Clock [MHz] , GPU Temperature [°C] , Hot Spot [°C] , Memory Temperature [°C] , Fan 1 Speed (%) [%] , Fan 1 Speed (RPM) [RPM] , Fan 2 Speed (%) [%] , Fan 2 Speed (RPM) [RPM] , Memory Used [MB] , GPU Load [%] , Memory Controller Load [%] , Video Engine Load [%] , Bus Interface Load [%] , Board Power Draw [W] , GPU Chip Power Draw [W] , MVDDC Power Draw [W] , PWR_SRC Power Draw [W] , PWR_SRC Voltage [V] , PCIe Slot Power [W] , PCIe Slot Voltage [V] , 16-Pin Power [W] , 16-Pin Voltage [V] , Power Consumption (%) [% TDP] , PerfCap Reason [] , GPU Voltage [V] , CPU Temperature [°C] , System Memory Used [MB] ,
2026-02-14 01:37:15 ,         210.0   ,             50.6   ,               26.3   ,        34.5   ,                  28.0   ,                30   ,                  2000   ,                30   ,                     0   ,            534   ,          0   ,                        0   ,                   0   ,                    0   ,               21.0   ,                  12.4   ,                5.6   ,                  8.5   ,              12.4   ,               3.0   ,                12.3   ,           18.0   ,             12.4   ,                         4.7   ,              16   ,        0.8850   ,               28.0   ,                  9612   ,
2026-02-14 01:37:16 ,         210.0   ,             50.6   ,               26.3   ,        34.6   ,                  28.0   ,                30   ,                  2000   ,                30   ,                     0   ,            534   ,          0   ,                        0   ,                   0   ,                    0   ,               21.0   ,                  12.4   ,                5.6   ,                  8.6   ,              12.4   ,               3.0   ,                12.3   ,           18.0   ,             12.4   ,                         4.7   ,              16   ,        0.8850   ,               28.0   ,                  9614   ,
2026-02-14 01:37:17 ,         210.0   ,             50.6   ,               26.3   ,        34.7   ,                  28.0   ,                30   ,                  2001   ,                30   ,                     0   ,            534   ,          0   ,                        0   ,                   0   ,                    0   ,               21.1   ,                  12.2   ,                6.3   ,                  9.3   ,              12.4   ,               3.0   ,                12.3   ,           18.5   ,             12.4   ,                         4.8   ,              16   ,        0.8850   ,               27.0   ,                  9606   ,
2026-02-14 01:37:18 ,         210.0   ,             50.6   ,               26.3   ,        34.4   ,                  28.0   ,                30   ,                  2001   ,                30   ,                     0   ,            534   ,          0   ,                        0   ,                   0   ,                    0   ,               21.4   ,                  12.2   ,                6.2   ,                  9.1   ,              12.4   ,               2.9   ,                12.3   ,           18.4   ,             12.4   ,                         4.7   ,              16   ,        0.8850   ,               31.0   ,                  9718   ,
2026-02-14 01:37:19 ,         210.0   ,             50.6   ,               26.3   ,        34.7   ,                  28.0   ,                30   ,                  1998   ,                30   ,                     0   ,            534   ,          1   ,                        0   ,                   0   ,                    0   ,               21.2   ,                  12.4   ,                5.9   ,                  8.9   ,              12.4   ,               2.9   ,                12.3   ,           18.3   ,             12.4   ,                         4.7   ,              16   ,        0.8850   ,               37.0   ,                 10568   ,
2026-02-14 01:37:20 ,        2520.0   ,           1312.7   ,               27.7   ,        35.4   ,                  30.0   ,                30   ,                  1999   ,                30   ,                     0   ,           1094   ,          5   ,                        0   ,                   0   ,                    2   ,               71.8   ,                  35.1   ,               29.6   ,                 36.6   ,              12.4   ,               7.0   ,                12.2   ,           64.8   ,             12.3   ,                        16.0   ,              16   ,        0.9700   ,               36.0   ,                 11257   ,
2026-02-14 01:37:21 ,        2520.0   ,           1312.7   ,               28.0   ,        35.7   ,                  30.0   ,                30   ,                  2000   ,                30   ,                     0   ,           2504   ,          0   ,                        0   ,                   0   ,                    0   ,               70.7   ,                  34.4   ,               29.3   ,                 36.4   ,              12.4   ,               7.1   ,                12.3   ,           63.6   ,             12.3   ,                        15.7   ,              16   ,        0.9700   ,               36.0   ,                 11380   ,
2026-02-14 01:37:22 ,        2520.0   ,           1312.7   ,               28.4   ,        35.9   ,                  30.0   ,                30   ,                  2001   ,                30   ,                     0   ,           2040   ,         37   ,                        4   ,                   0   ,                    3   ,               95.4   ,                  51.8   ,               36.3   ,                 43.6   ,              12.4   ,               7.3   ,                12.2   ,           88.2   ,             12.3   ,                        21.2   ,              16   ,        0.9700   ,               30.0   ,                 11091   ,
2026-02-14 01:37:23 ,        1530.0   ,            101.3   ,               28.0   ,        36.0   ,                  30.0   ,                30   ,                  2002   ,                30   ,                     0   ,            536   ,          0   ,                        0   ,                   0   ,                    0   ,               71.0   ,                  34.7   ,               29.3   ,                 36.3   ,              12.4   ,               7.0   ,                12.3   ,           64.0   ,             12.3   ,                        15.8   ,              16   ,        0.9000   ,               32.0   ,                 11119   ,
2026-02-14 01:37:24 ,         885.0   ,            101.3   ,               27.1   ,        35.5   ,                  30.0   ,                30   ,                  2001   ,                30   ,                     0   ,            536   ,          0   ,                        0   ,                   0   ,                    0   ,               21.6   ,                  12.9   ,                5.4   ,                  8.7   ,              12.4   ,               3.2   ,                12.3   ,           18.3   ,             12.4   ,                         4.8   ,              16   ,        0.9000   ,               28.0   ,                 11131   ,
2026-02-14 01:37:25 ,         510.0   ,             50.6   ,               26.9   ,        35.3   ,                  28.0   ,                30   ,                  1999   ,                30   ,                     0   ,            534   ,          0   ,                        0   ,                   0   ,                    0   ,               22.0   ,                  12.1   ,                6.9   ,                  9.9   ,              12.4   ,               3.0   ,                12.3   ,           19.0   ,             12.4   ,                         4.9   ,              16   ,        0.8850   ,               30.0   ,                  9637   ,
2026-02-14 01:37:26 ,         285.0   ,             50.6   ,               26.9   ,        35.2   ,                  30.0   ,                30   ,                  1997   ,                30   ,                     0   ,            534   ,          0   ,                        0   ,                   0   ,                    0   ,               21.9   ,                  11.7   ,                7.2   ,                 10.2   ,              12.4   ,               3.0   ,                12.3   ,           18.9   ,             12.4   ,                         4.9   ,              16   ,        0.8850   ,               37.0   ,                 10437   ,
2026-02-14 01:37:27 ,        2520.0   ,           1312.7   ,               28.0   ,        35.9   ,                  30.0   ,                30   ,                  1999   ,                30   ,                     0   ,            938   ,          0   ,                        0   ,                   0   ,                    0   ,               70.9   ,                  34.6   ,               29.2   ,                 36.3   ,              12.4   ,               7.1   ,                12.2   ,           63.8   ,             12.3   ,                        15.8   ,              16   ,        0.9700   ,               35.0   ,                 11147   ,
2026-02-14 01:37:28 ,        2520.0   ,           1312.7   ,               28.3   ,        36.1   ,                  30.0   ,                30   ,                  2000   ,                30   ,                     0   ,           2504   ,          0   ,                        0   ,                   0   ,                    0   ,               70.7   ,                  34.5   ,               29.2   ,                 36.2   ,              12.4   ,               7.0   ,                12.3   ,           63.7   ,             12.3   ,                        15.7   ,              16   ,        0.9700   ,               37.0   ,                 11378   ,
2026-02-14 01:37:29 ,        2520.0   ,           1312.7   ,               28.9   ,        36.3   ,                  30.0   ,                30   ,                  2000   ,                30   ,                     0   ,           2648   ,          2   ,                        0   ,                   0   ,                    1   ,               73.4   ,                  36.4   ,               30.0   ,                 37.0   ,              12.4   ,               7.0   ,                12.2   ,           66.4   ,             12.3   ,                        16.3   ,              16   ,        0.9700   ,               32.0   ,                 11525   ,
2026-02-14 01:37:30 ,        2760.0   ,           1312.7   ,               36.1   ,        39.8   ,                  34.0   ,                30   ,                  2000   ,                30   ,                     0   ,           3872   ,         92   ,                       53   ,                   0   ,                    0   ,              273.0   ,                 180.1   ,               84.0   ,                 93.0   ,              12.2   ,               8.9   ,                12.2   ,          264.1   ,             12.2   ,                        60.7   ,               4   ,        1.0500   ,               34.0   ,                 11574   ,
2026-02-14 01:37:31 ,        2745.0   ,           1312.7   ,               38.0   ,        42.1   ,                  34.0   ,                30   ,                  2003   ,                30   ,                     0   ,           3872   ,         95   ,                       44   ,                   0   ,                    0   ,              282.9   ,                 208.7   ,               65.9   ,                 74.2   ,              12.2   ,               8.3   ,                12.2   ,          274.6   ,             12.2   ,                        62.9   ,               4   ,        1.0500   ,               33.0   ,                 11574   ,
2026-02-14 01:37:32 ,        2745.0   ,           1312.7   ,               39.9   ,        45.2   ,                  34.0   ,                30   ,                  2000   ,                30   ,                     0   ,           3872   ,         96   ,                       34   ,                   0   ,                    0   ,              272.6   ,                 180.8   ,               83.0   ,                 91.8   ,              12.2   ,               8.8   ,                12.2   ,          263.8   ,             12.2   ,                        60.6   ,               4   ,        1.0500   ,               34.0   ,                 11574   ,
2026-02-14 01:37:33 ,        2745.0   ,           1312.7   ,               39.1   ,        43.6   ,                  36.0   ,                30   ,                  2003   ,                30   ,                     0   ,           3872   ,         96   ,                       44   ,                   0   ,                    0   ,              299.2   ,                 224.3   ,               66.6   ,                 74.9   ,              12.2   ,               8.2   ,                12.2   ,          291.0   ,             12.2   ,                        66.5   ,               4   ,        1.0500   ,               33.0   ,                 11576   ,
2026-02-14 01:37:34 ,        2745.0   ,           1312.7   ,               38.7   ,        42.8   ,                  36.0   ,                30   ,                  2003   ,                30   ,                     0   ,           3872   ,         95   ,                       44   ,                   0   ,                    0   ,              296.3   ,                 219.4   ,               68.5   ,                 76.9   ,              12.2   ,               8.4   ,                12.2   ,          287.9   ,             12.2   ,                        65.8   ,               4   ,        1.0500   ,               31.0   ,                 11575   ,
2026-02-14 01:37:35 ,        2745.0   ,           1312.7   ,               39.8   ,        44.0   ,                  36.0   ,                30   ,                  2002   ,                30   ,                     0   ,           3872   ,         95   ,                       43   ,                   0   ,                    0   ,              280.7   ,                 185.0   ,               86.7   ,                 95.7   ,              12.2   ,               8.9   ,                12.2   ,          271.8   ,             12.2   ,                        62.4   ,               4   ,        1.0500   ,               31.0   ,                 11574   ,
2026-02-14 01:37:36 ,        2745.0   ,           1312.7   ,               40.3   ,        44.3   ,                  38.0   ,                30   ,                  2000   ,                30   ,                     0   ,           3872   ,         95   ,                       45   ,                   0   ,                    0   ,              283.7   ,                 192.2   ,               82.7   ,                 91.6   ,              12.2   ,               8.8   ,                12.2   ,          274.9   ,             12.2   ,                        63.0   ,               4   ,        1.0500   ,               31.0   ,                 11570   ,
2026-02-14 01:37:37 ,        2745.0   ,           1312.7   ,               39.4   ,        44.0   ,                  38.0   ,                30   ,                  2000   ,                30   ,                     0   ,           3872   ,         93   ,                       59   ,                   0   ,                    0   ,              271.7   ,                 174.2   ,               88.5   ,                 97.4   ,              12.2   ,               9.0   ,                12.2   ,          262.7   ,             12.2   ,                        60.4   ,               4   ,        1.0500   ,               31.0   ,                 11569   ,
2026-02-14 01:37:38 ,        2745.0   ,           1312.7   ,               39.6   ,        44.1   ,                  40.0   ,                30   ,                  2001   ,                30   ,                     0   ,           3872   ,         93   ,                       57   ,                   0   ,                    0   ,              276.7   ,                 176.5   ,               91.1   ,                100.2   ,              12.2   ,               9.1   ,                12.2   ,          267.6   ,             12.2   ,                        61.5   ,               4   ,        1.0500   ,               31.0   ,                 11569   ,
2026-02-14 01:37:39 ,        2745.0   ,           1312.7   ,               40.5   ,        44.9   ,                  40.0   ,                30   ,                  2003   ,                30   ,                     0   ,           3872   ,         93   ,                       57   ,                   0   ,                    0   ,              275.7   ,                 177.0   ,               89.7   ,                 98.7   ,              12.2   ,               9.0   ,                12.2   ,          266.7   ,             12.2   ,                        61.3   ,               4   ,        1.0500   ,               31.0   ,                 11569   ,
2026-02-14 01:37:40 ,        2745.0   ,           1312.7   ,               40.0   ,        44.5   ,                  40.0   ,                30   ,                  2002   ,                30   ,                     0   ,           3872   ,         93   ,                       54   ,                   0   ,                    0   ,              264.4   ,                 171.3   ,               84.4   ,                 93.2   ,              12.2   ,               8.8   ,                12.2   ,          255.6   ,             12.2   ,                        58.8   ,               4   ,        1.0500   ,               30.0   ,                 11568   ,
2026-02-14 01:37:41 ,        2745.0   ,           1312.7   ,               40.6   ,        45.3   ,                  42.0   ,                30   ,                  2001   ,                30   ,                     0   ,           3872   ,         93   ,                       53   ,                   0   ,                    0   ,              261.3   ,                 166.7   ,               85.7   ,                 94.6   ,              12.2   ,               8.9   ,                12.2   ,          252.4   ,             12.2   ,                        58.1   ,               4   ,        1.0500   ,               31.0   ,                 11568   ,
2026-02-14 01:37:42 ,        2745.0   ,           1312.7   ,               41.1   ,        45.5   ,                  42.0   ,                30   ,                  2003   ,                30   ,                     0   ,           3872   ,         94   ,                       49   ,                   0   ,                    0   ,              287.8   ,                 201.8   ,               77.5   ,                 86.1   ,              12.2   ,               8.5   ,                12.2   ,          279.3   ,             12.2   ,                        64.0   ,               4   ,        1.0500   ,               31.0   ,                 11569   ,
2026-02-14 01:37:43 ,        2745.0   ,           1312.7   ,               42.5   ,        46.9   ,                  42.0   ,                30   ,                  2002   ,                30   ,                     0   ,           3872   ,         95   ,                       47   ,                   0   ,                    0   ,              280.4   ,                 197.7   ,               74.2   ,                 82.7   ,              12.2   ,               8.5   ,                12.2   ,          271.9   ,             12.2   ,                        62.3   ,               4   ,        1.0500   ,               30.0   ,                 11567   ,
2026-02-14 01:37:44 ,        2745.0   ,           1312.7   ,               43.9   ,        49.2   ,                  42.0   ,                30   ,                  2004   ,                30   ,                     0   ,           3872   ,         96   ,                       40   ,                   0   ,                    0   ,              280.1   ,                 189.7   ,               81.6   ,                 90.4   ,              12.2   ,               8.8   ,                12.2   ,          271.3   ,             12.2   ,                        62.2   ,               4   ,        1.0500   ,               31.0   ,                 11566   ,
2026-02-14 01:37:45 ,        2745.0   ,           1312.7   ,               44.9   ,        50.8   ,                  42.0   ,                30   ,                  2000   ,                30   ,                     0   ,           3872   ,         95   ,                       41   ,                   0   ,                    0   ,              287.4   ,                 215.0   ,               64.3   ,                 72.4   ,              12.2   ,               8.1   ,                12.2   ,          279.3   ,             12.2   ,                        63.9   ,               4   ,        1.0500   ,               31.0   ,                 11566   ,
2026-02-14 01:37:47 ,        2745.0   ,           1312.7   ,               43.0   ,        47.4   ,                  42.0   ,                30   ,                  2000   ,                30   ,                     0   ,           3872   ,         96   ,                       35   ,                   0   ,                    0   ,              291.4   ,                 213.8   ,               69.2   ,                 77.6   ,              12.2   ,               8.4   ,                12.2   ,          283.1   ,             12.2   ,                        62.8   ,               4   ,        1.0500   ,               31.0   ,                 11567   ,
2026-02-14 01:37:48 ,        2745.0   ,           1312.7   ,               44.0   ,        48.3   ,                  42.0   ,                30   ,                  2001   ,                30   ,                     0   ,           3872   ,         95   ,                       41   ,                   0   ,                    0   ,              305.3   ,                 234.3   ,               62.9   ,                 71.0   ,              12.2   ,               8.1   ,                12.2   ,          297.2   ,             12.2   ,                        66.4   ,               4   ,        1.0500   ,               31.0   ,                 11565   ,
2026-02-14 01:37:49 ,        2745.0   ,           1312.7   ,               45.2   ,        50.3   ,                  44.0   ,                30   ,                  2000   ,                30   ,                     0   ,           3872   ,         96   ,                       41   ,                   0   ,                    0   ,              275.6   ,                 183.2   ,               83.5   ,                 92.4   ,              12.2   ,               8.9   ,                12.2   ,          266.7   ,             12.2   ,                        66.0   ,               4   ,        1.0500   ,               31.0   ,                 11565   ,
2026-02-14 01:37:50 ,        2745.0   ,           1312.7   ,               44.9   ,        49.7   ,                  42.0   ,                30   ,                  2005   ,                30   ,                     0   ,           3872   ,         95   ,                       42   ,                   0   ,                    0   ,              279.5   ,                 190.7   ,               80.1   ,                 88.8   ,              12.2   ,               8.8   ,                12.2   ,          270.8   ,             12.2   ,                        66.0   ,               4   ,        1.0500   ,               30.0   ,                 11563   ,
2026-02-14 01:37:51 ,        2745.0   ,           1312.7   ,               45.0   ,        49.8   ,                  44.0   ,                30   ,                  1998   ,                30   ,                     0   ,           3872   ,         96   ,                       40   ,                   0   ,                    0   ,              282.1   ,                 193.8   ,               79.6   ,                 88.3   ,              12.2   ,               8.7   ,                12.2   ,          293.4   ,             12.2   ,                        67.0   ,               4   ,        1.0500   ,               31.0   ,                 11564   ,
2026-02-14 01:37:52 ,        2745.0   ,           1312.7   ,               47.3   ,        53.6   ,                  44.0   ,                30   ,                  1997   ,                30   ,                     0   ,           3872   ,         95   ,                       48   ,                   0   ,                    0   ,              275.0   ,                 184.4   ,               81.8   ,                 90.6   ,              12.2   ,               8.8   ,                12.2   ,          266.2   ,             12.2   ,                        68.8   ,               4   ,        1.0500   ,               31.0   ,                 11564   ,
2026-02-14 01:37:53 ,        2745.0   ,           1312.7   ,               46.9   ,        52.6   ,                  46.0   ,                30   ,                  2002   ,                30   ,                     0   ,           3872   ,         95   ,                       44   ,                   0   ,                    0   ,              300.5   ,                 207.5   ,               74.8   ,                 83.4   ,              12.2   ,               8.6   ,                12.2   ,          282.4   ,             12.2   ,                        64.7   ,               4   ,        1.0500   ,               31.0   ,                 11563   ,
2026-02-14 01:37:54 ,        2730.0   ,           1312.7   ,               47.0   ,        52.5   ,                  44.0   ,                30   ,                  2003   ,                30   ,                     0   ,           3872   ,         95   ,                       45   ,                   0   ,                    0   ,              292.3   ,                 207.0   ,               76.7   ,                 85.3   ,              12.2   ,               8.7   ,                12.2   ,          283.7   ,             12.2   ,                        65.0   ,               4   ,        1.0500   ,               31.0   ,                 11563   ,
2026-02-14 01:37:55 ,        2730.0   ,           1312.7   ,               46.2   ,        51.5   ,                  46.0   ,                30   ,                  2003   ,                30   ,                     0   ,           3872   ,         95   ,                       45   ,                   0   ,                    0   ,              280.8   ,                 189.5   ,               82.4   ,                 91.3   ,              12.2   ,               8.9   ,                12.2   ,          271.9   ,             12.2   ,                        62.4   ,               4   ,        1.0500   ,               31.0   ,                 11563   ,
2026-02-14 01:37:56 ,        2730.0   ,           1312.7   ,               45.7   ,        50.9   ,                  46.0   ,                30   ,                  2004   ,                30   ,                     0   ,           3872   ,         94   ,                       51   ,                   0   ,                    0   ,              280.2   ,                 182.3   ,               88.9   ,                 97.9   ,              12.2   ,               9.0   ,                12.2   ,          271.2   ,             12.2   ,                        62.3   ,               4   ,        1.0500   ,               31.0   ,                 11563   ,
2026-02-14 01:37:57 ,        2730.0   ,           1312.7   ,               45.2   ,        50.2   ,                  48.0   ,                30   ,                  1999   ,                30   ,                     0   ,           3872   ,         93   ,                       57   ,                   0   ,                    0   ,              268.0   ,                 171.3   ,               87.8   ,                 96.7   ,              12.2   ,               8.9   ,                12.2   ,          259.1   ,             12.2   ,                        59.6   ,               4   ,        1.0500   ,               31.0   ,                 11563   ,
2026-02-14 01:37:58 ,        2730.0   ,           1312.7   ,               46.0   ,        50.8   ,                  48.0   ,                30   ,                  1997   ,                30   ,                     0   ,           3872   ,         93   ,                       57   ,                   0   ,                    0   ,              269.3   ,                 171.3   ,               88.9   ,                 98.0   ,              12.2   ,               9.1   ,                12.2   ,          260.2   ,             12.2   ,                        59.9   ,               4   ,        1.0500   ,               31.0   ,                 11563   ,
2026-02-14 01:37:59 ,        2730.0   ,           1312.7   ,               45.9   ,        51.0   ,                  48.0   ,                30   ,                  1997   ,                30   ,                     0   ,           3872   ,         93   ,                       58   ,                   0   ,                    0   ,              277.9   ,                 179.0   ,               89.9   ,                 98.9   ,              12.2   ,               9.1   ,                12.2   ,          268.9   ,             12.2   ,                        61.4   ,               4   ,        1.0500   ,               30.0   ,                 11562   ,
2026-02-14 01:38:00 ,        2730.0   ,           1312.7   ,               46.4   ,        52.0   ,                  50.0   ,                30   ,                  1998   ,                30   ,                     0   ,           3872   ,         93   ,                       56   ,                   0   ,                    0   ,              274.7   ,                 178.5   ,               87.3   ,                 96.3   ,              12.2   ,               9.0   ,                12.2   ,          265.8   ,             12.2   ,                        61.0   ,               4   ,        1.0500   ,               32.0   ,                 11561   ,
2026-02-14 01:38:01 ,        2730.0   ,           1312.7   ,               46.2   ,        51.1   ,                  48.0   ,                30   ,                  1995   ,                30   ,                     0   ,           3872   ,         93   ,                       56   ,                   0   ,                    0   ,              272.5   ,                 176.1   ,               87.5   ,                 96.4   ,              12.2   ,               8.9   ,                12.2   ,          263.5   ,             12.2   ,                        60.6   ,               4   ,        1.0500   ,               31.0   ,                 11561   ,
2026-02-14 01:38:02 ,        2730.0   ,           1312.7   ,               46.5   ,        51.4   ,                  50.0   ,                30   ,                  1997   ,                30   ,                     0   ,           3872   ,         93   ,                       57   ,                   0   ,                    0   ,              276.7   ,                 179.6   ,               88.1   ,                 97.1   ,              12.2   ,               9.0   ,                12.2   ,          267.7   ,             12.2   ,                        61.5   ,               4   ,        1.0500   ,               31.0   ,                 11562   ,
2026-02-14 01:38:03 ,        2730.0   ,           1312.7   ,               46.8   ,        52.2   ,                  50.0   ,                30   ,                  2001   ,                30   ,                     0   ,           3872   ,         93   ,                       53   ,                   0   ,                    0   ,              264.7   ,                 172.1   ,               83.7   ,                 92.6   ,              12.2   ,               8.9   ,                12.2   ,          255.8   ,             12.2   ,                        58.8   ,               4   ,        1.0500   ,               31.0   ,                 11562   ,
2026-02-14 01:38:04 ,        2745.0   ,           1312.7   ,               41.2   ,        49.7   ,                  46.0   ,                30   ,                  1999   ,                30   ,                     0   ,            536   ,          0   ,                        0   ,                   0   ,                    0   ,               83.6   ,                  47.0   ,               29.4   ,                 36.5   ,              12.4   ,               7.1   ,                12.3   ,           76.5   ,             12.3   ,                        18.6   ,               4   ,        1.0500   ,               28.0   ,                 11167   ,
2026-02-14 01:38:05 ,         555.0   ,            625.2   ,               40.7   ,        49.4   ,                  46.0   ,                30   ,                  2002   ,                30   ,                     0   ,            534   ,          0   ,                        0   ,                   0   ,                    0   ,               83.5   ,                  47.0   ,               29.4   ,                 36.5   ,              12.4   ,               7.1   ,                12.3   ,           76.4   ,             12.3   ,                        18.6   ,              16   ,        0.8900   ,               33.0   ,                  9667   ,
2026-02-14 01:38:06 ,         345.0   ,            625.2   ,               39.4   ,        48.5   ,                  44.0   ,                30   ,                  2002   ,                30   ,                     0   ,            534   ,          0   ,                        0   ,                   0   ,                    0   ,               43.7   ,                  17.2   ,               19.5   ,                 26.5   ,              12.4   ,               7.0   ,                12.3   ,           36.7   ,             12.3   ,                         9.7   ,              16   ,        0.8900   ,               29.0   ,                 10188   ,
2026-02-14 01:38:07 ,        2520.0   ,           1312.7   ,               39.6   ,        48.4   ,                  44.0   ,                30   ,                  2003   ,                30   ,                     0   ,            922   ,          1   ,                        0   ,                   0   ,                    0   ,               46.0   ,                  18.8   ,               20.2   ,                 27.1   ,              12.4   ,               7.0   ,                12.3   ,           39.0   ,             12.3   ,                        10.2   ,              16   ,        0.9600   ,               34.0   ,                 10715   ,
2026-02-14 01:38:08 ,        2520.0   ,           1312.7   ,               39.7   ,        48.3   ,                  44.0   ,                30   ,                  2001   ,                30   ,                     0   ,            938   ,          0   ,                        0   ,                   0   ,                    0   ,               71.6   ,                  35.1   ,               29.3   ,                 36.5   ,              12.4   ,               7.1   ,                12.2   ,           64.5   ,             12.3   ,                        15.9   ,              16   ,        0.9600   ,               39.0   ,                 11896   ,
2026-02-14 01:38:09 ,        2520.0   ,           1312.7   ,               39.6   ,        48.2   ,                  44.0   ,                30   ,                  2000   ,                30   ,                     0   ,           2042   ,         18   ,                        1   ,                   0   ,                    8   ,               73.1   ,                  36.0   ,               29.9   ,                 37.1   ,              12.4   ,               7.2   ,                12.2   ,           65.9   ,             12.3   ,                        16.2   ,              16   ,        0.9600   ,               38.0   ,                 13533   ,
2026-02-14 01:38:10 ,        2520.0   ,           1312.7   ,               39.5   ,        48.1   ,                  44.0   ,                30   ,                  2000   ,                30   ,                     0   ,           5180   ,          7   ,                        0   ,                   0   ,                    0   ,               71.8   ,                  35.4   ,               29.3   ,                 36.4   ,              12.4   ,               7.1   ,                12.2   ,           64.7   ,             12.3   ,                        16.0   ,              16   ,        0.9600   ,               38.0   ,                 14698   ,
2026-02-14 01:38:11 ,        2520.0   ,           1312.7   ,               39.3   ,        48.0   ,                  44.0   ,                30   ,                  1998   ,                30   ,                     0   ,           5180   ,          0   ,                        0   ,                   0   ,                    0   ,               71.5   ,                  35.0   ,               29.4   ,                 36.6   ,              12.4   ,               7.2   ,                12.3   ,           64.3   ,             12.3   ,                        15.9   ,              16   ,        0.9600   ,               38.0   ,                 14836   ,
2026-02-14 01:38:12 ,        2520.0   ,           1312.7   ,               39.2   ,        47.8   ,                  44.0   ,                30   ,                  2001   ,                30   ,                     0   ,           5180   ,          0   ,                        0   ,                   0   ,                    0   ,               71.5   ,                  34.9   ,               29.4   ,                 36.6   ,              12.4   ,               7.2   ,                12.3   ,           64.3   ,             12.3   ,                        15.9   ,              16   ,        0.9600   ,               36.0   ,                 14846   ,
2026-02-14 01:38:13 ,        2520.0   ,           1312.7   ,               39.1   ,        47.7   ,                  44.0   ,                30   ,                  1998   ,                30   ,                     0   ,           5180   ,          0   ,                        0   ,                   0   ,                    0   ,               71.6   ,                  35.1   ,               29.4   ,                 36.5   ,              12.4   ,               7.1   ,                12.3   ,           64.4   ,             12.3   ,                        15.9   ,              16   ,        0.9600   ,               36.0   ,                 15056   ,
2026-02-14 01:38:14 ,         540.0   ,            101.3   ,               38.2   ,        47.2   ,                  42.0   ,                30   ,                  2002   ,                30   ,                     0   ,           5180   ,          0   ,                        0   ,                   0   ,                    0   ,               21.6   ,                  12.3   ,                6.1   ,                  9.4   ,              12.4   ,               3.3   ,                12.3   ,           18.4   ,             12.4   ,                         4.8   ,              16   ,        0.8900   ,               35.0   ,                 15420   ,
2026-02-14 01:38:15 ,        2520.0   ,           1312.7   ,               38.9   ,        47.3   ,                  42.0   ,                30   ,                  1997   ,                30   ,                     0   ,           7406   ,         76   ,                       57   ,                   0   ,                    3   ,               59.7   ,                  31.8   ,               24.3   ,                 27.9   ,              12.4   ,               3.5   ,                12.2   ,           56.1   ,             12.3   ,                        20.1   ,              16   ,        0.9600   ,               31.0   ,                 16098   ,
2026-02-14 01:38:16 ,        2520.0   ,           1312.7   ,               38.8   ,        47.3   ,                  44.0   ,                30   ,                  1998   ,                30   ,                     0   ,            536   ,          0   ,                        0   ,                   0   ,                    0   ,               71.7   ,                  35.3   ,               29.3   ,                 36.5   ,              12.4   ,               7.2   ,                12.3   ,           65.3   ,             12.3   ,                        16.1   ,              16   ,        0.9600   ,               29.0   ,                 13384   ,
2026-02-14 01:38:17 ,         570.0   ,            625.2   ,               38.1   ,        47.0   ,                  44.0   ,                30   ,                  1997   ,                30   ,                     0   ,            534   ,          0   ,                        0   ,                   0   ,                    0   ,               44.4   ,                  18.1   ,               19.3   ,                 26.2   ,              12.4   ,               6.9   ,                12.3   ,           37.5   ,             12.3   ,                         9.9   ,              16   ,        0.8900   ,               32.0   ,                  9649   ,
2026-02-14 01:38:18 ,         360.0   ,            625.2   ,               37.8   ,        46.7   ,                  42.0   ,                30   ,                  2003   ,                30   ,                     0   ,            534   ,          0   ,                        0   ,                   0   ,                    0   ,               43.5   ,                  17.3   ,               19.3   ,                 26.3   ,              12.4   ,               7.0   ,                12.2   ,           36.6   ,             12.3   ,                         9.7   ,              16   ,        0.8900   ,               42.0   ,                 10593   ,
2026-02-14 01:38:19 ,        2520.0   ,           1312.7   ,               38.5   ,        47.0   ,                  44.0   ,                30   ,                  2003   ,                30   ,                     0   ,            938   ,          0   ,                        0   ,                   0   ,                    0   ,               71.8   ,                  35.3   ,               29.3   ,                 36.5   ,              12.4   ,               7.2   ,                12.2   ,           64.6   ,             12.3   ,                        15.9   ,              16   ,        0.9600   ,               38.0   ,                 11654   ,
2026-02-14 01:38:20 ,        2520.0   ,           1312.7   ,               38.5   ,        47.1   ,                  44.0   ,                30   ,                  2000   ,                30   ,                     0   ,           1690   ,         18   ,                        1   ,                   0   ,                    8   ,               73.7   ,                  36.5   ,               30.0   ,                 37.2   ,              12.4   ,               7.2   ,                12.2   ,           66.5   ,             12.3   ,                        16.4   ,              16   ,        0.9600   ,               38.0   ,                 12961   ,
2026-02-14 01:38:21 ,        2520.0   ,           1312.7   ,               38.4   ,        47.0   ,                  44.0   ,                30   ,                  2002   ,                30   ,                     0   ,           5180   ,         22   ,                        1   ,                   0   ,                   12   ,               76.1   ,                  37.4   ,               31.6   ,                 38.7   ,              12.4   ,               7.1   ,                12.3   ,           69.0   ,             12.3   ,                        16.9   ,              16   ,        0.9600   ,               38.0   ,                 14715   ,
2026-02-14 01:38:22 ,        2520.0   ,           1312.7   ,               38.3   ,        46.8   ,                  42.0   ,                30   ,                  1997   ,                30   ,                     0   ,           5180   ,          0   ,                        0   ,                   0   ,                    0   ,               71.6   ,                  35.2   ,               29.3   ,                 36.4   ,              12.4   ,               7.1   ,                12.3   ,           64.5   ,             12.3   ,                        15.9   ,              16   ,        0.9600   ,               38.0   ,                 14782   ,
2026-02-14 01:38:23 ,        2520.0   ,           1312.7   ,               38.3   ,        46.8   ,                  42.0   ,                30   ,                  1997   ,                30   ,                     0   ,           5180   ,          0   ,                        0   ,                   0   ,                    0   ,               71.4   ,                  35.1   ,               29.3   ,                 36.3   ,              12.4   ,               7.1   ,                12.2   ,           64.4   ,             12.3   ,                        15.9   ,              16   ,        0.9600   ,               37.0   ,                 14808   ,
2026-02-14 01:38:24 ,        2520.0   ,           1312.7   ,               38.2   ,        46.8   ,                  44.0   ,                30   ,                  1998   ,                30   ,                     0   ,           5180   ,          0   ,                        0   ,                   0   ,                    0   ,               71.0   ,                  34.7   ,               29.3   ,                 36.3   ,              12.4   ,               7.0   ,                12.3   ,           64.0   ,             12.3   ,                        15.8   ,              16   ,        0.9600   ,               38.0   ,                 15062   ,
2026-02-14 01:38:25 ,         555.0   ,            101.3   ,               37.2   ,        46.2   ,                  42.0   ,                30   ,                  2004   ,                30   ,                     0   ,           5180   ,          0   ,                        0   ,                   0   ,                    0   ,               33.0   ,                  16.0   ,               13.6   ,                 17.0   ,              12.4   ,               3.4   ,                12.3   ,           29.6   ,             12.4   ,                         7.3   ,              16   ,        0.8900   ,               36.0   ,                 15078   ,
2026-02-14 01:38:26 ,         450.0   ,             50.6   ,               37.0   ,        45.8   ,                  40.0   ,                30   ,                  1996   ,                30   ,                     0   ,           5836   ,         62   ,                       15   ,                   0   ,                   49   ,               27.9   ,                  12.2   ,               12.6   ,                 15.7   ,              12.4   ,               3.0   ,                12.3   ,           24.8   ,             12.4   ,                         6.2   ,              16   ,        0.8750   ,               30.0   ,                 15737   ,
2026-02-14 01:38:27 ,        2520.0   ,           1312.7   ,               40.7   ,        46.5   ,                  44.0   ,                30   ,                  2002   ,                30   ,                     0   ,           7446   ,         95   ,                       82   ,                   0   ,                    0   ,              158.9   ,                  85.3   ,               65.8   ,                 73.5   ,              12.3   ,               7.7   ,                12.2   ,          151.1   ,             12.3   ,                        35.3   ,              16   ,        0.9500   ,               33.0   ,                 15948   ,
2026-02-14 01:38:28 ,        2745.0   ,           1312.7   ,               43.9   ,        48.6   ,                  48.0   ,                30   ,                  2002   ,                30   ,                     0   ,           7446   ,         92   ,                       59   ,                   0   ,                    0   ,              257.0   ,                 155.0   ,               92.6   ,                102.0   ,              12.2   ,               9.4   ,                12.2   ,          247.6   ,             12.2   ,                        57.1   ,               4   ,        1.0500   ,               34.0   ,                 15948   ,
2026-02-14 01:38:29 ,        2745.0   ,           1312.7   ,               44.4   ,        49.4   ,                  48.0   ,                30   ,                  1999   ,                30   ,                     0   ,           7446   ,         94   ,                       56   ,                   0   ,                    0   ,              264.7   ,                 162.1   ,               93.0   ,                102.5   ,              12.2   ,               9.5   ,                12.2   ,          255.2   ,             12.2   ,                        58.8   ,               4   ,        1.0500   ,               34.0   ,                 15948   ,
2026-02-14 01:38:30 ,        2745.0   ,           1312.7   ,               44.5   ,        49.5   ,                  48.0   ,                30   ,                  2003   ,                30   ,                     0   ,           7446   ,         90   ,                       54   ,                   0   ,                    0   ,              263.4   ,                 159.8   ,               94.2   ,                103.7   ,              12.2   ,               9.5   ,                12.2   ,          254.0   ,             12.2   ,                        58.5   ,               4   ,        1.0500   ,               35.0   ,                 15948   ,
2026-02-14 01:38:31 ,        2745.0   ,           1312.7   ,               45.1   ,        50.3   ,                  50.0   ,                30   ,                  2002   ,                30   ,                     0   ,           7446   ,         92   ,                       60   ,                   0   ,                    0   ,              258.1   ,                 156.0   ,               92.8   ,                102.1   ,              12.2   ,               9.3   ,                12.2   ,          248.8   ,             12.2   ,                        59.1   ,               4   ,        1.0500   ,               33.0   ,                 15948   ,
2026-02-14 01:38:32 ,        2745.0   ,           1312.7   ,               45.2   ,        50.3   ,                  48.0   ,                30   ,                  1997   ,                30   ,                     0   ,           7446   ,         93   ,                       59   ,                   0   ,                    0   ,              266.4   ,                 162.7   ,               94.3   ,                103.8   ,              12.2   ,               9.4   ,                12.2   ,          257.0   ,             12.2   ,                        59.2   ,               4   ,        1.0500   ,               34.0   ,                 15947   ,
2026-02-14 01:38:33 ,        2745.0   ,           1312.7   ,               45.8   ,        51.2   ,                  50.0   ,                30   ,                  1997   ,                30   ,                     0   ,           7446   ,         93   ,                       59   ,                   0   ,                    0   ,              268.8   ,                 164.4   ,               95.0   ,                104.4   ,              12.2   ,               9.4   ,                12.2   ,          259.4   ,             12.2   ,                        59.7   ,               4   ,        1.0500   ,               34.0   ,                 15947   ,
2026-02-14 01:38:34 ,        2745.0   ,           1312.7   ,               46.1   ,        51.3   ,                  50.0   ,                30   ,                  2003   ,                30   ,                     0   ,           7446   ,         93   ,                       60   ,                   0   ,                    0   ,              262.7   ,                 160.3   ,               93.1   ,                102.4   ,              12.2   ,               9.3   ,                12.2   ,          253.4   ,             12.2   ,                        58.4   ,               4   ,        1.0500   ,               34.0   ,                 15947   ,
2026-02-14 01:38:35 ,        2745.0   ,           1312.7   ,               46.2   ,        51.7   ,                  50.0   ,                30   ,                  1999   ,                30   ,                     0   ,           7446   ,         93   ,                       57   ,                   0   ,                    0   ,              259.4   ,                 158.2   ,               91.9   ,                101.1   ,              12.2   ,               9.2   ,                12.2   ,          250.1   ,             12.2   ,                        57.6   ,               4   ,        1.0500   ,               34.0   ,                 15945   ,
2026-02-14 01:38:36 ,        2745.0   ,           1312.7   ,               46.6   ,        52.0   ,                  50.0   ,                30   ,                  1999   ,                30   ,                     0   ,           7446   ,         92   ,                       59   ,                   0   ,                    0   ,              264.2   ,                 161.9   ,               93.0   ,                102.3   ,              12.2   ,               9.3   ,                12.2   ,          254.9   ,             12.2   ,                        58.7   ,               4   ,        1.0500   ,               34.0   ,                 15940   ,
2026-02-14 01:38:37 ,        2745.0   ,           1312.7   ,               46.9   ,        52.3   ,                  52.0   ,                30   ,                  2002   ,                30   ,                     0   ,           7446   ,         93   ,                       59   ,                   0   ,                    0   ,              261.4   ,                 158.8   ,               93.2   ,                102.6   ,              12.2   ,               9.4   ,                12.2   ,          252.0   ,             12.2   ,                        58.1   ,               4   ,        1.0500   ,               34.0   ,                 15938   ,
2026-02-14 01:38:38 ,        2745.0   ,           1312.7   ,               46.9   ,        52.1   ,                  52.0   ,                30   ,                  2005   ,                30   ,                     0   ,           7446   ,         92   ,                       59   ,                   0   ,                    0   ,              260.6   ,                 157.9   ,               93.3   ,                102.7   ,              12.2   ,               9.4   ,                12.2   ,          251.2   ,             12.2   ,                        57.9   ,               4   ,        1.0500   ,               33.0   ,                 15939   ,
2026-02-14 01:38:39 ,        2730.0   ,           1312.7   ,               47.4   ,        53.0   ,                  52.0   ,                30   ,                  2001   ,                30   ,                     0   ,           7446   ,         93   ,                       59   ,                   0   ,                    0   ,              259.2   ,                 157.6   ,               92.4   ,                101.7   ,              12.2   ,               9.2   ,                12.2   ,          250.0   ,             12.2   ,                        57.6   ,               4   ,        1.0500   ,               33.0   ,                 15940   ,
2026-02-14 01:38:40 ,        2730.0   ,           1312.7   ,               47.5   ,        53.1   ,                  54.0   ,                30   ,                  1998   ,                30   ,                     0   ,           7446   ,         93   ,                       58   ,                   0   ,                    0   ,              259.7   ,                 159.0   ,               91.4   ,                100.7   ,              12.2   ,               9.3   ,                12.2   ,          250.4   ,             12.2   ,                        57.7   ,               4   ,        1.0500   ,               33.0   ,                 15938   ,
2026-02-14 01:38:41 ,        2730.0   ,           1312.7   ,               47.8   ,        53.3   ,                  54.0   ,                30   ,                  1999   ,                30   ,                     0   ,           7446   ,         93   ,                       59   ,                   0   ,                    0   ,              264.6   ,                 163.0   ,               92.3   ,                101.6   ,              12.2   ,               9.3   ,                12.2   ,          255.3   ,             12.2   ,                        58.8   ,               4   ,        1.0500   ,               34.0   ,                 15939   ,
2026-02-14 01:38:42 ,        2730.0   ,           1312.7   ,               48.1   ,        53.5   ,                  52.0   ,                30   ,                  2001   ,                30   ,                     0   ,           7446   ,         93   ,                       58   ,                   0   ,                    0   ,              256.6   ,                 155.9   ,               91.5   ,                100.7   ,              12.2   ,               9.3   ,                12.2   ,          247.4   ,             12.2   ,                        57.0   ,               4   ,        1.0500   ,               34.0   ,                 15939   ,
2026-02-14 01:38:43 ,        2730.0   ,           1312.7   ,               48.4   ,        54.1   ,                  54.0   ,                30   ,                  1998   ,                30   ,                     0   ,           7446   ,         95   ,                       53   ,                   0   ,                    0   ,              265.4   ,                 163.2   ,               92.7   ,                102.2   ,              12.2   ,               9.4   ,                12.2   ,          256.0   ,             12.2   ,                        59.0   ,               4   ,        1.0500   ,               33.0   ,                 15940   ,
2026-02-14 01:38:44 ,        2730.0   ,           1312.7   ,               49.2   ,        54.6   ,                  52.0   ,                30   ,                  1997   ,                30   ,                     0   ,           7446   ,         93   ,                       58   ,                   0   ,                    0   ,              267.0   ,                 164.4   ,               93.3   ,                102.7   ,              12.2   ,               9.4   ,                12.2   ,          257.7   ,             12.2   ,                        59.3   ,               4   ,        1.0500   ,               33.0   ,                 15938   ,
2026-02-14 01:38:45 ,        2730.0   ,           1312.7   ,               48.9   ,        54.8   ,                  54.0   ,                30   ,                  1999   ,                30   ,                     0   ,           7446   ,         93   ,                       55   ,                   0   ,                    0   ,              257.8   ,                 156.7   ,               91.8   ,                101.1   ,              12.2   ,               9.4   ,                12.2   ,          248.5   ,             12.2   ,                        57.3   ,               4   ,        1.0500   ,               33.0   ,                 15939   ,
2026-02-14 01:38:46 ,        2730.0   ,           1312.7   ,               49.0   ,        54.7   ,                  54.0   ,                30   ,                  1999   ,                30   ,                     0   ,           7446   ,         93   ,                       58   ,                   0   ,                    0   ,              259.3   ,                 157.4   ,               92.7   ,                101.9   ,              12.2   ,               9.2   ,                12.2   ,          250.1   ,             12.2   ,                        57.6   ,               4   ,        1.0500   ,               34.0   ,                 15939   ,
2026-02-14 01:38:47 ,        2730.0   ,           1312.7   ,               49.1   ,        54.9   ,                  54.0   ,                30   ,                  2004   ,                30   ,                     0   ,           7446   ,         93   ,                       58   ,                   0   ,                    0   ,              263.9   ,                 160.2   ,               94.2   ,                103.7   ,              12.2   ,               9.5   ,                12.2   ,          254.4   ,             12.2   ,                        58.6   ,               4   ,        1.0500   ,               34.0   ,                 15939   ,
2026-02-14 01:38:48 ,        2730.0   ,           1312.7   ,               49.4   ,        55.2   ,                  56.0   ,                30   ,                  1997   ,                30   ,                     0   ,           7446   ,         93   ,                       59   ,                   0   ,                    0   ,              259.8   ,                 157.9   ,               92.5   ,                101.9   ,              12.2   ,               9.4   ,                12.2   ,          250.4   ,             12.2   ,                        57.7   ,               4   ,        1.0500   ,               34.0   ,                 15940   ,
2026-02-14 01:38:49 ,        2730.0   ,           1312.7   ,               49.6   ,        55.5   ,                  54.0   ,                30   ,                  1999   ,                30   ,                     0   ,           7446   ,         93   ,                       59   ,                   0   ,                    0   ,              261.7   ,                 159.0   ,               93.3   ,                102.7   ,              12.2   ,               9.4   ,                12.2   ,          252.3   ,             12.2   ,                        58.2   ,               4   ,        1.0500   ,               33.0   ,                 15938   ,
2026-02-14 01:38:50 ,        2730.0   ,           1312.7   ,               49.8   ,        55.8   ,                  56.0   ,                30   ,                  2001   ,                30   ,                     0   ,           7446   ,         93   ,                       59   ,                   0   ,                    0   ,              262.2   ,                 159.1   ,               93.7   ,                103.1   ,              12.2   ,               9.3   ,                12.2   ,          252.9   ,             12.2   ,                        58.3   ,               4   ,        1.0500   ,               34.0   ,                 15938   ,
2026-02-14 01:38:51 ,        2730.0   ,           1312.7   ,               50.0   ,        55.8   ,                  56.0   ,                30   ,                  1999   ,                30   ,                     0   ,           7446   ,         93   ,                       59   ,                   0   ,                    0   ,              256.7   ,                 156.1   ,               91.5   ,                100.6   ,              12.2   ,               9.1   ,                12.2   ,          247.6   ,             12.2   ,                        57.1   ,               4   ,        1.0500   ,               34.0   ,                 15938   ,
2026-02-14 01:38:52 ,        2730.0   ,           1312.7   ,               50.0   ,        55.9   ,                  56.0   ,                30   ,                  1997   ,                30   ,                     0   ,           7446   ,         91   ,                       56   ,                   0   ,                    0   ,              254.0   ,                 154.2   ,               90.5   ,                 99.8   ,              12.2   ,               9.3   ,                12.2   ,          244.7   ,             12.2   ,                        56.4   ,               4   ,        1.0500   ,               33.0   ,                 15938   ,
2026-02-14 01:38:53 ,        2730.0   ,           1312.7   ,               50.4   ,        56.2   ,                  56.0   ,                30   ,                  1999   ,                30   ,                     0   ,           7446   ,         93   ,                       60   ,                   0   ,                    0   ,              270.3   ,                 166.2   ,               94.7   ,                104.1   ,              12.2   ,               9.4   ,                12.2   ,          260.9   ,             12.2   ,                        60.1   ,               4   ,        1.0500   ,               33.0   ,                 15939   ,
2026-02-14 01:38:54 ,        2730.0   ,           1312.7   ,               50.6   ,        56.5   ,                  56.0   ,                30   ,                  2000   ,                30   ,                     0   ,           7446   ,         93   ,                       60   ,                   0   ,                    0   ,              263.9   ,                 161.6   ,               93.0   ,                102.4   ,              12.2   ,               9.4   ,                12.2   ,          254.6   ,             12.2   ,                        58.7   ,               4   ,        1.0500   ,               32.0   ,                 15936   ,
2026-02-14 01:38:55 ,        2730.0   ,           1312.7   ,               50.8   ,        56.4   ,                  56.0   ,                30   ,                  2004   ,                30   ,                     0   ,           7446   ,         93   ,                       58   ,                   0   ,                    0   ,              267.6   ,                 164.1   ,               94.1   ,                103.5   ,              12.2   ,               9.4   ,                12.2   ,          258.1   ,             12.2   ,                        59.5   ,               4   ,        1.0500   ,               33.0   ,                 15937   ,
2026-02-14 01:38:56 ,        2730.0   ,           1312.7   ,               51.1   ,        57.0   ,                  58.0   ,                30   ,                  2000   ,                30   ,                     0   ,           7446   ,         93   ,                       57   ,                   0   ,                    0   ,              266.1   ,                 163.4   ,               93.4   ,                102.7   ,              12.2   ,               9.3   ,                12.2   ,          256.7   ,             12.2   ,                        59.1   ,               4   ,        1.0500   ,               33.0   ,                 15937   ,
2026-02-14 01:38:57 ,        2730.0   ,           1312.7   ,               51.3   ,        57.1   ,                  58.0   ,                30   ,                  1998   ,                30   ,                     0   ,           7446   ,         93   ,                       60   ,                   0   ,                    0   ,              265.6   ,                 161.7   ,               94.5   ,                103.9   ,              12.2   ,               9.4   ,                12.2   ,          256.2   ,             12.2   ,                        59.0   ,               4   ,        1.0500   ,               33.0   ,                 15935   ,
2026-02-14 01:38:58 ,        2730.0   ,           1312.7   ,               46.5   ,        55.5   ,                  54.0   ,                30   ,                  2002   ,                30   ,                     0   ,            536   ,          0   ,                        0   ,                   0   ,                    0   ,               86.1   ,                  49.6   ,               29.5   ,                 36.6   ,              12.4   ,               7.1   ,                12.2   ,           79.1   ,             12.3   ,                        19.1   ,               4   ,        1.0500   ,               30.0   ,                 13424   ,
2026-02-14 01:38:59 ,        2730.0   ,           1312.7   ,               45.9   ,        55.2   ,                  54.0   ,                30   ,                  2002   ,                30   ,                     0   ,            536   ,          0   ,                        0   ,                   0   ,                    0   ,               85.3   ,                  48.8   ,               29.4   ,                 36.5   ,              12.4   ,               7.1   ,                12.3   ,           78.3   ,             12.3   ,                        19.0   ,               4   ,        1.0500   ,               28.0   ,                 13431   ,
2026-02-14 01:39:00 ,         465.0   ,            625.2   ,               44.5   ,        54.1   ,                  52.0   ,                30   ,                  1998   ,                30   ,                     0   ,            534   ,          0   ,                        0   ,                   0   ,                    0   ,               46.3   ,                  19.7   ,               19.7   ,                 26.6   ,              12.4   ,               6.9   ,                12.3   ,           39.4   ,             12.3   ,                        10.3   ,              16   ,        0.8850   ,               29.0   ,                  9710   ,
2026-02-14 01:39:01 ,        2520.0   ,           1312.7   ,               44.9   ,        54.1   ,                  52.0   ,                30   ,                  1999   ,                30   ,                     0   ,            938   ,          5   ,                        0   ,                   0   ,                    0   ,               72.9   ,                  36.5   ,               29.5   ,                 36.4   ,              12.4   ,               7.0   ,                12.2   ,           65.9   ,             12.3   ,                        16.2   ,              16   ,        0.9600   ,               32.0   ,                 10198   ,
2026-02-14 01:39:02 ,        2520.0   ,           1312.7   ,               44.8   ,        53.9   ,                  52.0   ,                30   ,                  2000   ,                30   ,                     0   ,           2144   ,          3   ,                        0   ,                   0   ,                    3   ,               73.4   ,                  36.9   ,               29.5   ,                 36.5   ,              12.4   ,               7.0   ,                12.2   ,           66.4   ,             12.3   ,                        16.3   ,              16   ,        0.9600   ,               31.0   ,                 10647   ,
2026-02-14 01:39:03 ,        2520.0   ,           1312.7   ,               44.6   ,        53.9   ,                  52.0   ,                30   ,                  2002   ,                30   ,                     0   ,            536   ,          0   ,                        0   ,                   0   ,                    0   ,               72.9   ,                  36.4   ,               29.4   ,                 36.4   ,              12.4   ,               7.0   ,                12.3   ,           65.9   ,             12.3   ,                        16.5   ,              16   ,        0.9600   ,               34.0   ,                 10630   ,
2026-02-14 01:39:04 ,         900.0   ,            625.2   ,               43.7   ,        53.3   ,                  50.0   ,                30   ,                  2006   ,                30   ,                     0   ,            534   ,          0   ,                        0   ,                   0   ,                    0   ,               47.8   ,                  22.0   ,               19.7   ,                 26.5   ,              12.4   ,               6.8   ,                12.3   ,           41.6   ,             12.4   ,                        10.8   ,              16   ,        0.8850   ,               33.0   ,                  9699   ,
2026-02-14 01:39:05 ,        2520.0   ,           1312.7   ,               44.5   ,        53.3   ,                  50.0   ,                30   ,                  1998   ,                30   ,                     0   ,           2196   ,          1   ,                        1   ,                   0   ,                    1   ,               80.4   ,                  42.8   ,               30.6   ,                 37.6   ,              12.4   ,               7.0   ,                12.2   ,           73.4   ,             12.3   ,                        17.9   ,              16   ,        0.9600   ,               31.0   ,                 10269   ,
2026-02-14 01:39:06 ,        2730.0   ,           1312.7   ,               50.6   ,        55.7   ,                  54.0   ,                30   ,                  2000   ,                30   ,                     0   ,           3950   ,         92   ,                       50   ,                   0   ,                    0   ,              277.9   ,                 185.7   ,               83.5   ,                 92.3   ,              12.2   ,               8.8   ,                12.2   ,          271.6   ,             12.2   ,                        62.3   ,               4   ,        1.0500   ,               34.0   ,                 10567   ,
2026-02-14 01:39:07 ,        2730.0   ,           1312.7   ,               51.8   ,        57.0   ,                  54.0   ,                30   ,                  2000   ,                30   ,                     0   ,           3950   ,         93   ,                       51   ,                   0   ,                    0   ,              284.9   ,                 191.2   ,               84.8   ,                 93.6   ,              12.2   ,               8.9   ,                12.2   ,          276.0   ,             12.2   ,                        63.3   ,               4   ,        1.0500   ,               34.0   ,                 10557   ,
2026-02-14 01:39:08 ,        2730.0   ,           1312.7   ,               52.0   ,        57.8   ,                  56.0   ,                30   ,                  1997   ,                30   ,                     0   ,           3950   ,         92   ,                       50   ,                   0   ,                    0   ,              277.3   ,                 185.2   ,               83.2   ,                 92.0   ,              12.2   ,               8.8   ,                12.2   ,          267.2   ,             12.2   ,                        61.4   ,               4   ,        1.0500   ,               33.0   ,                 10556   ,
2026-02-14 01:39:09 ,        2730.0   ,           1312.7   ,               51.9   ,        57.5   ,                  56.0   ,                30   ,                  1998   ,                30   ,                     0   ,           3950   ,         92   ,                       50   ,                   0   ,                    0   ,              282.7   ,                 189.2   ,               84.6   ,                 93.5   ,              12.2   ,               8.9   ,                12.2   ,          273.8   ,             12.2   ,                        62.8   ,               4   ,        1.0500   ,               34.0   ,                 10554   ,
2026-02-14 01:39:10 ,        2730.0   ,           1312.7   ,               52.0   ,        57.6   ,                  58.0   ,                30   ,                  2002   ,                30   ,                     0   ,           3950   ,         92   ,                       51   ,                   0   ,                    0   ,              280.9   ,                 187.4   ,               84.7   ,                 93.6   ,              12.2   ,               8.8   ,                12.2   ,          272.1   ,             12.2   ,                        62.4   ,               4   ,        1.0500   ,               33.0   ,                 10555   ,
2026-02-14 01:39:11 ,        2730.0   ,           1312.7   ,               52.3   ,        58.1   ,                  56.0   ,                30   ,                  1999   ,                30   ,                     0   ,           3950   ,         92   ,                       51   ,                   0   ,                    0   ,              273.0   ,                 180.3   ,               83.8   ,                 92.6   ,              12.2   ,               8.8   ,                12.2   ,          264.1   ,             12.2   ,                        60.7   ,               4   ,        1.0500   ,               34.0   ,                 10555   ,
2026-02-14 01:39:12 ,        2730.0   ,           1312.7   ,               52.6   ,        58.2   ,                  56.0   ,                30   ,                  1999   ,                30   ,                     0   ,           3950   ,         92   ,                       51   ,                   0   ,                    0   ,              271.7   ,                 179.0   ,               83.9   ,                 92.7   ,              12.2   ,               8.8   ,                12.2   ,          262.9   ,             12.2   ,                        60.4   ,               4   ,        1.0500   ,               32.0   ,                 10555   ,
2026-02-14 01:39:13 ,        2730.0   ,           1312.7   ,               53.6   ,        59.8   ,                  58.0   ,                30   ,                  2000   ,                30   ,                     0   ,           3950   ,         92   ,                       51   ,                   0   ,                    0   ,              269.6   ,                 177.3   ,               83.5   ,                 92.4   ,              12.2   ,               8.9   ,                12.2   ,          260.7   ,             12.2   ,                        59.9   ,               4   ,        1.0500   ,               33.0   ,                 10555   ,
2026-02-14 01:39:14 ,        2730.0   ,           1312.7   ,               53.4   ,        58.9   ,                  56.0   ,                30   ,                  2002   ,                30   ,                     0   ,           3950   ,         92   ,                       50   ,                   0   ,                    0   ,              280.7   ,                 187.8   ,               84.0   ,                 92.9   ,              12.2   ,               8.9   ,                12.2   ,          271.8   ,             12.2   ,                        62.4   ,               4   ,        1.0500   ,               34.0   ,                 10555   ,
2026-02-14 01:39:15 ,        2730.0   ,           1312.7   ,               54.4   ,        60.5   ,                  58.0   ,                30   ,                  2000   ,                30   ,                     0   ,           3950   ,         92   ,                       49   ,                   0   ,                    0   ,              301.0   ,                 210.1   ,               82.2   ,                 91.0   ,              12.1   ,               8.8   ,                12.2   ,          292.3   ,             12.1   ,                        66.9   ,               4   ,        1.0500   ,               33.0   ,                 10554   ,
2026-02-14 01:39:16 ,        2730.0   ,           1312.7   ,               54.3   ,        60.3   ,                  58.0   ,                30   ,                  1999   ,                30   ,                     0   ,           3950   ,         92   ,                       49   ,                   0   ,                    0   ,              284.1   ,                 192.7   ,               82.6   ,                 91.4   ,              12.2   ,               8.8   ,                12.2   ,          275.3   ,             12.2   ,                        63.1   ,               4   ,        1.0500   ,               34.0   ,                 10556   ,
2026-02-14 01:39:17 ,        2730.0   ,           1312.7   ,               53.6   ,        59.3   ,                  58.0   ,                30   ,                  2002   ,                30   ,                     0   ,           3950   ,         92   ,                       51   ,                   0   ,                    0   ,              271.8   ,                 179.0   ,               84.0   ,                 92.8   ,              12.2   ,               8.8   ,                12.2   ,          263.0   ,             12.2   ,                        60.4   ,               4   ,        1.0500   ,               34.0   ,                 10554   ,
2026-02-14 01:39:18 ,        2730.0   ,           1312.7   ,               53.8   ,        59.6   ,                  58.0   ,                30   ,                  1998   ,                30   ,                     0   ,           3950   ,         92   ,                       50   ,                   0   ,                    0   ,              288.1   ,                 195.8   ,               83.6   ,                 92.3   ,              12.2   ,               8.7   ,                12.2   ,          279.4   ,             12.2   ,                        64.0   ,               4   ,        1.0500   ,               34.0   ,                 10556   ,
2026-02-14 01:39:19 ,        2730.0   ,           1312.7   ,               54.2   ,        60.4   ,                  58.0   ,                30   ,                  2001   ,                30   ,                     0   ,           3950   ,         93   ,                       50   ,                   0   ,                    0   ,              288.4   ,                 195.7   ,               83.9   ,                 92.7   ,              12.2   ,               8.8   ,                12.2   ,          279.6   ,             12.2   ,                        64.1   ,               4   ,        1.0500   ,               34.0   ,                 10554   ,
2026-02-14 01:39:20 ,        2730.0   ,           1312.7   ,               54.3   ,        60.3   ,                  58.0   ,                30   ,                  1998   ,                30   ,                     0   ,           3950   ,         92   ,                       50   ,                   0   ,                    0   ,              285.8   ,                 193.9   ,               83.1   ,                 91.9   ,              12.2   ,               8.8   ,                12.2   ,          277.0   ,             12.2   ,                        63.5   ,               4   ,        1.0500   ,               33.0   ,                 10555   ,
2026-02-14 01:39:21 ,        2730.0   ,           1312.7   ,               54.6   ,        60.6   ,                  60.0   ,                30   ,                  2001   ,                30   ,                     0   ,           3950   ,         92   ,                       50   ,                   0   ,                    0   ,              290.7   ,                 197.7   ,               84.1   ,                 93.0   ,              12.2   ,               8.9   ,                12.2   ,          281.8   ,             12.2   ,                        64.6   ,               4   ,        1.0500   ,               33.0   ,                 10555   ,
2026-02-14 01:39:22 ,        2730.0   ,           1312.7   ,               55.3   ,        61.9   ,                  60.0   ,                30   ,                  2003   ,                30   ,                     0   ,           3950   ,         92   ,                       50   ,                   0   ,                    0   ,              274.2   ,                 182.0   ,               83.4   ,                 92.2   ,              12.2   ,               8.8   ,                12.2   ,          265.4   ,             12.2   ,                        60.9   ,               4   ,        1.0500   ,               33.0   ,                 10554   ,
2026-02-14 01:39:23 ,        2730.0   ,           1312.7   ,               55.2   ,        61.6   ,                  60.0   ,                30   ,                  2000   ,                30   ,                     0   ,           3950   ,         92   ,                       51   ,                   0   ,                    0   ,              285.8   ,                 191.8   ,               85.1   ,                 94.1   ,              12.2   ,               8.9   ,                12.2   ,          276.9   ,             12.2   ,                        63.5   ,               4   ,        1.0500   ,               33.0   ,                 10556   ,
2026-02-14 01:39:24 ,        2730.0   ,           1312.7   ,               55.6   ,        61.9   ,                  60.0   ,                30   ,                  1999   ,                30   ,                     0   ,           3950   ,         92   ,                       50   ,                   0   ,                    0   ,              283.1   ,                 189.0   ,               85.3   ,                 94.2   ,              12.2   ,               8.9   ,                12.2   ,          274.2   ,             12.2   ,                        62.9   ,               4   ,        1.0500   ,               34.0   ,                 10555   ,
2026-02-14 01:39:25 ,        2730.0   ,           1312.7   ,               55.2   ,        61.3   ,                  58.0   ,                30   ,                  1998   ,                30   ,                     0   ,           3950   ,         92   ,                       50   ,                   0   ,                    0   ,              274.8   ,                 182.9   ,               83.1   ,                 92.0   ,              12.2   ,               8.8   ,                12.2   ,          266.0   ,             12.2   ,                        61.1   ,               4   ,        1.0500   ,               33.0   ,                 10554   ,
2026-02-14 01:39:26 ,        2730.0   ,           1312.7   ,               55.8   ,        61.9   ,                  60.0   ,                30   ,                  1999   ,                30   ,                     0   ,           3950   ,         92   ,                       50   ,                   0   ,                    0   ,              281.1   ,                 186.8   ,               85.3   ,                 94.3   ,              12.2   ,               9.0   ,                12.2   ,          272.1   ,             12.2   ,                        62.5   ,               4   ,        1.0500   ,               34.0   ,                 10555   ,
2026-02-14 01:39:27 ,        2730.0   ,           1312.7   ,               55.9   ,        62.1   ,                  60.0   ,                30   ,                  2002   ,                30   ,                     0   ,           3950   ,         92   ,                       50   ,                   0   ,                    0   ,              278.4   ,                 185.2   ,               84.2   ,                 93.2   ,              12.2   ,               9.0   ,                12.2   ,          269.4   ,             12.2   ,                        61.9   ,               4   ,        1.0500   ,               33.0   ,                 10554   ,
2026-02-14 01:39:28 ,        2730.0   ,           1312.7   ,               56.0   ,        62.0   ,                  60.0   ,                30   ,                  2000   ,                30   ,                     0   ,           3950   ,         92   ,                       51   ,                   0   ,                    0   ,              277.6   ,                 183.9   ,               84.8   ,                 93.7   ,              12.2   ,               8.9   ,                12.2   ,          268.7   ,             12.2   ,                        61.7   ,               4   ,        1.0500   ,               33.0   ,                 10555   ,
2026-02-14 01:39:29 ,        2730.0   ,           1312.7   ,               56.0   ,        62.1   ,                  60.0   ,                30   ,                  2001   ,                30   ,                     0   ,           3950   ,         92   ,                       52   ,                   0   ,                    0   ,              279.0   ,                 183.8   ,               84.5   ,                 93.5   ,              12.2   ,               9.0   ,                12.2   ,          268.3   ,             12.2   ,                        61.6   ,               4   ,        1.0500   ,               34.0   ,                 10555   ,
2026-02-14 01:39:30 ,        2730.0   ,           1312.7   ,               56.2   ,        62.0   ,                  60.0   ,                30   ,                  1999   ,                30   ,                     0   ,           3950   ,         92   ,                       51   ,                   0   ,                    0   ,              274.1   ,                 181.7   ,               83.4   ,                 92.4   ,              12.2   ,               8.9   ,                12.2   ,          265.1   ,             12.2   ,                        60.9   ,               4   ,        1.0500   ,               33.0   ,                 10554   ,
2026-02-14 01:39:31 ,        2730.0   ,           1312.7   ,               56.6   ,        62.2   ,                  62.0   ,                30   ,                  2002   ,                30   ,                     0   ,           3950   ,         92   ,                       52   ,                   0   ,                    0   ,              272.5   ,                 180.2   ,               83.3   ,                 92.2   ,              12.2   ,               8.9   ,                12.2   ,          263.6   ,             12.2   ,                        60.6   ,               4   ,        1.0500   ,               33.0   ,                 10554   ,
2026-02-14 01:39:32 ,        2730.0   ,           1312.7   ,               57.0   ,        62.9   ,                  62.0   ,                30   ,                  2001   ,                30   ,                     0   ,           3950   ,         92   ,                       50   ,                   0   ,                    0   ,              280.3   ,                 187.7   ,               83.7   ,                 92.6   ,              12.2   ,               8.9   ,                12.2   ,          271.4   ,             12.2   ,                        62.3   ,               4   ,        1.0500   ,               33.0   ,                 10555   ,
2026-02-14 01:39:33 ,        2730.0   ,           1312.7   ,               56.8   ,        62.7   ,                  62.0   ,                30   ,                  2001   ,                30   ,                     0   ,           3950   ,         92   ,                       51   ,                   0   ,                    0   ,              274.8   ,                 182.1   ,               83.8   ,                 92.7   ,              12.2   ,               8.9   ,                12.2   ,          265.8   ,             12.2   ,                        61.1   ,               4   ,        1.0500   ,               34.0   ,                 10555   ,
2026-02-14 01:39:34 ,        2715.0   ,           1312.7   ,               57.7   ,        63.6   ,                  62.0   ,                30   ,                  2001   ,                30   ,                     0   ,           3950   ,         92   ,                       50   ,                   0   ,                    0   ,              277.9   ,                 184.7   ,               84.3   ,                 93.2   ,              12.2   ,               8.9   ,                12.2   ,          269.0   ,             12.2   ,                        61.8   ,               4   ,        1.0500   ,               33.0   ,                 10555   ,
2026-02-14 01:39:35 ,        2715.0   ,           1312.7   ,               58.0   ,        63.8   ,                  62.0   ,                30   ,                  2002   ,                30   ,                     0   ,           3950   ,         93   ,                       49   ,                   0   ,                    0   ,              284.6   ,                 192.6   ,               82.5   ,                 91.3   ,              12.2   ,               8.9   ,                12.2   ,          278.3   ,             12.2   ,                        63.8   ,               4   ,        1.0500   ,               33.0   ,                 10554   ,
2026-02-14 01:39:36 ,        2715.0   ,           1312.7   ,               58.5   ,        64.8   ,                  62.0   ,                30   ,                  2002   ,                30   ,                     0   ,           3950   ,         93   ,                       49   ,                   0   ,                    0   ,              293.5   ,                 200.6   ,               83.8   ,                 92.7   ,              12.2   ,               8.9   ,                12.2   ,          284.1   ,             12.2   ,                        65.1   ,               4   ,        1.0500   ,               34.0   ,                 10555   ,
2026-02-14 01:39:37 ,        2715.0   ,           1312.7   ,               58.7   ,        64.7   ,                  62.0   ,                30   ,                  2002   ,                30   ,                     0   ,           3950   ,         92   ,                       50   ,                   0   ,                    0   ,              293.5   ,                 201.7   ,               82.9   ,                 91.8   ,              12.2   ,               8.9   ,                12.2   ,          284.6   ,             12.2   ,                        65.2   ,               4   ,        1.0500   ,               34.0   ,                 10555   ,
2026-02-14 01:39:38 ,        2715.0   ,           1312.7   ,               58.4   ,        64.1   ,                  62.0   ,                30   ,                  2004   ,                30   ,                     0   ,           3950   ,         92   ,                       49   ,                   0   ,                    0   ,              293.9   ,                 202.5   ,               82.6   ,                 91.4   ,              12.2   ,               8.8   ,                12.2   ,          285.1   ,             12.2   ,                        65.3   ,               4   ,        1.0500   ,               34.0   ,                 10555   ,
2026-02-14 01:39:39 ,        2715.0   ,           1312.7   ,               52.5   ,        62.6   ,                  60.0   ,                30   ,                  1998   ,                30   ,                     0   ,            536   ,          0   ,                        0   ,                   0   ,                    0   ,               88.2   ,                  51.3   ,               29.7   ,                 36.9   ,              12.4   ,               7.2   ,                12.3   ,           81.1   ,             12.3   ,                        19.6   ,               4   ,        1.0500   ,               33.0   ,                 10570   ,
2026-02-14 01:39:40 ,        2730.0   ,           1312.7   ,               51.9   ,        61.8   ,                  58.0   ,                30   ,                  2000   ,                30   ,                     0   ,            536   ,          0   ,                        0   ,                   0   ,                    0   ,               87.2   ,                  50.4   ,               29.6   ,                 36.8   ,              12.4   ,               7.2   ,                12.3   ,           80.1   ,             12.3   ,                        19.4   ,               4   ,        1.0500   ,               35.0   ,                 10623   ,
2026-02-14 01:39:41 ,         510.0   ,            625.2   ,               50.4   ,        60.8   ,                  58.0   ,                30   ,                  1998   ,                30   ,                     0   ,            534   ,          0   ,                        0   ,                   0   ,                    0   ,               49.1   ,                  22.3   ,               19.9   ,                 26.8   ,              12.4   ,               6.9   ,                12.3   ,           42.2   ,             12.4   ,                        10.9   ,              16   ,        0.8800   ,               27.0   ,                  9583   ,
2026-02-14 01:39:42 ,         315.0   ,            625.2   ,               50.0   ,        60.3   ,                  58.0   ,                30   ,                  2001   ,                30   ,                     0   ,            534   ,          0   ,                        0   ,                   0   ,                    0   ,               47.6   ,                  20.8   ,               19.9   ,                 26.9   ,              12.4   ,               6.9   ,                12.3   ,           40.7   ,             12.4   ,                        10.6   ,              16   ,        0.8800   ,               27.0   ,                  9579   ,
2026-02-14 01:39:43 ,         210.0   ,            625.2   ,               49.6   ,        59.9   ,                  56.0   ,                30   ,                  2000   ,                30   ,                     0   ,            534   ,          0   ,                        0   ,                   0   ,                    0   ,               46.9   ,                  20.1   ,               19.9   ,                 26.9   ,              12.4   ,               6.9   ,                12.3   ,           40.0   ,             12.4   ,                        10.4   ,              16   ,        0.8800   ,               27.0   ,                  9577   ,
2026-02-14 01:39:44 ,         210.0   ,            625.2   ,               49.3   ,        59.7   ,                  56.0   ,                30   ,                  2000   ,                30   ,                     0   ,            534   ,          0   ,                        0   ,                   0   ,                    0   ,               46.9   ,                  20.0   ,               19.9   ,                 27.0   ,              12.4   ,               7.0   ,                12.3   ,           39.9   ,             12.4   ,                        10.4   ,              16   ,        0.8800   ,               27.0   ,                  9577   ,
2026-02-14 01:39:45 ,         210.0   ,            101.3   ,               48.6   ,        59.2   ,                  56.0   ,                30   ,                  1999   ,                30   ,                     0   ,            534   ,          0   ,                        0   ,                   0   ,                    0   ,               21.6   ,                  11.8   ,                6.4   ,                  9.8   ,              12.4   ,               3.3   ,                12.3   ,           18.3   ,             12.4   ,                         4.8   ,              16   ,        0.8800   ,               27.0   ,                  9578   ,
2026-02-14 01:39:46 ,         210.0   ,             50.6   ,               48.3   ,        58.7   ,                  56.0   ,                30   ,                  1997   ,                30   ,                     0   ,            534   ,          0   ,                        0   ,                   0   ,                    0   ,               21.5   ,                  11.9   ,                6.4   ,                  9.7   ,              12.4   ,               3.3   ,                12.3   ,           18.2   ,             12.4   ,                         4.8   ,              16   ,        0.8650   ,               27.0   ,                  9577   ,
2026-02-14 01:39:47 ,         210.0   ,             50.6   ,               47.9   ,        58.2   ,                  56.0   ,                30   ,                  2003   ,                30   ,                     0   ,            534   ,          0   ,                        0   ,                   0   ,                    0   ,               21.0   ,                  11.8   ,                6.2   ,                  9.2   ,              12.4   ,               3.0   ,                12.3   ,           18.0   ,             12.4   ,                         4.7   ,              16   ,        0.8650   ,               28.0   ,                  9577   ,
2026-02-14 01:39:48 ,         210.0   ,             50.6   ,               47.6   ,        57.8   ,                  56.0   ,                30   ,                  2001   ,                30   ,                     0   ,            534   ,          0   ,                        0   ,                   0   ,                    0   ,               21.2   ,                  11.9   ,                6.3   ,                  9.4   ,              12.4   ,               3.0   ,                12.3   ,           18.2   ,             12.4   ,                         4.7   ,              16   ,        0.8650   ,               27.0   ,                  9577   ,
2026-02-14 01:39:49 ,         210.0   ,             50.6   ,               47.4   ,        57.5   ,                  56.0   ,                30   ,                  2001   ,                30   ,                     0   ,            534   ,          0   ,                        0   ,                   0   ,                    0   ,               21.4   ,                  12.0   ,                6.4   ,                  9.4   ,              12.4   ,               3.0   ,                12.3   ,           18.4   ,             12.4   ,                         4.8   ,              16   ,        0.8700   ,               28.0   ,                  9577   ,
2026-02-14 01:39:50 ,         210.0   ,             50.6   ,               47.1   ,        57.2   ,                  54.0   ,                30   ,                  1999   ,                30   ,                     0   ,            534   ,          0   ,                        0   ,                   0   ,                    0   ,               21.4   ,                  12.0   ,                6.4   ,                  9.4   ,              12.4   ,               3.0   ,                12.3   ,           18.4   ,             12.4   ,                         4.8   ,              16   ,        0.8700   ,               28.0   ,                  9577   ,
2026-02-14 01:39:51 ,         210.0   ,             50.6   ,               46.8   ,        56.9   ,                  54.0   ,                30   ,                  2001   ,                30   ,                     0   ,            534   ,          0   ,                        0   ,                   0   ,                    0   ,               21.3   ,                  11.9   ,                6.4   ,                  9.4   ,              12.4   ,               3.0   ,                12.3   ,           18.4   ,             12.4   ,                         4.7   ,              16   ,        0.8700   ,               27.0   ,                  9577   ,
2026-02-14 01:39:52 ,         210.0   ,             50.6   ,               46.5   ,        56.5   ,                  54.0   ,                30   ,                  1998   ,                30   ,                     0   ,            534   ,          0   ,                        0   ,                   0   ,                    0   ,               21.2   ,                  11.9   ,                6.3   ,                  9.3   ,              12.4   ,               3.0   ,                12.3   ,           18.2   ,             12.4   ,                         4.7   ,              16   ,        0.8700   ,               27.0   ,                  9577   ,
2026-02-14 01:39:53 ,         210.0   ,             50.6   ,               46.3   ,        56.2   ,                  54.0   ,                30   ,                  1999   ,                30   ,                     0   ,            534   ,          0   ,                        0   ,                   0   ,                    0   ,               21.1   ,                  12.0   ,                6.2   ,                  9.1   ,              12.4   ,               2.9   ,                12.3   ,           18.2   ,             12.4   ,                         4.7   ,              16   ,        0.8700   ,               27.0   ,                  9576   ,
2026-02-14 01:39:54 ,         210.0   ,             50.6   ,               46.0   ,        55.9   ,                  54.0   ,                30   ,                  2000   ,                30   ,                     0   ,            534   ,          0   ,                        0   ,                   0   ,                    0   ,               21.0   ,                  12.0   ,                6.1   ,                  9.0   ,              12.4   ,               2.9   ,                12.3   ,           18.1   ,             12.4   ,                         4.7   ,              16   ,        0.8700   ,               27.0   ,                  9576   ,
2026-02-14 01:39:55 ,         210.0   ,             50.6   ,               45.8   ,        55.7   ,                  52.0   ,                30   ,                  1998   ,                30   ,                     0   ,            534   ,          0   ,                        0   ,                   0   ,                    0   ,               21.0   ,                  12.0   ,                6.1   ,                  9.0   ,              12.4   ,               3.0   ,                12.3   ,           19.8   ,             12.4   ,                         5.1   ,              16   ,        0.8700   ,               27.0   ,                  9577   ,
2026-02-14 01:39:56 ,         210.0   ,             50.6   ,               45.6   ,        55.5   ,                  52.0   ,                30   ,                  2001   ,                30   ,                     0   ,            534   ,          0   ,                        0   ,                   0   ,                    0   ,               21.3   ,                  12.2   ,                6.2   ,                  9.2   ,              12.4   ,               2.9   ,                12.3   ,           18.4   ,             12.4   ,                         4.7   ,              16   ,        0.8700   ,               27.0   ,                  9575   ,
2026-02-14 01:39:57 ,         210.0   ,             50.6   ,               45.4   ,        55.2   ,                  52.0   ,                30   ,                  1998   ,                30   ,                     0   ,            534   ,          0   ,                        0   ,                   0   ,                    0   ,               21.4   ,                  12.0   ,                6.4   ,                  9.4   ,              12.4   ,               3.0   ,                12.3   ,           18.4   ,             12.4   ,                         4.8   ,              16   ,        0.8700   ,               27.0   ,                  9576   ,
2026-02-14 01:39:58 ,         210.0   ,             50.6   ,               45.1   ,        55.0   ,                  52.0   ,                30   ,                  2000   ,                30   ,                     0   ,            534   ,          0   ,                        0   ,                   0   ,                    0   ,               21.3   ,                  12.1   ,                6.2   ,                  9.1   ,              12.4   ,               3.0   ,                12.3   ,           18.3   ,             12.4   ,                         4.7   ,              16   ,        0.8700   ,               28.0   ,                  9575   ,
2026-02-14 01:39:59 ,         210.0   ,             50.6   ,               44.9   ,        54.8   ,                  52.0   ,                30   ,                  1999   ,                30   ,                     0   ,            534   ,          0   ,                        0   ,                   0   ,                    0   ,               21.2   ,                  12.1   ,                6.2   ,                  9.1   ,              12.4   ,               3.0   ,                12.3   ,           18.3   ,             12.4   ,                         4.7   ,              16   ,        0.8700   ,               27.0   ,                  9574   ,
2026-02-14 01:40:00 ,         210.0   ,             50.6   ,               44.7   ,        54.5   ,                  52.0   ,                30   ,                  1999   ,                30   ,                     0   ,            534   ,          0   ,                        0   ,                   0   ,                    0   ,               21.3   ,                  12.3   ,                6.0   ,                  9.0   ,              12.4   ,               2.9   ,                12.3   ,           18.3   ,             12.4   ,                         4.7   ,              16   ,        0.8700   ,               27.0   ,                  9576   ,
2026-02-14 01:40:01 ,         210.0   ,             50.6   ,               44.5   ,        54.2   ,                  52.0   ,                30   ,                  2002   ,                30   ,                     0   ,            534   ,          0   ,                        0   ,                   0   ,                    0   ,               21.2   ,                  12.2   ,                6.1   ,                  9.1   ,              12.4   ,               2.9   ,                12.3   ,           18.3   ,             12.4   ,                         4.7   ,              16   ,        0.8700   ,               27.0   ,                  9573   ,
2026-02-14 01:40:02 ,         210.0   ,             50.6   ,               44.3   ,        54.0   ,                  50.0   ,                30   ,                  2000   ,                30   ,                     0   ,            534   ,          0   ,                        0   ,                   0   ,                    0   ,               21.5   ,                  12.4   ,                6.1   ,                  9.1   ,              12.4   ,               3.0   ,                12.3   ,           18.5   ,             12.4   ,                         4.8   ,              16   ,        0.8700   ,               27.0   ,                  9574   ,
2026-02-14 01:40:03 ,         210.0   ,             50.6   ,               44.1   ,        53.8   ,                  52.0   ,                30   ,                  2002   ,                30   ,                     0   ,            534   ,          0   ,                        0   ,                   0   ,                    0   ,               21.0   ,                  12.2   ,                5.9   ,                  8.8   ,              12.4   ,               2.9   ,                12.3   ,           18.1   ,             12.4   ,                         4.7   ,              16   ,        0.8700   ,               28.0   ,                  9573   ,
2026-02-14 01:40:04 ,         210.0   ,             50.6   ,               43.9   ,        53.5   ,                  52.0   ,                30   ,                  2002   ,                30   ,                     0   ,            534   ,          0   ,                        0   ,                   0   ,                    0   ,               21.1   ,                  12.1   ,                6.0   ,                  8.9   ,              12.4   ,               3.0   ,                12.3   ,           18.1   ,             12.4   ,                         4.7   ,              16   ,        0.8700   ,               27.0   ,                  9565   ,
2026-02-14 01:40:05 ,         210.0   ,             50.6   ,               43.7   ,        53.3   ,                  50.0   ,                30   ,                  2001   ,                30   ,                     0   ,            534   ,          0   ,                        0   ,                   0   ,                    0   ,               21.0   ,                  12.1   ,                6.0   ,                  8.9   ,              12.4   ,               2.9   ,                12.3   ,           18.2   ,             12.4   ,                         4.7   ,              16   ,        0.8700   ,               27.0   ,                  9567   ,
2026-02-14 01:40:06 ,         210.0   ,             50.6   ,               43.5   ,        53.2   ,                  52.0   ,                30   ,                  1999   ,                30   ,                     0   ,            534   ,          0   ,                        0   ,                   0   ,                    0   ,               21.2   ,                  12.1   ,                6.1   ,                  9.1   ,              12.4   ,               3.0   ,                12.3   ,           18.2   ,             12.4   ,                         4.7   ,              16   ,        0.8700   ,               28.0   ,                  9567   ,
2026-02-14 01:40:07 ,         210.0   ,             50.6   ,               43.3   ,        52.9   ,                  50.0   ,                30   ,                  2000   ,                30   ,                     0   ,            534   ,          0   ,                        0   ,                   0   ,                    0   ,               21.2   ,                  12.3   ,                6.1   ,                  9.0   ,              12.4   ,               2.9   ,                12.3   ,           18.3   ,             12.4   ,                         4.7   ,              16   ,        0.8700   ,               28.0   ,                  9566   ,
2026-02-14 01:40:08 ,         210.0   ,             50.6   ,               43.2   ,        52.7   ,                  50.0   ,                30   ,                  1998   ,                30   ,                     0   ,            534   ,          0   ,                        0   ,                   0   ,                    0   ,               21.3   ,                  12.2   ,                6.2   ,                  9.1   ,              12.4   ,               2.9   ,                12.3   ,           18.4   ,             12.4   ,                         4.7   ,              16   ,        0.8700   ,               27.0   ,                  9566   ,
2026-02-14 01:40:09 ,         210.0   ,             50.6   ,               43.0   ,        52.6   ,                  50.0   ,                30   ,                  2003   ,                30   ,                     0   ,            534   ,          0   ,                        0   ,                   0   ,                    0   ,               21.1   ,                  12.1   ,                6.1   ,                  9.0   ,              12.4   ,               2.9   ,                12.3   ,           18.2   ,             12.4   ,                         4.7   ,              16   ,        0.8700   ,               28.0   ,                  9566   ,
2026-02-14 01:40:10 ,         210.0   ,             50.6   ,               42.8   ,        52.3   ,                  50.0   ,                30   ,                  2002   ,                30   ,                     0   ,            534   ,          0   ,                        0   ,                   0   ,                    0   ,               21.0   ,                  12.6   ,                6.7   ,                  9.6   ,              12.4   ,               2.9   ,                12.3   ,           19.2   ,             12.4   ,                         4.9   ,              16   ,        0.8700   ,               28.0   ,                  9565   ,
2026-02-14 01:40:11 ,         210.0   ,             50.6   ,               42.6   ,        52.1   ,                  50.0   ,                30   ,                  2000   ,                30   ,                     0   ,            534   ,          0   ,                        0   ,                   0   ,                    0   ,               21.0   ,                  12.7   ,                6.5   ,                  9.5   ,              12.4   ,               2.9   ,                12.3   ,           19.2   ,             12.4   ,                         4.9   ,              16   ,        0.8700   ,               27.0   ,                  9565   ,
2026-02-14 01:40:12 ,         210.0   ,             50.6   ,               42.5   ,        52.0   ,                  50.0   ,                30   ,                  1998   ,                30   ,                     0   ,            534   ,          0   ,                        0   ,                   0   ,                    0   ,               22.1   ,                  12.5   ,                6.6   ,                  9.6   ,              12.4   ,               2.9   ,                12.3   ,           19.1   ,             12.4   ,                         4.9   ,              16   ,        0.8700   ,               27.0   ,                  9564   ,
2026-02-14 01:40:13 ,         210.0   ,             50.6   ,               42.4   ,        51.9   ,                  50.0   ,                30   ,                  2000   ,                30   ,                     0   ,            534   ,          0   ,                        0   ,                   0   ,                    0   ,               23.6   ,                  12.5   ,                8.2   ,                 11.1   ,              12.4   ,               2.9   ,                12.3   ,           20.6   ,             12.4   ,                         5.2   ,              16   ,        0.8750   ,               27.0   ,                  9565   ,
2026-02-14 01:40:14 ,         210.0   ,             50.6   ,               42.2   ,        51.6   ,                  50.0   ,                30   ,                  1999   ,                30   ,                     0   ,            534   ,          0   ,                        0   ,                   0   ,                    0   ,               21.2   ,                  12.2   ,                6.0   ,                  8.9   ,              12.4   ,               2.9   ,                12.3   ,           18.3   ,             12.4   ,                         4.7   ,              16   ,        0.8750   ,               27.0   ,                  9565   ,
2026-02-14 01:40:15 ,         210.0   ,             50.6   ,               42.0   ,        51.4   ,                  48.0   ,                30   ,                  1999   ,                30   ,                     0   ,            534   ,          0   ,                        0   ,                   0   ,                    0   ,               21.1   ,                  12.2   ,                6.0   ,                  8.9   ,              12.4   ,               2.9   ,                12.3   ,           18.2   ,             12.4   ,                         4.7   ,              16   ,        0.8750   ,               27.0   ,                  9563   ,
2026-02-14 01:40:16 ,         210.0   ,             50.6   ,               41.8   ,        51.2   ,                  48.0   ,                30   ,                  2002   ,                30   ,                     0   ,            534   ,          0   ,                        0   ,                   0   ,                    0   ,               21.1   ,                  12.2   ,                5.9   ,                  8.8   ,              12.4   ,               2.9   ,                12.3   ,           18.2   ,             12.4   ,                         4.7   ,              16   ,        0.8750   ,               26.0   ,                  9563   ,
2026-02-14 01:40:17 ,         210.0   ,             50.6   ,               41.7   ,        51.1   ,                  48.0   ,                30   ,                  1999   ,                30   ,                     0   ,            534   ,          0   ,                        0   ,                   0   ,                    0   ,               21.1   ,                  12.1   ,                6.1   ,                  9.0   ,              12.4   ,               2.9   ,                12.3   ,           18.2   ,             12.4   ,                         4.7   ,              16   ,        0.8750   ,               27.0   ,                  9564   ,
2026-02-14 01:40:18 ,         210.0   ,             50.6   ,               41.6   ,        50.9   ,                  48.0   ,                30   ,                  1998   ,                30   ,                     0   ,            534   ,          0   ,                        0   ,                   0   ,                    0   ,               21.1   ,                  12.3   ,                5.9   ,                  8.8   ,              12.4   ,               2.9   ,                12.3   ,           18.2   ,             12.4   ,                         4.7   ,              16   ,        0.8750   ,               27.0   ,                  9565   ,
2026-02-14 01:40:19 ,         210.0   ,             50.6   ,               41.4   ,        50.8   ,                  48.0   ,                30   ,                  2000   ,                30   ,                     0   ,            534   ,          0   ,                        0   ,                   0   ,                    0   ,               21.3   ,                  12.2   ,                6.1   ,                  9.0   ,              12.4   ,               2.9   ,                12.3   ,           18.3   ,             12.4   ,                         4.7   ,              16   ,        0.8750   ,               26.0   ,                  9564   ,
2026-02-14 01:40:20 ,         210.0   ,             50.6   ,               41.3   ,        50.6   ,                  48.0   ,                30   ,                  2004   ,                30   ,                     0   ,            534   ,          0   ,                        0   ,                   0   ,                    0   ,               21.4   ,                  12.4   ,                6.0   ,                  9.0   ,              12.4   ,               3.0   ,                12.3   ,           18.4   ,             12.4   ,                         4.8   ,              16   ,        0.8750   ,               27.0   ,                  9562   ,
2026-02-14 01:40:21 ,         210.0   ,             50.6   ,               41.1   ,        50.5   ,                  48.0   ,                30   ,                  2003   ,                30   ,                     0   ,            534   ,          0   ,                        0   ,                   0   ,                    0   ,               21.3   ,                  12.3   ,                5.9   ,                  8.9   ,              12.4   ,               3.0   ,                12.3   ,           18.3   ,             12.4   ,                         4.7   ,              16   ,        0.8750   ,               27.0   ,                  9597   ,
2026-02-14 01:40:22 ,         210.0   ,             50.6   ,               41.0   ,        50.3   ,                  48.0   ,                30   ,                  1999   ,                30   ,                     0   ,            534   ,          0   ,                        0   ,                   0   ,                    0   ,               21.2   ,                  12.3   ,                6.0   ,                  8.9   ,              12.4   ,               3.0   ,                12.3   ,           18.2   ,             12.4   ,                         4.7   ,              16   ,        0.8750   ,               27.0   ,                  9597   ,
2026-02-14 01:40:24 ,         210.0   ,             50.6   ,               40.8   ,        50.2   ,                  48.0   ,                30   ,                  1997   ,                30   ,                     0   ,            534   ,          0   ,                        0   ,                   0   ,                    0   ,               21.1   ,                  12.2   ,                6.0   ,                  8.9   ,              12.4   ,               2.9   ,                12.3   ,           18.2   ,             12.4   ,                         4.7   ,              16   ,        0.8750   ,               27.0   ,                  9597   ,
2026-02-14 01:40:25 ,         210.0   ,             50.6   ,               40.7   ,        49.9   ,                  46.0   ,                30   ,                  1997   ,                30   ,                     0   ,            534   ,          0   ,                        0   ,                   0   ,                    0   ,               21.1   ,                  12.3   ,                5.9   ,                  8.8   ,              12.4   ,               2.9   ,                12.3   ,           18.2   ,             12.4   ,                         4.7   ,              16   ,        0.8750   ,               28.0   ,                  9597   ,
2026-02-14 01:40:25 ,         210.0   ,             50.6   ,               40.6   ,        49.7   ,                  46.0   ,                30   ,                  2004   ,                30   ,                     0   ,            534   ,          0   ,                        0   ,                   0   ,                    0   ,               21.0   ,                  12.2   ,                5.9   ,                  8.8   ,              12.4   ,               2.9   ,                12.3   ,           18.1   ,             12.4   ,                         4.7   ,              16   ,        0.8750   ,               28.0   ,                  9575   ,
2026-02-14 01:40:26 ,         210.0   ,             50.6   ,               40.4   ,        49.6   ,                  46.0   ,                30   ,                  2001   ,                30   ,                     0   ,            534   ,          0   ,                        0   ,                   0   ,                    0   ,               21.1   ,                  12.2   ,                6.0   ,                  8.9   ,              12.4   ,               2.9   ,                12.3   ,           18.2   ,             12.4   ,                         4.7   ,              16   ,        0.8750   ,               28.0   ,                  9614   ,
2026-02-14 01:40:28 ,         210.0   ,             50.6   ,               40.3   ,        49.5   ,                  46.0   ,                30   ,                  1999   ,                30   ,                     0   ,            534   ,          0   ,                        0   ,                   0   ,                    0   ,               21.2   ,                  12.2   ,                6.1   ,                  9.0   ,              12.4   ,               2.9   ,                12.3   ,           18.3   ,             12.4   ,                         4.7   ,              16   ,        0.8750   ,               33.0   ,                  9729   ,
2026-02-14 01:40:28 ,         210.0   ,             50.6   ,               40.2   ,        49.3   ,                  48.0   ,                30   ,                  2000   ,                30   ,                     0   ,            534   ,          0   ,                        0   ,                   0   ,                    0   ,               21.2   ,                  12.3   ,                6.0   ,                  8.9   ,              12.4   ,               2.9   ,                12.3   ,           18.3   ,             12.4   ,                         4.7   ,              16   ,        0.8750   ,               27.0   ,                  9734   ,
2026-02-14 01:40:30 ,         210.0   ,             50.6   ,               40.1   ,        49.3   ,                  46.0   ,                30   ,                  1999   ,                30   ,                     0   ,            534   ,          0   ,                        0   ,                   0   ,                    0   ,               21.6   ,                  12.3   ,                6.4   ,                  9.3   ,              12.4   ,               2.9   ,                12.3   ,           18.7   ,             12.4   ,                         4.8   ,              16   ,        0.8750   ,               32.0   ,                  9711   ,
2026-02-14 01:40:30 ,         210.0   ,             50.6   ,               40.0   ,        49.1   ,                  46.0   ,                30   ,                  2000   ,                30   ,                     0   ,            534   ,          0   ,                        0   ,                   0   ,                    0   ,               21.1   ,                  12.2   ,                6.0   ,                  8.9   ,              12.4   ,               2.9   ,                12.3   ,           18.2   ,             12.4   ,                         4.7   ,              16   ,        0.8750   ,               30.0   ,                  9717   ,
2026-02-14 01:40:31 ,         210.0   ,             50.6   ,               39.8   ,        49.0   ,                  46.0   ,                30   ,                  2002   ,                30   ,                     0   ,            534   ,          0   ,                        0   ,                   0   ,                    0   ,               21.1   ,                  12.2   ,                6.0   ,                  9.0   ,              12.4   ,               3.0   ,                12.3   ,           18.2   ,             12.4   ,                         4.7   ,              16   ,        0.8750   ,               28.0   ,                  9796   ,
2026-02-14 01:40:32 ,         210.0   ,             50.6   ,               39.7   ,        48.9   ,                  46.0   ,                30   ,                  2002   ,                30   ,                     0   ,            534   ,          0   ,                        0   ,                   0   ,                    0   ,               21.0   ,                  12.3   ,                5.8   ,                  8.7   ,              12.4   ,               2.9   ,                12.3   ,           18.1   ,             12.4   ,                         4.7   ,              16   ,        0.8750   ,               28.0   ,                  9796   ,
2026-02-14 01:40:34 ,         210.0   ,             50.6   ,               39.6   ,        48.7   ,                  46.0   ,                30   ,                  2000   ,                30   ,                     0   ,            534   ,          0   ,                        0   ,                   0   ,                    0   ,               21.0   ,                  12.2   ,                5.9   ,                  8.7   ,              12.4   ,               2.8   ,                12.3   ,           18.1   ,             12.4   ,                         4.7   ,              16   ,        0.8750   ,               28.0   ,                  9800   ,
2026-02-14 01:40:35 ,         210.0   ,             50.6   ,               39.4   ,        48.6   ,                  46.0   ,                30   ,                  2003   ,                30   ,                     0   ,            534   ,          0   ,                        0   ,                   0   ,                    0   ,               21.1   ,                  12.3   ,                5.9   ,                  8.8   ,              12.4   ,               2.9   ,                12.3   ,           18.2   ,             12.4   ,                         4.7   ,              16   ,        0.8750   ,               28.0   ,                  9804   ,
2026-02-14 01:40:36 ,         210.0   ,             50.6   ,               39.3   ,        48.4   ,                  46.0   ,                30   ,                  2001   ,                30   ,                     0   ,            534   ,          0   ,                        0   ,                   0   ,                    0   ,               21.0   ,                  12.2   ,                5.9   ,                  8.8   ,              12.4   ,               2.8   ,                12.3   ,           18.2   ,             12.4   ,                         4.7   ,              16   ,        0.8750   ,               27.0   ,                  9764   ,
2026-02-14 01:40:37 ,         210.0   ,             50.6   ,               39.2   ,        48.3   ,                  44.0   ,                30   ,                  2001   ,                30   ,                     0   ,            534   ,          0   ,                        0   ,                   0   ,                    0   ,               21.1   ,                  12.3   ,                6.0   ,                  8.9   ,              12.4   ,               2.9   ,                12.3   ,           18.2   ,             12.4   ,                         4.7   ,              16   ,        0.8750   ,               27.0   ,                  9769   ,
2026-02-14 01:40:38 ,         210.0   ,             50.6   ,               39.1   ,        48.3   ,                  44.0   ,                30   ,                  2000   ,                30   ,                     0   ,            534   ,          0   ,                        0   ,                   0   ,                    0   ,               21.2   ,                  12.3   ,                6.0   ,                  8.9   ,              12.4   ,               2.9   ,                12.3   ,           18.3   ,             12.4   ,                         4.7   ,              16   ,        0.8750   ,               28.0   ,                  9762   ,
2026-02-14 01:40:39 ,         210.0   ,             50.6   ,               39.0   ,        48.1   ,                  44.0   ,                30   ,                  1997   ,                30   ,                     0   ,            534   ,          0   ,                        0   ,                   0   ,                    0   ,               21.1   ,                  12.3   ,                5.9   ,                  8.8   ,              12.4   ,               2.8   ,                12.3   ,           18.3   ,             12.4   ,                         4.7   ,              16   ,        0.8750   ,               27.0   ,                  9762   ,
2026-02-14 01:40:40 ,         210.0   ,             50.6   ,               38.9   ,        47.9   ,                  46.0   ,                30   ,                  2000   ,                30   ,                     0   ,            534   ,          0   ,                        0   ,                   0   ,                    0   ,               21.1   ,                  12.4   ,                5.8   ,                  8.7   ,              12.4   ,               2.9   ,                12.3   ,           18.2   ,             12.4   ,                         4.7   ,              16   ,        0.8750   ,               27.0   ,                  9762   ,
2026-02-14 01:40:41 ,         210.0   ,             50.6   ,               38.8   ,        47.8   ,                  44.0   ,                30   ,                  2000   ,                30   ,                     0   ,            534   ,          0   ,                        0   ,                   0   ,                    0   ,               21.1   ,                  12.4   ,                5.8   ,                  8.7   ,              12.4   ,               2.9   ,                12.3   ,           18.2   ,             12.4   ,                         4.7   ,              16   ,        0.8750   ,               27.0   ,                  9761   ,
2026-02-14 01:40:42 ,         210.0   ,             50.6   ,               38.7   ,        47.7   ,                  44.0   ,                30   ,                  2002   ,                30   ,                     0   ,            534   ,          0   ,                        0   ,                   0   ,                    0   ,               21.1   ,                  12.3   ,                5.8   ,                  8.7   ,              12.4   ,               2.9   ,                12.3   ,           18.1   ,             12.4   ,                         4.7   ,              16   ,        0.8750   ,               27.0   ,                  9760   ,
2026-02-14 01:40:43 ,         210.0   ,             50.6   ,               38.6   ,        47.6   ,                  44.0   ,                30   ,                  2000   ,                30   ,                     0   ,            534   ,          0   ,                        0   ,                   0   ,                    0   ,               21.1   ,                  12.4   ,                5.7   ,                  8.7   ,              12.4   ,               3.0   ,                12.3   ,           18.1   ,             12.4   ,                         4.7   ,              16   ,        0.8750   ,               34.0   ,                  9754   ,
2026-02-14 01:40:44 ,         210.0   ,             50.6   ,               38.5   ,        47.5   ,                  44.0   ,                30   ,                  2002   ,                30   ,                     0   ,            534   ,          0   ,                        0   ,                   0   ,                    0   ,               21.1   ,                  12.3   ,                5.8   ,                  8.7   ,              12.4   ,               2.9   ,                12.3   ,           18.2   ,             12.4   ,                         5.0   ,              16   ,        0.8750   ,               31.0   ,                  9666   ,
2026-02-14 01:40:45 ,         210.0   ,             50.6   ,               38.4   ,        47.5   ,                  44.0   ,                30   ,                  1999   ,                30   ,                     0   ,            534   ,          0   ,                        0   ,                   0   ,                    0   ,               21.1   ,                  12.4   ,                5.7   ,                  8.6   ,              12.4   ,               2.9   ,                12.3   ,           18.2   ,             12.4   ,                         4.7   ,              16   ,        0.8750   ,               30.0   ,                  9658   ,
2026-02-14 01:40:46 ,         210.0   ,             50.6   ,               38.3   ,        47.3   ,                  44.0   ,                30   ,                  1999   ,                30   ,                     0   ,            534   ,          0   ,                        0   ,                   0   ,                    0   ,               21.2   ,                  12.4   ,                5.8   ,                  8.8   ,              12.4   ,               2.9   ,                12.3   ,           18.2   ,             12.4   ,                         4.7   ,              16   ,        0.8750   ,               29.0   ,                  9658   ,
2026-02-14 01:40:47 ,         210.0   ,             50.6   ,               38.2   ,        47.3   ,                  42.0   ,                30   ,                  1999   ,                30   ,                     0   ,            534   ,          0   ,                        0   ,                   0   ,                    0   ,               21.1   ,                  12.2   ,                6.0   ,                  8.9   ,              12.4   ,               2.9   ,                12.3   ,           18.2   ,             12.4   ,                         4.7   ,              16   ,        0.8750   ,               29.0   ,                  9801   ,
2026-02-14 01:40:48 ,         210.0   ,             50.6   ,               38.0   ,        47.2   ,                  44.0   ,                30   ,                  2001   ,                30   ,                     0   ,            534   ,          0   ,                        0   ,                   0   ,                    0   ,               21.4   ,                  12.3   ,                6.1   ,                  9.1   ,              12.4   ,               2.9   ,                12.3   ,           18.4   ,             12.4   ,                         4.8   ,              16   ,        0.8750   ,               28.0   ,                  9810   ,
2026-02-14 01:40:49 ,         210.0   ,             50.6   ,               38.0   ,        47.1   ,                  42.0   ,                30   ,                  2000   ,                30   ,                     0   ,            534   ,          0   ,                        0   ,                   0   ,                    0   ,               21.4   ,                  12.3   ,                6.2   ,                  9.1   ,              12.4   ,               2.9   ,                12.3   ,           18.5   ,             12.4   ,                         4.8   ,              16   ,        0.8750   ,               29.0   ,                  9804   ,
2026-02-14 01:40:50 ,         210.0   ,             50.6   ,               37.8   ,        47.0   ,                  44.0   ,                30   ,                  2000   ,                30   ,                     0   ,            534   ,          0   ,                        0   ,                   0   ,                    0   ,               21.3   ,                  12.3   ,                6.1   ,                  9.0   ,              12.4   ,               2.9   ,                12.3   ,           18.5   ,             12.4   ,                         4.7   ,              16   ,        0.8750   ,               28.0   ,                  9802   ,
2026-02-14 01:40:51 ,         210.0   ,             50.6   ,               37.8   ,        46.7   ,                  44.0   ,                30   ,                  1999   ,                30   ,                     0   ,            534   ,          0   ,                        0   ,                   0   ,                    0   ,               21.3   ,                  12.2   ,                6.2   ,                  9.1   ,              12.4   ,               2.9   ,                12.3   ,           18.4   ,             12.4   ,                         4.7   ,              16   ,        0.8750   ,               27.0   ,                  9797   ,
2026-02-14 01:40:52 ,         210.0   ,             50.6   ,               37.7   ,        46.6   ,                  44.0   ,                30   ,                  1999   ,                30   ,                     0   ,            534   ,          0   ,                        0   ,                   0   ,                    0   ,               21.2   ,                  12.1   ,                6.3   ,                  9.1   ,              12.4   ,               2.9   ,                12.3   ,           18.4   ,             12.4   ,                         4.7   ,              16   ,        0.8750   ,               28.0   ,                  9801   ,
2026-02-14 01:40:53 ,         210.0   ,             50.6   ,               37.6   ,        46.6   ,                  44.0   ,                30   ,                  1998   ,                30   ,                     0   ,            534   ,          0   ,                        0   ,                   0   ,                    0   ,               21.4   ,                  12.3   ,                6.1   ,                  9.1   ,              12.4   ,               3.0   ,                12.3   ,           18.4   ,             12.4   ,                         4.7   ,              16   ,        0.8750   ,               27.0   ,                  9801   ,
2026-02-14 01:40:54 ,         210.0   ,             50.6   ,               37.5   ,        46.4   ,                  44.0   ,                30   ,                  2000   ,                30   ,                     0   ,            534   ,          0   ,                        0   ,                   0   ,                    0   ,               21.2   ,                  12.4   ,                5.9   ,                  8.8   ,              12.4   ,               3.0   ,                12.3   ,           18.3   ,             12.4   ,                         4.9   ,              16   ,        0.8750   ,               29.0   ,                  9795   ,
2026-02-14 01:40:55 ,         210.0   ,             50.6   ,               37.4   ,        46.4   ,                  42.0   ,                30   ,                  2002   ,                30   ,                     0   ,            534   ,          0   ,                        0   ,                   0   ,                    0   ,               21.1   ,                  12.3   ,                5.9   ,                  8.8   ,              12.4   ,               2.9   ,                12.3   ,           18.2   ,             12.4   ,                         4.7   ,              16   ,        0.8750   ,               29.0   ,                  9660   ,
2026-02-14 01:40:56 ,         210.0   ,             50.6   ,               37.3   ,        46.3   ,                  44.0   ,                30   ,                  1998   ,                30   ,                     0   ,            534   ,          0   ,                        0   ,                   0   ,                    0   ,               21.1   ,                  12.2   ,                6.0   ,                  8.9   ,              12.4   ,               3.0   ,                12.3   ,           18.2   ,             12.4   ,                         4.7   ,              16   ,        0.8750   ,               28.0   ,                  9663   ,
2026-02-14 01:40:57 ,         210.0   ,             50.6   ,               37.2   ,        46.1   ,                  44.0   ,                30   ,                  2001   ,                30   ,                     0   ,            534   ,          0   ,                        0   ,                   0   ,                    0   ,               21.0   ,                  12.2   ,                5.9   ,                  8.8   ,              12.4   ,               2.9   ,                12.3   ,           18.1   ,             12.4   ,                         4.7   ,              16   ,        0.8750   ,               30.0   ,                  9658   ,
