        Date        , GPU Clock [MHz] , Memory Clock [MHz] , GPU Temperature [°C] , Hot Spot [°C] , Memory Temperature [°C] , Fan 1 Speed (%) [%] , Fan 1 Speed (RPM) [RPM] , Fan 2 Speed (%) [%] , Fan 2 Speed (RPM) [RPM] , Memory Used [MB] , GPU Load [%] , Memory Controller Load [%] , Video Engine Load [%] , Bus Interface Load [%] , Board Power Draw [W] , GPU Chip Power Draw [W] , MVDDC Power Draw [W] , PWR_SRC Power Draw [W] , PWR_SRC Voltage [V] , PCIe Slot Power [W] , PCIe Slot Voltage [V] , 16-Pin Power [W] , 16-Pin Voltage [V] , Power Consumption (%) [% TDP] , PerfCap Reason [] , GPU Voltage [V] , CPU Temperature [°C] , System Memory Used [MB] ,
2026-02-11 21:00:42 ,         210.0   ,             50.6   ,               38.3   ,        48.5   ,                  42.0   ,                30   ,                  2002   ,                30   ,                  2002   ,           1330   ,          6   ,                        5   ,                   0   ,                    0   ,               15.0   ,                   7.2   ,                5.0   ,                  7.7   ,              12.3   ,               2.8   ,                12.2   ,           12.2   ,             12.2   ,                         3.3   ,              16   ,        0.8750   ,               45.0   ,                 13747   ,
2026-02-11 21:00:43 ,         210.0   ,             50.6   ,               38.2   ,        48.5   ,                  42.0   ,                30   ,                  2002   ,                30   ,                  2002   ,           1386   ,         12   ,                        8   ,                   0   ,                    1   ,               17.1   ,                   7.7   ,                6.6   ,                  9.4   ,              12.3   ,               2.8   ,                12.2   ,           14.2   ,             12.2   ,                         3.8   ,              16   ,        0.8750   ,               44.0   ,                 13794   ,
2026-02-11 21:00:44 ,         210.0   ,             50.6   ,               38.1   ,        48.3   ,                  42.0   ,                30   ,                  1997   ,                30   ,                  1997   ,           1444   ,         19   ,                       15   ,                   0   ,                    0   ,               14.6   ,                   7.3   ,                4.5   ,                  7.3   ,              12.3   ,               2.8   ,                12.2   ,           11.8   ,             12.2   ,                         3.2   ,              16   ,        0.8750   ,               43.0   ,                 13781   ,
2026-02-11 21:00:45 ,         210.0   ,             50.6   ,               38.1   ,        48.3   ,                  42.0   ,                30   ,                  2006   ,                30   ,                  2006   ,           1393   ,         11   ,                        6   ,                   0   ,                    2   ,               19.1   ,                   8.2   ,                8.1   ,                 10.9   ,              12.3   ,               2.8   ,                12.2   ,           16.3   ,             12.2   ,                         4.2   ,              16   ,        0.8750   ,               42.0   ,                 13764   ,
2026-02-11 21:00:46 ,         210.0   ,             50.6   ,               37.9   ,        48.2   ,                  42.0   ,                30   ,                  2002   ,                30   ,                  2002   ,           1387   ,          2   ,                        4   ,                   0   ,                    0   ,               16.6   ,                   7.5   ,                6.3   ,                  9.1   ,              12.3   ,               2.8   ,                12.2   ,           13.8   ,             12.2   ,                         3.7   ,              16   ,        0.8750   ,               41.0   ,                 13791   ,
2026-02-11 21:00:47 ,         210.0   ,             50.6   ,               37.8   ,        48.1   ,                  42.0   ,                30   ,                  2002   ,                30   ,                  2003   ,           1387   ,          2   ,                        5   ,                   0   ,                    0   ,               16.2   ,                   7.6   ,                5.8   ,                  8.6   ,              12.3   ,               2.8   ,                12.2   ,           13.4   ,             12.2   ,                         3.6   ,              16   ,        0.8750   ,               40.0   ,                 13593   ,
2026-02-11 21:00:48 ,         210.0   ,             50.6   ,               37.7   ,        48.0   ,                  42.0   ,                30   ,                  1997   ,                30   ,                  1997   ,           1387   ,         15   ,                       11   ,                   0   ,                    0   ,               17.8   ,                   7.9   ,                7.1   ,                  9.9   ,              12.3   ,               2.8   ,                12.2   ,           14.9   ,             12.2   ,                         3.9   ,              16   ,        0.8750   ,               42.0   ,                 13530   ,
2026-02-11 21:00:49 ,         210.0   ,             50.6   ,               37.6   ,        47.9   ,                  42.0   ,                30   ,                  1998   ,                30   ,                  1998   ,           1382   ,          3   ,                        1   ,                   0   ,                    0   ,               16.1   ,                   7.5   ,                5.9   ,                  8.6   ,              12.3   ,               2.7   ,                12.2   ,           13.4   ,             12.2   ,                         3.6   ,              16   ,        0.8750   ,               38.0   ,                 13497   ,
2026-02-11 21:00:50 ,         210.0   ,             50.6   ,               38.2   ,        48.0   ,                  42.0   ,                30   ,                  1997   ,                30   ,                  1997   ,           1839   ,         42   ,                       29   ,                   0   ,                    8   ,               34.6   ,                  17.9   ,               13.7   ,                 16.7   ,              12.3   ,               2.9   ,                12.2   ,           31.6   ,             12.2   ,                         7.7   ,              16   ,        0.8750   ,               43.0   ,                 14059   ,
2026-02-11 21:00:51 ,        2745.0   ,           1312.7   ,               40.3   ,        49.7   ,                  44.0   ,                30   ,                  1997   ,                30   ,                  1996   ,           1991   ,         70   ,                        0   ,                   0   ,                    0   ,               89.4   ,                  54.4   ,               28.1   ,                 35.1   ,              12.2   ,               7.0   ,                12.2   ,           77.9   ,             12.2   ,                        18.9   ,               4   ,        1.0500   ,               38.0   ,                 14077   ,
2026-02-11 21:00:52 ,        2745.0   ,           1312.7   ,               40.6   ,        49.8   ,                  44.0   ,                30   ,                  1996   ,                30   ,                  1996   ,           2017   ,         65   ,                        0   ,                   0   ,                    0   ,               89.7   ,                  53.6   ,               28.1   ,                 35.0   ,              12.2   ,               6.9   ,                12.2   ,           81.7   ,             12.2   ,                        19.9   ,               4   ,        1.0500   ,               41.0   ,                 14071   ,
2026-02-11 21:00:53 ,        2745.0   ,           1312.7   ,               40.5   ,        49.7   ,                  44.0   ,                30   ,                  2000   ,                30   ,                  2001   ,           2052   ,         46   ,                        0   ,                   0   ,                    0   ,               81.4   ,                  46.7   ,               27.7   ,                 34.7   ,              12.2   ,               6.9   ,                12.2   ,           73.5   ,             12.2   ,                        17.9   ,               4   ,        1.0500   ,               43.0   ,                 14399   ,
2026-02-11 21:00:54 ,        2745.0   ,           1312.7   ,               40.3   ,        49.8   ,                  44.0   ,                30   ,                  2000   ,                30   ,                  1999   ,           2095   ,         11   ,                        0   ,                   0   ,                    0   ,               81.3   ,                  46.5   ,               27.9   ,                 34.8   ,              12.2   ,               6.9   ,                12.2   ,           74.4   ,             12.2   ,                        18.1   ,               4   ,        1.0500   ,               45.0   ,                 14579   ,
2026-02-11 21:00:55 ,        2745.0   ,           1312.7   ,               40.3   ,        49.9   ,                  44.0   ,                30   ,                  2000   ,                30   ,                  2001   ,           2113   ,          0   ,                        0   ,                   0   ,                    0   ,               80.7   ,                  46.0   ,               27.7   ,                 34.7   ,              12.2   ,               7.0   ,                12.2   ,           73.0   ,             12.2   ,                        17.8   ,               4   ,        1.0500   ,               42.0   ,                 15049   ,
2026-02-11 21:00:56 ,        1230.0   ,            101.3   ,               38.9   ,        48.9   ,                  44.0   ,                30   ,                  2002   ,                30   ,                  2002   ,           2113   ,          0   ,                        0   ,                   0   ,                    0   ,               36.4   ,                  19.7   ,               12.9   ,                 16.7   ,              12.3   ,               3.7   ,                12.2   ,           32.6   ,             12.2   ,                         8.1   ,              16   ,        0.8900   ,               41.0   ,                 15201   ,
2026-02-11 21:00:57 ,         780.0   ,            101.3   ,               38.5   ,        48.5   ,                  42.0   ,                30   ,                  2005   ,                30   ,                  2005   ,           2113   ,          0   ,                        1   ,                   0   ,                    0   ,               35.5   ,                  18.8   ,               13.0   ,                 16.7   ,              12.3   ,               3.7   ,                12.2   ,           31.8   ,             12.2   ,                         7.9   ,              16   ,        0.8900   ,               46.0   ,                 15551   ,
2026-02-11 21:00:58 ,         495.0   ,             50.6   ,               38.2   ,        48.3   ,                  42.0   ,                30   ,                  1999   ,                30   ,                  1999   ,           2121   ,          0   ,                        3   ,                   0   ,                    2   ,               21.5   ,                   7.7   ,               11.0   ,                 13.8   ,              12.3   ,               2.9   ,                12.2   ,           18.6   ,             12.2   ,                         4.8   ,              16   ,        0.8750   ,               45.0   ,                 14856   ,
2026-02-11 21:00:59 ,         315.0   ,             50.6   ,               38.0   ,        48.1   ,                  42.0   ,                30   ,                  1998   ,                30   ,                  1998   ,           2125   ,          2   ,                        1   ,                   0   ,                    1   ,               20.2   ,                   6.7   ,               10.7   ,                 13.5   ,              12.3   ,               2.8   ,                12.2   ,           17.4   ,             12.2   ,                         4.5   ,              16   ,        0.8750   ,               46.0   ,                 14823   ,
2026-02-11 21:01:00 ,         210.0   ,             50.6   ,               37.9   ,        48.0   ,                  42.0   ,                30   ,                  1996   ,                30   ,                  1996   ,           2125   ,          0   ,                        1   ,                   0   ,                    0   ,               20.2   ,                   6.6   ,               10.8   ,                 13.6   ,              12.3   ,               2.8   ,                12.2   ,           17.4   ,             12.2   ,                         4.5   ,              16   ,        0.8750   ,               43.0   ,                 15123   ,
2026-02-11 21:01:01 ,         210.0   ,             50.6   ,               37.8   ,        47.8   ,                  42.0   ,                30   ,                  2000   ,                30   ,                  2000   ,           2125   ,          0   ,                        1   ,                   0   ,                    0   ,               20.3   ,                   6.6   ,               10.8   ,                 13.7   ,              12.3   ,               2.9   ,                12.2   ,           17.4   ,             12.2   ,                         4.5   ,              16   ,        0.8750   ,               48.0   ,                 15477   ,
2026-02-11 21:01:02 ,         285.0   ,             50.6   ,               38.2   ,        48.0   ,                  42.0   ,                30   ,                  1999   ,                30   ,                  1999   ,           2131   ,         53   ,                       33   ,                   0   ,                    5   ,               33.4   ,                  16.8   ,               13.5   ,                 16.5   ,              12.3   ,               3.0   ,                12.2   ,           30.4   ,             12.2   ,                         7.4   ,              16   ,        0.8750   ,               47.0   ,                 14999   ,
2026-02-11 21:01:03 ,        2745.0   ,           1312.7   ,               40.1   ,        49.3   ,                  44.0   ,                30   ,                  2001   ,                30   ,                  2001   ,           2146   ,         57   ,                        0   ,                   0   ,                    0   ,               86.1   ,                  51.3   ,               28.1   ,                 35.1   ,              12.2   ,               7.0   ,                12.2   ,           83.4   ,             12.2   ,                        20.0   ,               4   ,        1.0500   ,               44.0   ,                 14666   ,
2026-02-11 21:01:04 ,        2745.0   ,           1312.7   ,               40.6   ,        49.7   ,                  42.0   ,                30   ,                  1995   ,                30   ,                  1997   ,           2148   ,         70   ,                        1   ,                   0   ,                    0   ,               93.0   ,                  57.7   ,               28.3   ,                 35.3   ,              12.2   ,               6.9   ,                12.2   ,           84.9   ,             12.2   ,                        20.4   ,               4   ,        1.0500   ,               44.0   ,                 14688   ,
2026-02-11 21:01:05 ,        2745.0   ,           1312.7   ,               40.4   ,        49.8   ,                  44.0   ,                30   ,                  2000   ,                30   ,                  2000   ,           2329   ,         75   ,                        1   ,                   0   ,                    1   ,               83.8   ,                  48.6   ,               28.2   ,                 35.0   ,              12.2   ,               7.0   ,                12.2   ,           78.8   ,             12.2   ,                        19.1   ,               4   ,        1.0500   ,               43.0   ,                 14670   ,
2026-02-11 21:01:06 ,        2745.0   ,           1312.7   ,               41.0   ,        50.1   ,                  44.0   ,                30   ,                  2000   ,                30   ,                  1999   ,           2199   ,         43   ,                        0   ,                   0   ,                    0   ,               82.7   ,                  48.0   ,               27.8   ,                 34.6   ,              12.2   ,               6.8   ,                12.2   ,           75.8   ,             12.2   ,                        18.4   ,               4   ,        1.0500   ,               45.0   ,                 14631   ,
2026-02-11 21:01:07 ,        2745.0   ,           1312.7   ,               40.5   ,        49.9   ,                  44.0   ,                30   ,                  1999   ,                30   ,                  1999   ,           2831   ,         29   ,                        0   ,                   0   ,                    0   ,               83.3   ,                  46.8   ,               28.3   ,                 35.2   ,              12.2   ,               6.9   ,                12.2   ,           75.1   ,             12.2   ,                        18.2   ,               4   ,        1.0500   ,               46.0   ,                 14794   ,
2026-02-11 21:01:08 ,        2745.0   ,           1312.7   ,               40.5   ,        49.9   ,                  44.0   ,                30   ,                  1996   ,                30   ,                  1996   ,           3838   ,         43   ,                        0   ,                   0   ,                    0   ,               83.5   ,                  48.1   ,               28.5   ,                 35.6   ,              12.2   ,               7.0   ,                12.2   ,           76.8   ,             12.2   ,                        18.6   ,               4   ,        1.0500   ,               45.0   ,                 14776   ,
2026-02-11 21:01:09 ,        2745.0   ,           1312.7   ,               40.5   ,        49.9   ,                  44.0   ,                30   ,                  1996   ,                30   ,                  1996   ,           4579   ,         31   ,                        0   ,                   0   ,                    0   ,               83.9   ,                  48.2   ,               28.6   ,                 35.4   ,              12.2   ,               7.0   ,                12.2   ,           77.9   ,             12.2   ,                        18.9   ,               4   ,        1.0500   ,               47.0   ,                 14656   ,
2026-02-11 21:01:10 ,        2745.0   ,           1312.7   ,               41.4   ,        50.2   ,                  44.0   ,                30   ,                  2001   ,                30   ,                  2002   ,           4824   ,         79   ,                        1   ,                   0   ,                    0   ,               94.3   ,                  59.2   ,               28.1   ,                 34.9   ,              12.2   ,               7.0   ,                12.2   ,           86.0   ,             12.2   ,                        20.7   ,               4   ,        1.0500   ,               45.0   ,                 14804   ,
2026-02-11 21:01:11 ,        2745.0   ,           1312.7   ,               41.4   ,        50.4   ,                  46.0   ,                30   ,                  2002   ,                30   ,                  2002   ,           4857   ,         72   ,                        0   ,                   0   ,                    0   ,               94.7   ,                  59.6   ,               28.1   ,                 35.1   ,              12.2   ,               7.0   ,                12.2   ,           87.5   ,             12.2   ,                        21.0   ,               4   ,        1.0500   ,               41.0   ,                 14765   ,
2026-02-11 21:01:12 ,        2745.0   ,           1312.7   ,               40.8   ,        50.2   ,                  44.0   ,                30   ,                  2000   ,                30   ,                  2001   ,           5503   ,         23   ,                        0   ,                   0   ,                    0   ,               83.7   ,                  48.1   ,               28.6   ,                 35.5   ,              12.2   ,               7.0   ,                12.2   ,           76.5   ,             12.2   ,                        18.5   ,               4   ,        1.0500   ,               48.0   ,                 14816   ,
2026-02-11 21:01:13 ,        2745.0   ,           1312.7   ,               41.9   ,        50.6   ,                  44.0   ,                30   ,                  2002   ,                30   ,                  2002   ,           5128   ,         78   ,                        1   ,                   0   ,                    0   ,              104.0   ,                  67.3   ,               29.7   ,                 36.4   ,              12.2   ,               7.0   ,                12.2   ,           96.7   ,             12.2   ,                        21.9   ,               4   ,        1.0500   ,               46.0   ,                 15011   ,
2026-02-11 21:01:14 ,        2745.0   ,           1312.7   ,               41.8   ,        50.6   ,                  46.0   ,                30   ,                  1999   ,                30   ,                  1998   ,           5594   ,         63   ,                        0   ,                   0   ,                    0   ,              105.6   ,                  65.7   ,               29.4   ,                 36.3   ,              12.2   ,               6.9   ,                12.2   ,           95.1   ,             12.2   ,                        22.7   ,               4   ,        1.0500   ,               46.0   ,                 14974   ,
2026-02-11 21:01:15 ,        2745.0   ,           1312.7   ,               43.0   ,        50.9   ,                  44.0   ,                30   ,                  2002   ,                30   ,                  2002   ,           5596   ,         79   ,                        2   ,                   0   ,                    0   ,              114.1   ,                  76.7   ,               30.4   ,                 36.0   ,              12.2   ,               7.0   ,                12.2   ,           93.8   ,             12.2   ,                        22.4   ,               4   ,        1.0500   ,               44.0   ,                 15006   ,
2026-02-11 21:01:16 ,        2745.0   ,           1312.7   ,               42.9   ,        51.0   ,                  46.0   ,                30   ,                  2002   ,                30   ,                  2002   ,           4374   ,         82   ,                        2   ,                   0   ,                    0   ,              107.0   ,                  70.5   ,               29.6   ,                 36.5   ,              12.2   ,               7.0   ,                12.2   ,           92.8   ,             12.2   ,                        22.2   ,               4   ,        1.0500   ,               45.0   ,                 15013   ,
2026-02-11 21:01:17 ,        2745.0   ,           1312.7   ,               42.7   ,        51.1   ,                  46.0   ,                30   ,                  1995   ,                30   ,                  1996   ,           4302   ,         76   ,                        2   ,                   0   ,                    0   ,              107.1   ,                  70.3   ,               29.8   ,                 36.8   ,              12.2   ,               7.0   ,                12.2   ,           99.7   ,             12.2   ,                        23.7   ,               4   ,        1.0500   ,               45.0   ,                 15060   ,
2026-02-11 21:01:18 ,        2745.0   ,           1312.7   ,               42.6   ,        51.2   ,                  46.0   ,                30   ,                  2000   ,                30   ,                  2000   ,           4302   ,         78   ,                        2   ,                   0   ,                    0   ,              108.4   ,                  71.6   ,               29.9   ,                 36.9   ,              12.2   ,               7.0   ,                12.2   ,          101.5   ,             12.2   ,                        23.7   ,               4   ,        1.0500   ,               41.0   ,                 15244   ,
2026-02-11 21:01:19 ,        2745.0   ,           1312.7   ,               42.8   ,        51.3   ,                  44.0   ,                30   ,                  1998   ,                30   ,                  1996   ,           4302   ,         80   ,                        2   ,                   0   ,                    0   ,              114.7   ,                  64.9   ,               28.9   ,                 35.8   ,              12.2   ,               6.9   ,                12.2   ,           93.8   ,             12.2   ,                        22.4   ,               4   ,        1.0500   ,               40.0   ,                 15409   ,
2026-02-11 21:01:20 ,        2745.0   ,           1312.7   ,               43.4   ,        51.5   ,                  46.0   ,                30   ,                  1999   ,                30   ,                  1999   ,           4302   ,         76   ,                        2   ,                   0   ,                    0   ,              115.2   ,                  78.1   ,               30.2   ,                 37.1   ,              12.2   ,               7.0   ,                12.2   ,          101.6   ,             12.2   ,                        24.1   ,               4   ,        1.0500   ,               44.0   ,                 15612   ,
2026-02-11 21:01:21 ,        2745.0   ,           1312.7   ,               43.3   ,        51.6   ,                  46.0   ,                30   ,                  1998   ,                30   ,                  1999   ,           4304   ,         79   ,                        2   ,                   0   ,                    0   ,              111.9   ,                  74.9   ,               30.0   ,                 36.9   ,              12.2   ,               6.9   ,                12.2   ,          100.6   ,             12.2   ,                        23.9   ,               4   ,        1.0500   ,               42.0   ,                 15482   ,
2026-02-11 21:01:22 ,        2745.0   ,           1312.7   ,               43.5   ,        51.8   ,                  46.0   ,                30   ,                  2005   ,                30   ,                  2005   ,           4304   ,         75   ,                        2   ,                   0   ,                    0   ,              106.0   ,                  69.9   ,               29.2   ,                 36.2   ,              12.2   ,               6.9   ,                12.2   ,          103.4   ,             12.2   ,                        24.5   ,               4   ,        1.0500   ,               43.0   ,                 15268   ,
2026-02-11 21:01:23 ,        2745.0   ,           1312.7   ,               43.4   ,        51.8   ,                  46.0   ,                30   ,                  2000   ,                30   ,                  2000   ,           4304   ,         75   ,                        3   ,                   0   ,                    0   ,              112.2   ,                  75.2   ,               30.1   ,                 37.1   ,              12.2   ,               7.0   ,                12.2   ,           98.8   ,             12.2   ,                        23.5   ,               4   ,        1.0500   ,               38.0   ,                 15345   ,
2026-02-11 21:01:24 ,        2745.0   ,           1312.7   ,               43.3   ,        51.9   ,                  46.0   ,                30   ,                  2002   ,                30   ,                  2002   ,           4308   ,         72   ,                        2   ,                   0   ,                    0   ,              114.8   ,                  77.6   ,               30.2   ,                 37.2   ,              12.2   ,               7.0   ,                12.2   ,          100.5   ,             12.2   ,                        23.9   ,               4   ,        1.0500   ,               37.0   ,                 15141   ,
2026-02-11 21:01:25 ,        2745.0   ,           1312.7   ,               43.3   ,        51.9   ,                  46.0   ,                30   ,                  2005   ,                30   ,                  2005   ,           4309   ,         71   ,                        2   ,                   0   ,                    0   ,              105.3   ,                  69.3   ,               29.2   ,                 36.1   ,              12.2   ,               6.9   ,                12.2   ,           99.5   ,             12.2   ,                        23.7   ,               4   ,        1.0500   ,               40.0   ,                 15141   ,
2026-02-11 21:01:26 ,        2745.0   ,           1312.7   ,               43.2   ,        52.0   ,                  46.0   ,                30   ,                  1999   ,                30   ,                  1999   ,           4309   ,         70   ,                        2   ,                   0   ,                    0   ,              110.8   ,                  73.6   ,               30.2   ,                 37.2   ,              12.2   ,               6.9   ,                12.2   ,           92.2   ,             12.2   ,                        22.0   ,               4   ,        1.0500   ,               41.0   ,                 15137   ,
2026-02-11 21:01:27 ,        2745.0   ,           1312.7   ,               43.2   ,        52.1   ,                  46.0   ,                30   ,                  1996   ,                30   ,                  1996   ,           4309   ,         77   ,                        2   ,                   0   ,                    0   ,              104.9   ,                  68.7   ,               28.7   ,                 35.7   ,              12.2   ,               7.0   ,                12.2   ,           89.9   ,             12.2   ,                        21.5   ,               4   ,        1.0500   ,               40.0   ,                 15150   ,
2026-02-11 21:01:28 ,        2745.0   ,           1312.7   ,               43.4   ,        52.1   ,                  46.0   ,                30   ,                  1994   ,                30   ,                  1994   ,           4309   ,         76   ,                        2   ,                   0   ,                    0   ,              106.3   ,                  69.6   ,               29.7   ,                 35.6   ,              12.2   ,               6.9   ,                12.2   ,           92.7   ,             12.2   ,                        22.1   ,               4   ,        1.0500   ,               39.0   ,                 15270   ,
2026-02-11 21:01:29 ,        2745.0   ,           1312.7   ,               44.2   ,        52.3   ,                  46.0   ,                30   ,                  2001   ,                30   ,                  2001   ,           4309   ,         72   ,                        2   ,                   0   ,                    0   ,              108.5   ,                  71.7   ,               29.9   ,                 36.6   ,              12.2   ,               7.0   ,                12.2   ,           97.1   ,             12.2   ,                        23.1   ,               4   ,        1.0500   ,               42.0   ,                 15524   ,
2026-02-11 21:01:30 ,        2745.0   ,           1312.7   ,               44.0   ,        52.2   ,                  46.0   ,                30   ,                  2004   ,                30   ,                  2004   ,           4309   ,         78   ,                        2   ,                   0   ,                    0   ,              105.7   ,                  69.2   ,               29.5   ,                 36.5   ,              12.2   ,               7.0   ,                12.2   ,          100.0   ,             12.2   ,                        23.8   ,               4   ,        1.0500   ,               41.0   ,                 15527   ,
2026-02-11 21:01:31 ,        2745.0   ,           1312.7   ,               43.6   ,        52.3   ,                  46.0   ,                30   ,                  2001   ,                30   ,                  2001   ,           4309   ,         79   ,                        2   ,                   0   ,                    0   ,              105.3   ,                  68.9   ,               29.3   ,                 36.3   ,              12.2   ,               7.0   ,                12.2   ,           99.5   ,             12.2   ,                        23.7   ,               4   ,        1.0500   ,               43.0   ,                 15527   ,
2026-02-11 21:01:32 ,        2745.0   ,           1312.7   ,               43.5   ,        52.4   ,                  46.0   ,                30   ,                  2001   ,                30   ,                  2001   ,           4309   ,         75   ,                        2   ,                   0   ,                    0   ,              109.4   ,                  69.4   ,               29.6   ,                 36.6   ,              12.2   ,               7.0   ,                12.2   ,           99.0   ,             12.2   ,                        23.6   ,               4   ,        1.0500   ,               41.0   ,                 15527   ,
2026-02-11 21:01:33 ,        2745.0   ,           1312.7   ,               43.7   ,        52.5   ,                  46.0   ,                30   ,                  2003   ,                30   ,                  2003   ,           4309   ,         74   ,                        2   ,                   0   ,                    0   ,              113.3   ,                  64.8   ,               28.6   ,                 35.6   ,              12.2   ,               7.0   ,                12.2   ,           93.3   ,             12.2   ,                        22.3   ,               4   ,        1.0500   ,               41.0   ,                 15589   ,
2026-02-11 21:01:34 ,        2745.0   ,           1312.7   ,               43.8   ,        52.5   ,                  46.0   ,                30   ,                  1995   ,                30   ,                  1995   ,           4309   ,         75   ,                        2   ,                   0   ,                    0   ,              105.8   ,                  69.1   ,               29.7   ,                 36.6   ,              12.2   ,               7.0   ,                12.2   ,           99.9   ,             12.2   ,                        23.7   ,               4   ,        1.0500   ,               41.0   ,                 15690   ,
2026-02-11 21:01:35 ,        2745.0   ,           1312.7   ,               43.9   ,        52.7   ,                  46.0   ,                30   ,                  2001   ,                30   ,                  2001   ,           4309   ,         73   ,                        2   ,                   0   ,                    0   ,              138.2   ,                  98.3   ,               34.0   ,                 39.8   ,              12.2   ,               5.9   ,                12.2   ,          132.3   ,             12.2   ,                        30.7   ,               4   ,        1.0500   ,               37.0   ,                 15697   ,
2026-02-11 21:01:36 ,        2745.0   ,           1312.7   ,               44.8   ,        52.9   ,                  46.0   ,                30   ,                  1995   ,                30   ,                  1995   ,           4309   ,         76   ,                        2   ,                   0   ,                    0   ,              117.0   ,                  79.8   ,               30.2   ,                 37.2   ,              12.2   ,               7.0   ,                12.2   ,          101.3   ,             12.2   ,                        24.0   ,               4   ,        1.0500   ,               39.0   ,                 15767   ,
2026-02-11 21:01:37 ,        2745.0   ,           1312.7   ,               44.3   ,        52.9   ,                  46.0   ,                30   ,                  1996   ,                30   ,                  1996   ,           4309   ,         75   ,                        2   ,                   0   ,                    0   ,              109.9   ,                  73.2   ,               29.7   ,                 36.7   ,              12.2   ,               7.0   ,                12.2   ,          102.9   ,             12.2   ,                        24.4   ,               4   ,        1.0500   ,               38.0   ,                 15770   ,
2026-02-11 21:01:38 ,        2745.0   ,           1312.7   ,               44.9   ,        53.1   ,                  46.0   ,                30   ,                  1997   ,                30   ,                  1997   ,           4312   ,         75   ,                        3   ,                   0   ,                    0   ,              115.0   ,                  77.9   ,               30.1   ,                 37.1   ,              12.2   ,               7.0   ,                12.2   ,          102.8   ,             12.2   ,                        24.4   ,               4   ,        1.0500   ,               40.0   ,                 15772   ,
2026-02-11 21:01:39 ,        2745.0   ,           1312.7   ,               45.2   ,        53.1   ,                  48.0   ,                30   ,                  1994   ,                30   ,                  1994   ,           4312   ,         73   ,                        2   ,                   0   ,                    0   ,              115.5   ,                  73.6   ,               29.7   ,                 36.7   ,              12.2   ,               7.0   ,                12.2   ,          103.3   ,             12.2   ,                        24.5   ,               4   ,        1.0500   ,               37.0   ,                 15788   ,
2026-02-11 21:01:40 ,        2745.0   ,           1312.7   ,               44.9   ,        53.3   ,                  48.0   ,                30   ,                  1995   ,                30   ,                  1996   ,           4312   ,         74   ,                        2   ,                   0   ,                    0   ,              109.1   ,                  72.7   ,               29.4   ,                 36.4   ,              12.2   ,               7.0   ,                12.2   ,          102.1   ,             12.2   ,                        24.3   ,               4   ,        1.0500   ,               41.0   ,                 15872   ,
2026-02-11 21:01:41 ,        2745.0   ,           1312.7   ,               44.6   ,        53.3   ,                  46.0   ,                30   ,                  2000   ,                30   ,                  2000   ,           4312   ,         75   ,                        2   ,                   0   ,                    0   ,              109.6   ,                  72.9   ,               29.7   ,                 36.7   ,              12.2   ,               7.0   ,                12.2   ,          102.6   ,             12.2   ,                        24.4   ,               4   ,        1.0500   ,               43.0   ,                 16116   ,
2026-02-11 21:01:42 ,        2745.0   ,           1312.7   ,               45.0   ,        53.4   ,                  48.0   ,                30   ,                  2004   ,                30   ,                  2004   ,           4312   ,         77   ,                        3   ,                   0   ,                    0   ,              107.7   ,                  71.0   ,               29.6   ,                 36.7   ,              12.2   ,               7.1   ,                12.2   ,          100.6   ,             12.2   ,                        23.9   ,               4   ,        1.0500   ,               38.0   ,                 16120   ,
2026-02-11 21:01:43 ,        2745.0   ,           1312.7   ,               44.7   ,        53.5   ,                  48.0   ,                30   ,                  1994   ,                30   ,                  1993   ,           4312   ,         78   ,                        3   ,                   0   ,                    0   ,              107.1   ,                  70.7   ,               29.4   ,                 36.4   ,              12.2   ,               7.0   ,                12.2   ,          100.1   ,             12.2   ,                        26.4   ,               4   ,        1.0500   ,               38.0   ,                 16120   ,
2026-02-11 21:01:44 ,        2745.0   ,           1312.7   ,               44.7   ,        53.5   ,                  46.0   ,                30   ,                  1998   ,                30   ,                  1998   ,           4312   ,         72   ,                        2   ,                   0   ,                    0   ,              114.3   ,                  77.0   ,               30.2   ,                 37.2   ,              12.2   ,               7.0   ,                12.2   ,          107.3   ,             12.2   ,                        25.4   ,               4   ,        1.0500   ,               43.0   ,                 16120   ,
2026-02-11 21:01:45 ,        2745.0   ,           1312.7   ,               45.2   ,        53.6   ,                  48.0   ,                30   ,                  1996   ,                30   ,                  1996   ,           4312   ,         77   ,                        3   ,                   0   ,                    0   ,              109.8   ,                  73.1   ,               29.6   ,                 36.7   ,              12.2   ,               7.1   ,                12.2   ,          102.8   ,             12.2   ,                        25.5   ,               4   ,        1.0500   ,               39.0   ,                 16135   ,
2026-02-11 21:01:46 ,        2745.0   ,           1312.7   ,               45.8   ,        53.7   ,                  48.0   ,                30   ,                  1995   ,                30   ,                  1995   ,           4312   ,         77   ,                        3   ,                   0   ,                    0   ,              109.4   ,                  72.9   ,               29.5   ,                 36.5   ,              12.2   ,               7.0   ,                12.2   ,          102.4   ,             12.2   ,                        23.9   ,               4   ,        1.0500   ,               42.0   ,                 16157   ,
2026-02-11 21:01:47 ,        2745.0   ,           1312.7   ,               45.1   ,        53.8   ,                  48.0   ,                30   ,                  1998   ,                30   ,                  1998   ,           4315   ,         76   ,                        3   ,                   0   ,                    0   ,              116.8   ,                  79.3   ,               30.5   ,                 37.5   ,              12.2   ,               7.0   ,                12.2   ,          101.7   ,             12.2   ,                        24.1   ,               4   ,        1.0500   ,               40.0   ,                 14679   ,
2026-02-11 21:01:48 ,        2745.0   ,           1312.7   ,               43.6   ,        53.3   ,                  46.0   ,                30   ,                  2005   ,                30   ,                  2005   ,           5596   ,         21   ,                        0   ,                   0   ,                    0   ,               83.2   ,                  48.0   ,               28.3   ,                 35.3   ,              12.2   ,               7.0   ,                12.2   ,           76.3   ,             12.2   ,                        22.6   ,               4   ,        1.0500   ,               42.0   ,                 14903   ,
2026-02-11 21:01:49 ,        2745.0   ,           1312.7   ,               45.7   ,        53.9   ,                  48.0   ,                30   ,                  2002   ,                30   ,                  2002   ,           5495   ,         85   ,                        2   ,                   0   ,                    0   ,              113.2   ,                  76.1   ,               30.1   ,                 37.1   ,              12.2   ,               7.0   ,                12.2   ,          106.2   ,             12.2   ,                        25.2   ,               4   ,        1.0500   ,               36.0   ,                 14904   ,
2026-02-11 21:01:50 ,        2745.0   ,           1312.7   ,               45.5   ,        53.9   ,                  48.0   ,                30   ,                  1998   ,                30   ,                  1998   ,           5492   ,         86   ,                        2   ,                   0   ,                    0   ,              112.4   ,                  75.5   ,               29.9   ,                 36.9   ,              12.2   ,               7.0   ,                12.2   ,          105.2   ,             12.2   ,                        24.9   ,               4   ,        1.0500   ,               41.0   ,                 14904   ,
2026-02-11 21:01:51 ,        2745.0   ,           1312.7   ,               45.3   ,        54.0   ,                  46.0   ,                30   ,                  2002   ,                30   ,                  2002   ,           5492   ,         77   ,                        2   ,                   0   ,                    0   ,              111.5   ,                  74.6   ,               29.9   ,                 36.9   ,              12.2   ,               6.9   ,                12.2   ,          105.0   ,             12.2   ,                        24.9   ,               4   ,        1.0500   ,               41.0   ,                 14903   ,
2026-02-11 21:01:52 ,        2745.0   ,           1312.7   ,               45.3   ,        54.1   ,                  48.0   ,                30   ,                  1999   ,                30   ,                  2000   ,           5492   ,         86   ,                        2   ,                   0   ,                    0   ,              117.5   ,                  80.1   ,               30.4   ,                 37.4   ,              12.2   ,               6.9   ,                12.2   ,           98.9   ,             12.2   ,                        23.5   ,               4   ,        1.0500   ,               40.0   ,                 14903   ,
2026-02-11 21:01:53 ,        2745.0   ,           1312.7   ,               45.7   ,        54.3   ,                  48.0   ,                30   ,                  2002   ,                30   ,                  2002   ,           5492   ,         78   ,                        5   ,                   0   ,                    1   ,              114.6   ,                  78.1   ,               31.3   ,                 36.5   ,              12.2   ,               5.2   ,                12.2   ,          109.4   ,             12.2   ,                        25.5   ,               4   ,        1.0500   ,               36.0   ,                 14902   ,
2026-02-11 21:01:54 ,        2745.0   ,           1312.7   ,               45.4   ,        54.1   ,                  48.0   ,                30   ,                  1998   ,                30   ,                  1998   ,           5492   ,         80   ,                        2   ,                   0   ,                    0   ,              111.1   ,                  74.4   ,               29.7   ,                 36.7   ,              12.2   ,               7.0   ,                12.2   ,          105.6   ,             12.2   ,                        25.0   ,               4   ,        1.0500   ,               41.0   ,                 14915   ,
2026-02-11 21:01:55 ,        2745.0   ,           1312.7   ,               45.4   ,        54.3   ,                  48.0   ,                30   ,                  2002   ,                30   ,                  2003   ,           5492   ,         81   ,                        2   ,                   0   ,                    0   ,              113.3   ,                  76.4   ,               29.9   ,                 36.9   ,              12.2   ,               7.0   ,                12.2   ,          103.7   ,             12.2   ,                        24.6   ,               4   ,        1.0500   ,               36.0   ,                 14913   ,
2026-02-11 21:01:56 ,        2745.0   ,           1312.7   ,               45.8   ,        54.3   ,                  48.0   ,                30   ,                  2000   ,                30   ,                  2000   ,           5492   ,         87   ,                        2   ,                   0   ,                    0   ,              113.0   ,                  76.0   ,               29.6   ,                 36.7   ,              12.2   ,               7.1   ,                12.2   ,          100.3   ,             12.2   ,                        23.9   ,               4   ,        1.0500   ,               41.0   ,                 14913   ,
2026-02-11 21:01:57 ,        2745.0   ,           1312.7   ,               45.5   ,        54.4   ,                  48.0   ,                30   ,                  1999   ,                30   ,                  1999   ,           5492   ,         83   ,                        2   ,                   0   ,                    0   ,              120.2   ,                  82.4   ,               30.8   ,                 37.8   ,              12.2   ,               6.9   ,                12.2   ,           99.5   ,             12.2   ,                        23.7   ,               4   ,        1.0500   ,               39.0   ,                 14913   ,
2026-02-11 21:01:58 ,        2745.0   ,           1312.7   ,               45.7   ,        54.4   ,                  48.0   ,                30   ,                  2006   ,                30   ,                  2006   ,           5492   ,         85   ,                        2   ,                   0   ,                    0   ,              115.1   ,                  77.6   ,               29.3   ,                 36.3   ,              12.2   ,               7.0   ,                12.2   ,          100.4   ,             12.2   ,                        23.9   ,               4   ,        1.0500   ,               42.0   ,                 14913   ,
2026-02-11 21:01:59 ,        2745.0   ,           1312.7   ,               45.6   ,        54.5   ,                  48.0   ,                30   ,                  2004   ,                30   ,                  2004   ,           5492   ,         83   ,                        2   ,                   0   ,                    0   ,              111.6   ,                  74.7   ,               29.9   ,                 36.9   ,              12.2   ,               7.0   ,                12.2   ,          104.6   ,             12.2   ,                        24.8   ,               4   ,        1.0500   ,               35.0   ,                 14913   ,
2026-02-11 21:02:00 ,        2745.0   ,           1312.7   ,               45.9   ,        54.6   ,                  48.0   ,                30   ,                  2002   ,                30   ,                  2002   ,           5492   ,         83   ,                        2   ,                   0   ,                    0   ,              111.7   ,                  74.5   ,               30.1   ,                 37.1   ,              12.2   ,               7.0   ,                12.2   ,          104.6   ,             12.2   ,                        24.8   ,               4   ,        1.0500   ,               37.0   ,                 14913   ,
2026-02-11 21:02:01 ,        2745.0   ,           1312.7   ,               46.0   ,        54.7   ,                  48.0   ,                30   ,                  1999   ,                30   ,                  1999   ,           5492   ,         81   ,                        2   ,                   0   ,                    0   ,              116.5   ,                  78.8   ,               30.7   ,                 37.7   ,              12.2   ,               7.0   ,                12.2   ,          109.5   ,             12.2   ,                        24.9   ,               4   ,        1.0500   ,               40.0   ,                 14913   ,
2026-02-11 21:02:02 ,        2745.0   ,           1312.7   ,               45.9   ,        54.7   ,                  48.0   ,                30   ,                  2005   ,                30   ,                  2005   ,           5492   ,         82   ,                        2   ,                   0   ,                    0   ,              113.0   ,                  76.0   ,               30.1   ,                 37.0   ,              12.2   ,               6.9   ,                12.2   ,          106.6   ,             12.2   ,                        25.2   ,               4   ,        1.0500   ,               35.0   ,                 14912   ,
2026-02-11 21:02:03 ,        2745.0   ,           1312.7   ,               46.5   ,        54.8   ,                  50.0   ,                30   ,                  1996   ,                30   ,                  1996   ,           5492   ,         84   ,                        2   ,                   0   ,                    0   ,              114.6   ,                  77.6   ,               30.1   ,                 37.0   ,              12.2   ,               7.0   ,                12.2   ,          106.9   ,             12.2   ,                        25.3   ,               4   ,        1.0500   ,               40.0   ,                 14912   ,
2026-02-11 21:02:05 ,        2745.0   ,           1312.7   ,               46.0   ,        54.9   ,                  48.0   ,                30   ,                  1998   ,                30   ,                  1998   ,           5492   ,         81   ,                        2   ,                   0   ,                    0   ,              113.1   ,                  76.0   ,               30.1   ,                 37.1   ,              12.2   ,               6.9   ,                12.2   ,          106.6   ,             12.2   ,                        25.2   ,               4   ,        1.0500   ,               36.0   ,                 14912   ,
2026-02-11 21:02:05 ,        2745.0   ,           1312.7   ,               46.4   ,        54.9   ,                  48.0   ,                30   ,                  1998   ,                30   ,                  1998   ,           5492   ,         82   ,                        2   ,                   0   ,                    0   ,              113.8   ,                  76.6   ,               30.1   ,                 37.1   ,              12.2   ,               7.0   ,                12.2   ,          106.6   ,             12.2   ,                        25.3   ,               4   ,        1.0500   ,               36.0   ,                 14912   ,
2026-02-11 21:02:06 ,        2745.0   ,           1312.7   ,               46.0   ,        55.0   ,                  48.0   ,                30   ,                  2001   ,                30   ,                  2001   ,           5492   ,         83   ,                        2   ,                   0   ,                    0   ,              112.8   ,                  75.8   ,               30.0   ,                 37.0   ,              12.2   ,               7.0   ,                12.2   ,          106.6   ,             12.2   ,                        25.2   ,               4   ,        1.0500   ,               39.0   ,                 14912   ,
2026-02-11 21:02:07 ,        2745.0   ,           1312.7   ,               47.1   ,        55.1   ,                  50.0   ,                30   ,                  2005   ,                30   ,                  2006   ,           5492   ,         84   ,                        2   ,                   0   ,                    0   ,              116.7   ,                  79.3   ,               30.4   ,                 37.4   ,              12.2   ,               7.1   ,                12.2   ,          103.5   ,             12.2   ,                        24.6   ,               4   ,        1.0500   ,               39.0   ,                 14913   ,
2026-02-11 21:02:09 ,        2745.0   ,           1312.7   ,               46.2   ,        55.1   ,                  48.0   ,                30   ,                  2001   ,                30   ,                  2002   ,           5492   ,         80   ,                        2   ,                   0   ,                    0   ,              112.8   ,                  75.7   ,               29.9   ,                 37.0   ,              12.2   ,               7.1   ,                12.2   ,          105.9   ,             12.2   ,                        25.1   ,               4   ,        1.0500   ,               41.0   ,                 14913   ,
2026-02-11 21:02:10 ,        2745.0   ,           1312.7   ,               47.0   ,        55.2   ,                  48.0   ,                30   ,                  2002   ,                30   ,                  2002   ,           5492   ,         85   ,                        2   ,                   0   ,                    0   ,              117.1   ,                  79.7   ,               30.3   ,                 36.9   ,              12.2   ,               7.1   ,                12.2   ,          104.2   ,             12.2   ,                        24.7   ,               4   ,        1.0500   ,               41.0   ,                 14912   ,
2026-02-11 21:02:11 ,        2745.0   ,           1312.7   ,               46.3   ,        55.1   ,                  48.0   ,                30   ,                  2003   ,                30   ,                  2003   ,           5492   ,         82   ,                        2   ,                   0   ,                    0   ,              113.9   ,                  76.6   ,               30.3   ,                 37.3   ,              12.2   ,               7.0   ,                12.2   ,          107.1   ,             12.2   ,                        25.3   ,               4   ,        1.0500   ,               40.0   ,                 14913   ,
2026-02-11 21:02:11 ,        2745.0   ,           1312.7   ,               46.3   ,        55.2   ,                  50.0   ,                30   ,                  1997   ,                30   ,                  1997   ,           5492   ,         84   ,                        2   ,                   0   ,                    0   ,              112.9   ,                  75.8   ,               30.0   ,                 37.2   ,              12.2   ,               7.1   ,                12.2   ,          105.8   ,             12.2   ,                        25.3   ,               4   ,        1.0500   ,               41.0   ,                 14913   ,
2026-02-11 21:02:12 ,        2745.0   ,           1312.7   ,               46.4   ,        55.4   ,                  50.0   ,                30   ,                  2004   ,                30   ,                  2004   ,           5492   ,         82   ,                        3   ,                   0   ,                    0   ,              123.8   ,                  85.6   ,               31.1   ,                 38.2   ,              12.2   ,               7.0   ,                12.2   ,          106.0   ,             12.2   ,                        25.1   ,               4   ,        1.0500   ,               41.0   ,                 14912   ,
2026-02-11 21:02:14 ,        2745.0   ,           1312.7   ,               46.5   ,        55.3   ,                  48.0   ,                30   ,                  1998   ,                30   ,                  1998   ,           5492   ,         84   ,                        2   ,                   0   ,                    0   ,              119.5   ,                  82.1   ,               30.4   ,                 37.0   ,              12.2   ,               7.0   ,                12.2   ,          106.7   ,             12.2   ,                        25.3   ,               4   ,        1.0500   ,               39.0   ,                 14911   ,
2026-02-11 21:02:15 ,        2745.0   ,           1312.7   ,               47.0   ,        55.4   ,                  48.0   ,                30   ,                  1995   ,                30   ,                  1995   ,           5492   ,         84   ,                        2   ,                   0   ,                    0   ,              111.1   ,                  74.2   ,               30.0   ,                 37.1   ,              12.2   ,               7.0   ,                12.2   ,          107.0   ,             12.2   ,                        25.3   ,               4   ,        1.0500   ,               37.0   ,                 14912   ,
2026-02-11 21:02:16 ,        2745.0   ,           1312.7   ,               47.0   ,        55.4   ,                  48.0   ,                30   ,                  2005   ,                30   ,                  2006   ,           5492   ,         86   ,                        2   ,                   0   ,                    0   ,              113.8   ,                  76.4   ,               30.4   ,                 37.4   ,              12.2   ,               7.0   ,                12.2   ,          106.8   ,             12.2   ,                        25.3   ,               4   ,        1.0500   ,               39.0   ,                 14911   ,
2026-02-11 21:02:17 ,        2745.0   ,           1312.7   ,               46.7   ,        55.7   ,                  48.0   ,                30   ,                  2008   ,                30   ,                  2008   ,           5492   ,         79   ,                        2   ,                   0   ,                    0   ,              112.7   ,                  75.6   ,               30.1   ,                 37.1   ,              12.2   ,               7.0   ,                12.2   ,          105.7   ,             12.2   ,                        25.1   ,               4   ,        1.0500   ,               41.0   ,                 14927   ,
2026-02-11 21:02:18 ,        2745.0   ,           1312.7   ,               46.9   ,        55.6   ,                  50.0   ,                30   ,                  2005   ,                30   ,                  2005   ,           5492   ,         82   ,                        2   ,                   0   ,                    0   ,              118.7   ,                  81.1   ,               30.6   ,                 37.6   ,              12.2   ,               7.0   ,                12.2   ,          111.7   ,             12.2   ,                        26.4   ,               4   ,        1.0500   ,               39.0   ,                 14908   ,
2026-02-11 21:02:19 ,        2745.0   ,           1312.7   ,               47.0   ,        55.7   ,                  48.0   ,                30   ,                  1999   ,                30   ,                  1999   ,           5492   ,         82   ,                        2   ,                   0   ,                    0   ,              116.1   ,                  78.6   ,               30.4   ,                 37.5   ,              12.2   ,               7.0   ,                12.2   ,          109.0   ,             12.2   ,                        25.8   ,               4   ,        1.0500   ,               39.0   ,                 14924   ,
2026-02-11 21:02:20 ,        2745.0   ,           1312.7   ,               46.9   ,        55.8   ,                  48.0   ,                30   ,                  1999   ,                30   ,                  1998   ,           5492   ,         77   ,                        2   ,                   0   ,                    0   ,              115.7   ,                  78.4   ,               30.3   ,                 37.3   ,              12.2   ,               7.0   ,                12.2   ,          108.7   ,             12.2   ,                        25.7   ,               4   ,        1.0500   ,               39.0   ,                 14967   ,
2026-02-11 21:02:21 ,        2745.0   ,           1312.7   ,               47.1   ,        55.7   ,                  50.0   ,                30   ,                  1998   ,                30   ,                  1998   ,           5495   ,         81   ,                        2   ,                   0   ,                    0   ,              116.7   ,                  79.4   ,               30.3   ,                 37.3   ,              12.2   ,               7.0   ,                12.2   ,          102.6   ,             12.2   ,                        24.3   ,               4   ,        1.0500   ,               39.0   ,                 14946   ,
2026-02-11 21:02:22 ,        2745.0   ,           1312.7   ,               47.0   ,        55.9   ,                  50.0   ,                30   ,                  1997   ,                30   ,                  1997   ,           5495   ,         37   ,                        3   ,                   0   ,                    0   ,              112.5   ,                  75.6   ,               29.9   ,                 36.9   ,              12.2   ,               7.0   ,                12.2   ,           97.9   ,             12.2   ,                        23.3   ,               4   ,        1.0500   ,               39.0   ,                 14913   ,
2026-02-11 21:02:23 ,        2745.0   ,           1312.7   ,               46.7   ,        55.8   ,                  50.0   ,                30   ,                  1994   ,                30   ,                  1994   ,           5495   ,         76   ,                        2   ,                   0   ,                    0   ,              112.9   ,                  76.0   ,               29.9   ,                 36.9   ,              12.2   ,               6.9   ,                12.2   ,           95.5   ,             12.2   ,                        22.8   ,               4   ,        1.0500   ,               40.0   ,                 15016   ,
2026-02-11 21:02:24 ,        2745.0   ,           1312.7   ,               47.1   ,        55.7   ,                  50.0   ,                30   ,                  1999   ,                30   ,                  1999   ,           5495   ,         76   ,                        1   ,                   0   ,                    0   ,              110.9   ,                  74.0   ,               29.8   ,                 36.8   ,              12.2   ,               7.0   ,                12.2   ,          103.7   ,             12.2   ,                        24.6   ,               4   ,        1.0500   ,               39.0   ,                 14978   ,
2026-02-11 21:02:25 ,        2745.0   ,           1312.7   ,               46.7   ,        55.8   ,                  50.0   ,                30   ,                  2005   ,                30   ,                  2005   ,           5495   ,         76   ,                        2   ,                   0   ,                    0   ,              110.7   ,                  73.8   ,               29.9   ,                 36.9   ,              12.2   ,               7.0   ,                12.2   ,          105.3   ,             12.2   ,                        24.9   ,               4   ,        1.0500   ,               41.0   ,                 15016   ,
2026-02-11 21:02:26 ,        2745.0   ,           1312.7   ,               46.8   ,        55.8   ,                  50.0   ,                30   ,                  2006   ,                30   ,                  2006   ,           5495   ,         80   ,                        2   ,                   0   ,                    0   ,              112.1   ,                  68.5   ,               29.1   ,                 36.2   ,              12.2   ,               7.1   ,                12.2   ,           97.7   ,             12.2   ,                        23.3   ,               4   ,        1.0500   ,               38.0   ,                 15008   ,
2026-02-11 21:02:27 ,        2745.0   ,           1312.7   ,               46.7   ,        55.8   ,                  50.0   ,                30   ,                  2003   ,                30   ,                  2003   ,           5501   ,         75   ,                        2   ,                   0   ,                    0   ,              105.6   ,                  69.5   ,               29.1   ,                 36.1   ,              12.2   ,               7.0   ,                12.2   ,           98.6   ,             12.2   ,                        23.4   ,               4   ,        1.0500   ,               42.0   ,                 14979   ,
2026-02-11 21:02:28 ,        2745.0   ,           1312.7   ,               47.0   ,        56.0   ,                  50.0   ,                30   ,                  2002   ,                30   ,                  2002   ,           5501   ,         78   ,                        2   ,                   0   ,                    0   ,              110.4   ,                  71.9   ,               29.7   ,                 36.9   ,              12.2   ,               7.1   ,                12.2   ,          101.6   ,             12.2   ,                        24.2   ,               4   ,        1.0500   ,               42.0   ,                 15081   ,
2026-02-11 21:02:29 ,        2745.0   ,           1312.7   ,               46.9   ,        55.9   ,                  50.0   ,                30   ,                  2006   ,                30   ,                  2006   ,           5501   ,         82   ,                        1   ,                   0   ,                    0   ,              106.3   ,                  69.9   ,               29.3   ,                 36.4   ,              12.2   ,               7.1   ,                12.2   ,           99.2   ,             12.2   ,                        23.8   ,               4   ,        1.0500   ,               36.0   ,                 15041   ,
2026-02-11 21:02:30 ,        2745.0   ,           1312.7   ,               47.2   ,        56.0   ,                  50.0   ,                30   ,                  2007   ,                30   ,                  2007   ,           5501   ,         77   ,                        2   ,                   0   ,                    0   ,              113.5   ,                  76.5   ,               29.9   ,                 37.0   ,              12.2   ,               7.1   ,                12.2   ,          106.5   ,             12.2   ,                        25.2   ,               4   ,        1.0500   ,               38.0   ,                 14988   ,
2026-02-11 21:02:31 ,        2745.0   ,           1312.7   ,               47.0   ,        56.1   ,                  50.0   ,                30   ,                  2007   ,                30   ,                  2007   ,           5501   ,         84   ,                        2   ,                   0   ,                    0   ,              107.7   ,                  71.0   ,               29.7   ,                 36.8   ,              12.2   ,               7.1   ,                12.2   ,          100.6   ,             12.2   ,                        23.9   ,               4   ,        1.0500   ,               36.0   ,                 14986   ,
2026-02-11 21:02:32 ,        2745.0   ,           1312.7   ,               47.3   ,        56.1   ,                  50.0   ,                30   ,                  1996   ,                30   ,                  1996   ,           5501   ,         78   ,                        2   ,                   0   ,                    0   ,              111.7   ,                  74.8   ,               29.9   ,                 36.9   ,              12.2   ,               7.0   ,                12.2   ,          104.7   ,             12.2   ,                        23.2   ,               4   ,        1.0500   ,               41.0   ,                 14987   ,
2026-02-11 21:02:33 ,        2745.0   ,           1312.7   ,               47.7   ,        56.3   ,                  50.0   ,                30   ,                  1998   ,                30   ,                  1998   ,           5501   ,         84   ,                        2   ,                   0   ,                    0   ,              116.2   ,                  79.1   ,               30.1   ,                 37.1   ,              12.2   ,               7.0   ,                12.2   ,          109.2   ,             12.2   ,                        25.8   ,               4   ,        1.0500   ,               36.0   ,                 14980   ,
2026-02-11 21:02:34 ,        2745.0   ,           1312.7   ,               48.4   ,        56.4   ,                  50.0   ,                30   ,                  2003   ,                30   ,                  2003   ,           5501   ,         80   ,                        2   ,                   0   ,                    0   ,              115.4   ,                  78.1   ,               30.2   ,                 37.2   ,              12.2   ,               7.0   ,                12.2   ,          108.3   ,             12.2   ,                        25.6   ,               4   ,        1.0500   ,               40.0   ,                 14986   ,
2026-02-11 21:02:35 ,        2745.0   ,           1312.7   ,               47.3   ,        56.5   ,                  50.0   ,                30   ,                  1998   ,                30   ,                  1998   ,           5501   ,         80   ,                        2   ,                   0   ,                    1   ,              168.8   ,                 126.8   ,               31.1   ,                 36.3   ,              12.2   ,               5.3   ,                12.2   ,          110.8   ,             12.2   ,                        25.8   ,               4   ,        1.0500   ,               35.0   ,                 14928   ,
2026-02-11 21:02:36 ,        2745.0   ,           1312.7   ,               47.5   ,        56.4   ,                  50.0   ,                30   ,                  2000   ,                30   ,                  2000   ,           5501   ,         78   ,                        2   ,                   0   ,                    0   ,              119.2   ,                  81.4   ,               30.8   ,                 37.8   ,              12.2   ,               6.9   ,                12.2   ,           98.0   ,             12.2   ,                        23.3   ,               4   ,        1.0500   ,               40.0   ,                 14925   ,
2026-02-11 21:02:37 ,        2745.0   ,           1312.7   ,               47.6   ,        56.5   ,                  50.0   ,                30   ,                  1999   ,                30   ,                  1999   ,           5501   ,         82   ,                        2   ,                   0   ,                    0   ,              113.2   ,                  76.0   ,               30.2   ,                 37.2   ,              12.2   ,               7.0   ,                12.2   ,          106.5   ,             12.2   ,                        25.2   ,               4   ,        1.0500   ,               39.0   ,                 14927   ,
2026-02-11 21:02:38 ,        2745.0   ,           1312.7   ,               47.8   ,        56.4   ,                  50.0   ,                30   ,                  1999   ,                30   ,                  2000   ,           5501   ,         82   ,                        2   ,                   0   ,                    0   ,              114.6   ,                  77.4   ,               30.2   ,                 37.3   ,              12.2   ,               7.0   ,                12.2   ,          104.6   ,             12.2   ,                        24.8   ,               4   ,        1.0500   ,               37.0   ,                 14928   ,
2026-02-11 21:02:39 ,        2745.0   ,           1312.7   ,               47.4   ,        56.5   ,                  50.0   ,                30   ,                  1998   ,                30   ,                  1998   ,           5501   ,         81   ,                        2   ,                   0   ,                    0   ,              112.5   ,                  75.2   ,               30.2   ,                 37.3   ,              12.2   ,               7.1   ,                12.2   ,          106.7   ,             12.2   ,                        25.3   ,               4   ,        1.0500   ,               38.0   ,                 14927   ,
2026-02-11 21:02:40 ,        2745.0   ,           1312.7   ,               47.7   ,        56.5   ,                  50.0   ,                30   ,                  1997   ,                30   ,                  1997   ,           5501   ,         83   ,                        2   ,                   0   ,                    0   ,              112.1   ,                  80.5   ,               30.3   ,                 37.2   ,              12.2   ,               6.9   ,                12.2   ,          110.8   ,             12.2   ,                        26.2   ,               4   ,        1.0500   ,               39.0   ,                 14927   ,
2026-02-11 21:02:41 ,        2745.0   ,           1312.7   ,               48.8   ,        56.6   ,                  50.0   ,                30   ,                  2005   ,                30   ,                  2005   ,           5501   ,         82   ,                        1   ,                   0   ,                    0   ,              113.1   ,                  76.1   ,               29.9   ,                 37.0   ,              12.2   ,               7.1   ,                12.2   ,          106.0   ,             12.2   ,                        25.1   ,               4   ,        1.0500   ,               38.0   ,                 14925   ,
2026-02-11 21:02:42 ,        2745.0   ,           1312.7   ,               47.7   ,        56.5   ,                  50.0   ,                30   ,                  2000   ,                30   ,                  1999   ,           5501   ,         81   ,                        2   ,                   0   ,                    0   ,              107.9   ,                  71.3   ,               29.6   ,                 36.6   ,              12.2   ,               7.0   ,                12.2   ,          100.9   ,             12.2   ,                        22.9   ,               4   ,        1.0500   ,               41.0   ,                 14927   ,
2026-02-11 21:02:43 ,        2745.0   ,           1312.7   ,               47.4   ,        56.7   ,                  50.0   ,                30   ,                  2002   ,                30   ,                  2002   ,           5501   ,         78   ,                        1   ,                   0   ,                    0   ,              106.7   ,                  70.1   ,               29.6   ,                 36.6   ,              12.2   ,               7.0   ,                12.2   ,          105.3   ,             12.2   ,                        25.0   ,               4   ,        1.0500   ,               36.0   ,                 14927   ,
2026-02-11 21:02:44 ,        2745.0   ,           1312.7   ,               47.5   ,        56.7   ,                  52.0   ,                30   ,                  2001   ,                30   ,                  1999   ,           5501   ,         82   ,                        2   ,                   0   ,                    0   ,              112.0   ,                  75.2   ,               29.8   ,                 36.0   ,              12.2   ,               7.0   ,                12.2   ,           99.3   ,             12.2   ,                        23.6   ,               4   ,        1.0500   ,               42.0   ,                 14926   ,
2026-02-11 21:02:45 ,        2745.0   ,           1312.7   ,               48.0   ,        56.7   ,                  50.0   ,                30   ,                  2002   ,                30   ,                  2002   ,           5501   ,         82   ,                        2   ,                   0   ,                    0   ,              112.3   ,                  75.2   ,               30.1   ,                 37.1   ,              12.2   ,               7.1   ,                12.2   ,           99.2   ,             12.2   ,                        23.6   ,               4   ,        1.0500   ,               36.0   ,                 14926   ,
2026-02-11 21:02:46 ,        2745.0   ,           1312.7   ,               47.8   ,        56.7   ,                  52.0   ,                30   ,                  2003   ,                30   ,                  2003   ,           5501   ,         81   ,                        2   ,                   0   ,                    0   ,              113.4   ,                  76.5   ,               30.0   ,                 36.9   ,              12.2   ,               7.0   ,                12.2   ,          106.4   ,             12.2   ,                        24.1   ,               4   ,        1.0500   ,               38.0   ,                 14926   ,
2026-02-11 21:02:47 ,        2745.0   ,           1312.7   ,               47.8   ,        56.6   ,                  52.0   ,                30   ,                  1999   ,                30   ,                  1999   ,           5502   ,         80   ,                        1   ,                   0   ,                    0   ,              113.8   ,                  77.2   ,               29.6   ,                 36.6   ,              12.2   ,               7.0   ,                12.2   ,           91.8   ,             12.2   ,                        22.0   ,               4   ,        1.0500   ,               37.0   ,                 14923   ,
2026-02-11 21:02:48 ,        2745.0   ,           1312.7   ,               47.8   ,        56.8   ,                  50.0   ,                30   ,                  2002   ,                30   ,                  2002   ,           5502   ,         85   ,                        2   ,                   0   ,                    0   ,              111.2   ,                  74.2   ,               29.9   ,                 36.9   ,              12.2   ,               7.0   ,                12.2   ,          104.1   ,             12.2   ,                        24.7   ,               4   ,        1.0500   ,               41.0   ,                 14990   ,
2026-02-11 21:02:49 ,        2745.0   ,           1312.7   ,               48.0   ,        56.8   ,                  50.0   ,                30   ,                  2000   ,                30   ,                  2000   ,           5502   ,         80   ,                        1   ,                   0   ,                    0   ,              114.0   ,                  77.1   ,               29.9   ,                 36.9   ,              12.2   ,               7.0   ,                12.2   ,          107.0   ,             12.2   ,                        23.0   ,               4   ,        1.0500   ,               39.0   ,                 14989   ,
2026-02-11 21:02:50 ,        2745.0   ,           1312.7   ,               48.0   ,        56.8   ,                  52.0   ,                30   ,                  1998   ,                30   ,                  1999   ,           5502   ,         82   ,                        2   ,                   0   ,                    0   ,              109.8   ,                  73.3   ,               29.5   ,                 36.5   ,              12.2   ,               7.0   ,                12.2   ,           94.0   ,             12.2   ,                        22.4   ,               4   ,        1.0500   ,               38.0   ,                 14990   ,
2026-02-11 21:02:51 ,        2745.0   ,           1312.7   ,               47.7   ,        56.8   ,                  50.0   ,                30   ,                  2003   ,                30   ,                  2003   ,           5502   ,         80   ,                        1   ,                   0   ,                    0   ,              106.8   ,                  70.4   ,               29.4   ,                 36.4   ,              12.2   ,               7.0   ,                12.2   ,           99.8   ,             12.2   ,                        25.2   ,               4   ,        1.0500   ,               36.0   ,                 14989   ,
2026-02-11 21:02:52 ,        2745.0   ,           1312.7   ,               48.3   ,        56.9   ,                  52.0   ,                30   ,                  2004   ,                30   ,                  2003   ,           5502   ,         82   ,                        2   ,                   0   ,                    0   ,              112.5   ,                  75.5   ,               29.9   ,                 35.9   ,              12.2   ,               7.0   ,                12.2   ,           96.7   ,             12.2   ,                        23.0   ,               4   ,        1.0500   ,               36.0   ,                 14998   ,
2026-02-11 21:02:53 ,        2745.0   ,           1312.7   ,               47.8   ,        56.9   ,                  50.0   ,                30   ,                  2002   ,                30   ,                  2002   ,           5502   ,         80   ,                        1   ,                   0   ,                    0   ,              109.7   ,                  73.1   ,               29.6   ,                 36.7   ,              12.2   ,               7.1   ,                12.2   ,          103.7   ,             12.2   ,                        24.6   ,               4   ,        1.0500   ,               41.0   ,                 14926   ,
2026-02-11 21:02:54 ,        2745.0   ,           1312.7   ,               47.7   ,        57.0   ,                  50.0   ,                30   ,                  1998   ,                30   ,                  1998   ,           5502   ,         81   ,                        2   ,                   0   ,                    0   ,              111.0   ,                  74.1   ,               29.8   ,                 36.9   ,              12.2   ,               7.0   ,                12.2   ,           93.7   ,             12.2   ,                        22.4   ,               4   ,        1.0500   ,               41.0   ,                 14926   ,
2026-02-11 21:02:55 ,        2745.0   ,           1312.7   ,               48.5   ,        57.3   ,                  52.0   ,                30   ,                  2000   ,                30   ,                  2000   ,           5502   ,         73   ,                        2   ,                   0   ,                    0   ,              110.6   ,                  73.8   ,               29.7   ,                 36.8   ,              12.2   ,               7.1   ,                12.2   ,          103.5   ,             12.2   ,                        37.0   ,               4   ,        1.0500   ,               33.0   ,                 14926   ,
2026-02-11 21:02:56 ,        2745.0   ,           1312.7   ,               48.4   ,        57.1   ,                  52.0   ,                30   ,                  1996   ,                30   ,                  1996   ,           5507   ,         33   ,                        3   ,                   0   ,                    0   ,              112.7   ,                  75.8   ,               30.5   ,                 36.9   ,              12.2   ,               7.0   ,                12.2   ,          102.7   ,             12.2   ,                        24.4   ,               4   ,        1.0500   ,               37.0   ,                 14936   ,
2026-02-11 21:02:57 ,        2745.0   ,           1312.7   ,               48.1   ,        57.2   ,                  52.0   ,                30   ,                  2002   ,                30   ,                  2002   ,           5507   ,         83   ,                        2   ,                   0   ,                    0   ,              114.9   ,                  77.6   ,               30.1   ,                 37.3   ,              12.2   ,               7.1   ,                12.2   ,          107.8   ,             12.2   ,                        25.7   ,               4   ,        1.0500   ,               40.0   ,                 14940   ,
2026-02-11 21:02:58 ,        2745.0   ,           1312.7   ,               48.4   ,        57.3   ,                  50.0   ,                30   ,                  1998   ,                30   ,                  1998   ,           5507   ,         77   ,                        2   ,                   0   ,                    0   ,              107.5   ,                  71.0   ,               29.5   ,                 36.5   ,              12.2   ,               7.0   ,                12.2   ,          100.5   ,             12.2   ,                        24.6   ,               4   ,        1.0500   ,               37.0   ,                 14939   ,
2026-02-11 21:02:59 ,        2745.0   ,           1312.7   ,               52.2   ,        58.2   ,                  52.0   ,                30   ,                  1999   ,                30   ,                  1999   ,           5503   ,         76   ,                        5   ,                   0   ,                    1   ,              155.9   ,                 114.4   ,               34.7   ,                 41.4   ,              12.2   ,               6.7   ,                12.2   ,          149.2   ,             12.1   ,                        34.6   ,               4   ,        1.0500   ,               34.0   ,                 14930   ,
2026-02-11 21:03:00 ,        2745.0   ,           1312.7   ,               48.1   ,        57.2   ,                  50.0   ,                30   ,                  1998   ,                30   ,                  1998   ,           5503   ,         80   ,                        2   ,                   0   ,                    0   ,              114.0   ,                  77.1   ,               29.9   ,                 36.3   ,              12.2   ,               7.0   ,                12.2   ,           99.9   ,             12.2   ,                        23.8   ,               4   ,        1.0500   ,               42.0   ,                 14935   ,
2026-02-11 21:03:01 ,        2745.0   ,           1312.7   ,               48.6   ,        57.2   ,                  52.0   ,                30   ,                  1998   ,                30   ,                  1998   ,           5503   ,         78   ,                        2   ,                   0   ,                    0   ,              111.3   ,                  74.7   ,               29.6   ,                 36.5   ,              12.2   ,               7.0   ,                12.2   ,           99.2   ,             12.2   ,                        23.6   ,               4   ,        1.0500   ,               40.0   ,                 14934   ,
2026-02-11 21:03:02 ,        2745.0   ,           1312.7   ,               48.1   ,        57.3   ,                  52.0   ,                30   ,                  1997   ,                30   ,                  1997   ,           5503   ,         79   ,                        2   ,                   0   ,                    0   ,              112.7   ,                  75.9   ,               29.8   ,                 36.9   ,              12.2   ,               7.1   ,                12.2   ,          106.7   ,             12.2   ,                        25.3   ,               4   ,        1.0500   ,               41.0   ,                 14934   ,
2026-02-11 21:03:03 ,        2745.0   ,           1312.7   ,               48.3   ,        57.3   ,                  52.0   ,                30   ,                  1995   ,                30   ,                  1996   ,           5510   ,         79   ,                        2   ,                   0   ,                    0   ,              108.3   ,                  71.5   ,               29.6   ,                 36.8   ,              12.2   ,               7.2   ,                12.2   ,          104.8   ,             12.2   ,                        24.9   ,               4   ,        1.0500   ,               37.0   ,                 14925   ,
2026-02-11 21:03:04 ,        2745.0   ,           1312.7   ,               48.1   ,        57.3   ,                  50.0   ,                30   ,                  1997   ,                30   ,                  1997   ,           5500   ,         89   ,                        2   ,                   0   ,                    0   ,              116.1   ,                  72.0   ,               29.1   ,                 36.2   ,              12.2   ,               7.1   ,                12.2   ,          101.1   ,             12.2   ,                        24.0   ,               4   ,        1.0500   ,               37.0   ,                 14938   ,
2026-02-11 21:03:05 ,        2745.0   ,           1312.7   ,               48.3   ,        57.3   ,                  52.0   ,                30   ,                  1996   ,                30   ,                  1996   ,           5597   ,         84   ,                        1   ,                   0   ,                    0   ,              114.7   ,                  77.7   ,               29.9   ,                 37.0   ,              12.2   ,               7.1   ,                12.2   ,          107.6   ,             12.2   ,                        23.7   ,               4   ,        1.0500   ,               35.0   ,                 14998   ,
2026-02-11 21:03:06 ,        2745.0   ,           1312.7   ,               47.8   ,        57.1   ,                  52.0   ,                30   ,                  2003   ,                30   ,                  2003   ,           5590   ,         60   ,                        1   ,                   0   ,                    0   ,              103.1   ,                  66.8   ,               29.2   ,                 36.3   ,              12.2   ,               7.1   ,                12.2   ,           96.0   ,             12.2   ,                        24.0   ,               4   ,        1.0500   ,               38.0   ,                 14942   ,
2026-02-11 21:03:07 ,        2745.0   ,           1312.7   ,               49.5   ,        57.2   ,                  52.0   ,                30   ,                  2006   ,                30   ,                  2006   ,           5590   ,         29   ,                        3   ,                   0   ,                    1   ,              125.9   ,                  87.7   ,               32.9   ,                 38.2   ,              12.2   ,               5.4   ,                12.2   ,          120.6   ,             12.2   ,                        28.0   ,               4   ,        1.0500   ,               41.0   ,                 14921   ,
2026-02-11 21:03:08 ,        2745.0   ,           1312.7   ,               48.1   ,        57.3   ,                  52.0   ,                30   ,                  2003   ,                30   ,                  2003   ,           5590   ,         76   ,                        1   ,                   0   ,                    0   ,              105.8   ,                  69.3   ,               29.4   ,                 36.5   ,              12.2   ,               7.1   ,                12.2   ,           96.5   ,             12.2   ,                        23.0   ,               4   ,        1.0500   ,               41.0   ,                 14930   ,
2026-02-11 21:03:09 ,        2745.0   ,           1312.7   ,               47.8   ,        57.2   ,                  52.0   ,                30   ,                  1997   ,                30   ,                  1997   ,           5655   ,         81   ,                        1   ,                   0   ,                    1   ,              104.8   ,                  68.4   ,               29.3   ,                 36.4   ,              12.2   ,               7.0   ,                12.2   ,           92.6   ,             12.2   ,                        22.1   ,               4   ,        1.0500   ,               36.0   ,                 14920   ,
2026-02-11 21:03:10 ,        2745.0   ,           1312.7   ,               47.9   ,        57.2   ,                  52.0   ,                30   ,                  2001   ,                30   ,                  2001   ,           5655   ,         80   ,                        1   ,                   0   ,                    1   ,              104.0   ,                  68.0   ,               29.0   ,                 36.0   ,              12.2   ,               7.0   ,                12.2   ,           97.5   ,             12.2   ,                        23.2   ,               4   ,        1.0500   ,               37.0   ,                 14920   ,
2026-02-11 21:03:11 ,        2745.0   ,           1312.7   ,               47.9   ,        57.3   ,                  50.0   ,                30   ,                  1996   ,                30   ,                  1996   ,           5656   ,         85   ,                        1   ,                   0   ,                    1   ,              105.1   ,                  68.9   ,               29.2   ,                 36.3   ,              12.2   ,               7.1   ,                12.2   ,           97.4   ,             12.2   ,                        23.2   ,               4   ,        1.0500   ,               35.0   ,                 14920   ,
2026-02-11 21:03:12 ,        2745.0   ,           1312.7   ,               47.9   ,        57.2   ,                  52.0   ,                30   ,                  1995   ,                30   ,                  1996   ,           5645   ,         82   ,                        1   ,                   0   ,                    1   ,              102.2   ,                  66.0   ,               29.1   ,                 36.2   ,              12.2   ,               7.0   ,                12.2   ,           98.9   ,             12.2   ,                        23.5   ,               4   ,        1.0500   ,               35.0   ,                 14915   ,
2026-02-11 21:03:13 ,        2745.0   ,           1312.7   ,               48.0   ,        57.2   ,                  52.0   ,                30   ,                  1998   ,                30   ,                  1998   ,           5556   ,         84   ,                        1   ,                   0   ,                    1   ,              105.0   ,                  68.9   ,               29.1   ,                 36.1   ,              12.2   ,               7.0   ,                12.2   ,           94.7   ,             12.2   ,                        22.6   ,               4   ,        1.0500   ,               36.0   ,                 14902   ,
2026-02-11 21:03:14 ,        2745.0   ,           1312.7   ,               48.1   ,        57.2   ,                  52.0   ,                30   ,                  1998   ,                30   ,                  1997   ,           5556   ,         78   ,                        1   ,                   0   ,                    1   ,              104.5   ,                  68.4   ,               29.1   ,                 36.1   ,              12.2   ,               7.0   ,                12.2   ,           93.7   ,             12.2   ,                        22.4   ,               4   ,        1.0500   ,               37.0   ,                 14915   ,
2026-02-11 21:03:15 ,        2745.0   ,           1312.7   ,               48.0   ,        57.3   ,                  52.0   ,                30   ,                  2005   ,                30   ,                  2005   ,           5556   ,         67   ,                        1   ,                   0   ,                    1   ,              102.5   ,                  66.4   ,               29.0   ,                 36.1   ,              12.2   ,               7.1   ,                12.2   ,           97.7   ,             12.2   ,                        23.3   ,               4   ,        1.0500   ,               38.0   ,                 14915   ,
2026-02-11 21:03:16 ,        2745.0   ,           1312.7   ,               48.1   ,        57.4   ,                  52.0   ,                30   ,                  1997   ,                30   ,                  1997   ,           5556   ,         81   ,                        1   ,                   0   ,                    1   ,               99.2   ,                  63.4   ,               28.8   ,                 35.8   ,              12.2   ,               7.0   ,                12.2   ,           92.2   ,             12.2   ,                        23.5   ,               4   ,        1.0500   ,               37.0   ,                 14910   ,
2026-02-11 21:03:17 ,        2745.0   ,           1312.7   ,               47.9   ,        57.3   ,                  52.0   ,                30   ,                  1999   ,                30   ,                  1999   ,           5556   ,         85   ,                        1   ,                   0   ,                    1   ,              103.1   ,                  66.8   ,               29.2   ,                 36.2   ,              12.2   ,               7.1   ,                12.2   ,           94.2   ,             12.2   ,                        22.5   ,               4   ,        1.0500   ,               37.0   ,                 14911   ,
2026-02-11 21:03:18 ,        2745.0   ,           1312.7   ,               48.1   ,        57.4   ,                  52.0   ,                30   ,                  2001   ,                30   ,                  2001   ,           5556   ,         88   ,                        1   ,                   0   ,                    1   ,              102.4   ,                  66.4   ,               29.1   ,                 36.3   ,              12.2   ,               7.0   ,                12.2   ,          100.2   ,             12.2   ,                        23.8   ,               4   ,        1.0500   ,               39.0   ,                 14899   ,
2026-02-11 21:03:19 ,        2745.0   ,           1312.7   ,               48.0   ,        57.3   ,                  52.0   ,                30   ,                  1999   ,                30   ,                  1999   ,           5556   ,         87   ,                        1   ,                   0   ,                    1   ,              100.0   ,                  64.1   ,               28.8   ,                 35.9   ,              12.2   ,               7.0   ,                12.2   ,           98.3   ,             12.2   ,                        23.4   ,               4   ,        1.0500   ,               39.0   ,                 14913   ,
2026-02-11 21:03:20 ,        2745.0   ,           1312.7   ,               47.9   ,        57.2   ,                  50.0   ,                30   ,                  1997   ,                30   ,                  1997   ,           5559   ,         87   ,                        1   ,                   0   ,                    1   ,              101.2   ,                  65.4   ,               29.0   ,                 36.0   ,              12.2   ,               7.0   ,                12.2   ,           97.3   ,             12.2   ,                        23.2   ,               4   ,        1.0500   ,               36.0   ,                 14912   ,
2026-02-11 21:03:21 ,        2745.0   ,           1312.7   ,               48.7   ,        57.5   ,                  52.0   ,                30   ,                  1998   ,                30   ,                  1998   ,           5559   ,         26   ,                        4   ,                   0   ,                    1   ,              131.8   ,                  91.9   ,               33.9   ,                 40.0   ,              12.1   ,               6.1   ,                12.2   ,          125.7   ,             12.2   ,                        25.2   ,               4   ,        1.0500   ,               37.0   ,                 14902   ,
2026-02-11 21:03:22 ,        2745.0   ,           1312.7   ,               48.3   ,        57.5   ,                  52.0   ,                30   ,                  1998   ,                30   ,                  1998   ,           5559   ,         82   ,                        2   ,                   0   ,                    1   ,              107.4   ,                  70.2   ,               29.6   ,                 36.8   ,              12.2   ,               7.2   ,                12.2   ,           98.5   ,             12.2   ,                        23.5   ,               4   ,        1.0500   ,               37.0   ,                 14910   ,
2026-02-11 21:03:23 ,        2745.0   ,           1312.7   ,               48.4   ,        57.6   ,                  52.0   ,                30   ,                  2001   ,                30   ,                  2001   ,           5554   ,         74   ,                        2   ,                   0   ,                    1   ,              108.3   ,                  71.1   ,               30.1   ,                 37.2   ,              12.2   ,               7.1   ,                12.2   ,          101.2   ,             12.2   ,                        24.1   ,               4   ,        1.0500   ,               40.0   ,                 14905   ,
2026-02-11 21:03:24 ,        2745.0   ,           1312.7   ,               48.4   ,        57.5   ,                  50.0   ,                30   ,                  2002   ,                30   ,                  2002   ,           5555   ,         72   ,                        3   ,                   0   ,                    1   ,              110.3   ,                  72.6   ,               30.6   ,                 37.7   ,              12.2   ,               7.1   ,                12.2   ,          103.3   ,             12.2   ,                        24.5   ,               4   ,        1.0500   ,               39.0   ,                 14905   ,
2026-02-11 21:03:25 ,        2745.0   ,           1312.7   ,               48.6   ,        57.5   ,                  52.0   ,                30   ,                  2003   ,                30   ,                  2003   ,           5555   ,         73   ,                        3   ,                   0   ,                    1   ,              111.4   ,                  73.8   ,               30.6   ,                 37.6   ,              12.2   ,               7.0   ,                12.2   ,          104.4   ,             12.2   ,                        24.8   ,               4   ,        1.0500   ,               36.0   ,                 14905   ,
2026-02-11 21:03:26 ,        2745.0   ,           1312.7   ,               48.6   ,        57.5   ,                  52.0   ,                30   ,                  1998   ,                30   ,                  1998   ,           5540   ,         65   ,                        1   ,                   0   ,                    0   ,              104.1   ,                  68.1   ,               29.0   ,                 36.0   ,              12.2   ,               7.0   ,                12.2   ,           97.0   ,             12.2   ,                        23.1   ,               4   ,        1.0500   ,               38.0   ,                 14894   ,
2026-02-11 21:03:27 ,        2745.0   ,           1312.7   ,               48.6   ,        57.6   ,                  52.0   ,                30   ,                  1996   ,                30   ,                  1996   ,           5555   ,         80   ,                        3   ,                   0   ,                    1   ,              108.0   ,                  70.5   ,               30.3   ,                 37.4   ,              12.2   ,               7.1   ,                12.2   ,          100.9   ,             12.2   ,                        24.1   ,               4   ,        1.0500   ,               35.0   ,                 14908   ,
2026-02-11 21:03:28 ,        2745.0   ,           1312.7   ,               48.5   ,        57.6   ,                  52.0   ,                30   ,                  1997   ,                30   ,                  1997   ,           5555   ,         76   ,                        3   ,                   0   ,                    1   ,              111.4   ,                  73.6   ,               30.7   ,                 37.8   ,              12.2   ,               7.1   ,                12.2   ,          104.3   ,             12.2   ,                        24.7   ,               4   ,        1.0500   ,               37.0   ,                 14909   ,
2026-02-11 21:03:29 ,        2745.0   ,           1312.7   ,               48.9   ,        57.8   ,                  52.0   ,                30   ,                  2005   ,                30   ,                  2005   ,           5540   ,         32   ,                        4   ,                   0   ,                    1   ,              125.7   ,                  87.8   ,               32.2   ,                 37.9   ,              12.2   ,               5.7   ,                12.2   ,          104.6   ,             12.2   ,                        24.6   ,               4   ,        1.0500   ,               41.0   ,                 14883   ,
2026-02-11 21:03:30 ,        2745.0   ,           1312.7   ,               48.4   ,        57.6   ,                  52.0   ,                30   ,                  1998   ,                30   ,                  1998   ,           5540   ,         59   ,                        1   ,                   0   ,                    0   ,              102.9   ,                  68.9   ,               29.0   ,                 36.0   ,              12.2   ,               7.0   ,                12.2   ,           97.8   ,             12.2   ,                        23.3   ,               4   ,        1.0500   ,               37.0   ,                 14895   ,
2026-02-11 21:03:31 ,        2745.0   ,           1312.7   ,               48.4   ,        57.8   ,                  52.0   ,                30   ,                  2003   ,                30   ,                  2003   ,           5535   ,         55   ,                        1   ,                   0   ,                    0   ,              104.2   ,                  68.3   ,               28.8   ,                 35.9   ,              12.2   ,               7.1   ,                12.2   ,           97.1   ,             12.2   ,                        23.1   ,               4   ,        1.0500   ,               37.0   ,                 14887   ,
2026-02-11 21:03:32 ,        2745.0   ,           1312.7   ,               48.5   ,        57.6   ,                  52.0   ,                30   ,                  1998   ,                30   ,                  1998   ,           5534   ,         61   ,                        1   ,                   0   ,                    0   ,              108.4   ,                  68.5   ,               29.0   ,                 36.0   ,              12.2   ,               7.1   ,                12.2   ,           97.5   ,             12.2   ,                        23.2   ,               4   ,        1.0500   ,               39.0   ,                 14886   ,
2026-02-11 21:03:33 ,        2745.0   ,           1312.7   ,               48.3   ,        57.6   ,                  52.0   ,                30   ,                  2001   ,                30   ,                  2001   ,           5534   ,         56   ,                        1   ,                   0   ,                    0   ,              103.3   ,                  67.5   ,               28.9   ,                 35.9   ,              12.2   ,               7.0   ,                12.2   ,           96.3   ,             12.2   ,                        23.0   ,               4   ,        1.0500   ,               39.0   ,                 14886   ,
2026-02-11 21:03:34 ,        2745.0   ,           1312.7   ,               48.5   ,        57.8   ,                  52.0   ,                30   ,                  2002   ,                30   ,                  2002   ,           5535   ,         63   ,                        1   ,                   0   ,                    0   ,              106.5   ,                  70.2   ,               29.0   ,                 36.0   ,              12.2   ,               7.0   ,                12.2   ,           96.4   ,             12.2   ,                        23.0   ,               4   ,        1.0500   ,               37.0   ,                 14886   ,
2026-02-11 21:03:35 ,        2745.0   ,           1312.7   ,               48.5   ,        57.7   ,                  52.0   ,                30   ,                  2001   ,                30   ,                  2001   ,           5534   ,         62   ,                        1   ,                   0   ,                    0   ,              106.2   ,                  69.9   ,               29.2   ,                 36.3   ,              12.2   ,               7.1   ,                12.2   ,           98.3   ,             12.2   ,                        23.4   ,               4   ,        1.0500   ,               38.0   ,                 14881   ,
2026-02-11 21:03:36 ,        2745.0   ,           1312.7   ,               48.7   ,        57.8   ,                  52.0   ,                30   ,                  1998   ,                30   ,                  1999   ,           5534   ,         65   ,                        1   ,                   0   ,                    0   ,              106.1   ,                  70.0   ,               29.1   ,                 36.1   ,              12.2   ,               7.1   ,                12.2   ,          102.8   ,             12.2   ,                        24.4   ,               4   ,        1.0500   ,               39.0   ,                 14881   ,
2026-02-11 21:03:37 ,        2745.0   ,           1312.7   ,               48.9   ,        57.8   ,                  52.0   ,                30   ,                  2001   ,                30   ,                  2001   ,           5534   ,         63   ,                        1   ,                   0   ,                    0   ,              109.6   ,                  73.1   ,               29.6   ,                 36.6   ,              12.2   ,               7.0   ,                12.2   ,          102.6   ,             12.2   ,                        24.0   ,               4   ,        1.0500   ,               39.0   ,                 14875   ,
2026-02-11 21:03:38 ,        2745.0   ,           1312.7   ,               48.6   ,        57.9   ,                  52.0   ,                30   ,                  1999   ,                30   ,                  1998   ,           5534   ,         66   ,                        1   ,                   0   ,                    0   ,              108.5   ,                  72.2   ,               29.3   ,                 36.3   ,              12.2   ,               7.0   ,                12.2   ,          101.4   ,             12.1   ,                        24.1   ,               4   ,        1.0500   ,               39.0   ,                 14878   ,
2026-02-11 21:03:39 ,        2745.0   ,           1312.7   ,               48.8   ,        57.9   ,                  52.0   ,                30   ,                  2000   ,                30   ,                  2002   ,           5534   ,         66   ,                        1   ,                   0   ,                    0   ,              108.5   ,                  72.1   ,               29.3   ,                 36.4   ,              12.2   ,               7.0   ,                12.2   ,          102.8   ,             12.2   ,                        24.4   ,               4   ,        1.0500   ,               40.0   ,                 14874   ,
2026-02-11 21:03:40 ,        2745.0   ,           1312.7   ,               48.6   ,        57.8   ,                  52.0   ,                30   ,                  1998   ,                30   ,                  1998   ,           5550   ,         81   ,                        2   ,                   0   ,                    2   ,              105.9   ,                  69.1   ,               29.8   ,                 36.8   ,              12.2   ,               7.0   ,                12.2   ,           98.9   ,             12.2   ,                        23.5   ,               4   ,        1.0500   ,               37.0   ,                 14889   ,
2026-02-11 21:03:41 ,        2745.0   ,           1312.7   ,               48.9   ,        57.8   ,                  52.0   ,                30   ,                  1999   ,                30   ,                  1999   ,           5551   ,         76   ,                        2   ,                   0   ,                    1   ,              108.3   ,                  71.2   ,               30.1   ,                 37.2   ,              12.2   ,               7.0   ,                12.2   ,           96.3   ,             12.2   ,                        23.0   ,               4   ,        1.0500   ,               39.0   ,                 14867   ,
2026-02-11 21:03:42 ,        2745.0   ,           1312.7   ,               49.0   ,        58.0   ,                  50.0   ,                30   ,                  2001   ,                30   ,                  2001   ,           5541   ,         63   ,                        1   ,                   0   ,                    0   ,              109.2   ,                  72.8   ,               29.4   ,                 36.4   ,              12.2   ,               7.0   ,                12.2   ,           97.5   ,             12.2   ,                        23.2   ,               4   ,        1.0500   ,               39.0   ,                 14877   ,
2026-02-11 21:03:43 ,        2745.0   ,           1312.7   ,               48.9   ,        57.9   ,                  52.0   ,                30   ,                  2000   ,                30   ,                  2000   ,           5550   ,         77   ,                        2   ,                   0   ,                    1   ,              109.3   ,                  71.9   ,               30.3   ,                 37.4   ,              12.2   ,               7.0   ,                12.2   ,          101.8   ,             12.1   ,                        24.2   ,               4   ,        1.0500   ,               39.0   ,                 14891   ,
2026-02-11 21:03:44 ,        2745.0   ,           1312.7   ,               48.6   ,        57.9   ,                  52.0   ,                30   ,                  1998   ,                30   ,                  1997   ,           5550   ,         78   ,                        2   ,                   0   ,                    1   ,              109.6   ,                  68.0   ,               29.5   ,                 36.6   ,              12.2   ,               7.1   ,                12.2   ,           97.6   ,             12.2   ,                        23.3   ,               4   ,        1.0500   ,               35.0   ,                 14890   ,
2026-02-11 21:03:45 ,        2745.0   ,           1312.7   ,               48.9   ,        58.0   ,                  52.0   ,                30   ,                  1997   ,                30   ,                  1998   ,           5550   ,         80   ,                        3   ,                   0   ,                    1   ,              107.2   ,                  70.0   ,               30.1   ,                 37.2   ,              12.2   ,               7.1   ,                12.2   ,          103.9   ,             12.2   ,                        24.7   ,               4   ,        1.0500   ,               39.0   ,                 14890   ,
2026-02-11 21:03:46 ,        2745.0   ,           1312.7   ,               50.3   ,        58.2   ,                  52.0   ,                30   ,                  1998   ,                30   ,                  1998   ,           5550   ,         37   ,                        7   ,                   0   ,                    2   ,              132.9   ,                  92.1   ,               35.4   ,                 40.7   ,              12.1   ,               5.3   ,                12.2   ,          127.6   ,             12.2   ,                        29.5   ,               4   ,        1.0500   ,               41.0   ,                 14888   ,
2026-02-11 21:03:47 ,        2745.0   ,           1312.7   ,               48.7   ,        58.0   ,                  52.0   ,                30   ,                  1999   ,                30   ,                  1998   ,           5550   ,         80   ,                        2   ,                   0   ,                    1   ,              103.6   ,                  67.0   ,               29.5   ,                 36.6   ,              12.2   ,               7.1   ,                12.2   ,           94.8   ,             12.1   ,                        22.6   ,               4   ,        1.0500   ,               38.0   ,                 14888   ,
2026-02-11 21:03:48 ,        2745.0   ,           1312.7   ,               48.6   ,        58.1   ,                  52.0   ,                30   ,                  2000   ,                30   ,                  2000   ,           5550   ,         81   ,                        2   ,                   0   ,                    1   ,              100.0   ,                  63.8   ,               29.1   ,                 36.4   ,              12.2   ,               7.1   ,                12.2   ,           96.4   ,             12.2   ,                        23.0   ,               4   ,        1.0500   ,               39.0   ,                 14888   ,
2026-02-11 21:03:49 ,        2745.0   ,           1312.7   ,               48.5   ,        58.1   ,                  52.0   ,                30   ,                  1997   ,                30   ,                  1996   ,           5550   ,         82   ,                        2   ,                   0   ,                    1   ,              103.1   ,                  66.6   ,               29.0   ,                 36.0   ,              12.2   ,               7.0   ,                12.2   ,           95.1   ,             12.1   ,                        22.7   ,               4   ,        1.0500   ,               40.0   ,                 14884   ,
2026-02-11 21:03:50 ,        2745.0   ,           1312.7   ,               48.6   ,        58.0   ,                  52.0   ,                30   ,                  1999   ,                30   ,                  1999   ,           5550   ,         80   ,                        1   ,                   0   ,                    1   ,              101.6   ,                  65.0   ,               29.1   ,                 36.1   ,              12.2   ,               7.0   ,                12.2   ,           94.0   ,             12.2   ,                        22.5   ,               4   ,        1.0500   ,               34.0   ,                 14884   ,
2026-02-11 21:03:51 ,        2745.0   ,           1312.7   ,               48.6   ,        57.9   ,                  52.0   ,                30   ,                  2001   ,                30   ,                  2002   ,           5547   ,         83   ,                        1   ,                   0   ,                    1   ,              100.3   ,                  67.9   ,               29.2   ,                 36.3   ,              12.2   ,               7.1   ,                12.2   ,           97.1   ,             12.2   ,                        23.2   ,               4   ,        1.0500   ,               37.0   ,                 14880   ,
2026-02-11 21:03:52 ,        2745.0   ,           1312.7   ,               48.5   ,        58.0   ,                  52.0   ,                30   ,                  1999   ,                30   ,                  1999   ,           5545   ,         86   ,                        1   ,                   0   ,                    1   ,              102.1   ,                  66.0   ,               29.0   ,                 36.1   ,              12.2   ,               7.2   ,                12.2   ,           93.0   ,             12.2   ,                        22.2   ,               4   ,        1.0500   ,               35.0   ,                 14880   ,
2026-02-11 21:03:53 ,        2745.0   ,           1312.7   ,               48.7   ,        58.0   ,                  52.0   ,                30   ,                  2001   ,                30   ,                  2001   ,           5545   ,         85   ,                        2   ,                   0   ,                    1   ,              105.3   ,                  68.5   ,               29.7   ,                 36.8   ,              12.2   ,               7.1   ,                12.2   ,           98.2   ,             12.2   ,                        22.5   ,               4   ,        1.0500   ,               35.0   ,                 14880   ,
2026-02-11 21:03:54 ,        2745.0   ,           1312.7   ,               48.6   ,        57.9   ,                  52.0   ,                30   ,                  1999   ,                30   ,                  1999   ,           5545   ,         87   ,                        1   ,                   0   ,                    1   ,              102.0   ,                  65.8   ,               29.1   ,                 36.2   ,              12.2   ,               7.1   ,                12.2   ,           94.9   ,             12.2   ,                        23.1   ,               4   ,        1.0500   ,               36.0   ,                 14880   ,
2026-02-11 21:03:55 ,        2745.0   ,           1312.7   ,               49.4   ,        57.9   ,                  52.0   ,                30   ,                  1999   ,                30   ,                  1999   ,           5545   ,         27   ,                        3   ,                   0   ,                    2   ,              104.1   ,                  67.7   ,               31.1   ,                 36.4   ,              12.2   ,               5.3   ,                12.2   ,           98.8   ,             12.2   ,                        23.1   ,               4   ,        1.0500   ,               38.0   ,                 14880   ,
2026-02-11 21:03:56 ,        2745.0   ,           1312.7   ,               48.5   ,        57.9   ,                  52.0   ,                30   ,                  2000   ,                30   ,                  2001   ,           5545   ,         75   ,                        1   ,                   0   ,                    1   ,              102.7   ,                  61.6   ,               28.8   ,                 35.8   ,              12.2   ,               7.0   ,                12.2   ,           90.4   ,             12.2   ,                        21.6   ,               4   ,        1.0500   ,               39.0   ,                 14880   ,
2026-02-11 21:03:57 ,        2745.0   ,           1312.7   ,               48.6   ,        57.9   ,                  52.0   ,                30   ,                  2000   ,                30   ,                  2000   ,           5545   ,         74   ,                        1   ,                   0   ,                    1   ,              100.7   ,                  64.5   ,               29.1   ,                 36.2   ,              12.2   ,               7.0   ,                12.2   ,           93.4   ,             12.2   ,                        22.3   ,               4   ,        1.0500   ,               37.0   ,                 14880   ,
2026-02-11 21:03:58 ,        2745.0   ,           1312.7   ,               48.6   ,        57.8   ,                  52.0   ,                30   ,                  2001   ,                30   ,                  2001   ,           5545   ,         71   ,                        1   ,                   0   ,                    1   ,               96.9   ,                  64.7   ,               29.1   ,                 36.1   ,              12.2   ,               7.0   ,                12.2   ,           93.8   ,             12.2   ,                        22.4   ,               4   ,        1.0500   ,               41.0   ,                 14880   ,
2026-02-11 21:03:59 ,        2745.0   ,           1312.7   ,               48.4   ,        58.0   ,                  52.0   ,                30   ,                  1999   ,                30   ,                  1999   ,           5545   ,         85   ,                        1   ,                   0   ,                    1   ,              101.4   ,                  65.1   ,               29.1   ,                 36.1   ,              12.2   ,               7.0   ,                12.2   ,           94.2   ,             12.2   ,                        22.3   ,               4   ,        1.0500   ,               36.0   ,                 14880   ,
2026-02-11 21:04:01 ,        2745.0   ,           1312.7   ,               48.8   ,        58.2   ,                  54.0   ,                30   ,                  1998   ,                30   ,                  1998   ,           5545   ,         77   ,                        1   ,                   0   ,                    0   ,               99.3   ,                  63.5   ,               28.8   ,                 35.9   ,              12.2   ,               7.0   ,                12.2   ,           92.5   ,             12.1   ,                        22.1   ,               4   ,        1.0500   ,               38.0   ,                 14880   ,
2026-02-11 21:04:01 ,        2745.0   ,           1312.7   ,               48.4   ,        58.1   ,                  52.0   ,                30   ,                  1996   ,                30   ,                  1996   ,           5545   ,         86   ,                        1   ,                   0   ,                    1   ,              102.5   ,                  66.3   ,               29.1   ,                 36.2   ,              12.2   ,               7.0   ,                12.2   ,           93.7   ,             12.2   ,                        22.4   ,               4   ,        1.0500   ,               39.0   ,                 14880   ,
2026-02-11 21:04:02 ,        2745.0   ,           1312.7   ,               48.3   ,        57.9   ,                  52.0   ,                30   ,                  1998   ,                30   ,                  1998   ,           5545   ,         81   ,                        1   ,                   0   ,                    1   ,               98.5   ,                  62.4   ,               28.9   ,                 36.1   ,              12.2   ,               7.1   ,                12.2   ,           91.3   ,             12.2   ,                        21.9   ,               4   ,        1.0500   ,               36.0   ,                 14880   ,
2026-02-11 21:04:04 ,        2745.0   ,           1312.7   ,               48.3   ,        57.9   ,                  52.0   ,                30   ,                  1999   ,                30   ,                  1999   ,           5545   ,         81   ,                        1   ,                   0   ,                    1   ,              100.0   ,                  64.1   ,               28.9   ,                 35.9   ,              12.2   ,               7.0   ,                12.2   ,           93.3   ,             12.2   ,                        22.3   ,               4   ,        1.0500   ,               40.0   ,                 14879   ,
2026-02-11 21:04:05 ,        2745.0   ,           1312.7   ,               48.4   ,        57.9   ,                  52.0   ,                30   ,                  2000   ,                30   ,                  2000   ,           5545   ,         84   ,                        1   ,                   0   ,                    1   ,              100.2   ,                  64.2   ,               29.0   ,                 36.1   ,              12.2   ,               7.1   ,                12.2   ,           93.0   ,             12.2   ,                        22.3   ,               4   ,        1.0500   ,               35.0   ,                 14880   ,
2026-02-11 21:04:06 ,        2745.0   ,           1312.7   ,               48.5   ,        57.9   ,                  52.0   ,                30   ,                  2003   ,                30   ,                  2003   ,           5545   ,         80   ,                        1   ,                   0   ,                    1   ,               97.6   ,                  61.7   ,               28.8   ,                 35.9   ,              12.2   ,               7.1   ,                12.2   ,           92.9   ,             12.2   ,                        22.2   ,               4   ,        1.0500   ,               35.0   ,                 14880   ,
2026-02-11 21:04:07 ,        2745.0   ,           1312.7   ,               48.6   ,        58.0   ,                  52.0   ,                30   ,                  1997   ,                30   ,                  1998   ,           5545   ,         80   ,                        1   ,                   0   ,                    1   ,               99.0   ,                  63.0   ,               28.8   ,                 35.9   ,              12.2   ,               7.1   ,                12.2   ,           91.6   ,             12.2   ,                        21.9   ,               4   ,        1.0500   ,               34.0   ,                 14880   ,
2026-02-11 21:04:08 ,        2745.0   ,           1312.7   ,               48.5   ,        58.0   ,                  52.0   ,                30   ,                  1999   ,                30   ,                  1999   ,           5545   ,         80   ,                        1   ,                   0   ,                    1   ,               98.8   ,                  62.9   ,               28.8   ,                 35.9   ,              12.2   ,               7.1   ,                12.2   ,           91.7   ,             12.2   ,                        22.0   ,               4   ,        1.0500   ,               40.0   ,                 14880   ,
2026-02-11 21:04:08 ,        2745.0   ,           1312.7   ,               48.7   ,        58.1   ,                  52.0   ,                30   ,                  2000   ,                30   ,                  2000   ,           5545   ,         81   ,                        2   ,                   0   ,                    1   ,              106.2   ,                  69.1   ,               30.0   ,                 37.1   ,              12.2   ,               7.1   ,                12.2   ,           97.1   ,             12.2   ,                        23.1   ,               4   ,        1.0500   ,               40.0   ,                 14879   ,
2026-02-11 21:04:09 ,        2745.0   ,           1312.7   ,               48.7   ,        58.1   ,                  52.0   ,                30   ,                  1999   ,                30   ,                  1999   ,           5545   ,         84   ,                        2   ,                   0   ,                    1   ,              101.9   ,                  65.4   ,               29.3   ,                 36.5   ,              12.2   ,               7.2   ,                12.2   ,           96.1   ,             12.2   ,                        23.0   ,               4   ,        1.0500   ,               36.0   ,                 14880   ,
2026-02-11 21:04:10 ,        2745.0   ,           1312.7   ,               49.2   ,        58.1   ,                  52.0   ,                30   ,                  1997   ,                30   ,                  1997   ,           5545   ,         83   ,                        2   ,                   0   ,                    1   ,              101.6   ,                  65.2   ,               29.3   ,                 36.4   ,              12.2   ,               7.1   ,                12.2   ,           94.5   ,             12.2   ,                        22.6   ,               4   ,        1.0500   ,               35.0   ,                 14880   ,
2026-02-11 21:04:11 ,        2745.0   ,           1312.7   ,               49.1   ,        58.3   ,                  52.0   ,                30   ,                  1998   ,                30   ,                  1998   ,           5530   ,         69   ,                        2   ,                   0   ,                    0   ,              110.7   ,                  74.1   ,               29.7   ,                 36.7   ,              12.2   ,               7.0   ,                12.2   ,          103.7   ,             12.2   ,                        24.6   ,               4   ,        1.0500   ,               41.0   ,                 14867   ,
2026-02-11 21:04:12 ,        2745.0   ,           1312.7   ,               49.4   ,        58.3   ,                  52.0   ,                30   ,                  2002   ,                30   ,                  2002   ,           5529   ,         68   ,                        1   ,                   0   ,                    0   ,              109.9   ,                  73.4   ,               29.5   ,                 36.5   ,              12.2   ,               7.0   ,                12.2   ,          105.8   ,             12.2   ,                        25.1   ,               4   ,        1.0500   ,               39.0   ,                 14867   ,
2026-02-11 21:04:13 ,        2745.0   ,           1312.7   ,               49.2   ,        58.4   ,                  52.0   ,                30   ,                  2004   ,                30   ,                  2002   ,           5529   ,         65   ,                        2   ,                   0   ,                    0   ,              111.9   ,                  75.0   ,               29.9   ,                 36.9   ,              12.2   ,               7.1   ,                12.2   ,          100.6   ,             12.2   ,                        23.9   ,               4   ,        1.0500   ,               40.0   ,                 14866   ,
2026-02-11 21:04:14 ,        2745.0   ,           1312.7   ,               49.3   ,        58.4   ,                  52.0   ,                30   ,                  2000   ,                30   ,                  2000   ,           5529   ,         72   ,                        2   ,                   0   ,                    0   ,              112.1   ,                  75.5   ,               29.7   ,                 36.4   ,              12.2   ,               7.0   ,                12.2   ,          101.9   ,             12.2   ,                        24.2   ,               4   ,        1.0500   ,               37.0   ,                 14867   ,
2026-02-11 21:04:15 ,        2745.0   ,           1312.7   ,               49.2   ,        58.3   ,                  52.0   ,                30   ,                  2001   ,                30   ,                  2000   ,           5529   ,         61   ,                        1   ,                   0   ,                    0   ,              107.2   ,                  70.9   ,               29.2   ,                 36.3   ,              12.2   ,               7.1   ,                12.2   ,          101.7   ,             12.2   ,                        24.2   ,               4   ,        1.0500   ,               39.0   ,                 14866   ,
2026-02-11 21:04:16 ,        2745.0   ,           1312.7   ,               49.0   ,        58.3   ,                  52.0   ,                30   ,                  2003   ,                30   ,                  2003   ,           5530   ,         60   ,                        1   ,                   0   ,                    0   ,              106.6   ,                  70.1   ,               29.3   ,                 36.3   ,              12.2   ,               7.1   ,                12.2   ,           99.4   ,             12.2   ,                        23.6   ,               4   ,        1.0500   ,               41.0   ,                 14866   ,
2026-02-11 21:04:17 ,        2745.0   ,           1312.7   ,               49.1   ,        58.3   ,                  52.0   ,                30   ,                  1996   ,                30   ,                  1996   ,           5530   ,         55   ,                        1   ,                   0   ,                    0   ,              108.8   ,                  70.6   ,               29.4   ,                 36.4   ,              12.2   ,               7.1   ,                12.2   ,          100.0   ,             12.2   ,                        23.8   ,               4   ,        1.0500   ,               37.0   ,                 14866   ,
2026-02-11 21:04:19 ,        2745.0   ,           1312.7   ,               49.2   ,        58.4   ,                  54.0   ,                30   ,                  2000   ,                30   ,                  2000   ,           5530   ,         66   ,                        1   ,                   0   ,                    0   ,              104.5   ,                  68.5   ,               29.0   ,                 36.0   ,              12.2   ,               7.1   ,                12.2   ,           97.5   ,             12.2   ,                        23.2   ,               4   ,        1.0500   ,               37.0   ,                 14865   ,
2026-02-11 21:04:20 ,        2745.0   ,           1312.7   ,               49.4   ,        58.4   ,                  52.0   ,                30   ,                  1999   ,                30   ,                  1999   ,           5529   ,         65   ,                        1   ,                   0   ,                    0   ,              106.3   ,                  70.1   ,               29.2   ,                 36.2   ,              12.2   ,               7.0   ,                12.2   ,           99.2   ,             12.2   ,                        23.6   ,               4   ,        1.0500   ,               39.0   ,                 14866   ,
2026-02-11 21:04:21 ,        2745.0   ,           1312.7   ,               49.2   ,        58.4   ,                  52.0   ,                30   ,                  2002   ,                30   ,                  2002   ,           5529   ,         58   ,                        1   ,                   0   ,                    0   ,              106.5   ,                  70.4   ,               29.1   ,                 36.1   ,              12.2   ,               7.0   ,                12.2   ,           99.5   ,             12.2   ,                        23.4   ,               4   ,        1.0500   ,               40.0   ,                 14866   ,
2026-02-11 21:04:22 ,        2745.0   ,           1312.7   ,               49.1   ,        58.3   ,                  52.0   ,                30   ,                  1998   ,                30   ,                  1999   ,           5529   ,         65   ,                        1   ,                   0   ,                    0   ,              105.5   ,                  69.4   ,               29.1   ,                 36.1   ,              12.2   ,               7.0   ,                12.2   ,           99.2   ,             12.2   ,                        23.6   ,               4   ,        1.0500   ,               40.0   ,                 14866   ,
2026-02-11 21:04:23 ,        2745.0   ,           1312.7   ,               49.2   ,        58.4   ,                  52.0   ,                30   ,                  1999   ,                30   ,                  1999   ,           5530   ,         70   ,                        1   ,                   0   ,                    0   ,              105.5   ,                  69.3   ,               29.1   ,                 36.1   ,              12.2   ,               7.0   ,                12.2   ,           95.9   ,             12.2   ,                        22.9   ,               4   ,        1.0500   ,               39.0   ,                 14858   ,
2026-02-11 21:04:24 ,        2745.0   ,           1312.7   ,               49.4   ,        58.5   ,                  52.0   ,                30   ,                  2001   ,                30   ,                  2001   ,           5534   ,         68   ,                        1   ,                   0   ,                    0   ,              108.7   ,                  72.2   ,               29.3   ,                 36.5   ,              12.2   ,               7.1   ,                12.2   ,           99.8   ,             12.2   ,                        23.7   ,               4   ,        1.0500   ,               38.0   ,                 14866   ,
2026-02-11 21:04:25 ,        2745.0   ,           1312.7   ,               49.6   ,        58.5   ,                  52.0   ,                30   ,                  2000   ,                30   ,                  2000   ,           4291   ,         14   ,                        4   ,                   0   ,                    1   ,              111.2   ,                  68.1   ,               28.7   ,                 35.7   ,              12.2   ,               7.0   ,                12.2   ,           96.8   ,             12.2   ,                        23.1   ,               4   ,        1.0500   ,               38.0   ,                 14904   ,
2026-02-11 21:04:26 ,        2745.0   ,           1312.7   ,               49.3   ,        58.3   ,                  52.0   ,                30   ,                  2000   ,                30   ,                  2000   ,           4310   ,         60   ,                        1   ,                   0   ,                    0   ,              105.0   ,                  69.0   ,               28.6   ,                 35.7   ,              12.2   ,               7.1   ,                12.2   ,           96.3   ,             12.2   ,                        23.0   ,               4   ,        1.0500   ,               41.0   ,                 14975   ,
2026-02-11 21:04:27 ,        2745.0   ,           1312.7   ,               49.2   ,        58.4   ,                  52.0   ,                30   ,                  2000   ,                30   ,                  2000   ,           4313   ,         69   ,                        1   ,                   0   ,                    0   ,              103.2   ,                  67.5   ,               28.7   ,                 35.8   ,              12.2   ,               7.0   ,                12.2   ,           96.2   ,             12.2   ,                        22.3   ,               4   ,        1.0500   ,               40.0   ,                 15731   ,
2026-02-11 21:04:28 ,        2745.0   ,           1312.7   ,               49.1   ,        58.4   ,                  54.0   ,                30   ,                  1998   ,                30   ,                  1998   ,           4353   ,         64   ,                        1   ,                   0   ,                    0   ,              104.7   ,                  68.9   ,               28.7   ,                 35.8   ,              12.2   ,               7.0   ,                12.2   ,           97.6   ,             12.2   ,                        22.5   ,               4   ,        1.0500   ,               36.0   ,                 16080   ,
2026-02-11 21:04:29 ,        2745.0   ,           1312.7   ,               49.1   ,        58.4   ,                  52.0   ,                30   ,                  2003   ,                30   ,                  2003   ,           4415   ,         73   ,                        1   ,                   0   ,                    0   ,              102.4   ,                  66.7   ,               28.6   ,                 35.8   ,              12.2   ,               7.2   ,                12.2   ,           95.3   ,             12.2   ,                        23.0   ,               4   ,        1.0500   ,               39.0   ,                 16098   ,
2026-02-11 21:04:30 ,        2745.0   ,           1312.7   ,               48.9   ,        58.4   ,                  52.0   ,                30   ,                  1999   ,                30   ,                  1999   ,           4472   ,         70   ,                        1   ,                   0   ,                    0   ,              100.7   ,                  65.1   ,               28.6   ,                 35.6   ,              12.2   ,               7.0   ,                12.2   ,           93.7   ,             12.2   ,                        22.1   ,               4   ,        1.0500   ,               36.0   ,                 16101   ,
2026-02-11 21:04:31 ,        2745.0   ,           1312.7   ,               49.1   ,        58.5   ,                  52.0   ,                30   ,                  2001   ,                30   ,                  2001   ,           4603   ,         76   ,                        1   ,                   0   ,                    0   ,              104.4   ,                  68.6   ,               28.8   ,                 35.8   ,              12.2   ,               7.0   ,                12.2   ,           96.8   ,             12.2   ,                        23.1   ,               4   ,        1.0500   ,               41.0   ,                 16096   ,
2026-02-11 21:04:32 ,        2745.0   ,           1312.7   ,               49.0   ,        58.4   ,                  52.0   ,                30   ,                  2000   ,                30   ,                  1999   ,           4646   ,         71   ,                        1   ,                   0   ,                    0   ,              102.4   ,                  66.8   ,               28.6   ,                 35.6   ,              12.2   ,               7.0   ,                12.2   ,           96.6   ,             12.2   ,                        23.0   ,               4   ,        1.0500   ,               41.0   ,                 16175   ,
2026-02-11 21:04:33 ,        2745.0   ,           1312.7   ,               49.0   ,        58.5   ,                  52.0   ,                30   ,                  1995   ,                30   ,                  1995   ,           4674   ,         69   ,                        1   ,                   0   ,                    0   ,              102.5   ,                  66.8   ,               28.7   ,                 35.7   ,              12.2   ,               7.0   ,                12.2   ,           95.5   ,             12.2   ,                        21.2   ,               4   ,        1.0500   ,               43.0   ,                 16376   ,
2026-02-11 21:04:34 ,        2745.0   ,           1312.7   ,               49.1   ,        58.4   ,                  52.0   ,                30   ,                  1999   ,                30   ,                  1999   ,           4767   ,         84   ,                        1   ,                   0   ,                    0   ,              103.7   ,                  68.3   ,               28.4   ,                 35.6   ,              12.2   ,               7.0   ,                12.2   ,           95.2   ,             12.2   ,                        22.7   ,               4   ,        1.0500   ,               38.0   ,                 16404   ,
2026-02-11 21:04:35 ,        2745.0   ,           1312.7   ,               49.0   ,        58.4   ,                  52.0   ,                30   ,                  2000   ,                30   ,                  2000   ,           4800   ,         75   ,                        1   ,                   0   ,                    0   ,              103.1   ,                  67.5   ,               28.6   ,                 35.6   ,              12.2   ,               7.0   ,                12.2   ,           94.1   ,             12.2   ,                        22.5   ,               4   ,        1.0500   ,               39.0   ,                 16414   ,
2026-02-11 21:04:36 ,        2745.0   ,           1312.7   ,               49.0   ,        58.4   ,                  52.0   ,                30   ,                  1999   ,                30   ,                  1999   ,           4865   ,         78   ,                        1   ,                   0   ,                    0   ,              102.1   ,                  67.8   ,               28.6   ,                 35.7   ,              12.2   ,               7.1   ,                12.2   ,           96.5   ,             12.2   ,                        23.0   ,               4   ,        1.0500   ,               40.0   ,                 16523   ,
2026-02-11 21:04:37 ,        2745.0   ,           1312.7   ,               49.3   ,        58.4   ,                  52.0   ,                30   ,                  2000   ,                30   ,                  2000   ,           4946   ,         76   ,                        1   ,                   0   ,                    0   ,              103.7   ,                  67.1   ,               28.8   ,                 35.8   ,              12.2   ,               7.1   ,                12.2   ,           95.8   ,             12.2   ,                        22.9   ,               4   ,        1.0500   ,               42.0   ,                 16553   ,
2026-02-11 21:04:38 ,        2745.0   ,           1312.7   ,               49.2   ,        58.6   ,                  52.0   ,                30   ,                  1998   ,                30   ,                  1998   ,           5186   ,         75   ,                        1   ,                   0   ,                    0   ,              106.5   ,                  70.4   ,               29.0   ,                 36.0   ,              12.2   ,               7.0   ,                12.2   ,           98.6   ,             12.1   ,                        23.5   ,               4   ,        1.0500   ,               39.0   ,                 16564   ,
2026-02-11 21:04:39 ,        2745.0   ,           1312.7   ,               49.4   ,        58.5   ,                  52.0   ,                30   ,                  2000   ,                30   ,                  2000   ,           5340   ,         82   ,                        1   ,                   0   ,                    1   ,              105.9   ,                  69.9   ,               28.9   ,                 36.0   ,              12.2   ,               7.0   ,                12.2   ,           97.1   ,             12.2   ,                        23.1   ,               4   ,        1.0500   ,               41.0   ,                 16576   ,
2026-02-11 21:04:40 ,        2745.0   ,           1312.7   ,               49.4   ,        58.5   ,                  52.0   ,                30   ,                  2004   ,                30   ,                  2004   ,           5431   ,         75   ,                        1   ,                   0   ,                    1   ,              105.1   ,                  68.8   ,               28.9   ,                 35.9   ,              12.2   ,               7.1   ,                12.2   ,           97.6   ,             12.1   ,                        23.3   ,               4   ,        1.0500   ,               39.0   ,                 16595   ,
2026-02-11 21:04:41 ,        2745.0   ,           1312.7   ,               49.1   ,        58.4   ,                  52.0   ,                30   ,                  2002   ,                30   ,                  2004   ,           5502   ,         76   ,                        1   ,                   0   ,                    0   ,              100.8   ,                  65.1   ,               28.7   ,                 35.7   ,              12.2   ,               7.0   ,                12.2   ,           93.7   ,             12.2   ,                        22.4   ,               4   ,        1.0500   ,               41.0   ,                 16674   ,
2026-02-11 21:04:42 ,        2745.0   ,           1312.7   ,               49.4   ,        58.6   ,                  52.0   ,                30   ,                  1998   ,                30   ,                  1999   ,           5596   ,         82   ,                        1   ,                   0   ,                    0   ,              107.4   ,                  68.9   ,               28.9   ,                 35.9   ,              12.2   ,               7.0   ,                12.2   ,           97.8   ,             12.2   ,                        23.3   ,               4   ,        1.0500   ,               41.0   ,                 16672   ,
2026-02-11 21:04:43 ,        2745.0   ,           1312.7   ,               49.1   ,        58.5   ,                  52.0   ,                30   ,                  1998   ,                30   ,                  1998   ,           5739   ,         85   ,                        1   ,                   0   ,                    1   ,              106.1   ,                  70.3   ,               28.8   ,                 35.8   ,              12.2   ,               7.1   ,                12.2   ,           95.8   ,             12.2   ,                        22.9   ,               4   ,        1.0500   ,               37.0   ,                 16635   ,
2026-02-11 21:04:44 ,        2745.0   ,           1312.7   ,               49.2   ,        58.5   ,                  52.0   ,                30   ,                  2005   ,                30   ,                  2005   ,           5909   ,         74   ,                        1   ,                   0   ,                    0   ,              103.7   ,                  70.0   ,               28.6   ,                 35.6   ,              12.2   ,               7.0   ,                12.2   ,           98.6   ,             12.2   ,                        23.5   ,               4   ,        1.0500   ,               40.0   ,                 16598   ,
2026-02-11 21:04:45 ,        2745.0   ,           1312.7   ,               48.9   ,        58.4   ,                  52.0   ,                30   ,                  2002   ,                30   ,                  2002   ,           6036   ,         47   ,                        0   ,                   0   ,                    0   ,               96.8   ,                  61.4   ,               28.4   ,                 35.4   ,              12.2   ,               6.9   ,                12.2   ,           94.3   ,             12.2   ,                        22.5   ,               4   ,        1.0500   ,               45.0   ,                 16696   ,
2026-02-11 21:04:46 ,        2745.0   ,           1312.7   ,               49.0   ,        58.4   ,                  52.0   ,                30   ,                  2002   ,                30   ,                  2002   ,           6071   ,         75   ,                        0   ,                   0   ,                    0   ,               97.5   ,                  68.0   ,               28.7   ,                 35.7   ,              12.2   ,               7.1   ,                12.2   ,           94.4   ,             12.2   ,                        22.6   ,               4   ,        1.0500   ,               41.0   ,                 16785   ,
2026-02-11 21:04:47 ,        2745.0   ,           1312.7   ,               49.0   ,        58.5   ,                  52.0   ,                30   ,                  1997   ,                30   ,                  1997   ,           6189   ,         64   ,                        1   ,                   0   ,                    0   ,              102.0   ,                  66.4   ,               28.5   ,                 35.4   ,              12.2   ,               6.9   ,                12.2   ,           93.2   ,             12.2   ,                        22.2   ,               4   ,        1.0500   ,               41.0   ,                 16790   ,
2026-02-11 21:04:48 ,        2745.0   ,           1312.7   ,               49.1   ,        58.4   ,                  52.0   ,                30   ,                  1998   ,                30   ,                  1998   ,           6255   ,         66   ,                        1   ,                   0   ,                    0   ,              101.9   ,                  64.5   ,               28.7   ,                 35.6   ,              12.2   ,               7.0   ,                12.2   ,           93.2   ,             12.2   ,                        22.3   ,               4   ,        1.0500   ,               38.0   ,                 16779   ,
2026-02-11 21:04:49 ,        2745.0   ,           1312.7   ,               49.0   ,        58.5   ,                  52.0   ,                30   ,                  1999   ,                30   ,                  1998   ,           6315   ,         76   ,                        1   ,                   0   ,                    0   ,               99.5   ,                  64.1   ,               28.5   ,                 35.4   ,              12.2   ,               6.9   ,                12.2   ,           91.7   ,             12.2   ,                        21.9   ,               4   ,        1.0500   ,               40.0   ,                 16760   ,
2026-02-11 21:04:50 ,        2745.0   ,           1312.7   ,               49.1   ,        58.5   ,                  52.0   ,                30   ,                  1998   ,                30   ,                  1998   ,           6359   ,         79   ,                        1   ,                   0   ,                    0   ,              101.7   ,                  66.3   ,               28.5   ,                 35.4   ,              12.2   ,               6.9   ,                12.2   ,           93.7   ,             12.2   ,                        22.4   ,               4   ,        1.0500   ,               43.0   ,                 16812   ,
2026-02-11 21:04:51 ,        2745.0   ,           1312.7   ,               49.2   ,        58.5   ,                  52.0   ,                30   ,                  2000   ,                30   ,                  2000   ,           6405   ,         62   ,                        1   ,                   0   ,                    0   ,              102.3   ,                  66.5   ,               28.8   ,                 35.8   ,              12.2   ,               7.1   ,                12.2   ,           95.7   ,             12.2   ,                        22.8   ,               4   ,        1.0500   ,               36.0   ,                 16831   ,
2026-02-11 21:04:52 ,        2745.0   ,           1312.7   ,               49.0   ,        58.5   ,                  52.0   ,                30   ,                  2000   ,                30   ,                  2000   ,           6461   ,         70   ,                        1   ,                   0   ,                    0   ,               99.5   ,                  64.0   ,               28.4   ,                 35.5   ,              12.2   ,               7.1   ,                12.2   ,           95.3   ,             12.2   ,                        22.7   ,               4   ,        1.0500   ,               40.0   ,                 16835   ,
2026-02-11 21:04:53 ,        2745.0   ,           1312.7   ,               49.0   ,        58.4   ,                  52.0   ,                30   ,                  2003   ,                30   ,                  2003   ,           6531   ,         83   ,                        1   ,                   0   ,                    0   ,              102.2   ,                  66.7   ,               28.6   ,                 35.5   ,              12.2   ,               6.9   ,                12.2   ,           94.3   ,             12.2   ,                        22.5   ,               4   ,        1.0500   ,               36.0   ,                 16843   ,
2026-02-11 21:04:54 ,        2745.0   ,           1312.7   ,               49.1   ,        58.5   ,                  52.0   ,                30   ,                  1999   ,                30   ,                  1999   ,           6590   ,         84   ,                        1   ,                   0   ,                    0   ,              103.7   ,                  68.1   ,               28.7   ,                 35.7   ,              12.2   ,               7.0   ,                12.2   ,           93.4   ,             12.2   ,                        22.2   ,               4   ,        1.0500   ,               42.0   ,                 16872   ,
2026-02-11 21:04:55 ,        2745.0   ,           1312.7   ,               48.2   ,        58.3   ,                  54.0   ,                30   ,                  1999   ,                30   ,                  1999   ,           6266   ,         33   ,                        0   ,                   0   ,                    0   ,               84.8   ,                  50.1   ,               27.8   ,                 34.7   ,              12.2   ,               6.9   ,                12.2   ,           78.4   ,             12.2   ,                        19.0   ,               4   ,        1.0500   ,               45.0   ,                 16887   ,
2026-02-11 21:04:56 ,        2745.0   ,           1312.7   ,               48.0   ,        58.1   ,                  52.0   ,                30   ,                  2000   ,                30   ,                  2000   ,           7690   ,         39   ,                        0   ,                   0   ,                    0   ,               86.0   ,                  50.5   ,               28.4   ,                 35.4   ,              12.2   ,               7.0   ,                12.2   ,           78.8   ,             12.2   ,                        19.1   ,               4   ,        1.0500   ,               42.0   ,                 16896   ,
2026-02-11 21:04:57 ,        2745.0   ,           1312.7   ,               48.0   ,        58.1   ,                  52.0   ,                30   ,                  2002   ,                30   ,                  2002   ,           8009   ,         41   ,                        0   ,                   0   ,                    0   ,               85.8   ,                  50.6   ,               28.2   ,                 35.2   ,              12.2   ,               7.0   ,                12.2   ,           78.5   ,             12.2   ,                        19.0   ,               4   ,        1.0500   ,               42.0   ,                 16913   ,
2026-02-11 21:04:58 ,        2745.0   ,           1312.7   ,               47.9   ,        58.0   ,                  52.0   ,                30   ,                  2002   ,                30   ,                  2002   ,           8138   ,         18   ,                        0   ,                   0   ,                    0   ,               85.8   ,                  50.6   ,               28.2   ,                 35.1   ,              12.2   ,               7.0   ,                12.2   ,           78.9   ,             12.2   ,                        19.1   ,               4   ,        1.0500   ,               39.0   ,                 16978   ,
2026-02-11 21:04:59 ,        2745.0   ,           1312.7   ,               47.8   ,        57.9   ,                  52.0   ,                30   ,                  2002   ,                30   ,                  2003   ,           8267   ,          0   ,                        0   ,                   0   ,                    0   ,               85.3   ,                  50.3   ,               28.1   ,                 35.1   ,              12.2   ,               6.9   ,                12.2   ,           78.4   ,             12.2   ,                        19.0   ,               4   ,        1.0500   ,               41.0   ,                 18047   ,
2026-02-11 21:05:00 ,        1155.0   ,            101.3   ,               45.9   ,        56.5   ,                  50.0   ,                30   ,                  2001   ,                30   ,                  2001   ,           8267   ,          0   ,                        3   ,                   0   ,                    0   ,               37.3   ,                  19.9   ,               13.7   ,                 17.5   ,              12.3   ,               3.7   ,                12.2   ,           33.6   ,             12.2   ,                         8.3   ,              16   ,        0.8850   ,               41.0   ,                 18047   ,
2026-02-11 21:05:01 ,         735.0   ,            101.3   ,               45.6   ,        56.3   ,                  50.0   ,                30   ,                  1998   ,                30   ,                  1998   ,           8267   ,          0   ,                        3   ,                   0   ,                    0   ,               36.4   ,                  18.9   ,               13.7   ,                 17.5   ,              12.3   ,               3.8   ,                12.2   ,           32.5   ,             12.2   ,                         8.1   ,              16   ,        0.8850   ,               40.0   ,                 18047   ,
2026-02-11 21:05:02 ,        2745.0   ,           1312.7   ,               48.3   ,        57.7   ,                  50.0   ,                30   ,                  2000   ,                30   ,                  2000   ,           8730   ,         82   ,                        2   ,                   0   ,                    0   ,              107.1   ,                  69.9   ,               28.5   ,                 35.6   ,              12.2   ,               7.1   ,                12.2   ,           98.5   ,             12.2   ,                        23.3   ,               4   ,        1.0500   ,               41.0   ,                 17093   ,
2026-02-11 21:05:03 ,        2745.0   ,           1312.7   ,               50.0   ,        58.8   ,                  52.0   ,                30   ,                  2000   ,                30   ,                  2000   ,           8770   ,         82   ,                        3   ,                   0   ,                    0   ,              104.9   ,                  69.3   ,               28.6   ,                 35.6   ,              12.2   ,               7.1   ,                12.2   ,           97.8   ,             12.2   ,                        23.3   ,               4   ,        1.0500   ,               42.0   ,                 17114   ,
2026-02-11 21:05:04 ,        2745.0   ,           1312.7   ,               49.6   ,        58.5   ,                  52.0   ,                30   ,                  1998   ,                30   ,                  1998   ,           8770   ,         85   ,                        2   ,                   0   ,                    0   ,              104.8   ,                  68.8   ,               28.9   ,                 36.0   ,              12.2   ,               7.1   ,                12.2   ,           97.7   ,             12.2   ,                        23.3   ,               4   ,        1.0500   ,               37.0   ,                 17122   ,
2026-02-11 21:05:05 ,        2745.0   ,           1312.7   ,               51.2   ,        58.5   ,                  52.0   ,                30   ,                  2002   ,                30   ,                  2002   ,           8770   ,         89   ,                        2   ,                   0   ,                    0   ,              121.9   ,                  84.1   ,               30.8   ,                 37.8   ,              12.2   ,               7.1   ,                12.2   ,          114.8   ,             12.1   ,                        25.3   ,               4   ,        1.0500   ,               36.0   ,                 17136   ,
2026-02-11 21:05:06 ,        2745.0   ,           1312.7   ,               50.1   ,        58.6   ,                  52.0   ,                30   ,                  1998   ,                30   ,                  1998   ,           8770   ,         87   ,                        2   ,                   0   ,                    0   ,              125.5   ,                  87.2   ,               31.2   ,                 38.3   ,              12.2   ,               7.1   ,                12.2   ,          103.2   ,             12.2   ,                        24.5   ,               4   ,        1.0500   ,               40.0   ,                 17161   ,
2026-02-11 21:05:07 ,        2745.0   ,           1312.7   ,               49.9   ,        58.8   ,                  52.0   ,                30   ,                  2000   ,                30   ,                  2000   ,           8770   ,         92   ,                        3   ,                   0   ,                    0   ,              114.0   ,                  76.9   ,               30.0   ,                 37.0   ,              12.2   ,               7.1   ,                12.2   ,          106.9   ,             12.2   ,                        26.5   ,               4   ,        1.0500   ,               36.0   ,                 17142   ,
2026-02-11 21:05:08 ,        2745.0   ,           1312.7   ,               50.2   ,        58.8   ,                  52.0   ,                30   ,                  2000   ,                30   ,                  2000   ,           8770   ,         85   ,                        2   ,                   0   ,                    0   ,              118.2   ,                  81.5   ,               30.2   ,                 37.3   ,              12.2   ,               7.0   ,                12.2   ,          111.7   ,             12.2   ,                        24.6   ,               4   ,        1.0500   ,               41.0   ,                 17134   ,
2026-02-11 21:05:09 ,        2745.0   ,           1312.7   ,               50.4   ,        58.8   ,                  52.0   ,                30   ,                  2003   ,                30   ,                  2004   ,           8770   ,         85   ,                        3   ,                   0   ,                    0   ,              119.8   ,                  82.6   ,               30.3   ,                 37.2   ,              12.2   ,               6.9   ,                12.2   ,          103.3   ,             12.2   ,                        24.5   ,               4   ,        1.0500   ,               39.0   ,                 17117   ,
2026-02-11 21:05:10 ,        2745.0   ,           1312.7   ,               50.3   ,        59.1   ,                  52.0   ,                30   ,                  2000   ,                30   ,                  2000   ,           8770   ,         87   ,                        2   ,                   0   ,                    0   ,              119.7   ,                  82.2   ,               30.4   ,                 37.5   ,              12.2   ,               7.1   ,                12.2   ,          112.6   ,             12.2   ,                        26.7   ,               4   ,        1.0500   ,               38.0   ,                 17127   ,
2026-02-11 21:05:11 ,        2745.0   ,           1312.7   ,               50.3   ,        58.9   ,                  52.0   ,                30   ,                  1999   ,                30   ,                  1999   ,           8762   ,         87   ,                        3   ,                   0   ,                    0   ,              118.7   ,                  81.5   ,               30.2   ,                 37.1   ,              12.2   ,               7.0   ,                12.2   ,          104.9   ,             12.2   ,                        24.9   ,               4   ,        1.0500   ,               41.0   ,                 17097   ,
2026-02-11 21:05:12 ,        2745.0   ,           1312.7   ,               50.1   ,        58.9   ,                  52.0   ,                30   ,                  1998   ,                30   ,                  1998   ,           8762   ,         87   ,                        3   ,                   0   ,                    0   ,              114.5   ,                  77.7   ,               29.7   ,                 36.8   ,              12.2   ,               7.1   ,                12.2   ,          109.9   ,             12.2   ,                        26.0   ,               4   ,        1.0500   ,               40.0   ,                 17052   ,
2026-02-11 21:05:13 ,        2745.0   ,           1312.7   ,               50.1   ,        59.0   ,                  52.0   ,                30   ,                  2001   ,                30   ,                  2001   ,           8768   ,         86   ,                        3   ,                   0   ,                    0   ,              115.8   ,                  79.1   ,               29.7   ,                 36.7   ,              12.2   ,               7.0   ,                12.2   ,          108.2   ,             12.2   ,                        25.6   ,               4   ,        1.0500   ,               42.0   ,                 17056   ,
2026-02-11 21:05:14 ,        2745.0   ,           1312.7   ,               50.6   ,        59.0   ,                  52.0   ,                30   ,                  2001   ,                30   ,                  2001   ,           8768   ,         79   ,                        2   ,                   0   ,                    0   ,              119.3   ,                  82.1   ,               30.1   ,                 37.1   ,              12.2   ,               7.1   ,                12.2   ,          106.0   ,             12.1   ,                        25.1   ,               4   ,        1.0500   ,               39.0   ,                 17033   ,
2026-02-11 21:05:15 ,        2745.0   ,           1312.7   ,               51.3   ,        59.0   ,                  54.0   ,                30   ,                  2001   ,                30   ,                  2001   ,           8781   ,         27   ,                        6   ,                   0   ,                    1   ,               84.3   ,                  51.3   ,               27.8   ,                 38.0   ,              12.2   ,               5.4   ,                12.2   ,          124.1   ,             12.2   ,                        28.8   ,               4   ,        1.0500   ,               39.0   ,                 17062   ,
2026-02-11 21:05:16 ,        2745.0   ,           1312.7   ,               52.5   ,        59.3   ,                  52.0   ,                30   ,                  2000   ,                30   ,                  2000   ,           8803   ,         88   ,                        3   ,                   0   ,                    1   ,              126.1   ,                  87.7   ,               31.3   ,                 38.4   ,              12.2   ,               6.6   ,                12.2   ,          168.9   ,             12.1   ,                        39.0   ,               4   ,        1.0500   ,               35.0   ,                 17049   ,
2026-02-11 21:05:17 ,        2745.0   ,           1312.7   ,               50.6   ,        59.2   ,                  54.0   ,                30   ,                  1998   ,                30   ,                  1997   ,           8817   ,         88   ,                        2   ,                   0   ,                    0   ,              120.4   ,                  73.4   ,               29.5   ,                 36.6   ,              12.2   ,               7.1   ,                12.2   ,           99.8   ,             12.2   ,                        23.7   ,               4   ,        1.0500   ,               41.0   ,                 17057   ,
2026-02-11 21:05:18 ,        2745.0   ,           1312.7   ,               50.6   ,        59.2   ,                  52.0   ,                30   ,                  2001   ,                30   ,                  2002   ,           8871   ,         89   ,                        2   ,                   0   ,                    0   ,              109.9   ,                  74.0   ,               30.8   ,                 37.9   ,              12.2   ,               7.0   ,                12.2   ,           97.4   ,             12.1   ,                        23.2   ,               4   ,        1.0500   ,               42.0   ,                 17084   ,
2026-02-11 21:05:19 ,        2745.0   ,           1312.7   ,               53.4   ,        59.1   ,                  54.0   ,                30   ,                  2002   ,                30   ,                  2002   ,           8918   ,         88   ,                        1   ,                   0   ,                    1   ,              117.1   ,                  80.0   ,               30.2   ,                 37.1   ,              12.2   ,               6.9   ,                12.2   ,          110.2   ,             12.1   ,                        26.0   ,               4   ,        1.0500   ,               36.0   ,                 17079   ,
2026-02-11 21:05:20 ,        2745.0   ,           1312.7   ,               50.2   ,        59.3   ,                  54.0   ,                30   ,                  2000   ,                30   ,                  2000   ,           8931   ,         85   ,                        2   ,                   0   ,                    0   ,              124.9   ,                  70.7   ,               28.6   ,                 35.6   ,              12.2   ,               7.0   ,                12.2   ,           99.3   ,             12.1   ,                        23.6   ,               4   ,        1.0500   ,               38.0   ,                 17084   ,
2026-02-11 21:05:21 ,        2745.0   ,           1312.7   ,               53.4   ,        59.8   ,                  54.0   ,                30   ,                  2001   ,                30   ,                  2001   ,           8931   ,         90   ,                        2   ,                   0   ,                    1   ,              108.3   ,                  72.7   ,               28.6   ,                 35.6   ,              12.2   ,               7.0   ,                12.2   ,          101.3   ,             12.1   ,                        24.1   ,               4   ,        1.0500   ,               34.0   ,                 17096   ,
2026-02-11 21:05:22 ,        2745.0   ,           1312.7   ,               51.1   ,        59.5   ,                  54.0   ,                30   ,                  1998   ,                30   ,                  1998   ,           8949   ,         79   ,                        2   ,                   0   ,                    0   ,              108.8   ,                  72.9   ,               31.2   ,                 38.3   ,              12.2   ,               7.1   ,                12.2   ,          118.8   ,             12.1   ,                        23.9   ,               4   ,        1.0500   ,               39.0   ,                 17104   ,
2026-02-11 21:05:23 ,        2745.0   ,           1312.7   ,               50.2   ,        59.4   ,                  54.0   ,                30   ,                  2002   ,                30   ,                  2001   ,           8984   ,         90   ,                        2   ,                   0   ,                    0   ,              107.9   ,                  71.9   ,               28.9   ,                 36.0   ,              12.2   ,               7.0   ,                12.2   ,          118.6   ,             12.1   ,                        27.9   ,               4   ,        1.0500   ,               39.0   ,                 17240   ,
2026-02-11 21:05:24 ,        2745.0   ,           1312.7   ,               51.2   ,        59.3   ,                  54.0   ,                30   ,                  2000   ,                30   ,                  2000   ,           8994   ,         89   ,                        2   ,                   0   ,                    0   ,              127.1   ,                  88.8   ,               31.3   ,                 38.3   ,              12.2   ,               7.0   ,                12.2   ,          120.1   ,             12.2   ,                        25.5   ,               4   ,        1.0500   ,               46.0   ,                 17189   ,
2026-02-11 21:05:25 ,        2745.0   ,           1312.7   ,               50.2   ,        59.4   ,                  54.0   ,                30   ,                  2001   ,                30   ,                  2001   ,           8986   ,         86   ,                        2   ,                   0   ,                    0   ,              109.5   ,                  73.3   ,               29.1   ,                 36.2   ,              12.2   ,               7.1   ,                12.2   ,          102.4   ,             12.1   ,                        27.4   ,               4   ,        1.0500   ,               42.0   ,                 17228   ,
2026-02-11 21:05:26 ,        2745.0   ,           1312.7   ,               50.5   ,        59.6   ,                  54.0   ,                30   ,                  2001   ,                30   ,                  2001   ,           8986   ,         85   ,                        2   ,                   0   ,                    0   ,              113.4   ,                  76.6   ,               29.7   ,                 36.7   ,              12.2   ,               7.0   ,                12.2   ,          107.0   ,             12.2   ,                        25.3   ,               4   ,        1.0500   ,               36.0   ,                 17189   ,
2026-02-11 21:05:27 ,        2745.0   ,           1312.7   ,               50.7   ,        59.7   ,                  52.0   ,                30   ,                  2000   ,                30   ,                  2001   ,           8989   ,         61   ,                        1   ,                   0   ,                    0   ,              115.0   ,                  78.6   ,               29.3   ,                 36.5   ,              12.2   ,               7.1   ,                12.2   ,          107.9   ,             12.1   ,                        26.9   ,               4   ,        1.0500   ,               40.0   ,                 17186   ,
2026-02-11 21:05:28 ,        2745.0   ,           1312.7   ,               51.2   ,        59.8   ,                  52.0   ,                30   ,                  1998   ,                30   ,                  1998   ,           8934   ,         91   ,                        2   ,                   0   ,                    0   ,              121.5   ,                  83.5   ,               30.9   ,                 38.0   ,              12.2   ,               7.1   ,                12.2   ,          100.8   ,             12.1   ,                        24.0   ,               4   ,        1.0500   ,               38.0   ,                 17216   ,
2026-02-11 21:05:29 ,        2745.0   ,           1312.7   ,               51.4   ,        59.7   ,                  54.0   ,                30   ,                  2000   ,                30   ,                  2000   ,           8929   ,         89   ,                        2   ,                   0   ,                    0   ,              125.6   ,                  87.4   ,               31.2   ,                 38.1   ,              12.2   ,               7.0   ,                12.2   ,          107.3   ,             12.1   ,                        25.4   ,               4   ,        1.0500   ,               38.0   ,                 17181   ,
2026-02-11 21:05:30 ,        2745.0   ,           1312.7   ,               51.2   ,        59.9   ,                  54.0   ,                30   ,                  2002   ,                30   ,                  2001   ,           8918   ,         93   ,                        2   ,                   0   ,                    0   ,              124.9   ,                  86.6   ,               31.2   ,                 38.3   ,              12.2   ,               7.1   ,                12.2   ,          102.9   ,             12.2   ,                        24.4   ,               4   ,        1.0500   ,               36.0   ,                 17226   ,
2026-02-11 21:05:31 ,        2745.0   ,           1312.7   ,               50.8   ,        59.8   ,                  54.0   ,                30   ,                  1999   ,                30   ,                  1999   ,           8934   ,         90   ,                        2   ,                   0   ,                    0   ,              112.6   ,                  75.7   ,               29.8   ,                 36.9   ,              12.2   ,               7.0   ,                12.2   ,          105.6   ,             12.1   ,                        27.2   ,               4   ,        1.0500   ,               38.0   ,                 17148   ,
2026-02-11 21:05:32 ,        2745.0   ,           1312.7   ,               50.7   ,        59.8   ,                  54.0   ,                30   ,                  1999   ,                30   ,                  1999   ,           8935   ,         90   ,                        2   ,                   0   ,                    0   ,              108.1   ,                  72.3   ,               28.8   ,                 35.8   ,              12.2   ,               7.1   ,                12.2   ,          101.1   ,             12.1   ,                        24.0   ,               4   ,        1.0500   ,               37.0   ,                 17151   ,
2026-02-11 21:05:33 ,        2745.0   ,           1312.7   ,               50.7   ,        59.8   ,                  54.0   ,                30   ,                  1999   ,                30   ,                  1999   ,           8930   ,         89   ,                        2   ,                   0   ,                    0   ,              114.2   ,                  77.8   ,               29.3   ,                 36.3   ,              12.2   ,               7.0   ,                12.2   ,          107.1   ,             12.2   ,                        26.9   ,               4   ,        1.0500   ,               43.0   ,                 17163   ,
2026-02-11 21:05:34 ,        2745.0   ,           1312.7   ,               51.4   ,        59.9   ,                  54.0   ,                30   ,                  2001   ,                30   ,                  2002   ,           8889   ,         87   ,                        2   ,                   0   ,                    0   ,              122.2   ,                  84.5   ,               30.6   ,                 37.7   ,              12.2   ,               7.1   ,                12.2   ,          104.9   ,             12.2   ,                        24.9   ,               4   ,        1.0500   ,               40.0   ,                 17150   ,
2026-02-11 21:05:35 ,        2745.0   ,           1312.7   ,               50.7   ,        59.8   ,                  54.0   ,                30   ,                  2002   ,                30   ,                  2002   ,           8887   ,         87   ,                        2   ,                   0   ,                    0   ,              124.4   ,                  86.2   ,               31.1   ,                 38.2   ,              12.2   ,               7.1   ,                12.2   ,          114.1   ,             12.2   ,                        26.9   ,               4   ,        1.0500   ,               37.0   ,                 17165   ,
2026-02-11 21:05:36 ,        2745.0   ,           1312.7   ,               50.9   ,        59.9   ,                  52.0   ,                30   ,                  2000   ,                30   ,                  2000   ,           8890   ,         89   ,                        2   ,                   0   ,                    0   ,              108.6   ,                  72.6   ,               28.9   ,                 36.0   ,              12.2   ,               7.1   ,                12.2   ,          101.5   ,             12.1   ,                        28.4   ,               4   ,        1.0500   ,               38.0   ,                 17148   ,
2026-02-11 21:05:37 ,        2745.0   ,           1312.7   ,               51.9   ,        59.8   ,                  54.0   ,                30   ,                  1996   ,                30   ,                  1996   ,           8915   ,         90   ,                        2   ,                   0   ,                    0   ,              114.7   ,                  78.4   ,               30.8   ,                 37.8   ,              12.2   ,               7.0   ,                12.2   ,          113.6   ,             12.2   ,                        26.8   ,               4   ,        1.0500   ,               37.0   ,                 17153   ,
2026-02-11 21:05:38 ,        2745.0   ,           1312.7   ,               51.5   ,        59.9   ,                  54.0   ,                30   ,                  1998   ,                30   ,                  1998   ,           8921   ,         89   ,                        2   ,                   0   ,                    0   ,              117.4   ,                  80.8   ,               30.5   ,                 37.6   ,              12.2   ,               7.1   ,                12.2   ,          112.1   ,             12.2   ,                        25.7   ,               4   ,        1.0500   ,               40.0   ,                 17159   ,
2026-02-11 21:05:39 ,        2745.0   ,           1312.7   ,               54.5   ,        60.7   ,                  54.0   ,                30   ,                  1999   ,                30   ,                  1999   ,           8926   ,         88   ,                        2   ,                   0   ,                    1   ,              130.1   ,                  91.6   ,               31.5   ,                 38.6   ,              12.2   ,               7.1   ,                12.2   ,          123.0   ,             12.2   ,                        28.9   ,               4   ,        1.0500   ,               39.0   ,                 17139   ,
2026-02-11 21:05:40 ,        2745.0   ,           1312.7   ,               51.3   ,        60.2   ,                  54.0   ,                30   ,                  2000   ,                30   ,                  2000   ,           8947   ,         92   ,                        2   ,                   0   ,                    0   ,              119.2   ,                  81.6   ,               31.8   ,                 38.9   ,              12.2   ,               7.1   ,                12.2   ,          123.7   ,             12.1   ,                        29.1   ,               4   ,        1.0500   ,               40.0   ,                 17167   ,
2026-02-11 21:05:41 ,        2745.0   ,           1312.7   ,               51.8   ,        60.3   ,                  54.0   ,                30   ,                  2001   ,                30   ,                  2001   ,           8940   ,         92   ,                        2   ,                   0   ,                    0   ,              115.4   ,                  87.5   ,               31.3   ,                 38.4   ,              12.2   ,               7.1   ,                12.2   ,          118.8   ,             12.1   ,                        28.0   ,               4   ,        1.0500   ,               42.0   ,                 17157   ,
2026-02-11 21:05:42 ,        2745.0   ,           1312.7   ,               52.0   ,        60.3   ,                  54.0   ,                30   ,                  1998   ,                30   ,                  1998   ,           8935   ,         87   ,                        2   ,                   0   ,                    0   ,              123.8   ,                  85.7   ,               31.1   ,                 38.1   ,              12.2   ,               7.0   ,                12.2   ,          116.8   ,             12.1   ,                        27.5   ,               4   ,        1.0500   ,               39.0   ,                 17167   ,
2026-02-11 21:05:43 ,        2745.0   ,           1312.7   ,               57.4   ,        64.4   ,                  54.0   ,                30   ,                  2000   ,                30   ,                  2000   ,           8933   ,         91   ,                        6   ,                   0   ,                    2   ,              173.9   ,                 130.9   ,               36.3   ,                 43.0   ,              12.1   ,               6.7   ,                12.2   ,          167.2   ,             12.1   ,                        38.6   ,               4   ,        1.0500   ,               37.0   ,                 17156   ,
2026-02-11 21:05:44 ,        2745.0   ,           1312.7   ,               51.4   ,        60.4   ,                  54.0   ,                30   ,                  2000   ,                30   ,                  2001   ,           8936   ,         90   ,                        3   ,                   0   ,                    0   ,              113.7   ,                  76.7   ,               29.9   ,                 37.0   ,              12.2   ,               7.1   ,                12.2   ,          106.6   ,             12.1   ,                        25.3   ,               4   ,        1.0500   ,               39.0   ,                 17156   ,
2026-02-11 21:05:45 ,        2745.0   ,           1312.7   ,               51.5   ,        60.4   ,                  54.0   ,                30   ,                  2002   ,                30   ,                  2002   ,           8935   ,         91   ,                        3   ,                   0   ,                    0   ,              116.9   ,                  79.5   ,               30.3   ,                 37.4   ,              12.2   ,               7.1   ,                12.2   ,          109.8   ,             12.1   ,                        26.0   ,               4   ,        1.0500   ,               38.0   ,                 17154   ,
2026-02-11 21:05:46 ,        2745.0   ,           1312.7   ,               51.4   ,        60.4   ,                  54.0   ,                30   ,                  2000   ,                30   ,                  2000   ,           8995   ,         88   ,                        3   ,                   0   ,                    0   ,              114.8   ,                  77.7   ,               30.0   ,                 37.1   ,              12.2   ,               7.0   ,                12.2   ,          107.8   ,             12.1   ,                        25.5   ,               4   ,        1.0500   ,               41.0   ,                 17154   ,
2026-02-11 21:05:47 ,        2745.0   ,           1312.7   ,               51.5   ,        60.5   ,                  54.0   ,                30   ,                  1999   ,                30   ,                  1999   ,           8995   ,         92   ,                        3   ,                   0   ,                    0   ,              116.3   ,                  79.1   ,               30.1   ,                 37.2   ,              12.2   ,               7.1   ,                12.2   ,          109.2   ,             12.1   ,                        29.4   ,               4   ,        1.0500   ,               38.0   ,                 17152   ,
2026-02-11 21:05:48 ,        2745.0   ,           1312.7   ,               51.5   ,        60.4   ,                  54.0   ,                30   ,                  2002   ,                30   ,                  2002   ,           8993   ,         88   ,                        3   ,                   0   ,                    0   ,              121.1   ,                  84.0   ,               30.0   ,                 37.1   ,              12.2   ,               7.1   ,                12.2   ,          114.0   ,             12.1   ,                        27.2   ,               4   ,        1.0500   ,               41.0   ,                 17153   ,
2026-02-11 21:05:49 ,        2745.0   ,           1312.7   ,               51.7   ,        60.5   ,                  54.0   ,                30   ,                  1998   ,                30   ,                  1998   ,           8996   ,         88   ,                        3   ,                   0   ,                    0   ,              122.3   ,                  85.0   ,               30.1   ,                 37.3   ,              12.2   ,               7.2   ,                12.2   ,          115.1   ,             12.1   ,                        26.4   ,               4   ,        1.0500   ,               41.0   ,                 17147   ,
2026-02-11 21:05:50 ,        2745.0   ,           1312.7   ,               51.3   ,        60.5   ,                  54.0   ,                30   ,                  2001   ,                30   ,                  2001   ,           8995   ,         90   ,                        3   ,                   0   ,                    0   ,              114.1   ,                  77.3   ,               29.8   ,                 36.9   ,              12.2   ,               7.1   ,                12.2   ,          124.5   ,             12.1   ,                        29.2   ,               4   ,        1.0500   ,               41.0   ,                 17148   ,
2026-02-11 21:05:51 ,        2745.0   ,           1312.7   ,               51.9   ,        60.8   ,                  54.0   ,                30   ,                  2003   ,                30   ,                  2003   ,           8992   ,         25   ,                        4   ,                   0   ,                    0   ,              108.3   ,                  72.3   ,               28.9   ,                 36.1   ,              12.2   ,               7.2   ,                12.2   ,          111.4   ,             12.1   ,                        26.4   ,               4   ,        1.0500   ,               37.0   ,                 17142   ,
2026-02-11 21:05:52 ,        2745.0   ,           1312.7   ,               51.4   ,        60.6   ,                  54.0   ,                30   ,                  2001   ,                30   ,                  2000   ,           8992   ,         91   ,                        2   ,                   0   ,                    0   ,              113.5   ,                  76.7   ,               29.7   ,                 36.8   ,              12.2   ,               7.1   ,                12.2   ,          118.4   ,             12.1   ,                        27.9   ,               4   ,        1.0500   ,               42.0   ,                 17150   ,
2026-02-11 21:05:53 ,        2745.0   ,           1312.7   ,               51.5   ,        60.6   ,                  54.0   ,                30   ,                  1999   ,                30   ,                  1999   ,           8984   ,         91   ,                        3   ,                   0   ,                    0   ,              118.8   ,                  81.2   ,               30.4   ,                 37.6   ,              12.2   ,               7.2   ,                12.2   ,          119.1   ,             12.1   ,                        28.1   ,               4   ,        1.0500   ,               41.0   ,                 17151   ,
2026-02-11 21:05:54 ,        2745.0   ,           1312.7   ,               51.4   ,        60.6   ,                  54.0   ,                30   ,                  2001   ,                30   ,                  2001   ,           9057   ,         90   ,                        2   ,                   0   ,                    0   ,              112.0   ,                  75.0   ,               30.5   ,                 37.7   ,              12.2   ,               7.2   ,                12.2   ,          118.0   ,             12.1   ,                        27.8   ,               4   ,        1.0500   ,               41.0   ,                 17153   ,
2026-02-11 21:05:55 ,        2745.0   ,           1312.7   ,               51.6   ,        60.8   ,                  54.0   ,                30   ,                  2002   ,                30   ,                  2002   ,           9055   ,         86   ,                        2   ,                   0   ,                    0   ,              114.4   ,                  77.3   ,               29.9   ,                 37.9   ,              12.2   ,               7.1   ,                12.2   ,          119.5   ,             12.2   ,                        28.1   ,               4   ,        1.0500   ,               40.0   ,                 17152   ,
2026-02-11 21:05:56 ,        2745.0   ,           1312.7   ,               54.8   ,        61.4   ,                  54.0   ,                30   ,                  2002   ,                30   ,                  2002   ,           9042   ,         87   ,                        2   ,                   0   ,                    1   ,              108.7   ,                  72.0   ,               29.6   ,                 36.7   ,              12.2   ,               7.1   ,                12.2   ,          101.6   ,             12.2   ,                        24.2   ,               4   ,        1.0500   ,               35.0   ,                 17142   ,
2026-02-11 21:05:57 ,        2745.0   ,           1312.7   ,               52.2   ,        60.9   ,                  54.0   ,                30   ,                  2001   ,                30   ,                  2001   ,           9045   ,         91   ,                        2   ,                   0   ,                    0   ,              125.2   ,                  86.9   ,               31.2   ,                 38.4   ,              12.2   ,               7.1   ,                12.2   ,          118.1   ,             12.2   ,                        27.8   ,               4   ,        1.0500   ,               36.0   ,                 17159   ,
2026-02-11 21:05:58 ,        2745.0   ,           1312.7   ,               52.5   ,        60.8   ,                  54.0   ,                30   ,                  2001   ,                30   ,                  2001   ,           9027   ,         90   ,                        3   ,                   0   ,                    0   ,              130.0   ,                  91.3   ,               31.6   ,                 38.7   ,              12.2   ,               7.1   ,                12.2   ,          122.9   ,             12.1   ,                        27.5   ,               4   ,        1.0500   ,               36.0   ,                 17159   ,
2026-02-11 21:05:59 ,        2745.0   ,           1312.7   ,               51.9   ,        60.9   ,                  54.0   ,                30   ,                  1999   ,                30   ,                  1999   ,           9029   ,         92   ,                        2   ,                   0   ,                    0   ,              120.6   ,                  83.1   ,               30.4   ,                 37.5   ,              12.2   ,               7.1   ,                12.2   ,          113.5   ,             12.1   ,                        28.1   ,               4   ,        1.0500   ,               41.0   ,                 17159   ,
2026-02-11 21:06:00 ,        2745.0   ,           1312.7   ,               52.2   ,        61.0   ,                  56.0   ,                30   ,                  1998   ,                30   ,                  1998   ,           9031   ,         92   ,                        3   ,                   0   ,                    0   ,              133.1   ,                  94.3   ,               31.6   ,                 38.7   ,              12.2   ,               7.2   ,                12.2   ,          125.9   ,             12.1   ,                        28.4   ,               4   ,        1.0500   ,               36.0   ,                 17154   ,
2026-02-11 21:06:01 ,        2730.0   ,           1312.7   ,               51.5   ,        61.0   ,                  54.0   ,                30   ,                  2000   ,                30   ,                  2000   ,           9034   ,         23   ,                        7   ,                   0   ,                    1   ,              105.8   ,                  69.9   ,               28.8   ,                 35.8   ,              12.2   ,               7.1   ,                12.2   ,           98.7   ,             12.2   ,                        29.3   ,               4   ,        1.0500   ,               37.0   ,                 17131   ,
2026-02-11 21:06:02 ,        2745.0   ,           1312.7   ,               52.0   ,        61.0   ,                  54.0   ,                30   ,                  2002   ,                30   ,                  2002   ,           9029   ,         90   ,                        2   ,                   0   ,                    0   ,              130.9   ,                  92.2   ,               30.9   ,                 38.1   ,              12.2   ,               7.3   ,                12.2   ,          118.5   ,             12.1   ,                        27.9   ,               4   ,        1.0500   ,               41.0   ,                 17139   ,
2026-02-11 21:06:03 ,        2745.0   ,           1312.7   ,               52.1   ,        60.9   ,                  56.0   ,                30   ,                  1999   ,                30   ,                  1999   ,           9027   ,         92   ,                        2   ,                   0   ,                    0   ,              129.6   ,                  91.0   ,               31.4   ,                 39.1   ,              12.2   ,               7.3   ,                12.2   ,          125.6   ,             12.1   ,                        29.5   ,               4   ,        1.0500   ,               35.0   ,                 17141   ,
2026-02-11 21:06:04 ,        2730.0   ,           1312.7   ,               54.6   ,        61.4   ,                  54.0   ,                30   ,                  1999   ,                30   ,                  1999   ,           9026   ,         29   ,                        4   ,                   0   ,                    2   ,              146.2   ,                 106.6   ,               33.8   ,                 39.7   ,              12.1   ,               5.9   ,                12.2   ,          140.4   ,             12.1   ,                        32.5   ,               4   ,        1.0500   ,               38.0   ,                 17147   ,
2026-02-11 21:06:05 ,        2730.0   ,           1312.7   ,               52.7   ,        61.6   ,                  54.0   ,                30   ,                  1998   ,                30   ,                  1997   ,           9024   ,         72   ,                        2   ,                   0   ,                    0   ,              116.1   ,                  79.5   ,               29.5   ,                 36.6   ,              12.2   ,               7.1   ,                12.2   ,          109.0   ,             12.1   ,                        27.5   ,               4   ,        1.0500   ,               41.0   ,                 17144   ,
2026-02-11 21:06:06 ,        2730.0   ,           1312.7   ,               52.4   ,        61.5   ,                  56.0   ,                30   ,                  2002   ,                30   ,                  2002   ,           9024   ,         91   ,                        3   ,                   0   ,                    0   ,              115.4   ,                  78.1   ,               30.2   ,                 37.3   ,              12.2   ,               7.0   ,                12.2   ,          108.4   ,             12.1   ,                        25.6   ,               4   ,        1.0500   ,               37.0   ,                 17141   ,
2026-02-11 21:06:07 ,        2730.0   ,           1312.7   ,               52.2   ,        61.3   ,                  54.0   ,                30   ,                  2002   ,                30   ,                  2002   ,           9031   ,         84   ,                        2   ,                   0   ,                    0   ,              132.3   ,                  93.5   ,               31.7   ,                 38.8   ,              12.2   ,               7.2   ,                12.2   ,          125.6   ,             12.1   ,                        29.5   ,               4   ,        1.0500   ,               39.0   ,                 17149   ,
2026-02-11 21:06:08 ,        2730.0   ,           1312.7   ,               53.2   ,        61.4   ,                  54.0   ,                30   ,                  2001   ,                30   ,                  2001   ,           9031   ,         92   ,                        2   ,                   0   ,                    0   ,              126.0   ,                  87.5   ,               31.3   ,                 38.5   ,              12.2   ,               7.1   ,                12.2   ,          118.9   ,             12.1   ,                        28.0   ,               4   ,        1.0500   ,               36.0   ,                 17144   ,
2026-02-11 21:06:09 ,        2730.0   ,           1312.7   ,               52.8   ,        61.3   ,                  54.0   ,                30   ,                  1999   ,                30   ,                  1999   ,           9029   ,         89   ,                        3   ,                   0   ,                    0   ,              132.0   ,                  92.9   ,               31.9   ,                 39.1   ,              12.2   ,               7.2   ,                12.2   ,          124.8   ,             12.2   ,                        29.3   ,               4   ,        1.0500   ,               41.0   ,                 17139   ,
2026-02-11 21:06:10 ,        2730.0   ,           1312.7   ,               53.3   ,        61.4   ,                  54.0   ,                30   ,                  2001   ,                30   ,                  2001   ,           9030   ,         88   ,                        3   ,                   0   ,                    0   ,              125.7   ,                  87.8   ,               30.8   ,                 38.0   ,              12.2   ,               7.2   ,                12.2   ,          118.6   ,             12.2   ,                        27.9   ,               4   ,        1.0500   ,               40.0   ,                 17139   ,
2026-02-11 21:06:11 ,        2730.0   ,           1312.7   ,               52.3   ,        61.4   ,                  54.0   ,                30   ,                  2001   ,                30   ,                  2001   ,           9032   ,         89   ,                        3   ,                   0   ,                    0   ,              122.7   ,                  84.4   ,               31.1   ,                 38.3   ,              12.2   ,               7.2   ,                12.2   ,          115.5   ,             12.2   ,                        29.4   ,               4   ,        1.0500   ,               38.0   ,                 17142   ,
2026-02-11 21:06:12 ,        2730.0   ,           1312.7   ,               52.2   ,        61.5   ,                  54.0   ,                30   ,                  1999   ,                30   ,                  1999   ,           9038   ,         92   ,                        4   ,                   0   ,                    0   ,              111.2   ,                  75.0   ,               29.2   ,                 36.3   ,              12.2   ,               7.1   ,                12.2   ,          104.2   ,             12.1   ,                        28.6   ,               4   ,        1.0500   ,               42.0   ,                 17141   ,
2026-02-11 21:06:13 ,        2730.0   ,           1312.7   ,               53.4   ,        61.5   ,                  56.0   ,                30   ,                  2001   ,                30   ,                  2001   ,           9040   ,         86   ,                        2   ,                   0   ,                    0   ,              133.2   ,                  94.2   ,               31.9   ,                 39.0   ,              12.2   ,               7.1   ,                12.2   ,          104.3   ,             12.2   ,                        24.8   ,               4   ,        1.0500   ,               37.0   ,                 17142   ,
2026-02-11 21:06:14 ,        2730.0   ,           1312.7   ,               57.5   ,        64.2   ,                  54.0   ,                30   ,                  1999   ,                30   ,                  1999   ,           9040   ,         89   ,                        2   ,                   0   ,                    1   ,              249.7   ,                 198.0   ,               45.8   ,                 51.7   ,              12.1   ,               5.9   ,                12.2   ,          243.8   ,             12.1   ,                        55.5   ,               4   ,        1.0500   ,               35.0   ,                 17142   ,
2026-02-11 21:06:15 ,        2730.0   ,           1312.7   ,               52.3   ,        61.5   ,                  54.0   ,                30   ,                  2001   ,                30   ,                  2001   ,           9041   ,         87   ,                        2   ,                   0   ,                    0   ,              109.2   ,                  73.0   ,               29.0   ,                 36.1   ,              12.2   ,               7.1   ,                12.2   ,          102.1   ,             12.2   ,                        29.1   ,               4   ,        1.0500   ,               41.0   ,                 17142   ,
2026-02-11 21:06:16 ,        2730.0   ,           1312.7   ,               53.2   ,        61.6   ,                  54.0   ,                30   ,                  1999   ,                30   ,                  1999   ,           9105   ,         81   ,                        2   ,                   0   ,                    0   ,              120.1   ,                  82.9   ,               30.8   ,                 38.0   ,              12.2   ,               7.2   ,                12.2   ,          114.9   ,             12.2   ,                        27.1   ,               4   ,        1.0500   ,               37.0   ,                 17140   ,
2026-02-11 21:06:17 ,        2730.0   ,           1312.7   ,               52.2   ,        61.4   ,                  54.0   ,                30   ,                  2003   ,                30   ,                  2003   ,           9105   ,         91   ,                        3   ,                   0   ,                    0   ,              113.9   ,                  77.0   ,               30.0   ,                 36.9   ,              12.2   ,               7.0   ,                12.2   ,          123.6   ,             12.2   ,                        29.0   ,               4   ,        1.0500   ,               42.0   ,                 17142   ,
2026-02-11 21:06:18 ,        2730.0   ,           1312.7   ,               52.4   ,        61.6   ,                  54.0   ,                30   ,                  2002   ,                30   ,                  2002   ,           9104   ,         89   ,                        3   ,                   0   ,                    0   ,              115.2   ,                  78.0   ,               30.2   ,                 37.2   ,              12.2   ,               7.1   ,                12.2   ,          122.8   ,             12.2   ,                        28.9   ,               4   ,        1.0500   ,               35.0   ,                 17141   ,
2026-02-11 21:06:19 ,        2730.0   ,           1312.7   ,               52.4   ,        61.6   ,                  54.0   ,                30   ,                  1998   ,                30   ,                  1998   ,           9104   ,         89   ,                        2   ,                   0   ,                    0   ,              111.2   ,                  75.0   ,               29.2   ,                 36.2   ,              12.2   ,               7.0   ,                12.2   ,          104.2   ,             12.2   ,                        24.7   ,               4   ,        1.0500   ,               38.0   ,                 17142   ,
2026-02-11 21:06:20 ,        2730.0   ,           1312.7   ,               52.5   ,        61.7   ,                  54.0   ,                30   ,                  1998   ,                30   ,                  1998   ,           9105   ,         87   ,                        2   ,                   0   ,                    0   ,              110.6   ,                  74.2   ,               29.3   ,                 36.4   ,              12.2   ,               7.0   ,                12.2   ,          103.5   ,             12.2   ,                        24.6   ,               4   ,        1.0500   ,               37.0   ,                 17142   ,
2026-02-11 21:06:21 ,        2730.0   ,           1312.7   ,               52.7   ,        61.6   ,                  54.0   ,                30   ,                  1998   ,                30   ,                  1998   ,           9108   ,         87   ,                        2   ,                   0   ,                    0   ,              119.6   ,                  82.2   ,               30.4   ,                 37.4   ,              12.2   ,               7.1   ,                12.2   ,          112.6   ,             12.2   ,                        27.8   ,               4   ,        1.0500   ,               35.0   ,                 17142   ,
2026-02-11 21:06:22 ,        2730.0   ,           1312.7   ,               52.8   ,        61.6   ,                  54.0   ,                30   ,                  2001   ,                30   ,                  2001   ,           9105   ,         85   ,                        3   ,                   0   ,                    0   ,              128.5   ,                  90.1   ,               31.5   ,                 38.4   ,              12.2   ,               7.0   ,                12.2   ,           99.1   ,             12.2   ,                        23.6   ,               4   ,        1.0500   ,               35.0   ,                 17142   ,
2026-02-11 21:06:23 ,        2730.0   ,           1312.7   ,               52.3   ,        61.7   ,                  56.0   ,                30   ,                  2000   ,                30   ,                  2000   ,           9109   ,         16   ,                        3   ,                   0   ,                    1   ,              117.9   ,                  80.6   ,               31.2   ,                 37.3   ,              12.2   ,               6.7   ,                12.2   ,          132.0   ,             12.1   ,                        30.8   ,               4   ,        1.0500   ,               39.0   ,                 17143   ,
2026-02-11 21:06:24 ,        2730.0   ,           1312.7   ,               53.5   ,        61.9   ,                  56.0   ,                30   ,                  2001   ,                30   ,                  2001   ,           9112   ,         85   ,                        3   ,                   0   ,                    0   ,              130.4   ,                  91.8   ,               31.6   ,                 35.7   ,              12.2   ,               7.1   ,                12.2   ,          100.1   ,             12.2   ,                        23.8   ,               4   ,        1.0500   ,               37.0   ,                 17144   ,
2026-02-11 21:06:25 ,        2730.0   ,           1312.7   ,               52.9   ,        61.8   ,                  54.0   ,                30   ,                  2000   ,                30   ,                  2000   ,           9108   ,         80   ,                        2   ,                   0   ,                    0   ,              125.6   ,                  87.5   ,               31.0   ,                 38.3   ,              12.2   ,               7.0   ,                12.2   ,          120.1   ,             12.1   ,                        28.3   ,               4   ,        1.0500   ,               38.0   ,                 17143   ,
2026-02-11 21:06:26 ,        2730.0   ,           1312.7   ,               52.4   ,        61.8   ,                  54.0   ,                30   ,                  1999   ,                30   ,                  1999   ,           9107   ,         85   ,                        2   ,                   0   ,                    0   ,              122.5   ,                  84.8   ,               30.3   ,                 37.3   ,              12.2   ,               7.0   ,                12.2   ,          115.1   ,             12.1   ,                        27.1   ,               4   ,        1.0500   ,               42.0   ,                 17143   ,
2026-02-11 21:06:27 ,        2730.0   ,           1312.7   ,               52.6   ,        61.8   ,                  56.0   ,                30   ,                  2000   ,                30   ,                  2000   ,           9108   ,         88   ,                        3   ,                   0   ,                    0   ,              107.4   ,                  71.4   ,               29.0   ,                 36.0   ,              12.2   ,               7.0   ,                12.2   ,          100.4   ,             12.1   ,                        23.9   ,               4   ,        1.0500   ,               40.0   ,                 17143   ,
2026-02-11 21:06:28 ,        2730.0   ,           1312.7   ,               53.3   ,        61.8   ,                  54.0   ,                30   ,                  2001   ,                30   ,                  2002   ,           9101   ,         85   ,                        2   ,                   0   ,                    0   ,              120.9   ,                  83.0   ,               30.8   ,                 38.0   ,              12.2   ,               7.1   ,                12.2   ,          113.8   ,             12.1   ,                        26.9   ,               4   ,        1.0500   ,               37.0   ,                 17145   ,
2026-02-11 21:06:29 ,        2730.0   ,           1312.7   ,               53.1   ,        61.9   ,                  54.0   ,                30   ,                  2002   ,                30   ,                  2002   ,           9103   ,         87   ,                        3   ,                   0   ,                    0   ,              117.2   ,                  79.7   ,               30.5   ,                 37.5   ,              12.2   ,               7.0   ,                12.2   ,          110.2   ,             12.1   ,                        26.0   ,               4   ,        1.0500   ,               40.0   ,                 17147   ,
2026-02-11 21:06:31 ,        2730.0   ,           1312.7   ,               53.4   ,        61.8   ,                  56.0   ,                30   ,                  1999   ,                30   ,                  1999   ,           9106   ,         88   ,                        3   ,                   0   ,                    0   ,              126.0   ,                  87.9   ,               31.0   ,                 38.1   ,              12.2   ,               7.1   ,                12.2   ,          118.9   ,             12.1   ,                        25.7   ,               4   ,        1.0500   ,               34.0   ,                 17151   ,
2026-02-11 21:06:31 ,        2730.0   ,           1312.7   ,               53.6   ,        62.6   ,                  56.0   ,                30   ,                  2000   ,                30   ,                  2000   ,           9091   ,         79   ,                        9   ,                   0   ,                    2   ,              231.6   ,                 182.3   ,               43.3   ,                 49.3   ,              12.1   ,               6.0   ,                12.2   ,          225.6   ,             12.1   ,                        51.5   ,               4   ,        1.0500   ,               35.0   ,                 17153   ,
2026-02-11 21:06:33 ,        2730.0   ,           1312.7   ,               53.0   ,        61.9   ,                  54.0   ,                30   ,                  1999   ,                30   ,                  1999   ,           9089   ,         83   ,                        3   ,                   0   ,                    0   ,              120.5   ,                  83.4   ,               30.1   ,                 37.1   ,              12.2   ,               7.1   ,                12.2   ,          113.5   ,             12.2   ,                        25.5   ,               4   ,        1.0500   ,               41.0   ,                 17155   ,
2026-02-11 21:06:34 ,        2730.0   ,           1312.7   ,               54.3   ,        61.9   ,                  56.0   ,                30   ,                  2000   ,                30   ,                  2000   ,           9074   ,         85   ,                        2   ,                   0   ,                    0   ,              128.2   ,                  89.6   ,               31.5   ,                 35.7   ,              12.2   ,               7.1   ,                12.2   ,           98.4   ,             12.1   ,                        23.4   ,               4   ,        1.0500   ,               38.0   ,                 17157   ,
2026-02-11 21:06:35 ,        2730.0   ,           1312.7   ,               52.6   ,        62.0   ,                  54.0   ,                30   ,                  2002   ,                30   ,                  2002   ,           9069   ,         86   ,                        2   ,                   0   ,                    0   ,              103.3   ,                  67.6   ,               28.6   ,                 35.7   ,              12.2   ,               7.0   ,                12.2   ,           96.3   ,             12.1   ,                        29.2   ,               4   ,        1.0500   ,               39.0   ,                 17158   ,
2026-02-11 21:06:36 ,        2730.0   ,           1312.7   ,               52.6   ,        61.9   ,                  54.0   ,                30   ,                  2000   ,                30   ,                  2000   ,           9069   ,         80   ,                        2   ,                   0   ,                    0   ,              122.5   ,                  73.1   ,               29.7   ,                 36.8   ,              12.2   ,               7.1   ,                12.2   ,          102.8   ,             12.1   ,                        28.9   ,               4   ,        1.0500   ,               41.0   ,                 17157   ,
2026-02-11 21:06:37 ,        2730.0   ,           1312.7   ,               52.7   ,        61.9   ,                  54.0   ,                30   ,                  1999   ,                30   ,                  1999   ,           9066   ,         86   ,                        2   ,                   0   ,                    0   ,              125.9   ,                  87.7   ,               31.5   ,                 38.5   ,              12.2   ,               7.1   ,                12.2   ,          121.0   ,             12.1   ,                        23.7   ,               4   ,        1.0500   ,               37.0   ,                 17157   ,
2026-02-11 21:06:38 ,        2730.0   ,           1312.7   ,               53.6   ,        61.9   ,                  54.0   ,                30   ,                  1998   ,                30   ,                  1998   ,           9068   ,         86   ,                        3   ,                   0   ,                    0   ,              110.4   ,                  73.6   ,               31.5   ,                 38.6   ,              12.2   ,               7.1   ,                12.2   ,          121.5   ,             12.1   ,                        27.3   ,               4   ,        1.0500   ,               36.0   ,                 17158   ,
2026-02-11 21:06:39 ,        2730.0   ,           1312.7   ,               52.4   ,        62.0   ,                  56.0   ,                30   ,                  2002   ,                30   ,                  2002   ,           9070   ,         86   ,                        2   ,                   0   ,                    0   ,              122.0   ,                  84.1   ,               30.6   ,                 37.6   ,              12.2   ,               7.0   ,                12.2   ,          106.0   ,             12.2   ,                        25.1   ,               4   ,        1.0500   ,               41.0   ,                 17161   ,
2026-02-11 21:06:40 ,        2730.0   ,           1312.7   ,               52.6   ,        61.9   ,                  54.0   ,                30   ,                  2002   ,                30   ,                  2002   ,           9041   ,         88   ,                        2   ,                   0   ,                    0   ,              111.2   ,                  75.2   ,               29.0   ,                 36.0   ,              12.2   ,               7.0   ,                12.2   ,          118.3   ,             12.1   ,                        27.9   ,               4   ,        1.0500   ,               41.0   ,                 17160   ,
2026-02-11 21:06:41 ,        2730.0   ,           1312.7   ,               52.8   ,        62.0   ,                  54.0   ,                30   ,                  2001   ,                30   ,                  2001   ,           9030   ,         79   ,                        2   ,                   0   ,                    0   ,              108.0   ,                  71.8   ,               29.1   ,                 36.2   ,              12.2   ,               7.0   ,                12.2   ,          101.0   ,             12.1   ,                        28.5   ,               4   ,        1.0500   ,               37.0   ,                 17160   ,
2026-02-11 21:06:42 ,        2730.0   ,           1312.7   ,               53.9   ,        62.0   ,                  54.0   ,                30   ,                  2000   ,                30   ,                  2000   ,           9035   ,         89   ,                        2   ,                   0   ,                    0   ,              121.9   ,                  91.2   ,               31.5   ,                 38.6   ,              12.2   ,               7.1   ,                12.2   ,          122.7   ,             12.1   ,                        27.3   ,               4   ,        1.0500   ,               36.0   ,                 17155   ,
2026-02-11 21:06:43 ,        2730.0   ,           1312.7   ,               52.7   ,        62.1   ,                  54.0   ,                30   ,                  1999   ,                30   ,                  1998   ,           9035   ,         86   ,                        3   ,                   0   ,                    0   ,              130.1   ,                  81.0   ,               30.0   ,                 37.0   ,              12.2   ,               7.0   ,                12.2   ,          111.0   ,             12.1   ,                        26.1   ,               4   ,        1.0500   ,               37.0   ,                 17159   ,
2026-02-11 21:06:44 ,        2730.0   ,           1312.7   ,               53.0   ,        62.1   ,                  56.0   ,                30   ,                  2000   ,                30   ,                  2000   ,           9035   ,         85   ,                        3   ,                   0   ,                    0   ,              123.4   ,                  85.1   ,               31.2   ,                 38.3   ,              12.2   ,               7.1   ,                12.2   ,          116.3   ,             12.2   ,                        29.0   ,               4   ,        1.0500   ,               38.0   ,                 17160   ,
2026-02-11 21:06:45 ,        2730.0   ,           1312.7   ,               53.9   ,        62.1   ,                  54.0   ,                30   ,                  2002   ,                30   ,                  2002   ,           9035   ,         89   ,                        3   ,                   0   ,                    0   ,              128.6   ,                  90.0   ,               31.5   ,                 38.6   ,              12.2   ,               7.1   ,                12.2   ,          113.3   ,             12.1   ,                        26.7   ,               4   ,        1.0500   ,               38.0   ,                 17160   ,
2026-02-11 21:06:46 ,        2730.0   ,           1312.7   ,               53.9   ,        62.0   ,                  54.0   ,                30   ,                  2004   ,                30   ,                  2004   ,           9037   ,         87   ,                        3   ,                   0   ,                    0   ,              129.2   ,                  90.5   ,               31.6   ,                 36.2   ,              12.2   ,               7.1   ,                12.2   ,           99.5   ,             12.2   ,                        23.7   ,               4   ,        1.0500   ,               36.0   ,                 17158   ,
2026-02-11 21:06:47 ,        2730.0   ,           1312.7   ,               53.3   ,        62.1   ,                  56.0   ,                30   ,                  1999   ,                30   ,                  1999   ,           9037   ,         83   ,                        2   ,                   0   ,                    0   ,              112.6   ,                  76.2   ,               29.4   ,                 36.4   ,              12.2   ,               7.1   ,                12.2   ,          113.4   ,             12.2   ,                        26.8   ,               4   ,        1.0500   ,               39.0   ,                 17159   ,
2026-02-11 21:06:48 ,        2730.0   ,           1312.7   ,               52.7   ,        62.1   ,                  56.0   ,                30   ,                  1999   ,                30   ,                  1999   ,           9063   ,         82   ,                        3   ,                   0   ,                    0   ,              126.2   ,                  83.7   ,               30.2   ,                 37.3   ,              12.2   ,               7.0   ,                12.2   ,          113.9   ,             12.1   ,                        26.9   ,               4   ,        1.0500   ,               41.0   ,                 17158   ,
2026-02-11 21:06:49 ,        2730.0   ,           1312.7   ,               53.0   ,        62.2   ,                  54.0   ,                30   ,                  2000   ,                30   ,                  2000   ,           9062   ,         88   ,                        3   ,                   0   ,                    0   ,              109.6   ,                  73.4   ,               29.2   ,                 36.2   ,              12.2   ,               7.0   ,                12.2   ,          102.6   ,             12.2   ,                        27.2   ,               4   ,        1.0500   ,               39.0   ,                 17158   ,
2026-02-11 21:06:50 ,        2730.0   ,           1312.7   ,               52.8   ,        62.2   ,                  56.0   ,                30   ,                  1998   ,                30   ,                  1998   ,           9062   ,         88   ,                        3   ,                   0   ,                    0   ,              110.9   ,                  74.8   ,               29.1   ,                 36.2   ,              12.2   ,               7.0   ,                12.2   ,          103.9   ,             12.2   ,                        27.6   ,               4   ,        1.0500   ,               41.0   ,                 17155   ,
2026-02-11 21:06:51 ,        2730.0   ,           1312.7   ,               53.0   ,        62.1   ,                  56.0   ,                30   ,                  2000   ,                30   ,                  2001   ,           9057   ,         87   ,                        3   ,                   0   ,                    0   ,              118.0   ,                  81.2   ,               29.8   ,                 36.7   ,              12.2   ,               7.0   ,                12.2   ,          111.0   ,             12.2   ,                        26.2   ,               4   ,        1.0500   ,               39.0   ,                 17154   ,
2026-02-11 21:06:52 ,        2730.0   ,           1312.7   ,               52.7   ,        62.2   ,                  56.0   ,                30   ,                  2001   ,                30   ,                  2001   ,           9059   ,         85   ,                        3   ,                   0   ,                    0   ,              116.5   ,                  79.7   ,               29.8   ,                 36.8   ,              12.2   ,               7.0   ,                12.2   ,          109.5   ,             12.2   ,                        25.9   ,               4   ,        1.0500   ,               42.0   ,                 17150   ,
2026-02-11 21:06:53 ,        2730.0   ,           1312.7   ,               53.8   ,        62.2   ,                  54.0   ,                30   ,                  2000   ,                30   ,                  2000   ,           9060   ,         84   ,                        3   ,                   0   ,                    0   ,              129.5   ,                  91.1   ,               31.4   ,                 38.4   ,              12.2   ,               6.9   ,                12.2   ,          122.5   ,             12.2   ,                        28.8   ,               4   ,        1.0500   ,               35.0   ,                 17162   ,
2026-02-11 21:06:54 ,        2730.0   ,           1312.7   ,               54.2   ,        62.3   ,                  56.0   ,                30   ,                  1997   ,                30   ,                  1997   ,           9058   ,         86   ,                        2   ,                   0   ,                    0   ,              128.7   ,                  90.1   ,               31.5   ,                 38.6   ,              12.2   ,               7.1   ,                12.2   ,          116.2   ,             12.1   ,                        27.4   ,               4   ,        1.0500   ,               38.0   ,                 17159   ,
2026-02-11 21:06:55 ,        2730.0   ,           1312.7   ,               54.2   ,        62.2   ,                  56.0   ,                30   ,                  2001   ,                30   ,                  2001   ,           9061   ,         87   ,                        2   ,                   0   ,                    0   ,              131.4   ,                  92.5   ,               31.7   ,                 38.8   ,              12.2   ,               7.0   ,                12.2   ,          107.8   ,             12.2   ,                        25.5   ,               4   ,        1.0500   ,               35.0   ,                 17157   ,
2026-02-11 21:06:56 ,        2730.0   ,           1312.7   ,               52.9   ,        62.3   ,                  56.0   ,                30   ,                  2000   ,                30   ,                  2000   ,           9067   ,         89   ,                        3   ,                   0   ,                    0   ,              117.1   ,                  80.1   ,               29.9   ,                 36.9   ,              12.2   ,               7.0   ,                12.2   ,          111.1   ,             12.2   ,                        26.2   ,               4   ,        1.0500   ,               39.0   ,                 17161   ,
2026-02-11 21:06:57 ,        2730.0   ,           1312.7   ,               53.0   ,        62.3   ,                  54.0   ,                30   ,                  1999   ,                30   ,                  1999   ,           9074   ,         40   ,                        2   ,                   0   ,                    0   ,              109.2   ,                  72.9   ,               29.2   ,                 36.3   ,              12.2   ,               7.1   ,                12.2   ,          102.1   ,             12.2   ,                        28.5   ,               4   ,        1.0500   ,               38.0   ,                 17159   ,
2026-02-11 21:06:58 ,        2730.0   ,           1312.7   ,               53.0   ,        62.2   ,                  56.0   ,                30   ,                  2000   ,                30   ,                  2000   ,           9075   ,         86   ,                        2   ,                   0   ,                    0   ,              129.4   ,                  90.6   ,               29.6   ,                 36.7   ,              12.2   ,               7.1   ,                12.2   ,          107.6   ,             12.2   ,                        25.5   ,               4   ,        1.0500   ,               41.0   ,                 17164   ,
2026-02-11 21:06:59 ,        2730.0   ,           1312.7   ,               53.0   ,        62.3   ,                  54.0   ,                30   ,                  1998   ,                30   ,                  1998   ,           9065   ,         90   ,                        2   ,                   0   ,                    0   ,              115.0   ,                  78.3   ,               29.7   ,                 36.7   ,              12.2   ,               7.0   ,                12.2   ,          108.0   ,             12.2   ,                        27.0   ,               4   ,        1.0500   ,               41.0   ,                 17160   ,
2026-02-11 21:07:00 ,        2730.0   ,           1312.7   ,               53.2   ,        62.3   ,                  54.0   ,                30   ,                  2001   ,                30   ,                  2001   ,           9066   ,         84   ,                        2   ,                   0   ,                    0   ,              130.4   ,                  70.5   ,               28.8   ,                 35.9   ,              12.2   ,               7.1   ,                12.2   ,           99.3   ,             12.2   ,                        23.6   ,               4   ,        1.0500   ,               37.0   ,                 17159   ,
2026-02-11 21:07:01 ,        2730.0   ,           1312.7   ,               52.7   ,        62.3   ,                  56.0   ,                30   ,                  2001   ,                30   ,                  2001   ,           9053   ,         87   ,                        2   ,                   0   ,                    0   ,              108.4   ,                  72.4   ,               28.9   ,                 36.0   ,              12.2   ,               7.2   ,                12.2   ,          119.5   ,             12.2   ,                        28.1   ,               4   ,        1.0500   ,               41.0   ,                 17159   ,
2026-02-11 21:07:02 ,        2730.0   ,           1312.7   ,               53.0   ,        62.2   ,                  56.0   ,                30   ,                  2002   ,                30   ,                  2002   ,           8988   ,         91   ,                        2   ,                   0   ,                    0   ,              107.7   ,                  71.6   ,               29.0   ,                 36.0   ,              12.2   ,               7.1   ,                12.2   ,          100.6   ,             12.2   ,                        28.4   ,               4   ,        1.0500   ,               39.0   ,                 17160   ,
2026-02-11 21:07:03 ,        2730.0   ,           1312.7   ,               52.7   ,        62.3   ,                  56.0   ,                30   ,                  1998   ,                30   ,                  1999   ,           8966   ,         81   ,                        2   ,                   0   ,                    0   ,              107.0   ,                  70.7   ,               29.2   ,                 36.3   ,              12.2   ,               7.1   ,                12.2   ,          118.8   ,             12.1   ,                        28.0   ,               4   ,        1.0500   ,               42.0   ,                 17158   ,
2026-02-11 21:07:04 ,        2730.0   ,           1312.7   ,               53.1   ,        62.3   ,                  54.0   ,                30   ,                  1998   ,                30   ,                  1998   ,           8980   ,         86   ,                        2   ,                   0   ,                    0   ,              122.4   ,                  84.3   ,               30.9   ,                 38.0   ,              12.2   ,               7.1   ,                12.2   ,          112.2   ,             12.2   ,                        26.5   ,               4   ,        1.0500   ,               37.0   ,                 17163   ,
2026-02-11 21:07:05 ,        2730.0   ,           1312.7   ,               53.6   ,        62.3   ,                  56.0   ,                30   ,                  2000   ,                30   ,                  2000   ,           8985   ,         88   ,                        2   ,                   0   ,                    0   ,              121.1   ,                  83.4   ,               30.4   ,                 37.6   ,              12.2   ,               7.2   ,                12.2   ,          113.9   ,             12.2   ,                        25.2   ,               4   ,        1.0500   ,               43.0   ,                 17164   ,
2026-02-11 21:07:06 ,        2730.0   ,           1312.7   ,               52.9   ,        62.3   ,                  56.0   ,                30   ,                  2000   ,                30   ,                  2000   ,           8978   ,         88   ,                        2   ,                   0   ,                    0   ,              115.6   ,                  78.8   ,               29.7   ,                 36.8   ,              12.2   ,               7.1   ,                12.2   ,          108.5   ,             12.2   ,                        26.2   ,               4   ,        1.0500   ,               41.0   ,                 17168   ,
2026-02-11 21:07:07 ,        2730.0   ,           1312.7   ,               53.1   ,        62.2   ,                  56.0   ,                30   ,                  2000   ,                30   ,                  2000   ,           8964   ,         89   ,                        2   ,                   0   ,                    0   ,              114.9   ,                  78.6   ,               29.3   ,                 36.3   ,              12.2   ,               7.1   ,                12.2   ,          111.9   ,             12.2   ,                        26.4   ,               4   ,        1.0500   ,               42.0   ,                 17162   ,
2026-02-11 21:07:08 ,        2730.0   ,           1312.7   ,               52.8   ,        62.3   ,                  56.0   ,                30   ,                  1999   ,                30   ,                  1999   ,           8971   ,         84   ,                        2   ,                   0   ,                    0   ,              108.9   ,                  72.8   ,               29.1   ,                 36.1   ,              12.2   ,               7.1   ,                12.2   ,          117.4   ,             12.2   ,                        27.7   ,               4   ,        1.0500   ,               45.0   ,                 17174   ,
2026-02-11 21:07:09 ,        2730.0   ,           1312.7   ,               53.6   ,        62.3   ,                  56.0   ,                30   ,                  1999   ,                30   ,                  2000   ,           8917   ,         87   ,                        3   ,                   0   ,                    0   ,              105.8   ,                  69.8   ,               28.9   ,                 36.0   ,              12.2   ,               7.1   ,                12.2   ,           98.7   ,             12.2   ,                        23.5   ,               4   ,        1.0500   ,               38.0   ,                 17183   ,
2026-02-11 21:07:10 ,        2730.0   ,           1312.7   ,               52.8   ,        62.3   ,                  56.0   ,                30   ,                  2000   ,                30   ,                  2000   ,           8855   ,         88   ,                        2   ,                   0   ,                    0   ,              120.6   ,                  83.2   ,               30.6   ,                 37.7   ,              12.2   ,               7.1   ,                12.2   ,          113.7   ,             12.2   ,                        26.9   ,               4   ,        1.0500   ,               39.0   ,                 17198   ,
2026-02-11 21:07:11 ,        2730.0   ,           1312.7   ,               53.2   ,        62.3   ,                  56.0   ,                30   ,                  2001   ,                30   ,                  2000   ,           8872   ,         87   ,                        3   ,                   0   ,                    0   ,              107.8   ,                  71.9   ,               28.9   ,                 35.9   ,              12.2   ,               7.0   ,                12.2   ,          100.7   ,             12.2   ,                        23.9   ,               4   ,        1.0500   ,               37.0   ,                 17213   ,
2026-02-11 21:07:12 ,        2730.0   ,           1312.7   ,               53.6   ,        62.3   ,                  54.0   ,                30   ,                  2002   ,                30   ,                  2002   ,           8888   ,         88   ,                        2   ,                   0   ,                    0   ,              117.2   ,                  79.8   ,               31.8   ,                 38.9   ,              12.2   ,               7.1   ,                12.2   ,          122.7   ,             12.2   ,                        28.9   ,               4   ,        1.0500   ,               41.0   ,                 17215   ,
2026-02-11 21:07:13 ,        2730.0   ,           1312.7   ,               53.0   ,        62.3   ,                  56.0   ,                30   ,                  2001   ,                30   ,                  2001   ,           8872   ,         86   ,                        3   ,                   0   ,                    1   ,              132.8   ,                  93.8   ,               32.0   ,                 39.0   ,              12.2   ,               7.0   ,                12.2   ,          125.8   ,             12.2   ,                        29.5   ,               4   ,        1.0500   ,               35.0   ,                 17221   ,
2026-02-11 21:07:14 ,        2730.0   ,           1312.7   ,               53.0   ,        62.3   ,                  54.0   ,                30   ,                  1999   ,                30   ,                  1999   ,           8839   ,         91   ,                        3   ,                   0   ,                    0   ,              114.4   ,                  77.6   ,               29.7   ,                 36.8   ,              12.2   ,               7.2   ,                12.2   ,          116.4   ,             12.2   ,                        27.5   ,               4   ,        1.0500   ,               38.0   ,                 17214   ,
2026-02-11 21:07:15 ,        2730.0   ,           1312.7   ,               54.1   ,        62.3   ,                  56.0   ,                30   ,                  1998   ,                30   ,                  1998   ,           8829   ,         84   ,                        2   ,                   0   ,                    0   ,              122.8   ,                  85.2   ,               30.5   ,                 37.6   ,              12.2   ,               7.1   ,                12.2   ,          106.9   ,             12.2   ,                        25.3   ,               4   ,        1.0500   ,               36.0   ,                 17229   ,
2026-02-11 21:07:16 ,        2730.0   ,           1312.7   ,               54.0   ,        62.3   ,                  56.0   ,                30   ,                  2000   ,                30   ,                  2001   ,           8836   ,         84   ,                        2   ,                   0   ,                    0   ,              129.2   ,                  90.2   ,               31.8   ,                 39.0   ,              12.2   ,               7.2   ,                12.2   ,          107.5   ,             12.2   ,                        25.5   ,               4   ,        1.0500   ,               36.0   ,                 17220   ,
2026-02-11 21:07:17 ,        2730.0   ,           1312.7   ,               53.1   ,        62.4   ,                  54.0   ,                30   ,                  2002   ,                30   ,                  2002   ,           8849   ,         92   ,                        3   ,                   0   ,                    0   ,              120.9   ,                  82.8   ,               31.0   ,                 38.1   ,              12.2   ,               7.1   ,                12.2   ,          113.8   ,             12.1   ,                        28.8   ,               4   ,        1.0500   ,               40.0   ,                 17225   ,
2026-02-11 21:07:18 ,        2730.0   ,           1312.7   ,               52.9   ,        62.4   ,                  56.0   ,                30   ,                  2002   ,                30   ,                  2001   ,           8879   ,         87   ,                        3   ,                   0   ,                    0   ,              107.0   ,                  71.1   ,               28.7   ,                 35.9   ,              12.2   ,               7.2   ,                12.2   ,           99.9   ,             12.1   ,                        28.7   ,               4   ,        1.0500   ,               40.0   ,                 17245   ,
2026-02-11 21:07:19 ,        2730.0   ,           1312.7   ,               53.1   ,        62.5   ,                  56.0   ,                30   ,                  1998   ,                30   ,                  1998   ,           8932   ,         83   ,                        2   ,                   0   ,                    0   ,              128.1   ,                  89.3   ,               31.7   ,                 38.8   ,              12.2   ,               7.1   ,                12.2   ,          114.2   ,             12.1   ,                        27.0   ,               4   ,        1.0500   ,               41.0   ,                 17241   ,
2026-02-11 21:07:20 ,        2730.0   ,           1312.7   ,               53.0   ,        62.4   ,                  56.0   ,                30   ,                  2000   ,                30   ,                  2000   ,           8964   ,         90   ,                        3   ,                   0   ,                    0   ,              113.2   ,                  75.9   ,               30.3   ,                 37.3   ,              12.2   ,               7.1   ,                12.2   ,          106.1   ,             12.2   ,                        28.7   ,               4   ,        1.0500   ,               41.0   ,                 17254   ,
2026-02-11 21:07:21 ,        2730.0   ,           1312.7   ,               54.0   ,        62.3   ,                  56.0   ,                30   ,                  2001   ,                30   ,                  2001   ,           8980   ,         90   ,                        3   ,                   0   ,                    0   ,              119.5   ,                  82.3   ,               30.2   ,                 37.2   ,              12.2   ,               7.0   ,                12.2   ,          109.8   ,             12.2   ,                        26.0   ,               4   ,        1.0500   ,               40.0   ,                 17255   ,
2026-02-11 21:07:22 ,        2730.0   ,           1312.7   ,               53.6   ,        62.3   ,                  54.0   ,                30   ,                  2000   ,                30   ,                  2000   ,           8976   ,         87   ,                        3   ,                   0   ,                    0   ,              112.4   ,                  76.0   ,               29.3   ,                 38.2   ,              12.2   ,               7.1   ,                12.2   ,          115.7   ,             12.2   ,                        27.3   ,               4   ,        1.0500   ,               40.0   ,                 17263   ,
2026-02-11 21:07:23 ,        2730.0   ,           1312.7   ,               53.5   ,        62.6   ,                  56.0   ,                30   ,                  2001   ,                30   ,                  2001   ,           8976   ,         88   ,                        3   ,                   0   ,                    0   ,              123.6   ,                  77.9   ,               30.1   ,                 37.1   ,              12.2   ,               7.0   ,                12.2   ,          108.0   ,             12.2   ,                        25.6   ,               4   ,        1.0500   ,               37.0   ,                 17274   ,
2026-02-11 21:07:24 ,        2730.0   ,           1312.7   ,                  -   ,           -   ,                     -   ,                30   ,                  1999   ,                30   ,                  1999   ,           9026   ,         89   ,                        3   ,                   0   ,                    0   ,              109.6   ,                  73.5   ,               31.5   ,                 38.6   ,              12.2   ,               7.1   ,                12.2   ,          121.0   ,             12.2   ,                        28.5   ,               4   ,        1.0500   ,               39.0   ,                 17276   ,
2026-02-11 21:07:25 ,        2730.0   ,           1312.7   ,               53.1   ,        62.6   ,                  56.0   ,                30   ,                  1998   ,                30   ,                  1998   ,           9045   ,         86   ,                        2   ,                   0   ,                    0   ,              130.0   ,                  91.4   ,               30.5   ,                 37.6   ,              12.2   ,               7.0   ,                12.2   ,          115.0   ,             12.1   ,                        27.1   ,               4   ,        1.0500   ,               40.0   ,                 17287   ,
2026-02-11 21:07:26 ,        2730.0   ,           1312.7   ,               57.2   ,        63.2   ,                  56.0   ,                30   ,                  2001   ,                30   ,                  2001   ,           9074   ,         90   ,                        2   ,                   0   ,                    1   ,              247.0   ,                 194.5   ,               46.2   ,                 52.5   ,              12.1   ,               6.2   ,                12.2   ,          240.7   ,             12.1   ,                        54.9   ,               4   ,        1.0500   ,               34.0   ,                 17282   ,
2026-02-11 21:07:27 ,        2730.0   ,           1312.7   ,               54.4   ,        62.7   ,                  56.0   ,                30   ,                  2002   ,                30   ,                  2002   ,           9111   ,         91   ,                        3   ,                   0   ,                    1   ,              124.2   ,                  86.0   ,               31.9   ,                 39.0   ,              12.2   ,               7.1   ,                12.2   ,          126.2   ,             12.1   ,                        29.6   ,               4   ,        1.0500   ,               37.0   ,                 17290   ,
2026-02-11 21:07:28 ,        2730.0   ,           1312.7   ,               53.8   ,        62.8   ,                  56.0   ,                30   ,                  2003   ,                30   ,                  2003   ,           9158   ,         93   ,                        3   ,                   0   ,                    1   ,              132.3   ,                  93.4   ,               31.8   ,                 38.9   ,              12.2   ,               7.0   ,                12.2   ,          124.2   ,             12.1   ,                        29.2   ,               4   ,        1.0500   ,               39.0   ,                 17301   ,
2026-02-11 21:07:29 ,        2730.0   ,           1312.7   ,               54.4   ,        62.8   ,                  56.0   ,                30   ,                  2001   ,                30   ,                  2001   ,           9178   ,         92   ,                        3   ,                   0   ,                    1   ,              133.7   ,                  94.5   ,               31.9   ,                 39.0   ,              12.2   ,               7.0   ,                12.2   ,          124.5   ,             12.1   ,                        29.2   ,               4   ,        1.0500   ,               40.0   ,                 17309   ,
2026-02-11 21:07:30 ,        2730.0   ,           1312.7   ,               53.6   ,        62.8   ,                  56.0   ,                30   ,                  1998   ,                30   ,                  1998   ,           9183   ,         90   ,                        3   ,                   0   ,                    1   ,              117.1   ,                  80.4   ,               29.7   ,                 36.7   ,              12.2   ,               7.0   ,                12.2   ,          110.1   ,             12.1   ,                        26.0   ,               4   ,        1.0500   ,               39.0   ,                 17304   ,
2026-02-11 21:07:31 ,        2730.0   ,           1312.7   ,               53.7   ,        62.9   ,                  56.0   ,                30   ,                  1998   ,                30   ,                  1998   ,           9213   ,         90   ,                        4   ,                   0   ,                    1   ,              121.6   ,                  84.1   ,               30.4   ,                 37.4   ,              12.2   ,               7.0   ,                12.2   ,          114.6   ,             12.1   ,                        27.0   ,               4   ,        1.0500   ,               37.0   ,                 17298   ,
2026-02-11 21:07:32 ,        2730.0   ,           1312.7   ,               54.4   ,        62.9   ,                  56.0   ,                30   ,                  2001   ,                30   ,                  2001   ,           9218   ,         88   ,                        4   ,                   0   ,                    1   ,              130.9   ,                  92.3   ,               31.5   ,                 38.6   ,              12.2   ,               7.0   ,                12.2   ,          123.9   ,             12.1   ,                        29.1   ,               4   ,        1.0500   ,               42.0   ,                 17304   ,
2026-02-11 21:07:33 ,        2730.0   ,           1312.7   ,               53.8   ,        62.8   ,                  56.0   ,                30   ,                  1999   ,                30   ,                  1999   ,           9202   ,         92   ,                        4   ,                   0   ,                    0   ,              127.3   ,                  89.3   ,               30.9   ,                 38.0   ,              12.2   ,               7.1   ,                12.2   ,          120.2   ,             12.1   ,                        28.3   ,               4   ,        1.0500   ,               42.0   ,                 17299   ,
2026-02-11 21:07:34 ,        2730.0   ,           1312.7   ,               53.8   ,        62.9   ,                  56.0   ,                30   ,                  2000   ,                30   ,                  2000   ,           9197   ,         92   ,                        3   ,                   0   ,                    1   ,              125.4   ,                  87.4   ,               30.9   ,                 37.9   ,              12.2   ,               7.1   ,                12.2   ,          118.3   ,             12.1   ,                        27.9   ,               4   ,        1.0500   ,               41.0   ,                 17307   ,
2026-02-11 21:07:35 ,        2730.0   ,           1312.7   ,               53.9   ,        63.0   ,                  56.0   ,                30   ,                  2001   ,                30   ,                  2001   ,           9172   ,         95   ,                        3   ,                   0   ,                    1   ,              132.6   ,                  93.7   ,               31.9   ,                 39.0   ,              12.2   ,               7.0   ,                12.2   ,          125.6   ,             12.1   ,                        29.5   ,               4   ,        1.0500   ,               41.0   ,                 17317   ,
2026-02-11 21:07:36 ,        2730.0   ,           1312.7   ,               54.4   ,        63.0   ,                  56.0   ,                30   ,                  1999   ,                30   ,                  1999   ,           9146   ,         90   ,                        4   ,                   0   ,                    0   ,              132.0   ,                  92.9   ,               32.0   ,                 39.1   ,              12.2   ,               7.1   ,                12.2   ,          124.9   ,             12.1   ,                        29.3   ,               4   ,        1.0500   ,               38.0   ,                 17321   ,
2026-02-11 21:07:37 ,        2730.0   ,           1312.7   ,               57.3   ,        63.6   ,                  56.0   ,                30   ,                  2000   ,                30   ,                  2000   ,           9082   ,         64   ,                        2   ,                   0   ,                    1   ,              233.3   ,                 182.4   ,               45.3   ,                 50.9   ,              12.1   ,               5.6   ,                12.2   ,          192.9   ,             12.1   ,                        44.1   ,               4   ,        1.0500   ,               40.0   ,                 17320   ,
2026-02-11 21:07:38 ,        2730.0   ,           1312.7   ,               54.0   ,        62.9   ,                  56.0   ,                30   ,                  2001   ,                30   ,                  2001   ,           9090   ,         86   ,                        2   ,                   0   ,                    0   ,              116.8   ,                  79.8   ,               29.8   ,                 37.0   ,              12.2   ,               7.1   ,                12.2   ,          109.4   ,             12.1   ,                        25.9   ,               4   ,        1.0500   ,               42.0   ,                 17325   ,
2026-02-11 21:07:39 ,        2730.0   ,           1312.7   ,               54.0   ,        62.9   ,                  56.0   ,                30   ,                  2001   ,                30   ,                  2001   ,           9070   ,         88   ,                        2   ,                   0   ,                    0   ,              114.2   ,                  77.5   ,               29.5   ,                 36.7   ,              12.2   ,               7.2   ,                12.2   ,          117.0   ,             12.2   ,                        27.6   ,               4   ,        1.0500   ,               42.0   ,                 17322   ,
2026-02-11 21:07:40 ,        2730.0   ,           1312.7   ,               54.4   ,        62.8   ,                  56.0   ,                30   ,                  2000   ,                30   ,                  2000   ,           9056   ,         89   ,                        2   ,                   0   ,                    0   ,              108.9   ,                  72.9   ,               29.0   ,                 36.0   ,              12.2   ,               7.1   ,                12.2   ,          116.7   ,             12.1   ,                        27.5   ,               4   ,        1.0500   ,               41.0   ,                 17324   ,
2026-02-11 21:07:41 ,        2730.0   ,           1312.7   ,               53.6   ,        62.8   ,                  56.0   ,                30   ,                  1999   ,                30   ,                  1999   ,           9036   ,         91   ,                        2   ,                   0   ,                    0   ,              115.1   ,                  78.1   ,               30.0   ,                 37.0   ,              12.2   ,               7.1   ,                12.2   ,          119.5   ,             12.1   ,                        28.1   ,               4   ,        1.0500   ,               42.0   ,                 17317   ,
2026-02-11 21:07:42 ,        2730.0   ,           1312.7   ,               55.0   ,        62.9   ,                  56.0   ,                30   ,                  2000   ,                30   ,                  2000   ,           9020   ,         91   ,                        2   ,                   0   ,                    0   ,              124.0   ,                  85.8   ,               31.1   ,                 38.2   ,              12.2   ,               7.1   ,                12.2   ,          116.9   ,             12.1   ,                        26.5   ,               4   ,        1.0500   ,               36.0   ,                 17307   ,
2026-02-11 21:07:43 ,        2730.0   ,           1312.7   ,               53.7   ,        62.9   ,                  56.0   ,                30   ,                  2001   ,                30   ,                  2001   ,           9012   ,         86   ,                        3   ,                   0   ,                    0   ,              116.8   ,                  79.8   ,               29.9   ,                 37.0   ,              12.2   ,               7.1   ,                12.2   ,          109.7   ,             12.1   ,                        26.0   ,               4   ,        1.0500   ,               36.0   ,                 17316   ,
2026-02-11 21:07:44 ,        2730.0   ,           1312.7   ,               53.9   ,        62.9   ,                  56.0   ,                30   ,                  2002   ,                30   ,                  2002   ,           9010   ,         88   ,                        2   ,                   0   ,                    0   ,              121.4   ,                  86.6   ,               31.1   ,                 38.2   ,              12.2   ,               7.1   ,                12.2   ,          117.7   ,             12.1   ,                        24.1   ,               4   ,        1.0500   ,               41.0   ,                 17314   ,
2026-02-11 21:07:45 ,        2730.0   ,           1312.7   ,               53.6   ,        63.0   ,                  56.0   ,                30   ,                  2000   ,                30   ,                  2000   ,           8993   ,         26   ,                        5   ,                   0   ,                    1   ,              111.5   ,                  75.3   ,               30.9   ,                 38.0   ,              12.2   ,               7.1   ,                12.2   ,          112.7   ,             12.1   ,                        24.2   ,               4   ,        1.0500   ,               41.0   ,                 17303   ,
2026-02-11 21:07:46 ,        2730.0   ,           1312.7   ,               53.4   ,        62.9   ,                  56.0   ,                30   ,                  2001   ,                30   ,                  2001   ,           8982   ,         85   ,                        2   ,                   0   ,                    0   ,              105.2   ,                  69.4   ,               28.8   ,                 35.8   ,              12.2   ,               7.0   ,                12.2   ,           98.2   ,             12.1   ,                        27.7   ,               4   ,        1.0500   ,               36.0   ,                 17310   ,
2026-02-11 21:07:47 ,        2730.0   ,           1312.7   ,               53.4   ,        62.9   ,                  56.0   ,                30   ,                  1999   ,                30   ,                  1999   ,           8986   ,         90   ,                        2   ,                   0   ,                    0   ,              116.8   ,                  79.2   ,               30.5   ,                 37.6   ,              12.2   ,               7.1   ,                12.2   ,          102.0   ,             12.1   ,                        24.2   ,               4   ,        1.0500   ,               37.0   ,                 17308   ,
2026-02-11 21:07:48 ,        2730.0   ,           1312.7   ,               53.9   ,        62.8   ,                  56.0   ,                30   ,                  1999   ,                30   ,                  1999   ,           9017   ,         87   ,                        2   ,                   0   ,                    0   ,              122.6   ,                  84.6   ,               31.0   ,                 38.0   ,              12.2   ,               7.1   ,                12.2   ,          100.1   ,             12.2   ,                        23.8   ,               4   ,        1.0500   ,               40.0   ,                 17299   ,
2026-02-11 21:07:50 ,        2730.0   ,           1312.7   ,               53.1   ,        62.8   ,                  58.0   ,                30   ,                  2001   ,                30   ,                  2001   ,           8973   ,         74   ,                        1   ,                   0   ,                    0   ,              112.1   ,                  68.1   ,               29.4   ,                 36.5   ,              12.2   ,               7.1   ,                12.2   ,           95.5   ,             12.1   ,                        23.2   ,               4   ,        1.0500   ,               40.0   ,                 17314   ,
2026-02-11 21:07:51 ,        2730.0   ,           1312.7   ,               53.0   ,        62.7   ,                  56.0   ,                30   ,                  2003   ,                30   ,                  2003   ,           8967   ,         82   ,                        0   ,                   0   ,                    0   ,              104.4   ,                  68.8   ,               28.5   ,                 37.2   ,              12.2   ,               7.1   ,                12.2   ,           84.6   ,             12.2   ,                        24.1   ,               4   ,        1.0500   ,               37.0   ,                 17313   ,
2026-02-11 21:07:51 ,        2730.0   ,           1312.7   ,               56.5   ,        63.0   ,                  56.0   ,                30   ,                  1998   ,                30   ,                  1998   ,           8961   ,         84   ,                        2   ,                   0   ,                    1   ,              120.6   ,                  83.9   ,               29.8   ,                 36.7   ,              12.2   ,               6.8   ,                12.2   ,          113.8   ,             12.1   ,                        26.8   ,               4   ,        1.0500   ,               38.0   ,                 17304   ,
2026-02-11 21:07:52 ,        2730.0   ,           1312.7   ,               53.4   ,        62.8   ,                  58.0   ,                30   ,                  1999   ,                30   ,                  1999   ,           8982   ,         90   ,                        3   ,                   0   ,                    0   ,              114.8   ,                  77.5   ,               30.2   ,                 37.3   ,              12.2   ,               7.1   ,                12.2   ,          120.5   ,             12.1   ,                        28.4   ,               4   ,        1.0500   ,               37.0   ,                 17296   ,
2026-02-11 21:07:53 ,        2730.0   ,           1312.7   ,               53.4   ,        63.0   ,                  56.0   ,                30   ,                  2001   ,                30   ,                  2001   ,           8988   ,         87   ,                        3   ,                   0   ,                    0   ,              116.2   ,                  78.9   ,               30.3   ,                 37.3   ,              12.2   ,               7.0   ,                12.2   ,          112.4   ,             12.1   ,                        26.5   ,               4   ,        1.0500   ,               38.0   ,                 17295   ,
2026-02-11 21:07:54 ,        2730.0   ,           1312.7   ,               53.5   ,        62.9   ,                  56.0   ,                30   ,                  2001   ,                30   ,                  2001   ,           8992   ,         88   ,                        2   ,                   0   ,                    0   ,              127.9   ,                  89.1   ,               29.7   ,                 36.9   ,              12.2   ,               7.1   ,                12.2   ,          107.5   ,             12.1   ,                        25.5   ,               4   ,        1.0500   ,               36.0   ,                 17304   ,
2026-02-11 21:07:55 ,        2730.0   ,           1312.7   ,               53.6   ,        62.9   ,                  56.0   ,                30   ,                  2001   ,                30   ,                  2001   ,           8992   ,         90   ,                        2   ,                   0   ,                    0   ,              126.6   ,                  84.2   ,               30.6   ,                 37.8   ,              12.2   ,               7.1   ,                12.2   ,          114.8   ,             12.2   ,                        27.1   ,               4   ,        1.0500   ,               41.0   ,                 17305   ,
2026-02-11 21:07:56 ,        2730.0   ,           1312.7   ,               53.5   ,        62.9   ,                  56.0   ,                30   ,                  2000   ,                30   ,                  2000   ,           8994   ,         90   ,                        2   ,                   0   ,                    0   ,              109.9   ,                  73.4   ,               29.3   ,                 36.4   ,              12.2   ,               7.1   ,                12.2   ,          102.8   ,             12.2   ,                        24.4   ,               4   ,        1.0500   ,               39.0   ,                 17298   ,
2026-02-11 21:07:57 ,        2730.0   ,           1312.7   ,               53.7   ,        62.9   ,                  56.0   ,                30   ,                  1996   ,                30   ,                  1996   ,           9018   ,         90   ,                        2   ,                   0   ,                    0   ,              116.6   ,                  79.2   ,               30.4   ,                 37.4   ,              12.2   ,               7.0   ,                12.2   ,          109.6   ,             12.2   ,                        25.9   ,               4   ,        1.0500   ,               39.0   ,                 17310   ,
2026-02-11 21:07:58 ,        2730.0   ,           1312.7   ,               52.8   ,        62.5   ,                  56.0   ,                30   ,                  1998   ,                30   ,                  1998   ,           9101   ,         26   ,                        0   ,                   0   ,                    0   ,              104.1   ,                  68.1   ,               29.0   ,                 36.0   ,              12.2   ,               7.0   ,                12.2   ,           97.1   ,             12.2   ,                        23.1   ,               4   ,        1.0500   ,               40.0   ,                 17320   ,
2026-02-11 21:07:59 ,        2730.0   ,           1312.7   ,               52.6   ,        62.4   ,                  56.0   ,                30   ,                  2001   ,                30   ,                  2001   ,           9084   ,         24   ,                        1   ,                   0   ,                    0   ,              100.6   ,                  64.7   ,               28.9   ,                 35.9   ,              12.2   ,               7.0   ,                12.2   ,           93.6   ,             12.2   ,                        22.4   ,               4   ,        1.0500   ,               38.0   ,                 17317   ,
2026-02-11 21:08:00 ,        2730.0   ,           1312.7   ,               52.8   ,        62.4   ,                  56.0   ,                30   ,                  2002   ,                30   ,                  2003   ,           9083   ,         55   ,                        1   ,                   0   ,                    0   ,              105.3   ,                  69.2   ,               29.1   ,                 36.1   ,              12.2   ,               7.0   ,                12.2   ,           94.5   ,             12.1   ,                        22.5   ,               4   ,        1.0500   ,               40.0   ,                 17327   ,
2026-02-11 21:08:01 ,        2730.0   ,           1312.7   ,               52.6   ,        62.3   ,                  56.0   ,                30   ,                  1998   ,                30   ,                  1998   ,           9091   ,         52   ,                        1   ,                   0   ,                    0   ,              102.5   ,                  66.5   ,               29.0   ,                 36.0   ,              12.2   ,               7.0   ,                12.2   ,           97.3   ,             12.2   ,                        23.2   ,               4   ,        1.0500   ,               40.0   ,                 17322   ,
2026-02-11 21:08:02 ,        2730.0   ,           1312.7   ,               52.6   ,        62.3   ,                  56.0   ,                30   ,                  1999   ,                30   ,                  1999   ,           9100   ,         61   ,                        1   ,                   0   ,                    0   ,              102.1   ,                  66.0   ,               29.0   ,                 36.0   ,              12.2   ,               7.1   ,                12.2   ,           93.4   ,             12.2   ,                        22.3   ,               4   ,        1.0500   ,               42.0   ,                 17321   ,
2026-02-11 21:08:03 ,        2730.0   ,           1312.7   ,               52.6   ,        62.3   ,                  56.0   ,                30   ,                  1999   ,                30   ,                  1999   ,           9107   ,         58   ,                        1   ,                   0   ,                    0   ,              108.9   ,                  72.6   ,               29.3   ,                 36.3   ,              12.2   ,               7.0   ,                12.2   ,           98.0   ,             12.2   ,                        23.3   ,               4   ,        1.0500   ,               40.0   ,                 17318   ,
2026-02-11 21:08:04 ,        2730.0   ,           1312.7   ,               52.4   ,        62.3   ,                  56.0   ,                30   ,                  2001   ,                30   ,                  2001   ,           9094   ,         48   ,                        1   ,                   0   ,                    0   ,              103.5   ,                  67.5   ,               28.7   ,                 35.7   ,              12.2   ,               7.0   ,                12.2   ,           91.1   ,             12.2   ,                        21.8   ,               4   ,        1.0500   ,               41.0   ,                 17325   ,
2026-02-11 21:08:05 ,        2730.0   ,           1312.7   ,               52.4   ,        62.3   ,                  56.0   ,                30   ,                  2002   ,                30   ,                  2002   ,           9096   ,         52   ,                        1   ,                   0   ,                    0   ,              105.1   ,                  69.2   ,               28.9   ,                 35.9   ,              12.2   ,               7.0   ,                12.2   ,           97.3   ,             12.2   ,                        23.2   ,               4   ,        1.0500   ,               41.0   ,                 17325   ,
2026-02-11 21:08:06 ,        2730.0   ,           1312.7   ,               52.4   ,        62.2   ,                  56.0   ,                30   ,                  2003   ,                30   ,                  2003   ,           9089   ,         49   ,                        1   ,                   0   ,                    0   ,              103.9   ,                  67.9   ,               28.9   ,                 36.0   ,              12.2   ,               7.1   ,                12.2   ,           94.7   ,             12.2   ,                        22.6   ,               4   ,        1.0500   ,               41.0   ,                 17325   ,
2026-02-11 21:08:07 ,        2730.0   ,           1312.7   ,               52.6   ,        62.1   ,                  58.0   ,                30   ,                  2000   ,                30   ,                  2000   ,           9087   ,         41   ,                        1   ,                   0   ,                    0   ,              104.5   ,                  68.2   ,               29.2   ,                 36.3   ,              12.2   ,               7.1   ,                12.2   ,           95.2   ,             12.2   ,                        22.6   ,               4   ,        1.0500   ,               39.0   ,                 17324   ,
2026-02-11 21:08:08 ,        2730.0   ,           1312.7   ,               52.4   ,        62.2   ,                  58.0   ,                30   ,                  1998   ,                30   ,                  1998   ,           9085   ,         41   ,                        1   ,                   0   ,                    0   ,              101.1   ,                  65.1   ,               28.9   ,                 36.0   ,              12.2   ,               7.0   ,                12.2   ,           94.1   ,             12.2   ,                        22.5   ,               4   ,        1.0500   ,               42.0   ,                 17325   ,
2026-02-11 21:08:09 ,        2730.0   ,           1312.7   ,               52.4   ,        62.1   ,                  56.0   ,                30   ,                  2000   ,                30   ,                  1999   ,           9081   ,         46   ,                        1   ,                   0   ,                    0   ,              104.8   ,                  68.6   ,               29.1   ,                 36.0   ,              12.2   ,               6.9   ,                12.2   ,           96.4   ,             12.2   ,                        23.0   ,               4   ,        1.0500   ,               41.0   ,                 17323   ,
2026-02-11 21:08:10 ,        2730.0   ,           1312.7   ,               52.2   ,        62.2   ,                  56.0   ,                30   ,                  2002   ,                30   ,                  2002   ,           9076   ,         41   ,                        1   ,                   0   ,                    0   ,              103.5   ,                  67.5   ,               29.0   ,                 36.0   ,              12.2   ,               7.0   ,                12.2   ,           96.5   ,             12.2   ,                        23.0   ,               4   ,        1.0500   ,               39.0   ,                 17318   ,
2026-02-11 21:08:11 ,        2730.0   ,           1312.7   ,               52.4   ,        62.1   ,                  56.0   ,                30   ,                  2001   ,                30   ,                  2001   ,           9064   ,         43   ,                        1   ,                   0   ,                    0   ,              105.0   ,                  68.9   ,               29.1   ,                 36.1   ,              12.2   ,               7.0   ,                12.2   ,           95.3   ,             12.2   ,                        22.7   ,               4   ,        1.0500   ,               41.0   ,                 17325   ,
2026-02-11 21:08:12 ,        2730.0   ,           1312.7   ,               52.6   ,        62.0   ,                  56.0   ,                30   ,                  1998   ,                30   ,                  1998   ,           9061   ,         25   ,                        1   ,                   0   ,                    0   ,              101.7   ,                  65.8   ,               28.9   ,                 35.9   ,              12.2   ,               7.0   ,                12.2   ,           94.7   ,             12.2   ,                        22.3   ,               4   ,        1.0500   ,               38.0   ,                 17334   ,
2026-02-11 21:08:13 ,        2730.0   ,           1312.7   ,               52.3   ,        62.0   ,                  56.0   ,                30   ,                  1998   ,                30   ,                  1998   ,           9058   ,         48   ,                        1   ,                   0   ,                    0   ,              101.8   ,                  66.3   ,               28.6   ,                 35.6   ,              12.2   ,               7.0   ,                12.2   ,           92.6   ,             12.2   ,                        22.1   ,               4   ,        1.0500   ,               41.0   ,                 17349   ,
2026-02-11 21:08:14 ,        2730.0   ,           1312.7   ,               52.1   ,        61.9   ,                  56.0   ,                30   ,                  2001   ,                30   ,                  2001   ,           9056   ,         42   ,                        1   ,                   0   ,                    0   ,              102.4   ,                  66.6   ,               28.9   ,                 35.8   ,              12.2   ,               6.9   ,                12.2   ,           96.4   ,             12.2   ,                        23.0   ,               4   ,        1.0500   ,               39.0   ,                 17338   ,
2026-02-11 21:08:15 ,        2730.0   ,           1312.7   ,               52.2   ,        62.0   ,                  56.0   ,                30   ,                  2000   ,                30   ,                  2000   ,           9053   ,         35   ,                        1   ,                   0   ,                    0   ,              100.7   ,                  64.8   ,               28.8   ,                 35.8   ,              12.2   ,               7.0   ,                12.2   ,           92.3   ,             12.2   ,                        22.1   ,               4   ,        1.0500   ,               38.0   ,                 17337   ,
2026-02-11 21:08:16 ,        2730.0   ,           1312.7   ,               52.1   ,        62.0   ,                  56.0   ,                30   ,                  2001   ,                30   ,                  2001   ,           9054   ,         41   ,                        1   ,                   0   ,                    0   ,              105.5   ,                  69.3   ,               29.2   ,                 36.3   ,              12.2   ,               7.0   ,                12.2   ,           96.5   ,             12.2   ,                        23.0   ,               4   ,        1.0500   ,               38.0   ,                 17337   ,
2026-02-11 21:08:17 ,        2730.0   ,           1312.7   ,               52.0   ,        62.0   ,                  56.0   ,                30   ,                  2002   ,                30   ,                  2002   ,           9042   ,         48   ,                        1   ,                   0   ,                    0   ,              101.4   ,                  65.4   ,               28.9   ,                 36.0   ,              12.2   ,               7.1   ,                12.2   ,           97.1   ,             12.2   ,                        23.2   ,               4   ,        1.0500   ,               38.0   ,                 17338   ,
2026-02-11 21:08:18 ,        2730.0   ,           1312.7   ,               52.4   ,        61.9   ,                  56.0   ,                30   ,                  2002   ,                30   ,                  2002   ,           9011   ,         50   ,                        1   ,                   0   ,                    0   ,              104.4   ,                  68.2   ,               29.0   ,                 36.1   ,              12.2   ,               7.1   ,                12.2   ,           95.5   ,             12.2   ,                        22.8   ,               4   ,        1.0500   ,               37.0   ,                 17338   ,
2026-02-11 21:08:19 ,        2730.0   ,           1312.7   ,               52.5   ,        61.9   ,                  56.0   ,                30   ,                  1998   ,                30   ,                  1998   ,           9017   ,         52   ,                        1   ,                   0   ,                    0   ,              104.7   ,                  68.5   ,               29.1   ,                 36.2   ,              12.2   ,               7.1   ,                12.2   ,           97.9   ,             12.2   ,                        23.3   ,               4   ,        1.0500   ,               38.0   ,                 17339   ,
2026-02-11 21:08:20 ,        2730.0   ,           1312.7   ,               52.2   ,        61.9   ,                  56.0   ,                30   ,                  2000   ,                30   ,                  2000   ,           9015   ,         43   ,                        1   ,                   0   ,                    0   ,              103.3   ,                  67.3   ,               28.8   ,                 35.9   ,              12.2   ,               7.1   ,                12.2   ,           95.7   ,             12.2   ,                        22.8   ,               4   ,        1.0500   ,               42.0   ,                 17338   ,
2026-02-11 21:08:21 ,        2730.0   ,           1312.7   ,               52.4   ,        61.9   ,                  56.0   ,                30   ,                  2001   ,                30   ,                  2001   ,           8995   ,         44   ,                        1   ,                   0   ,                    0   ,              102.2   ,                  66.3   ,               29.0   ,                 35.9   ,              12.2   ,               7.1   ,                12.2   ,           93.4   ,             12.2   ,                        22.3   ,               4   ,        1.0500   ,               41.0   ,                 17338   ,
2026-02-11 21:08:22 ,        2730.0   ,           1312.7   ,               52.0   ,        61.8   ,                  56.0   ,                30   ,                  2004   ,                30   ,                  2004   ,           8980   ,         44   ,                        1   ,                   0   ,                    0   ,              103.7   ,                  67.6   ,               28.8   ,                 35.8   ,              12.2   ,               7.0   ,                12.2   ,           93.2   ,             12.2   ,                        22.3   ,               4   ,        1.0500   ,               42.0   ,                 17338   ,
2026-02-11 21:08:23 ,        2730.0   ,           1312.7   ,               52.3   ,        61.9   ,                  56.0   ,                30   ,                  1999   ,                30   ,                  1999   ,           8980   ,         47   ,                        1   ,                   0   ,                    0   ,              105.3   ,                  69.2   ,               29.1   ,                 36.1   ,              12.2   ,               7.0   ,                12.2   ,           96.6   ,             12.2   ,                        23.0   ,               4   ,        1.0500   ,               39.0   ,                 17337   ,
2026-02-11 21:08:24 ,        2730.0   ,           1312.7   ,               52.2   ,        61.8   ,                  56.0   ,                30   ,                  1998   ,                30   ,                  1998   ,           8981   ,         34   ,                        1   ,                   0   ,                    0   ,              103.7   ,                  67.7   ,               29.0   ,                 36.0   ,              12.2   ,               7.0   ,                12.2   ,           96.7   ,             12.2   ,                        23.0   ,               4   ,        1.0500   ,               38.0   ,                 17337   ,
2026-02-11 21:08:25 ,        2730.0   ,           1312.7   ,               51.9   ,        61.8   ,                  58.0   ,                30   ,                  1999   ,                30   ,                  1999   ,           8976   ,         44   ,                        1   ,                   0   ,                    0   ,               99.3   ,                  63.7   ,               28.6   ,                 35.7   ,              12.2   ,               7.0   ,                12.2   ,           92.3   ,             12.1   ,                        22.9   ,               4   ,        1.0500   ,               39.0   ,                 17336   ,
2026-02-11 21:08:26 ,        2730.0   ,           1312.7   ,               52.2   ,        61.7   ,                  56.0   ,                30   ,                  2002   ,                30   ,                  2002   ,           8976   ,         51   ,                        1   ,                   0   ,                    0   ,              101.4   ,                  65.6   ,               28.8   ,                 35.8   ,              12.2   ,               7.0   ,                12.2   ,           94.7   ,             12.2   ,                        22.6   ,               4   ,        1.0500   ,               37.0   ,                 17333   ,
2026-02-11 21:08:27 ,        2730.0   ,           1312.7   ,               51.8   ,        61.8   ,                  56.0   ,                30   ,                  2000   ,                30   ,                  2001   ,           8976   ,         46   ,                        1   ,                   0   ,                    0   ,               98.9   ,                  63.1   ,               28.7   ,                 35.7   ,              12.2   ,               7.0   ,                12.2   ,           94.8   ,             12.2   ,                        22.6   ,               4   ,        1.0500   ,               40.0   ,                 17334   ,
2026-02-11 21:08:28 ,        2730.0   ,           1312.7   ,               51.8   ,        61.7   ,                  56.0   ,                30   ,                  2001   ,                30   ,                  2001   ,           8974   ,         55   ,                        1   ,                   0   ,                    0   ,              101.3   ,                  65.4   ,               28.9   ,                 35.8   ,              12.2   ,               7.0   ,                12.2   ,           92.7   ,             12.2   ,                        22.2   ,               4   ,        1.0500   ,               41.0   ,                 17334   ,
2026-02-11 21:08:29 ,        2730.0   ,           1312.7   ,               51.9   ,        61.7   ,                  54.0   ,                30   ,                  1999   ,                30   ,                  1999   ,           8973   ,         53   ,                        1   ,                   0   ,                    0   ,              102.0   ,                  66.0   ,               29.0   ,                 36.1   ,              12.2   ,               7.1   ,                12.2   ,           90.4   ,             12.2   ,                        21.7   ,               4   ,        1.0500   ,               41.0   ,                 17334   ,
2026-02-11 21:08:30 ,        2730.0   ,           1312.7   ,               52.0   ,        61.7   ,                  56.0   ,                30   ,                  1998   ,                30   ,                  1998   ,           8980   ,         57   ,                        1   ,                   0   ,                    0   ,              103.0   ,                  67.1   ,               28.9   ,                 35.9   ,              12.2   ,               7.0   ,                12.2   ,           94.9   ,             12.2   ,                        22.6   ,               4   ,        1.0500   ,               40.0   ,                 17333   ,
2026-02-11 21:08:31 ,        2730.0   ,           1312.7   ,               51.6   ,        61.8   ,                  56.0   ,                30   ,                  1999   ,                30   ,                  1999   ,           8990   ,         53   ,                        1   ,                   0   ,                    0   ,              100.4   ,                  64.7   ,               28.7   ,                 35.8   ,              12.2   ,               7.0   ,                12.2   ,           95.2   ,             12.2   ,                        22.7   ,               4   ,        1.0500   ,               42.0   ,                 17332   ,
2026-02-11 21:08:32 ,        2730.0   ,           1312.7   ,               51.8   ,        61.7   ,                  56.0   ,                30   ,                  2001   ,                30   ,                  2001   ,           8988   ,         48   ,                        1   ,                   0   ,                    0   ,              101.0   ,                  65.1   ,               28.8   ,                 35.8   ,              12.2   ,               7.0   ,                12.2   ,           93.9   ,             12.2   ,                        22.4   ,               4   ,        1.0500   ,               37.0   ,                 17332   ,
2026-02-11 21:08:33 ,        2730.0   ,           1312.7   ,               52.1   ,        61.6   ,                  54.0   ,                30   ,                  2001   ,                30   ,                  2001   ,           8987   ,         48   ,                        1   ,                   0   ,                    0   ,              100.4   ,                  66.0   ,               29.0   ,                 36.0   ,              12.2   ,               7.0   ,                12.2   ,           95.0   ,             12.2   ,                        22.7   ,               4   ,        1.0500   ,               39.0   ,                 17332   ,
2026-02-11 21:08:34 ,        2730.0   ,           1312.7   ,               51.7   ,        61.7   ,                  56.0   ,                30   ,                  2000   ,                30   ,                  2000   ,           9002   ,         44   ,                        1   ,                   0   ,                    0   ,              100.7   ,                  63.9   ,               28.8   ,                 35.9   ,              12.2   ,               7.0   ,                12.2   ,           92.8   ,             12.2   ,                        22.2   ,               4   ,        1.0500   ,               41.0   ,                 17332   ,
2026-02-11 21:08:35 ,        2730.0   ,           1312.7   ,               52.0   ,        61.6   ,                  56.0   ,                30   ,                  2000   ,                30   ,                  2001   ,           9002   ,         52   ,                        1   ,                   0   ,                    0   ,              102.4   ,                  66.3   ,               29.0   ,                 36.0   ,              12.2   ,               7.0   ,                12.2   ,           95.3   ,             12.2   ,                        21.8   ,               4   ,        1.0500   ,               41.0   ,                 17331   ,
2026-02-11 21:08:37 ,        2730.0   ,           1312.7   ,               51.8   ,        61.5   ,                  54.0   ,                30   ,                  2002   ,                30   ,                  2002   ,           8974   ,         49   ,                        1   ,                   0   ,                    0   ,              100.4   ,                  64.7   ,               28.7   ,                 35.7   ,              12.2   ,               7.0   ,                12.2   ,           90.6   ,             12.2   ,                        21.7   ,               4   ,        1.0500   ,               38.0   ,                 17333   ,
2026-02-11 21:08:37 ,        2730.0   ,           1312.7   ,               52.1   ,        61.6   ,                  56.0   ,                30   ,                  2000   ,                30   ,                  2000   ,           8971   ,         41   ,                        1   ,                   0   ,                    0   ,              103.9   ,                  67.8   ,               29.1   ,                 36.1   ,              12.2   ,               7.1   ,                12.2   ,           94.1   ,             12.1   ,                        22.5   ,               4   ,        1.0500   ,               39.0   ,                 17332   ,
2026-02-11 21:08:38 ,        2730.0   ,           1312.7   ,               51.9   ,        61.5   ,                  56.0   ,                30   ,                  2002   ,                30   ,                  2002   ,           8970   ,         43   ,                        1   ,                   0   ,                    0   ,              105.4   ,                  69.1   ,               29.3   ,                 35.9   ,              12.2   ,               7.0   ,                12.2   ,           94.5   ,             12.2   ,                        22.6   ,               4   ,        1.0500   ,               38.0   ,                 17332   ,
2026-02-11 21:08:39 ,        2730.0   ,           1312.7   ,               51.8   ,        61.6   ,                  56.0   ,                30   ,                  2000   ,                30   ,                  2000   ,           8983   ,         47   ,                        1   ,                   0   ,                    0   ,              104.6   ,                  68.4   ,               29.2   ,                 36.2   ,              12.2   ,               7.0   ,                12.2   ,           93.2   ,             12.2   ,                        22.3   ,               4   ,        1.0500   ,               41.0   ,                 17334   ,
2026-02-11 21:08:40 ,        2730.0   ,           1312.7   ,               51.7   ,        61.5   ,                  56.0   ,                30   ,                  2001   ,                30   ,                  2001   ,           8983   ,         41   ,                        1   ,                   0   ,                    0   ,              105.1   ,                  68.9   ,               29.2   ,                 36.0   ,              12.2   ,               7.0   ,                12.2   ,           95.2   ,             12.2   ,                        22.7   ,               4   ,        1.0500   ,               39.0   ,                 17334   ,
2026-02-11 21:08:41 ,        2730.0   ,           1312.7   ,               51.9   ,        61.5   ,                  56.0   ,                30   ,                  1999   ,                30   ,                  2000   ,           8983   ,         37   ,                        1   ,                   0   ,                    0   ,              107.1   ,                  68.3   ,               29.0   ,                 36.0   ,              12.2   ,               7.0   ,                12.2   ,           97.4   ,             12.2   ,                        23.2   ,               4   ,        1.0500   ,               39.0   ,                 17334   ,
2026-02-11 21:08:42 ,        2730.0   ,           1312.7   ,               51.8   ,        61.4   ,                  54.0   ,                30   ,                  2003   ,                30   ,                  2002   ,           8983   ,         44   ,                        1   ,                   0   ,                    0   ,              105.9   ,                  67.7   ,               29.0   ,                 36.0   ,              12.2   ,               7.0   ,                12.2   ,           96.7   ,             12.2   ,                        23.0   ,               4   ,        1.0500   ,               41.0   ,                 17332   ,
2026-02-11 21:08:43 ,        2730.0   ,           1312.7   ,               51.7   ,        61.6   ,                  56.0   ,                30   ,                  2001   ,                30   ,                  2001   ,           8955   ,         46   ,                        1   ,                   0   ,                    0   ,              103.5   ,                  67.4   ,               29.1   ,                 36.0   ,              12.2   ,               6.9   ,                12.2   ,           97.7   ,             12.2   ,                        23.3   ,               4   ,        1.0500   ,               39.0   ,                 17334   ,
2026-02-11 21:08:44 ,        2730.0   ,           1312.7   ,               52.0   ,        61.5   ,                  56.0   ,                30   ,                  2001   ,                30   ,                  2000   ,           8953   ,         39   ,                        1   ,                   0   ,                    0   ,              104.3   ,                  68.2   ,               29.0   ,                 36.0   ,              12.2   ,               7.0   ,                12.2   ,           97.3   ,             12.2   ,                        23.2   ,               4   ,        1.0500   ,               39.0   ,                 17334   ,
2026-02-11 21:08:45 ,        2730.0   ,           1312.7   ,               51.8   ,        61.5   ,                  54.0   ,                30   ,                  2000   ,                30   ,                  2000   ,           8954   ,         47   ,                        1   ,                   0   ,                    0   ,              105.7   ,                  69.5   ,               28.9   ,                 35.9   ,              12.2   ,               7.0   ,                12.2   ,           93.5   ,             12.2   ,                        22.3   ,               4   ,        1.0500   ,               39.0   ,                 17334   ,
2026-02-11 21:08:46 ,        2730.0   ,           1312.7   ,               52.0   ,        61.3   ,                  56.0   ,                30   ,                  2000   ,                30   ,                  2000   ,           8954   ,         43   ,                        1   ,                   0   ,                    0   ,              104.3   ,                  68.1   ,               29.1   ,                 36.0   ,              12.2   ,               7.0   ,                12.2   ,           96.7   ,             12.2   ,                        23.0   ,               4   ,        1.0500   ,               40.0   ,                 17334   ,
2026-02-11 21:08:47 ,        2730.0   ,           1312.7   ,               51.6   ,        61.4   ,                  54.0   ,                30   ,                  2001   ,                30   ,                  2002   ,           8954   ,         45   ,                        1   ,                   0   ,                    0   ,              105.7   ,                  69.6   ,               28.8   ,                 35.8   ,              12.2   ,               7.0   ,                12.2   ,           93.6   ,             12.2   ,                        22.3   ,               4   ,        1.0500   ,               39.0   ,                 17334   ,
2026-02-11 21:08:48 ,        2730.0   ,           1312.7   ,               51.8   ,        61.3   ,                  54.0   ,                30   ,                  2000   ,                30   ,                  2000   ,           8950   ,         52   ,                        1   ,                   0   ,                    0   ,              102.4   ,                  66.5   ,               28.9   ,                 35.9   ,              12.2   ,               7.0   ,                12.2   ,           95.3   ,             12.2   ,                        23.4   ,               4   ,        1.0500   ,               41.0   ,                 17329   ,
2026-02-11 21:08:49 ,        2730.0   ,           1312.7   ,               51.7   ,        61.3   ,                  54.0   ,                30   ,                  2003   ,                30   ,                  2003   ,           8978   ,         48   ,                        1   ,                   0   ,                    0   ,              103.6   ,                  67.6   ,               29.0   ,                 36.0   ,              12.2   ,               7.0   ,                12.2   ,           92.8   ,             12.2   ,                        22.2   ,               4   ,        1.0500   ,               38.0   ,                 17328   ,
2026-02-11 21:08:50 ,        2730.0   ,           1312.7   ,               51.6   ,        61.3   ,                  56.0   ,                30   ,                  2001   ,                30   ,                  2001   ,           8977   ,         43   ,                        1   ,                   0   ,                    0   ,              101.2   ,                  65.3   ,               29.0   ,                 35.9   ,              12.2   ,               7.0   ,                12.2   ,           94.2   ,             12.2   ,                        22.9   ,               4   ,        1.0500   ,               40.0   ,                 17324   ,
2026-02-11 21:08:51 ,        2730.0   ,           1312.7   ,               52.0   ,        61.4   ,                  56.0   ,                30   ,                  2000   ,                30   ,                  2000   ,           8977   ,         44   ,                        1   ,                   0   ,                    0   ,              105.8   ,                  69.6   ,               29.2   ,                 36.2   ,              12.2   ,               7.0   ,                12.2   ,           98.8   ,             12.2   ,                        23.5   ,               4   ,        1.0500   ,               40.0   ,                 17323   ,
2026-02-11 21:08:52 ,        2730.0   ,           1312.7   ,               51.6   ,        61.4   ,                  56.0   ,                30   ,                  2001   ,                30   ,                  2001   ,           8977   ,         40   ,                        1   ,                   0   ,                    0   ,              103.2   ,                  67.2   ,               29.0   ,                 36.0   ,              12.2   ,               7.0   ,                12.2   ,           91.0   ,             12.2   ,                        21.8   ,               4   ,        1.0500   ,               41.0   ,                 17322   ,
2026-02-11 21:08:53 ,        2730.0   ,           1312.7   ,               51.7   ,        61.3   ,                  56.0   ,                30   ,                  2000   ,                30   ,                  2001   ,           8979   ,         46   ,                        1   ,                   0   ,                    0   ,              101.8   ,                  65.8   ,               29.0   ,                 36.0   ,              12.2   ,               7.0   ,                12.2   ,           95.8   ,             12.2   ,                        22.9   ,               4   ,        1.0500   ,               39.0   ,                 17322   ,
2026-02-11 21:08:54 ,        2730.0   ,           1312.7   ,               51.4   ,        61.3   ,                  54.0   ,                30   ,                  2002   ,                30   ,                  2001   ,           8979   ,         50   ,                        1   ,                   0   ,                    0   ,              105.6   ,                  69.2   ,               29.3   ,                 36.4   ,              12.2   ,               7.1   ,                12.2   ,           91.1   ,             12.2   ,                        21.8   ,               4   ,        1.0500   ,               41.0   ,                 17322   ,
2026-02-11 21:08:55 ,        2730.0   ,           1312.7   ,               51.5   ,        61.2   ,                  56.0   ,                30   ,                  1998   ,                30   ,                  1998   ,           8977   ,         38   ,                        1   ,                   0   ,                    0   ,              101.8   ,                  66.9   ,               29.0   ,                 36.2   ,              12.2   ,               7.1   ,                12.2   ,           95.9   ,             12.2   ,                        22.9   ,               4   ,        1.0500   ,               41.0   ,                 17322   ,
2026-02-11 21:08:57 ,        2730.0   ,           1312.7   ,               51.6   ,        61.3   ,                  54.0   ,                30   ,                  1998   ,                30   ,                  1998   ,           8982   ,         40   ,                        1   ,                   0   ,                    0   ,              103.1   ,                  67.0   ,               29.0   ,                 36.1   ,              12.2   ,               7.0   ,                12.2   ,           96.0   ,             12.2   ,                        22.9   ,               4   ,        1.0500   ,               41.0   ,                 17319   ,
2026-02-11 21:08:58 ,        2730.0   ,           1312.7   ,               51.6   ,        61.4   ,                  54.0   ,                30   ,                  1999   ,                30   ,                  1999   ,           8980   ,         40   ,                        1   ,                   0   ,                    0   ,              102.8   ,                  66.8   ,               29.0   ,                 36.1   ,              12.2   ,               7.1   ,                12.2   ,           95.7   ,             12.2   ,                        22.5   ,               4   ,        1.0500   ,               37.0   ,                 17319   ,
2026-02-11 21:08:59 ,        2730.0   ,           1312.7   ,               51.5   ,        61.3   ,                  54.0   ,                30   ,                  2002   ,                30   ,                  2002   ,           8980   ,         38   ,                        1   ,                   0   ,                    0   ,              103.0   ,                  66.9   ,               29.1   ,                 36.1   ,              12.2   ,               7.0   ,                12.2   ,           96.0   ,             12.2   ,                        22.9   ,               4   ,        1.0500   ,               41.0   ,                 17319   ,
2026-02-11 21:09:00 ,        2730.0   ,           1312.7   ,               51.7   ,        61.3   ,                  56.0   ,                30   ,                  2003   ,                30   ,                  2003   ,           8978   ,         39   ,                        1   ,                   0   ,                    0   ,              104.6   ,                  68.5   ,               29.1   ,                 35.8   ,              12.2   ,               7.0   ,                12.2   ,           92.2   ,             12.2   ,                        22.0   ,               4   ,        1.0500   ,               38.0   ,                 17319   ,
2026-02-11 21:09:01 ,        2730.0   ,           1312.7   ,               51.6   ,        61.2   ,                  54.0   ,                30   ,                  2000   ,                30   ,                  2000   ,           8979   ,         53   ,                        1   ,                   0   ,                    0   ,              103.5   ,                  67.5   ,               28.8   ,                 35.9   ,              12.2   ,               7.1   ,                12.2   ,           94.4   ,             12.2   ,                        22.6   ,               4   ,        1.0500   ,               42.0   ,                 17319   ,
2026-02-11 21:09:02 ,        2730.0   ,           1312.7   ,               51.6   ,        61.2   ,                  54.0   ,                30   ,                  1998   ,                30   ,                  1998   ,           8979   ,         48   ,                        1   ,                   0   ,                    0   ,              101.7   ,                  65.8   ,               29.0   ,                 36.0   ,              12.2   ,               7.0   ,                12.2   ,           96.9   ,             12.2   ,                        23.1   ,               4   ,        1.0500   ,               41.0   ,                 17319   ,
2026-02-11 21:09:03 ,        2730.0   ,           1312.7   ,               51.6   ,        61.3   ,                  54.0   ,                30   ,                  1998   ,                30   ,                  1998   ,           8979   ,         52   ,                        1   ,                   0   ,                    0   ,              104.7   ,                  68.7   ,               29.0   ,                 35.7   ,              12.2   ,               7.0   ,                12.2   ,           94.2   ,             12.2   ,                        22.5   ,               4   ,        1.0500   ,               37.0   ,                 17328   ,
2026-02-11 21:09:04 ,        2730.0   ,           1312.7   ,               51.4   ,        61.2   ,                  54.0   ,                30   ,                  2001   ,                30   ,                  2001   ,           8980   ,         48   ,                        1   ,                   0   ,                    0   ,              103.5   ,                  67.4   ,               28.8   ,                 35.8   ,              12.2   ,               7.0   ,                12.2   ,           94.7   ,             12.2   ,                        22.6   ,               4   ,        1.0500   ,               39.0   ,                 17330   ,
2026-02-11 21:09:05 ,        2730.0   ,           1312.7   ,               51.6   ,        61.1   ,                  54.0   ,                30   ,                  2004   ,                30   ,                  2004   ,           8980   ,         51   ,                        1   ,                   0   ,                    0   ,              102.2   ,                  66.3   ,               28.9   ,                 35.9   ,              12.2   ,               7.0   ,                12.2   ,           95.2   ,             12.2   ,                        22.2   ,               4   ,        1.0500   ,               40.0   ,                 17331   ,
2026-02-11 21:09:06 ,        2730.0   ,           1312.7   ,               51.5   ,        61.1   ,                  54.0   ,                30   ,                  2001   ,                30   ,                  2001   ,           8985   ,         58   ,                        1   ,                   0   ,                    0   ,              102.8   ,                  66.9   ,               28.8   ,                 35.8   ,              12.2   ,               7.0   ,                12.2   ,           95.8   ,             12.2   ,                        22.2   ,               4   ,        1.0500   ,               39.0   ,                 17327   ,
2026-02-11 21:09:07 ,        2730.0   ,           1312.7   ,               51.3   ,        61.2   ,                  54.0   ,                30   ,                  1998   ,                30   ,                  1998   ,           8985   ,         58   ,                        1   ,                   0   ,                    0   ,              103.4   ,                  67.5   ,               29.0   ,                 35.9   ,              12.2   ,               6.9   ,                12.2   ,           96.5   ,             12.2   ,                        21.6   ,               4   ,        1.0500   ,               37.0   ,                 17328   ,
2026-02-11 21:09:08 ,        2730.0   ,           1312.7   ,               51.5   ,        61.1   ,                  54.0   ,                30   ,                  1999   ,                30   ,                  1999   ,           8970   ,         46   ,                        1   ,                   0   ,                    0   ,              104.5   ,                  68.6   ,               29.0   ,                 35.9   ,              12.2   ,               7.0   ,                12.2   ,           97.6   ,             12.2   ,                        22.8   ,               4   ,        1.0500   ,               40.0   ,                 17328   ,
2026-02-11 21:09:09 ,        2730.0   ,           1312.7   ,               51.7   ,        61.2   ,                  54.0   ,                30   ,                  2001   ,                30   ,                  2001   ,           8973   ,         53   ,                        1   ,                   0   ,                    0   ,              103.3   ,                  67.4   ,               28.9   ,                 35.9   ,              12.2   ,               7.0   ,                12.2   ,           96.2   ,             12.2   ,                        22.9   ,               4   ,        1.0500   ,               41.0   ,                 17333   ,
2026-02-11 21:09:10 ,        2730.0   ,           1312.7   ,               51.6   ,        61.2   ,                  56.0   ,                30   ,                  2001   ,                30   ,                  2001   ,           8991   ,         50   ,                        1   ,                   0   ,                    0   ,              103.1   ,                  67.2   ,               28.9   ,                 35.9   ,              12.2   ,               7.0   ,                12.2   ,           96.4   ,             12.2   ,                        23.0   ,               4   ,        1.0500   ,               36.0   ,                 17333   ,
2026-02-11 21:09:11 ,        2730.0   ,           1312.7   ,               51.6   ,        61.1   ,                  56.0   ,                30   ,                  2000   ,                30   ,                  2000   ,           8983   ,         59   ,                        1   ,                   0   ,                    0   ,              100.3   ,                  64.7   ,               28.7   ,                 35.6   ,              12.2   ,               6.9   ,                12.2   ,           94.5   ,             12.2   ,                        22.6   ,               4   ,        1.0500   ,               40.0   ,                 17330   ,
2026-02-11 21:09:12 ,        2730.0   ,           1312.7   ,               51.2   ,           -   ,                     -   ,                30   ,                  1999   ,                30   ,                  2000   ,           8994   ,         52   ,                        1   ,                   0   ,                    0   ,               97.6   ,                  62.0   ,               28.6   ,                 35.6   ,              12.2   ,               7.0   ,                12.2   ,           93.4   ,             12.1   ,                        22.3   ,               4   ,        1.0500   ,               40.0   ,                 17334   ,
2026-02-11 21:09:13 ,        2730.0   ,           1312.7   ,               51.4   ,        61.1   ,                  54.0   ,                30   ,                  1999   ,                30   ,                  1999   ,           8995   ,         59   ,                        1   ,                   0   ,                    0   ,              103.0   ,                  66.9   ,               29.1   ,                 36.1   ,              12.2   ,               7.0   ,                12.2   ,           94.3   ,             12.2   ,                        22.5   ,               4   ,        1.0500   ,               42.0   ,                 17334   ,
2026-02-11 21:09:14 ,        2730.0   ,           1312.7   ,               51.4   ,        61.1   ,                  56.0   ,                30   ,                  1999   ,                30   ,                  1999   ,           8995   ,         48   ,                        1   ,                   0   ,                    0   ,              103.1   ,                  67.0   ,               29.1   ,                 36.1   ,              12.2   ,               7.1   ,                12.2   ,           93.2   ,             12.2   ,                        22.3   ,               4   ,        1.0500   ,               40.0   ,                 17335   ,
2026-02-11 21:09:15 ,        2730.0   ,           1312.7   ,               51.5   ,        61.1   ,                  54.0   ,                30   ,                  2002   ,                30   ,                  2002   ,           8995   ,         45   ,                        1   ,                   0   ,                    0   ,              104.3   ,                  68.2   ,               29.0   ,                 36.1   ,              12.2   ,               7.1   ,                12.2   ,           97.2   ,             12.2   ,                        22.0   ,               4   ,        1.0500   ,               39.0   ,                 17333   ,
2026-02-11 21:09:16 ,        2730.0   ,           1312.7   ,               51.6   ,        61.1   ,                  54.0   ,                30   ,                  2002   ,                30   ,                  2002   ,           8994   ,         59   ,                        1   ,                   0   ,                    0   ,              104.9   ,                  68.7   ,               29.1   ,                 36.2   ,              12.2   ,               7.1   ,                12.2   ,           91.5   ,             12.2   ,                        21.9   ,               4   ,        1.0500   ,               40.0   ,                 17334   ,
2026-02-11 21:09:17 ,        2730.0   ,           1312.7   ,                  -   ,           -   ,                     -   ,                30   ,                  2000   ,                30   ,                     -   ,              -   ,         51   ,                        1   ,                   0   ,                    0   ,              101.7   ,                  65.8   ,               28.9   ,                 35.9   ,              12.2   ,               7.0   ,                12.2   ,           93.8   ,             12.2   ,                        22.4   ,               4   ,        1.0500   ,               43.0   ,                 17333   ,
2026-02-11 21:09:18 ,        2730.0   ,           1312.7   ,               51.5   ,        61.0   ,                  56.0   ,                30   ,                  1998   ,                30   ,                  1998   ,           8987   ,         49   ,                        1   ,                   0   ,                    0   ,              101.8   ,                  65.8   ,               29.0   ,                 36.0   ,              12.2   ,               7.0   ,                12.2   ,           89.9   ,             12.2   ,                        21.5   ,               4   ,        1.0500   ,               38.0   ,                 17334   ,
2026-02-11 21:09:19 ,        2730.0   ,           1312.7   ,               51.6   ,        61.1   ,                  54.0   ,                30   ,                  1998   ,                30   ,                  1998   ,           8987   ,         41   ,                        1   ,                   0   ,                    0   ,              105.1   ,                  69.1   ,               29.1   ,                 36.0   ,              12.2   ,               6.9   ,                12.2   ,           98.2   ,             12.2   ,                        23.4   ,               4   ,        1.0500   ,               41.0   ,                 17333   ,
2026-02-11 21:09:20 ,        2730.0   ,           1312.7   ,               51.4   ,        60.9   ,                  54.0   ,                30   ,                  2000   ,                30   ,                  2000   ,           8985   ,         42   ,                        1   ,                   0   ,                    0   ,              103.5   ,                  67.2   ,               29.2   ,                 36.3   ,              12.2   ,               7.1   ,                12.2   ,           93.9   ,             12.2   ,                        22.4   ,               4   ,        1.0500   ,               39.0   ,                 17333   ,
2026-02-11 21:09:21 ,        2730.0   ,           1312.7   ,               51.4   ,        61.1   ,                  56.0   ,                30   ,                  2004   ,                30   ,                  2004   ,           8972   ,         48   ,                        1   ,                   0   ,                    0   ,              102.8   ,                  66.8   ,               29.1   ,                 36.0   ,              12.2   ,               6.9   ,                12.2   ,           93.9   ,             12.2   ,                        22.4   ,               4   ,        1.0500   ,               38.0   ,                 17332   ,
2026-02-11 21:09:22 ,        2730.0   ,           1312.7   ,               51.4   ,        61.0   ,                     -   ,                30   ,                  2002   ,                30   ,                  2002   ,           8972   ,         45   ,                        1   ,                   0   ,                    0   ,              104.4   ,                  68.2   ,               29.1   ,                 36.2   ,              12.2   ,               7.1   ,                12.2   ,           94.4   ,             12.2   ,                        22.6   ,               4   ,        1.0500   ,               42.0   ,                 17332   ,
2026-02-11 21:09:23 ,        2730.0   ,           1312.7   ,               51.3   ,        61.1   ,                  54.0   ,                30   ,                  1999   ,                30   ,                  1999   ,           8973   ,         46   ,                        1   ,                   0   ,                    0   ,              105.0   ,                  68.7   ,               29.2   ,                 36.3   ,              12.2   ,               7.0   ,                12.2   ,           92.8   ,             12.2   ,                        22.2   ,               4   ,        1.0500   ,               42.0   ,                 17333   ,
2026-02-11 21:09:24 ,        2730.0   ,           1312.7   ,               51.4   ,        61.0   ,                  54.0   ,                30   ,                  1999   ,                30   ,                  1999   ,           8973   ,         49   ,                        1   ,                   0   ,                    0   ,              104.9   ,                  68.6   ,               29.3   ,                 36.3   ,              12.2   ,               7.1   ,                12.2   ,           96.0   ,             12.2   ,                        22.9   ,               4   ,        1.0500   ,               39.0   ,                 17333   ,
2026-02-11 21:09:25 ,        2730.0   ,           1312.7   ,               51.5   ,        61.1   ,                  54.0   ,                30   ,                  1999   ,                30   ,                  1999   ,           8966   ,         48   ,                        1   ,                   0   ,                    0   ,              104.1   ,                  67.8   ,               29.1   ,                 36.1   ,              12.2   ,               7.0   ,                12.2   ,           97.5   ,             12.2   ,                        23.2   ,               4   ,        1.0500   ,               38.0   ,                 17333   ,
2026-02-11 21:09:26 ,        2730.0   ,           1312.7   ,               51.4   ,        61.1   ,                  56.0   ,                30   ,                  2001   ,                30   ,                  2001   ,           8964   ,         43   ,                        1   ,                   0   ,                    0   ,              105.9   ,                  69.5   ,               29.1   ,                 36.1   ,              12.2   ,               7.0   ,                12.2   ,           95.8   ,             12.2   ,                        22.8   ,               4   ,        1.0500   ,               40.0   ,                 17333   ,
2026-02-11 21:09:27 ,        2730.0   ,           1312.7   ,               51.2   ,        60.9   ,                  56.0   ,                30   ,                  2001   ,                30   ,                  2001   ,           8960   ,         19   ,                        2   ,                   0   ,                    0   ,              102.4   ,                  67.0   ,               29.4   ,                 35.4   ,              12.2   ,               7.0   ,                12.2   ,           91.2   ,             12.2   ,                        21.8   ,               4   ,        1.0500   ,               41.0   ,                 17332   ,
2026-02-11 21:09:28 ,        2730.0   ,           1312.7   ,               51.3   ,        61.0   ,                  54.0   ,                30   ,                  1999   ,                30   ,                  1999   ,           8958   ,         53   ,                        1   ,                   0   ,                    0   ,              100.5   ,                  64.7   ,               28.8   ,                 35.9   ,              12.2   ,               7.0   ,                12.2   ,           97.3   ,             12.2   ,                        23.2   ,               4   ,        1.0500   ,               37.0   ,                 17333   ,
2026-02-11 21:09:29 ,        2730.0   ,           1312.7   ,               51.0   ,        60.9   ,                  54.0   ,                30   ,                  1998   ,                30   ,                  1998   ,           8958   ,         47   ,                        1   ,                   0   ,                    0   ,               97.5   ,                  66.1   ,               28.9   ,                 35.8   ,              12.2   ,               7.0   ,                12.2   ,           95.0   ,             12.2   ,                        22.7   ,               4   ,        1.0500   ,               40.0   ,                 17332   ,
2026-02-11 21:09:30 ,        2730.0   ,           1312.7   ,               51.4   ,        60.9   ,                  54.0   ,                30   ,                  2001   ,                30   ,                  2000   ,           8958   ,         49   ,                        1   ,                   0   ,                    0   ,              101.9   ,                  66.0   ,               28.9   ,                 35.8   ,              12.2   ,               7.0   ,                12.2   ,           92.2   ,             12.2   ,                        22.0   ,               4   ,        1.0500   ,               39.0   ,                 17333   ,
2026-02-11 21:09:31 ,        2730.0   ,           1312.7   ,               51.2   ,        60.9   ,                  56.0   ,                30   ,                  2001   ,                30   ,                  2001   ,           8954   ,         45   ,                        1   ,                   0   ,                    0   ,              100.5   ,                  64.7   ,               28.8   ,                 35.8   ,              12.2   ,               6.9   ,                12.2   ,           93.9   ,             12.2   ,                        22.4   ,               4   ,        1.0500   ,               38.0   ,                 17333   ,
2026-02-11 21:09:32 ,        2730.0   ,           1312.7   ,               51.4   ,        61.0   ,                  56.0   ,                30   ,                  2002   ,                30   ,                  2002   ,           8943   ,         57   ,                        1   ,                   0   ,                    0   ,              102.6   ,                  66.1   ,               28.8   ,                 35.7   ,              12.2   ,               6.9   ,                12.2   ,           94.8   ,             12.2   ,                        21.8   ,               4   ,        1.0500   ,               37.0   ,                 17332   ,
2026-02-11 21:09:33 ,        2730.0   ,           1312.7   ,               51.1   ,        60.8   ,                  54.0   ,                30   ,                  2001   ,                30   ,                  2001   ,           8943   ,         47   ,                        1   ,                   0   ,                    0   ,               99.5   ,                  63.8   ,               28.7   ,                 35.7   ,              12.2   ,               7.0   ,                12.2   ,           92.5   ,             12.2   ,                        22.5   ,               4   ,        1.0500   ,               41.0   ,                 17364   ,
2026-02-11 21:09:34 ,        2730.0   ,           1312.7   ,               51.3   ,        61.0   ,                  56.0   ,                30   ,                  1998   ,                30   ,                  1997   ,           8943   ,         57   ,                        1   ,                   0   ,                    0   ,              102.4   ,                  66.7   ,               28.8   ,                 35.7   ,              12.2   ,               6.9   ,                12.2   ,           98.0   ,             12.2   ,                        23.3   ,               4   ,        1.0500   ,               42.0   ,                 17364   ,
2026-02-11 21:09:35 ,        2730.0   ,           1312.7   ,               51.4   ,        60.9   ,                  56.0   ,                30   ,                  1999   ,                30   ,                  1999   ,           8931   ,         57   ,                        1   ,                   0   ,                    0   ,              101.7   ,                  65.9   ,               28.6   ,                 35.5   ,              12.2   ,               6.9   ,                12.2   ,           94.1   ,             12.2   ,                        22.4   ,               4   ,        1.0500   ,               38.0   ,                 17364   ,
2026-02-11 21:09:36 ,        2730.0   ,           1312.7   ,               51.3   ,        60.9   ,                  56.0   ,                30   ,                  2000   ,                30   ,                  2000   ,           8947   ,         54   ,                        1   ,                   0   ,                    0   ,              102.3   ,                  66.6   ,               28.7   ,                 35.6   ,              12.2   ,               6.9   ,                12.2   ,           91.4   ,             12.2   ,                        21.9   ,               4   ,        1.0500   ,               41.0   ,                 17358   ,
2026-02-11 21:09:37 ,        2730.0   ,           1312.7   ,               51.1   ,        60.8   ,                  54.0   ,                30   ,                  2002   ,                30   ,                  2002   ,           8956   ,         60   ,                        1   ,                   0   ,                    0   ,               99.7   ,                  64.0   ,               28.7   ,                 35.7   ,              12.2   ,               7.0   ,                12.2   ,           92.7   ,             12.2   ,                        21.4   ,               4   ,        1.0500   ,               40.0   ,                 17329   ,
2026-02-11 21:09:38 ,        2730.0   ,           1312.7   ,               51.1   ,        60.8   ,                  54.0   ,                30   ,                  2000   ,                30   ,                  2001   ,           8957   ,         64   ,                        1   ,                   0   ,                    0   ,              102.9   ,                  66.9   ,               29.0   ,                 35.9   ,              12.2   ,               6.9   ,                12.2   ,           95.0   ,             12.2   ,                        22.7   ,               4   ,        1.0500   ,               37.0   ,                 17337   ,
2026-02-11 21:09:39 ,        2730.0   ,           1312.7   ,               51.3   ,        60.9   ,                  56.0   ,                30   ,                  2000   ,                30   ,                  2000   ,           8957   ,         56   ,                        1   ,                   0   ,                    0   ,              101.7   ,                  66.0   ,               28.8   ,                 35.8   ,              12.2   ,               7.0   ,                12.2   ,           92.1   ,             12.2   ,                        22.0   ,               4   ,        1.0500   ,               39.0   ,                 17337   ,
2026-02-11 21:09:40 ,        2730.0   ,           1312.7   ,               51.1   ,        60.8   ,                  54.0   ,                30   ,                  1999   ,                30   ,                  1999   ,           8950   ,         52   ,                        1   ,                   0   ,                    0   ,              101.6   ,                  65.7   ,               29.0   ,                 35.9   ,              12.2   ,               6.9   ,                12.2   ,           93.7   ,             12.2   ,                        22.4   ,               4   ,        1.0500   ,               40.0   ,                 17337   ,
2026-02-11 21:09:41 ,        2730.0   ,           1312.7   ,               51.0   ,        60.7   ,                  54.0   ,                30   ,                  2000   ,                30   ,                  2000   ,           8936   ,         50   ,                        1   ,                   0   ,                    0   ,               99.8   ,                  64.1   ,               28.7   ,                 35.7   ,              12.2   ,               7.0   ,                12.2   ,           94.1   ,             12.2   ,                        22.5   ,               4   ,        1.0500   ,               41.0   ,                 17332   ,
2026-02-11 21:09:42 ,        2730.0   ,           1312.7   ,               51.2   ,        60.9   ,                  56.0   ,                30   ,                  2001   ,                30   ,                  2001   ,           8935   ,         55   ,                        1   ,                   0   ,                    0   ,              102.6   ,                  66.7   ,               28.9   ,                 35.9   ,              12.2   ,               7.0   ,                12.2   ,           94.2   ,             12.2   ,                        22.5   ,               4   ,        1.0500   ,               36.0   ,                 17332   ,
2026-02-11 21:09:43 ,        2730.0   ,           1312.7   ,               51.1   ,        60.8   ,                  54.0   ,                30   ,                  2000   ,                30   ,                  2001   ,           8935   ,         51   ,                        1   ,                   0   ,                    0   ,              104.9   ,                  67.2   ,               29.0   ,                 36.0   ,              12.2   ,               7.0   ,                12.2   ,           93.1   ,             12.2   ,                        22.3   ,               4   ,        1.0500   ,               41.0   ,                 17333   ,
2026-02-11 21:09:44 ,        2730.0   ,           1312.7   ,               51.1   ,        60.8   ,                  54.0   ,                30   ,                  1998   ,                30   ,                  1998   ,           8924   ,         63   ,                        1   ,                   0   ,                    0   ,              100.2   ,                  65.5   ,               28.7   ,                 35.7   ,              12.2   ,               6.9   ,                12.2   ,           86.0   ,             12.2   ,                        20.7   ,               4   ,        1.0500   ,               42.0   ,                 17333   ,
2026-02-11 21:09:45 ,        2730.0   ,           1312.7   ,               51.1   ,        60.8   ,                  54.0   ,                30   ,                  2000   ,                30   ,                  2001   ,           8933   ,         65   ,                        1   ,                   0   ,                    0   ,              107.3   ,                  66.2   ,               28.8   ,                 35.8   ,              12.2   ,               7.0   ,                12.2   ,           95.1   ,             12.2   ,                        21.5   ,               4   ,        1.0500   ,               41.0   ,                 17332   ,
2026-02-11 21:09:46 ,        2730.0   ,           1312.7   ,               51.1   ,        60.8   ,                  54.0   ,                30   ,                  2001   ,                30   ,                  2001   ,           8933   ,         56   ,                        1   ,                   0   ,                    0   ,              101.1   ,                  65.3   ,               28.7   ,                 35.8   ,              12.2   ,               7.1   ,                12.2   ,           92.4   ,             12.2   ,                        22.1   ,               4   ,        1.0500   ,               39.0   ,                 17329   ,
2026-02-11 21:09:47 ,        2730.0   ,           1312.7   ,               51.1   ,        60.8   ,                  54.0   ,                30   ,                  2002   ,                30   ,                  2002   ,           8949   ,         47   ,                        1   ,                   0   ,                    0   ,              100.0   ,                  64.2   ,               28.8   ,                 35.8   ,              12.2   ,               7.0   ,                12.2   ,           94.3   ,             12.2   ,                        22.5   ,               4   ,        1.0500   ,               39.0   ,                 17331   ,
2026-02-11 21:09:48 ,        2730.0   ,           1312.7   ,               51.0   ,        60.8   ,                  56.0   ,                30   ,                  2001   ,                30   ,                  2001   ,           8949   ,         61   ,                        1   ,                   0   ,                    0   ,              102.4   ,                  66.6   ,               28.9   ,                 35.8   ,              12.2   ,               6.9   ,                12.2   ,           92.1   ,             12.2   ,                        22.0   ,               4   ,        1.0500   ,               41.0   ,                 17332   ,
2026-02-11 21:09:49 ,        2730.0   ,           1312.7   ,               51.3   ,        60.8   ,                  56.0   ,                30   ,                  2000   ,                30   ,                  1999   ,           8950   ,         62   ,                        1   ,                   0   ,                    0   ,              106.1   ,                  69.9   ,               29.2   ,                 36.2   ,              12.2   ,               7.0   ,                12.2   ,           90.4   ,             12.2   ,                        21.6   ,               4   ,        1.0500   ,               42.0   ,                 17332   ,
2026-02-11 21:09:50 ,        2730.0   ,           1312.7   ,               51.2   ,        60.8   ,                  54.0   ,                30   ,                  1998   ,                30   ,                  1998   ,           8951   ,         46   ,                        1   ,                   0   ,                    0   ,              100.1   ,                  64.3   ,               28.8   ,                 35.8   ,              12.2   ,               6.9   ,                12.2   ,           95.2   ,             12.2   ,                        22.7   ,               4   ,        1.0500   ,               41.0   ,                 17331   ,
2026-02-11 21:09:51 ,        2730.0   ,           1312.7   ,               51.3   ,        60.8   ,                  54.0   ,                30   ,                  1999   ,                30   ,                  1999   ,           8944   ,         61   ,                        1   ,                   0   ,                    0   ,              103.6   ,                  67.8   ,               28.7   ,                 35.6   ,              12.2   ,               6.9   ,                12.2   ,           95.2   ,             12.2   ,                        21.8   ,               4   ,        1.0500   ,               38.0   ,                 17332   ,
2026-02-11 21:09:52 ,        2730.0   ,           1312.7   ,               50.9   ,        60.7   ,                  56.0   ,                30   ,                  1999   ,                30   ,                  1999   ,           8942   ,         55   ,                        1   ,                   0   ,                    0   ,              102.2   ,                  66.4   ,               28.6   ,                 35.5   ,              12.2   ,               6.9   ,                12.2   ,           91.1   ,             12.2   ,                        21.9   ,               4   ,        1.0500   ,               41.0   ,                 17333   ,
2026-02-11 21:09:53 ,        2730.0   ,           1312.7   ,               51.0   ,        60.7   ,                  54.0   ,                30   ,                  2002   ,                30   ,                  2002   ,           8941   ,         40   ,                        1   ,                   0   ,                    0   ,              103.8   ,                  67.7   ,               29.1   ,                 36.1   ,              12.2   ,               6.9   ,                12.2   ,           96.8   ,             12.2   ,                        22.0   ,               4   ,        1.0500   ,               42.0   ,                 17334   ,
2026-02-11 21:09:54 ,        2730.0   ,           1312.7   ,               51.0   ,        60.6   ,                  56.0   ,                30   ,                  2001   ,                30   ,                  2001   ,           8940   ,         45   ,                        1   ,                   0   ,                    0   ,              103.2   ,                  67.0   ,               29.1   ,                 36.1   ,              12.2   ,               7.0   ,                12.2   ,           93.9   ,             12.2   ,                        22.4   ,               4   ,        1.0500   ,               42.0   ,                 17334   ,
2026-02-11 21:09:55 ,        2730.0   ,           1312.7   ,               51.3   ,        60.8   ,                  54.0   ,                30   ,                  1999   ,                30   ,                  1999   ,           8940   ,         49   ,                        1   ,                   0   ,                    0   ,              105.8   ,                  69.4   ,               29.3   ,                 36.4   ,              12.2   ,               7.1   ,                12.2   ,           93.4   ,             12.2   ,                        22.3   ,               4   ,        1.0500   ,               42.0   ,                 17333   ,
2026-02-11 21:09:56 ,        2730.0   ,           1312.7   ,               51.0   ,        60.8   ,                  54.0   ,                30   ,                  2002   ,                30   ,                  2002   ,           8939   ,         48   ,                        1   ,                   0   ,                    0   ,              106.2   ,                  69.9   ,               29.3   ,                 36.3   ,              12.2   ,               7.0   ,                12.2   ,           94.4   ,             12.2   ,                        22.5   ,               4   ,        1.0500   ,               39.0   ,                 17333   ,
2026-02-11 21:09:57 ,        2730.0   ,           1312.7   ,               51.2   ,        60.7   ,                  54.0   ,                30   ,                  1999   ,                30   ,                  1999   ,           8926   ,         46   ,                        1   ,                   0   ,                    0   ,              105.9   ,                  69.4   ,               29.4   ,                 36.1   ,              12.2   ,               7.1   ,                12.2   ,           93.7   ,             12.2   ,                        22.4   ,               4   ,        1.0500   ,               38.0   ,                 17333   ,
2026-02-11 21:09:58 ,        2730.0   ,           1312.7   ,               51.1   ,        60.7   ,                  56.0   ,                30   ,                  2002   ,                30   ,                  2002   ,           8926   ,         45   ,                        1   ,                   0   ,                    0   ,              102.4   ,                  66.3   ,               29.0   ,                 36.1   ,              12.2   ,               7.0   ,                12.2   ,           95.4   ,             12.2   ,                        22.8   ,               4   ,        1.0500   ,               38.0   ,                 17333   ,
2026-02-11 21:09:59 ,        2730.0   ,           1312.7   ,               51.0   ,        60.7   ,                  54.0   ,                30   ,                  2000   ,                30   ,                  2000   ,           8926   ,         47   ,                        1   ,                   0   ,                    0   ,              103.6   ,                  67.4   ,               29.1   ,                 36.2   ,              12.2   ,               7.0   ,                12.2   ,           96.6   ,             12.2   ,                        23.0   ,               4   ,        1.0500   ,               38.0   ,                 17333   ,
2026-02-11 21:10:00 ,        2730.0   ,           1312.7   ,               51.2   ,        60.7   ,                  54.0   ,                30   ,                  1999   ,                30   ,                  1999   ,           8925   ,         43   ,                        1   ,                   0   ,                    0   ,              103.5   ,                  67.3   ,               29.2   ,                 36.2   ,              12.2   ,               7.0   ,                12.2   ,           96.5   ,             12.2   ,                        23.0   ,               4   ,        1.0500   ,               37.0   ,                 17333   ,
2026-02-11 21:10:01 ,        2730.0   ,           1312.7   ,               51.1   ,        60.8   ,                  54.0   ,                30   ,                  1998   ,                30   ,                  1998   ,           8913   ,         47   ,                        1   ,                   0   ,                    0   ,              103.0   ,                  67.0   ,               29.0   ,                 36.0   ,              12.2   ,               7.0   ,                12.2   ,           96.0   ,             12.2   ,                        22.9   ,               4   ,        1.0500   ,               42.0   ,                 17332   ,
2026-02-11 21:10:02 ,        2730.0   ,           1312.7   ,               51.1   ,        60.7   ,                  54.0   ,                30   ,                  1999   ,                30   ,                  1999   ,           8923   ,         48   ,                        1   ,                   0   ,                    0   ,              103.0   ,                  67.0   ,               29.0   ,                 36.0   ,              12.2   ,               7.0   ,                12.2   ,           96.0   ,             12.2   ,                        22.9   ,               4   ,        1.0500   ,               36.0   ,                 17332   ,
2026-02-11 21:10:03 ,        2730.0   ,           1312.7   ,               51.0   ,        60.6   ,                  54.0   ,                30   ,                  2002   ,                30   ,                  2002   ,           8933   ,         55   ,                        1   ,                   0   ,                    0   ,              105.6   ,                  69.2   ,               29.3   ,                 36.4   ,              12.2   ,               7.0   ,                12.2   ,           98.6   ,             12.2   ,                        23.5   ,               4   ,        1.0500   ,               38.0   ,                 17325   ,
2026-02-11 21:10:04 ,        2730.0   ,           1312.7   ,               51.0   ,        60.7   ,                  54.0   ,                30   ,                  2002   ,                30   ,                  2002   ,           8935   ,         47   ,                        1   ,                   0   ,                    0   ,              106.1   ,                  69.8   ,               29.3   ,                 36.3   ,              12.2   ,               7.0   ,                12.2   ,           99.1   ,             12.2   ,                        22.3   ,               4   ,        1.0500   ,               40.0   ,                 17331   ,
2026-02-11 21:10:05 ,        2730.0   ,           1312.7   ,               51.1   ,        60.8   ,                  54.0   ,                30   ,                  1999   ,                30   ,                  1999   ,           8941   ,         48   ,                        1   ,                   0   ,                    0   ,              104.5   ,                  68.2   ,               29.2   ,                 36.3   ,              12.2   ,               7.0   ,                12.2   ,           92.8   ,             12.2   ,                        22.2   ,               4   ,        1.0500   ,               41.0   ,                 17323   ,
2026-02-11 21:10:06 ,        2730.0   ,           1312.7   ,               51.0   ,        60.6   ,                  54.0   ,                30   ,                  1999   ,                30   ,                  1998   ,           8950   ,         51   ,                        1   ,                   0   ,                    0   ,              103.4   ,                  67.3   ,               29.0   ,                 36.1   ,              12.2   ,               7.1   ,                12.2   ,           94.3   ,             12.2   ,                        22.5   ,               4   ,        1.0500   ,               41.0   ,                 17329   ,
2026-02-11 21:10:07 ,        2730.0   ,           1312.7   ,               51.1   ,        60.7   ,                  54.0   ,                30   ,                  2001   ,                30   ,                  2001   ,           8949   ,         48   ,                        1   ,                   0   ,                    0   ,              104.5   ,                  68.3   ,               29.2   ,                 36.2   ,              12.2   ,               7.0   ,                12.2   ,           94.9   ,             12.2   ,                        22.7   ,               4   ,        1.0500   ,               39.0   ,                 17329   ,
2026-02-11 21:10:08 ,        2730.0   ,           1312.7   ,               51.0   ,        60.7   ,                  54.0   ,                30   ,                  2000   ,                30   ,                  2000   ,           8949   ,         47   ,                        1   ,                   0   ,                    0   ,              103.5   ,                  67.2   ,               29.2   ,                 35.6   ,              12.2   ,               6.9   ,                12.2   ,           91.1   ,             12.2   ,                        21.8   ,               4   ,        1.0500   ,               41.0   ,                 17328   ,
2026-02-11 21:10:09 ,        2730.0   ,           1312.7   ,               51.2   ,        60.5   ,                  54.0   ,                30   ,                  1999   ,                30   ,                  1999   ,           8950   ,         50   ,                        1   ,                   0   ,                    0   ,              107.1   ,                  70.7   ,               29.4   ,                 36.4   ,              12.2   ,               7.0   ,                12.2   ,           94.2   ,             12.2   ,                        22.5   ,               4   ,        1.0500   ,               41.0   ,                 17326   ,
2026-02-11 21:10:10 ,        2730.0   ,           1312.7   ,               50.9   ,        60.5   ,                  54.0   ,                30   ,                  2003   ,                30   ,                  2003   ,           8951   ,         42   ,                        1   ,                   0   ,                    0   ,              104.9   ,                  68.7   ,               29.2   ,                 35.9   ,              12.2   ,               7.0   ,                12.2   ,           93.9   ,             12.2   ,                        22.4   ,               4   ,        1.0500   ,               37.0   ,                 17328   ,
2026-02-11 21:10:11 ,        2730.0   ,           1312.7   ,               51.2   ,        60.6   ,                  54.0   ,                30   ,                  1998   ,                30   ,                  1998   ,           8951   ,         58   ,                        1   ,                   0   ,                    0   ,              103.2   ,                  67.4   ,               28.9   ,                 35.9   ,              12.2   ,               6.9   ,                12.2   ,           93.2   ,             12.2   ,                        22.3   ,               4   ,        1.0500   ,               42.0   ,                 17328   ,
2026-02-11 21:10:12 ,        2730.0   ,           1312.7   ,               50.8   ,        60.6   ,                  54.0   ,                30   ,                  1999   ,                30   ,                  1999   ,           8951   ,         58   ,                        1   ,                   0   ,                    0   ,              101.9   ,                  66.0   ,               28.9   ,                 35.9   ,              12.2   ,               7.0   ,                12.2   ,           89.7   ,             12.2   ,                        21.5   ,               4   ,        1.0500   ,               42.0   ,                 17329   ,
2026-02-11 21:10:13 ,        2730.0   ,           1312.7   ,               51.0   ,        60.6   ,                  54.0   ,                30   ,                  2000   ,                30   ,                  2000   ,           8942   ,         50   ,                        1   ,                   0   ,                    0   ,              103.8   ,                  67.7   ,               29.1   ,                 35.8   ,              12.2   ,               7.0   ,                12.2   ,           95.6   ,             12.2   ,                        22.8   ,               4   ,        1.0500   ,               37.0   ,                 17327   ,
2026-02-11 21:10:14 ,        2730.0   ,           1312.7   ,               51.2   ,        60.7   ,                  54.0   ,                30   ,                  2000   ,                30   ,                  2000   ,           8943   ,         62   ,                        1   ,                   0   ,                    0   ,              104.2   ,                  68.6   ,               28.7   ,                 35.6   ,              12.2   ,               6.9   ,                12.2   ,           97.3   ,             12.2   ,                        23.2   ,               4   ,        1.0500   ,               38.0   ,                 17329   ,
2026-02-11 21:10:15 ,        2730.0   ,           1312.7   ,               51.2   ,        60.5   ,                  54.0   ,                30   ,                  2002   ,                30   ,                  2002   ,           8943   ,         50   ,                        1   ,                   0   ,                    0   ,              103.2   ,                  67.2   ,               29.0   ,                 36.0   ,              12.2   ,               7.0   ,                12.2   ,           96.3   ,             12.2   ,                        22.9   ,               4   ,        1.0500   ,               39.0   ,                 17362   ,
2026-02-11 21:10:16 ,        2730.0   ,           1312.7   ,               51.0   ,        60.6   ,                  54.0   ,                30   ,                  2001   ,                30   ,                  2001   ,           8943   ,         47   ,                        1   ,                   0   ,                    0   ,              101.7   ,                  65.6   ,               29.1   ,                 36.1   ,              12.2   ,               7.1   ,                12.2   ,           94.6   ,             12.2   ,                        22.6   ,               4   ,        1.0500   ,               37.0   ,                 17356   ,
2026-02-11 21:10:17 ,        2730.0   ,           1312.7   ,               50.9   ,        60.6   ,                  54.0   ,                30   ,                  1999   ,                30   ,                  1999   ,           8949   ,         48   ,                        1   ,                   0   ,                    0   ,              102.1   ,                  66.2   ,               28.9   ,                 35.9   ,              12.2   ,               7.0   ,                12.2   ,           96.2   ,             12.2   ,                        22.9   ,               4   ,        1.0500   ,               41.0   ,                 17359   ,
2026-02-11 21:10:18 ,        2730.0   ,           1312.7   ,               51.1   ,        60.6   ,                  54.0   ,                30   ,                  2002   ,                30   ,                  2002   ,           8949   ,         57   ,                        1   ,                   0   ,                    0   ,              102.7   ,                  67.1   ,               29.2   ,                 35.6   ,              12.2   ,               6.4   ,                12.2   ,           96.3   ,             12.2   ,                        22.8   ,               4   ,        1.0500   ,               40.0   ,                 17359   ,
2026-02-11 21:10:19 ,        2730.0   ,           1312.7   ,               50.5   ,        60.3   ,                  54.0   ,                30   ,                  2002   ,                30   ,                  2003   ,           8936   ,         29   ,                        0   ,                   0   ,                    0   ,               95.2   ,                  60.0   ,               28.3   ,                 35.1   ,              12.2   ,               6.8   ,                12.2   ,           89.3   ,             12.2   ,                        21.4   ,               4   ,        1.0500   ,               41.0   ,                 17279   ,
2026-02-11 21:10:20 ,        2730.0   ,           1312.7   ,               52.8   ,        60.8   ,                  54.0   ,                30   ,                  2004   ,                30   ,                  2004   ,           7191   ,         69   ,                        1   ,                   0   ,                    1   ,              110.4   ,                 109.1   ,               33.3   ,                 38.6   ,              12.2   ,               5.3   ,                12.2   ,          142.4   ,             12.2   ,                        32.8   ,               4   ,        1.0500   ,               41.0   ,                 17122   ,
2026-02-11 21:10:21 ,        2730.0   ,           1312.7   ,               51.6   ,        60.7   ,                  54.0   ,                30   ,                  1999   ,                30   ,                  1999   ,           6947   ,         70   ,                        1   ,                   0   ,                    0   ,              110.3   ,                  74.0   ,               29.2   ,                 36.3   ,              12.2   ,               7.0   ,                12.2   ,           97.9   ,             12.2   ,                        23.3   ,               4   ,        1.0500   ,               41.0   ,                 17090   ,
2026-02-11 21:10:22 ,        2730.0   ,           1312.7   ,               51.1   ,        60.7   ,                  54.0   ,                30   ,                  1999   ,                30   ,                  1999   ,           6847   ,         79   ,                        1   ,                   0   ,                    0   ,              108.1   ,                  72.2   ,               29.0   ,                 35.7   ,              12.2   ,               7.0   ,                12.2   ,           98.3   ,             12.2   ,                        23.4   ,               4   ,        1.0500   ,               40.0   ,                 17162   ,
2026-02-11 21:10:23 ,        2730.0   ,           1312.7   ,               51.3   ,        60.7   ,                  54.0   ,                30   ,                  1998   ,                30   ,                  1998   ,           6805   ,         74   ,                        1   ,                   0   ,                    0   ,              106.7   ,                  70.8   ,               29.0   ,                 35.6   ,              12.2   ,               6.9   ,                12.2   ,           97.9   ,             12.2   ,                        23.3   ,               4   ,        1.0500   ,               37.0   ,                 17122   ,
2026-02-11 21:10:24 ,        2730.0   ,           1312.7   ,               50.2   ,        60.4   ,                  54.0   ,                30   ,                  2002   ,                30   ,                  2002   ,           6800   ,         28   ,                        0   ,                   0   ,                    0   ,               86.0   ,                  59.9   ,               28.4   ,                 35.3   ,              12.2   ,               7.0   ,                12.2   ,           88.2   ,             12.2   ,                        21.2   ,               4   ,        1.0500   ,               42.0   ,                 17088   ,
2026-02-11 21:10:25 ,        2730.0   ,           1312.7   ,               51.2   ,        60.5   ,                  54.0   ,                30   ,                  2002   ,                30   ,                  2002   ,           8018   ,         66   ,                        1   ,                   0   ,                    0   ,              107.7   ,                  71.7   ,               29.1   ,                 36.1   ,              12.2   ,               7.0   ,                12.2   ,          100.7   ,             12.2   ,                        26.6   ,               4   ,        1.0500   ,               37.0   ,                 17224   ,
2026-02-11 21:10:26 ,        2730.0   ,           1312.7   ,               51.4   ,        60.9   ,                  54.0   ,                30   ,                  2001   ,                30   ,                  2001   ,           6883   ,         84   ,                        2   ,                   0   ,                    0   ,              116.0   ,                  79.0   ,               29.9   ,                 36.9   ,              12.2   ,               7.0   ,                12.2   ,          107.0   ,             12.2   ,                        25.3   ,               4   ,        1.0500   ,               38.0   ,                 17270   ,
2026-02-11 21:10:27 ,        2730.0   ,           1312.7   ,               51.8   ,        60.9   ,                  54.0   ,                30   ,                  2001   ,                30   ,                  2001   ,           6881   ,         76   ,                        2   ,                   0   ,                    0   ,              115.9   ,                  79.0   ,               30.0   ,                 37.0   ,              12.2   ,               7.0   ,                12.2   ,          107.8   ,             12.2   ,                        25.5   ,               4   ,        1.0500   ,               42.0   ,                 17260   ,
2026-02-11 21:10:28 ,        2730.0   ,           1312.7   ,               51.9   ,        61.0   ,                  54.0   ,                30   ,                  1998   ,                30   ,                  1998   ,           6881   ,         82   ,                        2   ,                   0   ,                    0   ,              120.2   ,                  83.0   ,               30.2   ,                 37.2   ,              12.2   ,               7.0   ,                12.2   ,          113.3   ,             12.2   ,                        26.7   ,               4   ,        1.0500   ,               41.0   ,                 17264   ,
2026-02-11 21:10:29 ,        2730.0   ,           1312.7   ,               52.4   ,        61.1   ,                  54.0   ,                30   ,                  2000   ,                30   ,                  2000   ,           6881   ,         78   ,                        2   ,                   0   ,                    0   ,              116.2   ,                  79.2   ,               29.9   ,                 37.0   ,              12.2   ,               7.1   ,                12.2   ,          109.1   ,             12.2   ,                        25.8   ,               4   ,        1.0500   ,               41.0   ,                 17263   ,
2026-02-11 21:10:30 ,        2730.0   ,           1312.7   ,               52.0   ,        61.0   ,                  54.0   ,                30   ,                  2001   ,                30   ,                  2001   ,           6881   ,         85   ,                        2   ,                   0   ,                    0   ,              118.7   ,                  81.5   ,               30.1   ,                 37.2   ,              12.2   ,               7.1   ,                12.2   ,          108.9   ,             12.2   ,                        25.8   ,               4   ,        1.0500   ,               37.0   ,                 17264   ,
2026-02-11 21:10:31 ,        2730.0   ,           1312.7   ,               52.2   ,        61.1   ,                  54.0   ,                30   ,                  2000   ,                30   ,                  2000   ,           6873   ,         80   ,                        2   ,                   0   ,                    0   ,              124.2   ,                  86.2   ,               30.9   ,                 38.0   ,              12.2   ,               7.1   ,                12.2   ,          103.3   ,             12.2   ,                        24.5   ,               4   ,        1.0500   ,               42.0   ,                 17264   ,
2026-02-11 21:10:32 ,        2730.0   ,           1312.7   ,               52.2   ,        61.2   ,                  56.0   ,                30   ,                  1998   ,                30   ,                  1998   ,           6873   ,         76   ,                        2   ,                   0   ,                    0   ,              123.4   ,                  85.8   ,               30.5   ,                 37.6   ,              12.2   ,               7.1   ,                12.2   ,          111.3   ,             12.2   ,                        26.3   ,               4   ,        1.0500   ,               41.0   ,                 17198   ,
2026-02-11 21:10:33 ,        2730.0   ,           1312.7   ,               52.2   ,        61.0   ,                  54.0   ,                30   ,                  2001   ,                30   ,                  2001   ,           6856   ,         86   ,                        2   ,                   0   ,                    0   ,              117.7   ,                  80.6   ,               30.1   ,                 36.9   ,              12.2   ,               7.0   ,                12.2   ,          108.7   ,             12.2   ,                        25.7   ,               4   ,        1.0500   ,               39.0   ,                 17184   ,
2026-02-11 21:10:34 ,        2730.0   ,           1312.7   ,               52.1   ,        61.2   ,                  54.0   ,                30   ,                  1999   ,                30   ,                  2000   ,           6860   ,         87   ,                        2   ,                   0   ,                    0   ,              125.0   ,                  87.3   ,               30.7   ,                 36.9   ,              12.2   ,               7.0   ,                12.2   ,          109.7   ,             12.2   ,                        25.9   ,               4   ,        1.0500   ,               37.0   ,                 17174   ,
2026-02-11 21:10:35 ,        2730.0   ,           1312.7   ,               51.2   ,        60.9   ,                  54.0   ,                30   ,                  2002   ,                30   ,                  2002   ,           6955   ,         31   ,                        1   ,                   0   ,                    0   ,               95.9   ,                  70.0   ,               29.3   ,                 36.4   ,              12.2   ,               7.0   ,                12.2   ,           99.3   ,             12.2   ,                        23.6   ,               4   ,        1.0500   ,               39.0   ,                 17192   ,
2026-02-11 21:10:36 ,        2730.0   ,           1312.7   ,               51.4   ,        60.9   ,                  54.0   ,                30   ,                  2002   ,                30   ,                  2002   ,           6955   ,         75   ,                        2   ,                   0   ,                    0   ,              109.6   ,                  73.0   ,               29.4   ,                 36.4   ,              12.2   ,               7.0   ,                12.2   ,          100.1   ,             12.2   ,                        23.8   ,               4   ,        1.0500   ,               40.0   ,                 17193   ,
2026-02-11 21:10:37 ,        2730.0   ,           1312.7   ,               52.6   ,        60.9   ,                  54.0   ,                30   ,                  2000   ,                30   ,                  2000   ,           6955   ,         69   ,                        2   ,                   0   ,                    1   ,              120.9   ,                  83.3   ,               32.2   ,                 37.6   ,              12.2   ,               5.4   ,                12.2   ,          115.5   ,             12.2   ,                        26.9   ,               4   ,        1.0500   ,               38.0   ,                 17192   ,
2026-02-11 21:10:38 ,        2730.0   ,           1312.7   ,               51.8   ,        61.0   ,                  56.0   ,                30   ,                  1998   ,                30   ,                  1998   ,           6955   ,         74   ,                        2   ,                   0   ,                    0   ,              111.5   ,                  74.3   ,               29.7   ,                 36.8   ,              12.2   ,               7.0   ,                12.2   ,          102.0   ,             12.2   ,                        24.2   ,               4   ,        1.0500   ,               41.0   ,                 17203   ,
2026-02-11 21:10:39 ,        2730.0   ,           1312.7   ,               51.4   ,        60.9   ,                  54.0   ,                30   ,                  2000   ,                30   ,                  2000   ,           6968   ,         75   ,                        2   ,                   0   ,                    1   ,              105.0   ,                  68.1   ,               29.9   ,                 36.9   ,              12.2   ,               7.0   ,                12.2   ,           98.0   ,             12.2   ,                        23.3   ,               4   ,        1.0500   ,               37.0   ,                 17200   ,
2026-02-11 21:10:40 ,        2730.0   ,           1312.7   ,               50.4   ,        60.5   ,                  54.0   ,                30   ,                  2000   ,                30   ,                  2000   ,           6268   ,         29   ,                        0   ,                   0   ,                    0   ,               88.8   ,                  53.3   ,               28.2   ,                 35.2   ,              12.2   ,               7.0   ,                12.2   ,           81.5   ,             12.2   ,                        19.7   ,               4   ,        1.0500   ,               35.0   ,                 16397   ,
2026-02-11 21:10:41 ,        2730.0   ,           1312.7   ,               50.2   ,        60.3   ,                  54.0   ,                30   ,                  2001   ,                30   ,                  2001   ,           4694   ,          9   ,                        0   ,                   0   ,                    0   ,               86.5   ,                  51.3   ,               28.2   ,                 35.2   ,              12.2   ,               7.0   ,                12.2   ,           82.8   ,             12.2   ,                        20.0   ,               4   ,        1.0500   ,               33.0   ,                 16347   ,
2026-02-11 21:10:42 ,        2115.0   ,            101.3   ,               48.7   ,        59.2   ,                  54.0   ,                30   ,                  2000   ,                30   ,                  2000   ,           3441   ,          4   ,                        0   ,                   0   ,                    0   ,               45.2   ,                  25.4   ,               16.0   ,                 19.8   ,              12.3   ,               3.9   ,                12.2   ,           41.4   ,             12.2   ,                        10.1   ,              16   ,        0.8850   ,               35.0   ,                 15893   ,
2026-02-11 21:10:43 ,        1335.0   ,            101.3   ,               47.9   ,        58.9   ,                  52.0   ,                30   ,                  1999   ,                30   ,                  1999   ,           1169   ,          0   ,                        3   ,                   0   ,                    0   ,               36.4   ,                  20.6   ,               12.1   ,                 15.8   ,              12.3   ,               3.8   ,                12.3   ,           32.7   ,             12.2   ,                         8.1   ,              16   ,        0.8850   ,               33.0   ,                 14639   ,
