        Date        , GPU Clock [MHz] , Memory Clock [MHz] , GPU Temperature [°C] , Hot Spot [°C] , Memory Temperature [°C] , Fan 1 Speed (%) [%] , Fan 1 Speed (RPM) [RPM] , Fan 2 Speed (%) [%] , Fan 2 Speed (RPM) [RPM] , Memory Used [MB] , GPU Load [%] , Memory Controller Load [%] , Video Engine Load [%] , Bus Interface Load [%] , Board Power Draw [W] , GPU Chip Power Draw [W] , MVDDC Power Draw [W] , PWR_SRC Power Draw [W] , PWR_SRC Voltage [V] , PCIe Slot Power [W] , PCIe Slot Voltage [V] , 16-Pin Power [W] , 16-Pin Voltage [V] , Power Consumption (%) [% TDP] , PerfCap Reason [] , GPU Voltage [V] , CPU Temperature [°C] , System Memory Used [MB] ,
2026-02-12 18:17:41 ,         210.0   ,             50.6   ,               39.3   ,        47.3   ,                  42.0   ,                30   ,                  1049   ,                30   ,                  1053   ,           1113   ,         41   ,                       25   ,                   0   ,                    6   ,               11.2   ,                   1.0   ,                8.1   ,                 10.2   ,              12.3   ,               2.0   ,                12.1   ,            9.2   ,             12.3   ,                         2.5   ,              16   ,        0.8750   ,               30.0   ,                 10460   ,
2026-02-12 18:17:42 ,         210.0   ,             50.6   ,               39.1   ,        47.3   ,                  42.0   ,                30   ,                  1050   ,                30   ,                  1054   ,           1104   ,         23   ,                       11   ,                   0   ,                    6   ,                8.7   ,                   0.9   ,                5.8   ,                  7.8   ,              12.3   ,               2.0   ,                12.1   ,            6.7   ,             12.3   ,                         1.9   ,              16   ,        0.8750   ,               30.0   ,                 10463   ,
2026-02-12 18:17:43 ,         210.0   ,             50.6   ,               39.0   ,        47.2   ,                  42.0   ,                30   ,                  1046   ,                30   ,                  1052   ,           1109   ,         21   ,                       11   ,                   0   ,                    6   ,                8.2   ,                   0.4   ,                5.8   ,                  7.8   ,              12.3   ,               2.0   ,                12.1   ,            6.2   ,             12.3   ,                         1.8   ,              16   ,        0.8750   ,               30.0   ,                 10438   ,
2026-02-12 18:17:44 ,         210.0   ,             50.6   ,               38.9   ,        47.2   ,                  42.0   ,                30   ,                  1047   ,                30   ,                  1053   ,           1109   ,         24   ,                       11   ,                   0   ,                    6   ,                8.6   ,                   0.6   ,                6.0   ,                  8.0   ,              12.3   ,               2.0   ,                12.1   ,            6.6   ,             12.3   ,                         1.9   ,              16   ,        0.8750   ,               30.0   ,                 10434   ,
2026-02-12 18:17:45 ,         210.0   ,             50.6   ,               38.9   ,        47.0   ,                  42.0   ,                30   ,                  1052   ,                30   ,                  1054   ,           1109   ,         35   ,                       22   ,                   0   ,                    6   ,                9.6   ,                   0.5   ,                7.1   ,                  9.1   ,              12.3   ,               2.0   ,                12.1   ,            7.5   ,             12.3   ,                         2.1   ,              16   ,        0.8750   ,               30.0   ,                 10438   ,
2026-02-12 18:17:46 ,         210.0   ,             50.6   ,               38.8   ,        47.0   ,                  42.0   ,                30   ,                  1056   ,                30   ,                  1053   ,           1104   ,         23   ,                       11   ,                   0   ,                    6   ,                8.7   ,                   0.5   ,                6.3   ,                  8.2   ,              12.3   ,               2.0   ,                12.1   ,            6.8   ,             12.3   ,                         1.9   ,              16   ,        0.8750   ,               30.0   ,                 10438   ,
2026-02-12 18:17:47 ,         210.0   ,             50.6   ,               38.7   ,        47.0   ,                  44.0   ,                30   ,                  1052   ,                30   ,                  1053   ,           1111   ,         31   ,                       15   ,                   0   ,                    6   ,                8.7   ,                   0.9   ,                5.7   ,                  7.8   ,              12.2   ,               2.1   ,                12.1   ,            6.6   ,             12.3   ,                         1.9   ,              16   ,        0.8750   ,               35.0   ,                 10499   ,
2026-02-12 18:17:48 ,         210.0   ,             50.6   ,               38.6   ,        46.8   ,                  42.0   ,                30   ,                  1049   ,                30   ,                  1053   ,           1116   ,         22   ,                       13   ,                   0   ,                    6   ,                8.3   ,                   0.6   ,                5.6   ,                  7.7   ,              12.2   ,               2.1   ,                12.1   ,            6.3   ,             12.3   ,                         1.9   ,              16   ,        0.8750   ,               32.0   ,                 10741   ,
2026-02-12 18:17:49 ,         210.0   ,             50.6   ,               38.5   ,        46.6   ,                  42.0   ,                30   ,                  1052   ,                30   ,                  1052   ,           1115   ,         22   ,                       11   ,                   0   ,                    6   ,                8.6   ,                   0.2   ,                6.3   ,                  8.4   ,              12.3   ,               2.0   ,                12.1   ,            6.5   ,             12.3   ,                         1.9   ,              16   ,        0.8750   ,               35.0   ,                 10914   ,
2026-02-12 18:17:50 ,         210.0   ,             50.6   ,               38.4   ,        46.6   ,                  44.0   ,                30   ,                  1046   ,                30   ,                  1053   ,           1137   ,         23   ,                       11   ,                   0   ,                    6   ,                8.4   ,                   0.2   ,                6.1   ,                  8.2   ,              12.3   ,               2.1   ,                12.1   ,            6.4   ,             12.3   ,                         1.9   ,              16   ,        0.8750   ,               36.0   ,                 11319   ,
2026-02-12 18:17:51 ,         210.0   ,             50.6   ,               38.4   ,        46.6   ,                  42.0   ,                30   ,                  1045   ,                30   ,                  1052   ,           1118   ,         22   ,                       11   ,                   0   ,                    6   ,                8.1   ,                   0.0   ,                6.2   ,                  8.1   ,              12.3   ,               2.1   ,                12.1   ,            6.0   ,             12.3   ,                         1.8   ,              16   ,        0.8750   ,               35.0   ,                 11485   ,
2026-02-12 18:17:52 ,         210.0   ,             50.6   ,               38.3   ,        46.5   ,                  42.0   ,                30   ,                  1044   ,                30   ,                  1053   ,           1140   ,         24   ,                       12   ,                   0   ,                    6   ,                8.5   ,                   0.4   ,                6.0   ,                  8.0   ,              12.2   ,               2.0   ,                12.1   ,            6.4   ,             12.3   ,                         1.9   ,              16   ,        0.8750   ,               36.0   ,                 11705   ,
2026-02-12 18:17:53 ,        2520.0   ,           1312.7   ,               39.3   ,        46.8   ,                  42.0   ,                30   ,                  1039   ,                30   ,                  1052   ,           1258   ,          0   ,                        0   ,                   0   ,                    0   ,               47.6   ,                  18.5   ,               23.1   ,                 29.0   ,              12.2   ,               6.0   ,                12.1   ,           41.6   ,             12.3   ,                        10.6   ,              16   ,        0.9500   ,               37.0   ,                 11928   ,
2026-02-12 18:17:54 ,        2520.0   ,           1312.7   ,               39.4   ,        47.0   ,                  44.0   ,                30   ,                  1051   ,                30   ,                  1052   ,           1255   ,          4   ,                        0   ,                   0   ,                    0   ,               50.0   ,                  21.0   ,               23.0   ,                 29.0   ,              12.2   ,               6.0   ,                12.1   ,           44.0   ,             12.3   ,                        11.1   ,              16   ,        0.9500   ,               35.0   ,                 11603   ,
2026-02-12 18:17:55 ,         630.0   ,            101.3   ,               38.9   ,        46.8   ,                  44.0   ,                30   ,                  1050   ,                30   ,                  1052   ,           1297   ,          0   ,                        1   ,                   0   ,                    0   ,               27.1   ,                   9.3   ,               14.1   ,                 17.9   ,              12.3   ,               3.8   ,                12.1   ,           23.4   ,             12.3   ,                         6.0   ,              16   ,        0.8900   ,               40.0   ,                 11698   ,
2026-02-12 18:17:56 ,         390.0   ,            101.3   ,               38.3   ,        46.5   ,                  42.0   ,                30   ,                  1046   ,                30   ,                  1052   ,           1309   ,          0   ,                        0   ,                   0   ,                    0   ,                6.7   ,                   1.9   ,                2.2   ,                  4.8   ,              12.2   ,               2.6   ,                12.1   ,            4.1   ,             12.3   ,                         1.5   ,              16   ,        0.8900   ,               39.0   ,                 11876   ,
2026-02-12 18:17:57 ,         225.0   ,             50.6   ,               38.0   ,        46.3   ,                  40.0   ,                30   ,                  1049   ,                30   ,                  1052   ,           1305   ,          1   ,                        1   ,                   0   ,                    0   ,                5.4   ,                   0.6   ,                2.8   ,                  4.8   ,              12.2   ,               2.0   ,                12.1   ,            3.4   ,             12.3   ,                         1.2   ,              16   ,        0.8750   ,               41.0   ,                 11859   ,
2026-02-12 18:17:58 ,         210.0   ,             50.6   ,               37.8   ,        46.1   ,                  40.0   ,                30   ,                  1045   ,                30   ,                  1052   ,           1305   ,          0   ,                        1   ,                   0   ,                    0   ,                4.9   ,                   1.4   ,                1.5   ,                  3.4   ,              12.2   ,               1.9   ,                12.1   ,            2.9   ,             12.3   ,                         1.1   ,              16   ,        0.8750   ,               40.0   ,                 11872   ,
2026-02-12 18:17:59 ,         210.0   ,             50.6   ,               37.7   ,        45.9   ,                  42.0   ,                30   ,                  1054   ,                30   ,                  1052   ,           1305   ,          0   ,                        1   ,                   0   ,                    0   ,                5.0   ,                   1.3   ,                1.7   ,                  3.7   ,              12.2   ,               1.9   ,                12.1   ,            3.0   ,             12.3   ,                         1.1   ,              16   ,        0.8750   ,               40.0   ,                 11962   ,
2026-02-12 18:18:00 ,         210.0   ,             50.6   ,               37.6   ,        45.9   ,                  40.0   ,                30   ,                  1048   ,                30   ,                  1053   ,           1305   ,          0   ,                        1   ,                   0   ,                    0   ,                5.4   ,                   0.7   ,                2.7   ,                  4.7   ,              12.2   ,               2.0   ,                12.1   ,            3.4   ,             12.3   ,                         1.2   ,              16   ,        0.8750   ,               40.0   ,                 12011   ,
2026-02-12 18:18:01 ,         210.0   ,             50.6   ,               37.5   ,        45.9   ,                  42.0   ,                30   ,                  1048   ,                30   ,                  1052   ,           1305   ,          0   ,                        1   ,                   0   ,                    0   ,                4.9   ,                   1.3   ,                1.6   ,                  3.6   ,              12.2   ,               2.0   ,                12.1   ,            2.9   ,             12.3   ,                         1.1   ,              16   ,        0.8750   ,               40.0   ,                 12006   ,
2026-02-12 18:18:02 ,         210.0   ,             50.6   ,               37.5   ,        45.7   ,                  42.0   ,                30   ,                  1047   ,                30   ,                  1053   ,           1305   ,          0   ,                        1   ,                   0   ,                    0   ,                5.1   ,                   1.3   ,                1.7   ,                  3.8   ,              12.2   ,               2.1   ,                12.1   ,            3.0   ,             12.3   ,                         1.1   ,              16   ,        0.8750   ,               38.0   ,                 12076   ,
2026-02-12 18:18:03 ,         210.0   ,             50.6   ,               37.4   ,        45.7   ,                  40.0   ,                30   ,                  1047   ,                30   ,                  1052   ,           1305   ,          0   ,                        1   ,                   0   ,                    0   ,                5.0   ,                   1.3   ,                1.7   ,                  3.7   ,              12.2   ,               2.0   ,                12.1   ,            3.0   ,             12.3   ,                         1.1   ,              16   ,        0.8750   ,               37.0   ,                 11923   ,
2026-02-12 18:18:04 ,         210.0   ,             50.6   ,               37.3   ,        45.6   ,                  40.0   ,                30   ,                  1043   ,                30   ,                  1053   ,           1305   ,          0   ,                        1   ,                   0   ,                    0   ,                4.9   ,                   1.3   ,                1.7   ,                  3.6   ,              12.2   ,               2.0   ,                12.1   ,            3.0   ,             12.3   ,                         1.1   ,              16   ,        0.8750   ,               37.0   ,                 11921   ,
2026-02-12 18:18:05 ,         210.0   ,             50.6   ,               37.2   ,        45.5   ,                  40.0   ,                30   ,                  1044   ,                30   ,                  1054   ,           1305   ,          0   ,                        1   ,                   0   ,                    0   ,                5.0   ,                   1.4   ,                1.6   ,                  3.6   ,              12.2   ,               2.0   ,                12.1   ,            3.0   ,             12.3   ,                         1.1   ,              16   ,        0.8750   ,               37.0   ,                 11925   ,
2026-02-12 18:18:06 ,         210.0   ,             50.6   ,               37.1   ,        45.5   ,                  40.0   ,                30   ,                  1051   ,                30   ,                  1053   ,           1305   ,          0   ,                        1   ,                   0   ,                    0   ,                5.0   ,                   1.4   ,                1.6   ,                  3.6   ,              12.2   ,               2.0   ,                12.1   ,            3.0   ,             12.3   ,                         1.1   ,              16   ,        0.8750   ,               38.0   ,                 11925   ,
2026-02-12 18:18:07 ,         615.0   ,             50.6   ,               37.8   ,        45.5   ,                  40.0   ,                30   ,                  1041   ,                30   ,                  1053   ,           1998   ,         75   ,                       46   ,                   0   ,                   20   ,               21.4   ,                   9.1   ,               10.2   ,                 12.3   ,              12.3   ,               2.1   ,                12.1   ,           19.3   ,             12.3   ,                         4.8   ,              16   ,        0.8750   ,               42.0   ,                 12338   ,
2026-02-12 18:18:08 ,        2520.0   ,           1312.7   ,               40.7   ,        46.6   ,                  44.0   ,                30   ,                  1047   ,                30   ,                  1052   ,           2123   ,         27   ,                        8   ,                   0   ,                    1   ,               97.5   ,                  62.3   ,               29.1   ,                 35.2   ,              12.2   ,               6.1   ,                12.1   ,           91.3   ,             12.2   ,                        21.7   ,              16   ,        0.9500   ,               40.0   ,                 12535   ,
2026-02-12 18:18:09 ,        2520.0   ,           1312.7   ,               40.8   ,        47.1   ,                  42.0   ,                30   ,                  1046   ,                30   ,                  1052   ,           2123   ,         27   ,                        8   ,                   0   ,                    1   ,               99.2   ,                  63.9   ,               29.2   ,                 35.3   ,              12.2   ,               6.1   ,                12.1   ,           82.4   ,             12.3   ,                        19.7   ,              16   ,        0.9500   ,               39.0   ,                 12540   ,
2026-02-12 18:18:10 ,        1320.0   ,            625.2   ,               38.1   ,        45.9   ,                  42.0   ,                30   ,                  1050   ,                30   ,                  1052   ,           2182   ,          0   ,                        0   ,                   0   ,                    0   ,               25.1   ,                   6.0   ,               13.1   ,                 19.0   ,              12.2   ,               5.9   ,                12.1   ,           19.2   ,             12.3   ,                         5.6   ,              16   ,        0.8900   ,               45.0   ,                 13129   ,
2026-02-12 18:18:11 ,         825.0   ,            625.2   ,               37.8   ,        45.8   ,                  42.0   ,                30   ,                  1049   ,                30   ,                  1052   ,           2182   ,          0   ,                        0   ,                   0   ,                    0   ,               24.1   ,                   5.0   ,               13.2   ,                 19.2   ,              12.2   ,               6.0   ,                12.1   ,           18.1   ,             12.3   ,                         5.4   ,              16   ,        0.8900   ,               39.0   ,                 13605   ,
2026-02-12 18:18:12 ,         525.0   ,            625.2   ,               37.7   ,        45.8   ,                  42.0   ,                30   ,                  1044   ,                30   ,                  1053   ,           2182   ,          0   ,                        0   ,                   0   ,                    0   ,               23.5   ,                   4.3   ,               13.3   ,                 19.2   ,              12.3   ,               5.9   ,                12.1   ,           17.6   ,             12.3   ,                         5.2   ,              16   ,        0.8900   ,               39.0   ,                 13784   ,
2026-02-12 18:18:13 ,         330.0   ,            101.3   ,               37.5   ,        45.7   ,                  40.0   ,                30   ,                  1051   ,                30   ,                  1052   ,           2183   ,          0   ,                        1   ,                   0   ,                    0   ,               14.2   ,                   2.1   ,                9.5   ,                 12.1   ,              12.3   ,               2.7   ,                12.1   ,           11.6   ,             12.3   ,                         3.2   ,              16   ,        0.8900   ,               42.0   ,                 14093   ,
2026-02-12 18:18:14 ,         225.0   ,            101.3   ,               37.4   ,        45.5   ,                  42.0   ,                30   ,                  1044   ,                30   ,                  1052   ,           2193   ,          5   ,                        2   ,                   0   ,                    1   ,               14.1   ,                   2.0   ,                9.4   ,                 12.1   ,              12.3   ,               2.7   ,                12.1   ,           11.4   ,             12.3   ,                         3.1   ,              16   ,        0.8900   ,               43.0   ,                 13267   ,
2026-02-12 18:18:16 ,         210.0   ,             50.6   ,               37.2   ,        45.3   ,                  42.0   ,                30   ,                  1050   ,                30   ,                  1053   ,           2194   ,          0   ,                        1   ,                   0   ,                    1   ,                6.6   ,                   0.0   ,                7.7   ,                  6.6   ,              12.3   ,               2.1   ,                12.1   ,            5.4   ,             12.3   ,                         1.7   ,              16   ,        0.8750   ,               41.0   ,                 13532   ,
2026-02-12 18:18:17 ,         210.0   ,             50.6   ,               37.1   ,        45.2   ,                  40.0   ,                30   ,                  1051   ,                30   ,                  1053   ,           2196   ,          0   ,                        2   ,                   0   ,                    0   ,                7.7   ,                   0.0   ,                7.8   ,                  7.7   ,              12.3   ,               2.1   ,                12.1   ,            5.6   ,             12.3   ,                         1.7   ,              16   ,        0.8750   ,               41.0   ,                 13927   ,
2026-02-12 18:18:18 ,         210.0   ,             50.6   ,               37.0   ,        45.2   ,                  40.0   ,                30   ,                  1049   ,                30   ,                  1052   ,           2196   ,          2   ,                        1   ,                   0   ,                    1   ,                7.7   ,                   0.0   ,                7.7   ,                  7.7   ,              12.3   ,               2.1   ,                12.1   ,            5.6   ,             12.3   ,                         1.7   ,              16   ,        0.8750   ,               44.0   ,                 13903   ,
2026-02-12 18:18:18 ,        2520.0   ,           1312.7   ,               38.3   ,        45.7   ,                  40.0   ,                30   ,                  1043   ,                30   ,                  1052   ,           3582   ,         89   ,                       42   ,                   0   ,                    1   ,               70.2   ,                  42.5   ,               22.4   ,                 27.7   ,              12.2   ,               5.3   ,                12.1   ,           64.9   ,             12.3   ,                        11.7   ,              16   ,        0.9500   ,               46.0   ,                 13451   ,
2026-02-12 18:18:19 ,        2520.0   ,           1312.7   ,               47.5   ,        54.8   ,                  42.0   ,                30   ,                  1045   ,                30   ,                  1052   ,           4339   ,         76   ,                       23   ,                   0   ,                    2   ,              254.8   ,                 202.6   ,               45.9   ,                 52.2   ,              12.0   ,               6.3   ,                12.0   ,          248.5   ,             12.1   ,                        56.6   ,               4   ,        1.0500   ,               45.0   ,                 13413   ,
2026-02-12 18:18:20 ,        2730.0   ,           1312.7   ,               52.4   ,        61.7   ,                  44.0   ,                30   ,                  1045   ,                30   ,                  1052   ,           4339   ,         83   ,                       27   ,                   0   ,                    2   ,              313.7   ,                 259.2   ,               48.1   ,                 54.5   ,              12.0   ,               6.3   ,                12.1   ,          312.6   ,             12.1   ,                        70.9   ,               4   ,        1.0500   ,               43.0   ,                 13475   ,
2026-02-12 18:18:21 ,        2730.0   ,           1312.7   ,               52.3   ,        61.4   ,                  46.0   ,                30   ,                  1048   ,                30   ,                  1051   ,           4341   ,         87   ,                       28   ,                   0   ,                    2   ,              316.2   ,                 261.2   ,               48.5   ,                 55.0   ,              12.0   ,               6.5   ,                12.1   ,          309.7   ,             12.1   ,                        70.3   ,               4   ,        1.0500   ,               43.0   ,                 13380   ,
2026-02-12 18:18:22 ,        2730.0   ,           1312.7   ,               54.3   ,        64.5   ,                  46.0   ,                30   ,                  1054   ,                30   ,                  1051   ,           4345   ,         89   ,                       29   ,                   0   ,                    2   ,              345.9   ,                 288.2   ,               51.3   ,                 57.7   ,              11.9   ,               6.4   ,                12.1   ,          339.6   ,             12.0   ,                        76.9   ,               4   ,        1.0500   ,               44.0   ,                 13415   ,
2026-02-12 18:18:23 ,        2745.0   ,           1312.7   ,               47.8   ,        53.5   ,                  46.0   ,                30   ,                  1055   ,                30   ,                  1051   ,           4347   ,         49   ,                       16   ,                   0   ,                    1   ,              208.7   ,                 164.5   ,               38.0   ,                 44.2   ,              12.0   ,               6.2   ,                12.1   ,          202.5   ,             12.2   ,                        46.4   ,               4   ,        1.0500   ,               44.0   ,                 13633   ,
2026-02-12 18:18:24 ,        2730.0   ,           1312.7   ,               53.0   ,        62.4   ,                  46.0   ,                30   ,                  1057   ,                30   ,                  1050   ,           4347   ,         70   ,                       22   ,                   0   ,                    2   ,              284.9   ,                 233.1   ,               45.4   ,                 51.7   ,              12.0   ,               6.4   ,                12.0   ,          278.5   ,             12.1   ,                        63.3   ,               4   ,        1.0500   ,               43.0   ,                 13629   ,
2026-02-12 18:18:25 ,        2730.0   ,           1312.7   ,               55.5   ,        65.9   ,                  48.0   ,                30   ,                  1052   ,                30   ,                  1050   ,           4349   ,         88   ,                       28   ,                   0   ,                    2   ,              348.9   ,                 290.8   ,               51.6   ,                 58.0   ,              11.9   ,               6.5   ,                12.1   ,          342.4   ,             12.0   ,                        77.5   ,               4   ,        1.0500   ,               43.0   ,                 13737   ,
2026-02-12 18:18:26 ,        2730.0   ,           1312.7   ,               55.9   ,        65.9   ,                  48.0   ,                30   ,                  1053   ,                30   ,                  1051   ,           4351   ,         91   ,                       29   ,                   0   ,                    2   ,              352.2   ,                 293.5   ,               52.3   ,                 58.7   ,              11.9   ,               6.5   ,                12.1   ,          345.7   ,             12.0   ,                        78.3   ,               4   ,        1.0500   ,               39.0   ,                 13724   ,
2026-02-12 18:18:27 ,        2730.0   ,           1312.7   ,               56.6   ,        67.7   ,                  50.0   ,                30   ,                  1046   ,                30   ,                  1050   ,           4351   ,         89   ,                       29   ,                   0   ,                    2   ,              352.1   ,                 293.5   ,               52.1   ,                 58.6   ,              11.9   ,               6.5   ,                12.1   ,          345.6   ,             12.0   ,                        78.2   ,               4   ,        1.0500   ,               40.0   ,                 13778   ,
2026-02-12 18:18:28 ,        2730.0   ,           1312.7   ,               57.2   ,        68.2   ,                  50.0   ,                30   ,                  1046   ,                30   ,                  1050   ,           4351   ,         90   ,                       29   ,                   0   ,                    3   ,              345.5   ,                 287.2   ,               51.9   ,                 58.3   ,              11.9   ,               6.4   ,                12.1   ,          339.0   ,             12.0   ,                        76.9   ,               4   ,        1.0500   ,               41.0   ,                 13947   ,
2026-02-12 18:18:29 ,        2730.0   ,           1312.7   ,               57.1   ,        67.7   ,                  50.0   ,                30   ,                  1051   ,                30   ,                  1050   ,           4351   ,         90   ,                       29   ,                   0   ,                    2   ,              347.8   ,                 289.5   ,               51.8   ,                 58.3   ,              11.9   ,               6.5   ,                12.1   ,          341.3   ,             12.0   ,                        77.3   ,               4   ,        1.0500   ,               40.0   ,                 13972   ,
2026-02-12 18:18:30 ,        2730.0   ,           1312.7   ,               57.1   ,        67.5   ,                  52.0   ,                30   ,                  1043   ,                30   ,                  1048   ,           4353   ,         89   ,                       29   ,                   0   ,                    3   ,              339.6   ,                 281.8   ,               51.4   ,                 57.8   ,              11.9   ,               6.5   ,                12.1   ,          337.4   ,             12.0   ,                        76.4   ,               4   ,        1.0500   ,               40.0   ,                 13945   ,
2026-02-12 18:18:31 ,        2730.0   ,           1312.7   ,               57.8   ,        68.0   ,                  50.0   ,                30   ,                  1045   ,                30   ,                  1049   ,           4353   ,         88   ,                       29   ,                   0   ,                    2   ,              347.5   ,                 289.3   ,               51.8   ,                 58.2   ,              11.9   ,               6.5   ,                12.1   ,          341.0   ,             12.0   ,                        77.2   ,               4   ,        1.0500   ,               38.0   ,                 13913   ,
2026-02-12 18:18:32 ,        2730.0   ,           1312.7   ,               58.3   ,        68.5   ,                  52.0   ,                30   ,                  1054   ,                30   ,                  1050   ,           4353   ,         90   ,                       29   ,                   0   ,                    3   ,              343.0   ,                 285.4   ,               51.1   ,                 57.6   ,              11.9   ,               6.5   ,                12.1   ,          336.5   ,             12.0   ,                        76.2   ,               4   ,        1.0500   ,               39.0   ,                 14204   ,
2026-02-12 18:18:33 ,        2730.0   ,           1312.7   ,               58.8   ,        69.6   ,                  52.0   ,                30   ,                  1052   ,                30   ,                  1050   ,           4353   ,         90   ,                       29   ,                   0   ,                    3   ,              342.2   ,                 285.1   ,               50.7   ,                 57.2   ,              11.9   ,               6.4   ,                12.1   ,          335.8   ,             12.0   ,                        76.1   ,               4   ,        1.0500   ,               38.0   ,                 14531   ,
2026-02-12 18:18:34 ,        2730.0   ,           1312.7   ,               59.0   ,        69.6   ,                  52.0   ,                30   ,                  1055   ,                30   ,                  1050   ,           4353   ,         91   ,                       29   ,                   0   ,                    3   ,              344.1   ,                 285.9   ,               51.7   ,                 58.2   ,              11.9   ,               6.5   ,                12.1   ,          337.6   ,             12.0   ,                        76.5   ,               4   ,        1.0500   ,               38.0   ,                 14545   ,
2026-02-12 18:18:36 ,        2730.0   ,           1312.7   ,               59.4   ,        70.1   ,                  52.0   ,                30   ,                  1055   ,                30   ,                  1052   ,           4353   ,         91   ,                       29   ,                   0   ,                    3   ,              334.2   ,                 277.8   ,               49.9   ,                 56.5   ,              11.9   ,               6.5   ,                12.1   ,          327.7   ,             12.0   ,                        74.3   ,               4   ,        1.0500   ,               38.0   ,                 14556   ,
2026-02-12 18:18:37 ,        2730.0   ,           1312.7   ,               60.4   ,        71.2   ,                  54.0   ,                30   ,                  1049   ,                30   ,                  1051   ,           4353   ,         91   ,                       29   ,                   0   ,                    3   ,              345.0   ,                 287.3   ,               51.2   ,                 57.7   ,              11.9   ,               6.5   ,                12.1   ,          338.5   ,             12.0   ,                        76.7   ,               4   ,        1.0500   ,               39.0   ,                 14476   ,
2026-02-12 18:18:38 ,        2730.0   ,           1312.7   ,               60.5   ,        71.3   ,                  54.0   ,                30   ,                  1042   ,                30   ,                  1050   ,           4353   ,         90   ,                       29   ,                   0   ,                    3   ,              354.6   ,                 296.1   ,               51.9   ,                 58.5   ,              11.9   ,               6.5   ,                12.1   ,          348.0   ,             12.0   ,                        77.5   ,               4   ,        1.0500   ,               38.0   ,                 14528   ,
2026-02-12 18:18:39 ,        2730.0   ,           1312.7   ,               60.6   ,        71.2   ,                  54.0   ,                30   ,                  1045   ,                30   ,                  1051   ,           4355   ,         91   ,                       29   ,                   0   ,                    3   ,              350.1   ,                 291.5   ,               52.1   ,                 58.6   ,              11.9   ,               6.5   ,                12.1   ,          343.6   ,             12.0   ,                        77.8   ,               4   ,        1.0500   ,               37.0   ,                 14049   ,
2026-02-12 18:18:40 ,        2715.0   ,           1312.7   ,               61.1   ,        71.8   ,                  54.0   ,                30   ,                  1043   ,                30   ,                  1051   ,           4356   ,         90   ,                       29   ,                   0   ,                    3   ,              344.0   ,                 286.0   ,               51.6   ,                 58.0   ,              11.9   ,               6.5   ,                12.1   ,          337.6   ,             12.0   ,                        76.5   ,               4   ,        1.0500   ,               39.0   ,                 14052   ,
2026-02-12 18:18:41 ,        2715.0   ,           1312.7   ,               61.4   ,        71.9   ,                  54.0   ,                30   ,                  1042   ,                30   ,                  1049   ,           4357   ,         92   ,                       31   ,                   0   ,                    3   ,              350.7   ,                 291.1   ,               53.1   ,                 59.6   ,              11.9   ,               6.5   ,                12.1   ,          344.2   ,             12.0   ,                        77.9   ,               4   ,        1.0500   ,               37.0   ,                 14037   ,
2026-02-12 18:18:42 ,        2715.0   ,           1312.7   ,               62.0   ,        72.9   ,                  56.0   ,                30   ,                  1042   ,                30   ,                  1049   ,           4357   ,         92   ,                       31   ,                   0   ,                    3   ,              352.2   ,                 292.5   ,               53.3   ,                 59.8   ,              11.9   ,               6.5   ,                12.1   ,          345.8   ,             12.0   ,                        78.3   ,               4   ,        1.0500   ,               42.0   ,                 14046   ,
2026-02-12 18:18:43 ,        2715.0   ,           1312.7   ,               61.9   ,        72.6   ,                  56.0   ,                30   ,                  1047   ,                30   ,                  1051   ,           4357   ,         91   ,                       31   ,                   0   ,                    3   ,              354.2   ,                 294.5   ,               53.2   ,                 59.7   ,              11.9   ,               6.5   ,                12.1   ,          347.7   ,             12.0   ,                        78.7   ,               4   ,        1.0500   ,               38.0   ,                 14421   ,
2026-02-12 18:18:44 ,        2715.0   ,           1312.7   ,               62.6   ,        74.3   ,                  56.0   ,                30   ,                  1054   ,                30   ,                  1051   ,           4357   ,         91   ,                       30   ,                   0   ,                    3   ,              349.6   ,                 290.4   ,               52.7   ,                 59.2   ,              11.9   ,               6.5   ,                12.1   ,          343.1   ,             12.0   ,                        79.2   ,               4   ,        1.0500   ,               41.0   ,                 14422   ,
2026-02-12 18:18:45 ,        2715.0   ,           1312.7   ,               61.6   ,        72.1   ,                  58.0   ,                30   ,                  1050   ,                30   ,                  1050   ,           4357   ,         91   ,                       31   ,                   0   ,                    3   ,              351.0   ,                 291.5   ,               52.9   ,                 59.5   ,              11.9   ,               6.6   ,                12.1   ,          344.4   ,             12.0   ,                        78.0   ,               4   ,        1.0500   ,               37.0   ,                 14420   ,
2026-02-12 18:18:46 ,        2715.0   ,           1312.7   ,               62.8   ,        73.6   ,                  58.0   ,                30   ,                  1049   ,                30   ,                  1051   ,           4357   ,         91   ,                       31   ,                   0   ,                    3   ,              353.9   ,                 294.3   ,               53.0   ,                 59.6   ,              11.9   ,               6.6   ,                12.1   ,          347.3   ,             12.0   ,                        78.6   ,               4   ,        1.0500   ,               40.0   ,                 14420   ,
2026-02-12 18:18:47 ,        2715.0   ,           1312.7   ,               63.8   ,        75.2   ,                  58.0   ,                31   ,                  1041   ,                31   ,                  1050   ,           4357   ,         92   ,                       31   ,                   0   ,                    3   ,              351.7   ,                 292.0   ,               53.1   ,                 59.6   ,              11.9   ,               6.6   ,                12.1   ,          345.1   ,             12.0   ,                        78.2   ,               4   ,        1.0500   ,               40.0   ,                 14419   ,
2026-02-12 18:18:48 ,        2715.0   ,           1312.7   ,               64.2   ,        75.5   ,                  58.0   ,                31   ,                  1040   ,                31   ,                  1051   ,           4357   ,         92   ,                       31   ,                   0   ,                    3   ,              353.2   ,                 293.1   ,               53.6   ,                 60.2   ,              11.9   ,               6.6   ,                12.1   ,          346.6   ,             12.0   ,                        78.5   ,               4   ,        1.0500   ,               40.0   ,                 14461   ,
2026-02-12 18:18:49 ,        2715.0   ,           1312.7   ,               63.8   ,        74.7   ,                  58.0   ,                32   ,                  1041   ,                32   ,                  1053   ,           4357   ,         90   ,                       30   ,                   0   ,                    3   ,              352.9   ,                 293.2   ,               53.1   ,                 59.7   ,              11.9   ,               6.6   ,                12.1   ,          346.3   ,             12.0   ,                        78.4   ,               4   ,        1.0500   ,               37.0   ,                 14585   ,
2026-02-12 18:18:50 ,        2715.0   ,           1312.7   ,               65.0   ,        76.5   ,                  58.0   ,                32   ,                  1063   ,                32   ,                  1062   ,           4357   ,         90   ,                       30   ,                   0   ,                    3   ,              349.6   ,                 290.3   ,               52.8   ,                 59.3   ,              11.9   ,               6.5   ,                12.1   ,          343.0   ,             12.0   ,                        77.7   ,               4   ,        1.0500   ,               35.0   ,                 14597   ,
2026-02-12 18:18:51 ,        2715.0   ,           1312.7   ,               65.0   ,        75.8   ,                  58.0   ,                33   ,                  1085   ,                33   ,                  1078   ,           4357   ,         92   ,                       31   ,                   0   ,                    3   ,              347.8   ,                 289.0   ,               52.1   ,                 59.6   ,              11.9   ,               6.6   ,                12.1   ,          345.7   ,             12.0   ,                        78.3   ,               4   ,        1.0500   ,               38.0   ,                 14639   ,
2026-02-12 18:18:52 ,        2715.0   ,           1312.7   ,               65.0   ,        76.1   ,                  58.0   ,                34   ,                  1095   ,                33   ,                  1096   ,           4357   ,         91   ,                       31   ,                   0   ,                    3   ,              355.4   ,                 295.4   ,               53.4   ,                 60.0   ,              11.9   ,               6.6   ,                12.1   ,          348.8   ,             12.0   ,                        79.0   ,               4   ,        1.0500   ,               36.0   ,                 14671   ,
2026-02-12 18:18:53 ,        2715.0   ,           1312.7   ,               65.4   ,        77.0   ,                  60.0   ,                34   ,                  1117   ,                34   ,                  1118   ,           4357   ,         91   ,                       31   ,                   0   ,                    3   ,              354.2   ,                 294.2   ,               53.4   ,                 60.0   ,              11.9   ,               6.6   ,                12.1   ,          347.6   ,             12.0   ,                        78.7   ,               4   ,        1.0500   ,               39.0   ,                 14671   ,
2026-02-12 18:18:54 ,        2715.0   ,           1312.7   ,               65.7   ,        77.1   ,                  60.0   ,                35   ,                  1142   ,                35   ,                  1142   ,           4357   ,         91   ,                       30   ,                   0   ,                    3   ,              355.1   ,                 295.3   ,               53.2   ,                 59.8   ,              11.9   ,               6.7   ,                12.1   ,          348.4   ,             12.0   ,                        78.9   ,               4   ,        1.0500   ,               36.0   ,                 14675   ,
2026-02-12 18:18:55 ,        2715.0   ,           1312.7   ,               65.6   ,        77.0   ,                  60.0   ,                35   ,                  1162   ,                35   ,                  1166   ,           4357   ,         92   ,                       30   ,                   0   ,                    3   ,              354.8   ,                 294.9   ,               53.2   ,                 59.9   ,              11.9   ,               6.7   ,                12.1   ,          348.1   ,             12.0   ,                        78.8   ,               4   ,        1.0500   ,               38.0   ,                 14688   ,
2026-02-12 18:18:56 ,        2715.0   ,           1312.7   ,               66.7   ,        78.5   ,                  60.0   ,                36   ,                  1169   ,                36   ,                  1186   ,           4357   ,         92   ,                       31   ,                   0   ,                    3   ,              352.1   ,                 292.5   ,               52.8   ,                 59.6   ,              11.9   ,               6.7   ,                12.1   ,          345.4   ,             12.0   ,                        78.2   ,               4   ,        1.0500   ,               42.0   ,                 14875   ,
2026-02-12 18:18:57 ,        2715.0   ,           1312.7   ,               66.4   ,        77.3   ,                  60.0   ,                36   ,                  1213   ,                36   ,                  1212   ,           4357   ,         90   ,                       30   ,                   0   ,                    3   ,              346.4   ,                 287.7   ,               52.0   ,                 58.7   ,              11.9   ,               6.7   ,                12.1   ,          339.7   ,             12.0   ,                        77.0   ,               4   ,        1.0500   ,               38.0   ,                 15027   ,
2026-02-12 18:18:58 ,        2715.0   ,           1312.7   ,               66.2   ,        77.1   ,                  62.0   ,                36   ,                  1229   ,                36   ,                  1234   ,           4357   ,         91   ,                       31   ,                   0   ,                    3   ,              357.2   ,                 297.2   ,               53.2   ,                 59.9   ,              11.9   ,               6.7   ,                12.1   ,          350.5   ,             12.0   ,                        78.6   ,               4   ,        1.0500   ,               39.0   ,                 15027   ,
2026-02-12 18:18:59 ,        2715.0   ,           1312.7   ,               66.9   ,        78.3   ,                  62.0   ,                37   ,                  1256   ,                37   ,                  1253   ,           4357   ,         92   ,                       31   ,                   0   ,                    3   ,              358.4   ,                 298.4   ,               53.3   ,                 60.0   ,              11.9   ,               6.8   ,                12.1   ,          351.7   ,             12.0   ,                        79.6   ,               4   ,        1.0500   ,               38.0   ,                 15028   ,
2026-02-12 18:19:00 ,        2715.0   ,           1312.7   ,               67.0   ,        78.2   ,                  62.0   ,                37   ,                  1271   ,                37   ,                  1274   ,           4357   ,         91   ,                       31   ,                   0   ,                    3   ,              356.2   ,                 296.0   ,               53.3   ,                 60.1   ,              11.9   ,               6.8   ,                12.1   ,          349.3   ,             12.0   ,                        79.2   ,               4   ,        1.0500   ,               42.0   ,                 15060   ,
2026-02-12 18:19:01 ,        2715.0   ,           1312.7   ,               67.8   ,        79.6   ,                  62.0   ,                38   ,                  1290   ,                38   ,                  1297   ,           4357   ,         92   ,                       31   ,                   0   ,                    3   ,              358.4   ,                 298.2   ,               53.4   ,                 60.2   ,              11.9   ,               6.8   ,                12.1   ,          351.6   ,             12.0   ,                        79.6   ,               4   ,        1.0500   ,               39.0   ,                 15068   ,
2026-02-12 18:19:02 ,        2715.0   ,           1312.7   ,               68.1   ,        79.9   ,                  62.0   ,                38   ,                  1319   ,                38   ,                  1319   ,           4357   ,         91   ,                       30   ,                   0   ,                    3   ,              355.6   ,                 295.5   ,               53.3   ,                 60.1   ,              11.9   ,               6.9   ,                12.1   ,          348.8   ,             12.0   ,                        79.0   ,               4   ,        1.0500   ,               40.0   ,                 15125   ,
2026-02-12 18:19:03 ,        2715.0   ,           1312.7   ,               67.8   ,        79.6   ,                  62.0   ,                39   ,                  1332   ,                39   ,                  1340   ,           4359   ,         90   ,                       30   ,                   0   ,                    3   ,              354.2   ,                 294.4   ,               53.0   ,                 59.8   ,              11.9   ,               6.8   ,                12.1   ,          347.4   ,             12.0   ,                        78.7   ,               4   ,        1.0500   ,               39.0   ,                 14080   ,
2026-02-12 18:19:04 ,        2715.0   ,           1312.7   ,               69.2   ,        81.3   ,                  62.0   ,                39   ,                  1352   ,                39   ,                  1354   ,           5538   ,         94   ,                       30   ,                   0   ,                    2   ,              372.4   ,                 313.3   ,               52.4   ,                 59.1   ,              11.9   ,               6.8   ,                12.1   ,          365.6   ,             12.0   ,                        82.8   ,               4   ,        1.0500   ,               39.0   ,                 13726   ,
2026-02-12 18:19:05 ,        2715.0   ,           1312.7   ,               69.6   ,        82.1   ,                  60.0   ,                39   ,                  1367   ,                39   ,                  1370   ,           5539   ,         94   ,                       30   ,                   0   ,                    2   ,              370.3   ,                 311.6   ,               51.9   ,                 58.7   ,              11.9   ,               6.8   ,                12.1   ,          363.5   ,             12.0   ,                        82.9   ,               4   ,        1.0500   ,               39.0   ,                 13755   ,
2026-02-12 18:19:06 ,        2715.0   ,           1312.7   ,               69.0   ,        80.7   ,                  62.0   ,                40   ,                  1395   ,                40   ,                  1390   ,           5539   ,         94   ,                       30   ,                   0   ,                    2   ,              371.6   ,                 312.7   ,               52.1   ,                 58.9   ,              11.9   ,               6.9   ,                12.1   ,          366.7   ,             12.0   ,                        83.0   ,               4   ,        1.0500   ,               38.0   ,                 13807   ,
2026-02-12 18:19:07 ,        2715.0   ,           1312.7   ,               69.8   ,        82.3   ,                  62.0   ,                41   ,                  1412   ,                41   ,                  1418   ,           5539   ,         93   ,                       30   ,                   0   ,                    2   ,              372.6   ,                 313.4   ,               52.3   ,                 59.2   ,              11.9   ,               6.9   ,                12.1   ,          365.7   ,             12.0   ,                        82.8   ,               4   ,        1.0500   ,               35.0   ,                 13859   ,
2026-02-12 18:19:08 ,        2715.0   ,           1312.7   ,               70.3   ,        82.5   ,                  64.0   ,                42   ,                  1450   ,                42   ,                  1448   ,           5539   ,         94   ,                       30   ,                   0   ,                    2   ,              372.3   ,                 313.3   ,               52.0   ,                 59.0   ,              11.9   ,               7.0   ,                12.1   ,          365.3   ,             12.0   ,                        82.7   ,               4   ,        1.0500   ,               38.0   ,                 13814   ,
2026-02-12 18:19:09 ,        2715.0   ,           1312.7   ,               70.3   ,        82.9   ,                  64.0   ,                42   ,                  1481   ,                42   ,                  1475   ,           5539   ,         94   ,                       30   ,                   0   ,                    2   ,              372.5   ,                 313.3   ,               52.1   ,                 59.1   ,              11.9   ,               7.0   ,                12.1   ,          365.5   ,             12.0   ,                        82.8   ,               4   ,        1.0500   ,               35.0   ,                 13850   ,
2026-02-12 18:19:10 ,        2715.0   ,           1312.7   ,               70.2   ,        82.5   ,                  62.0   ,                43   ,                  1499   ,                43   ,                  1508   ,           5539   ,         94   ,                       30   ,                   0   ,                    2   ,              372.4   ,                 313.2   ,               52.2   ,                 59.2   ,              11.9   ,               7.0   ,                12.1   ,          365.4   ,             12.0   ,                        82.8   ,               4   ,        1.0500   ,               39.0   ,                 13815   ,
2026-02-12 18:19:11 ,        2715.0   ,           1312.7   ,               70.1   ,        82.1   ,                  64.0   ,                43   ,                  1532   ,                43   ,                  1530   ,           5539   ,         93   ,                       30   ,                   0   ,                    2   ,              373.0   ,                 313.4   ,               52.5   ,                 59.6   ,              11.9   ,               7.1   ,                12.1   ,          365.8   ,             12.0   ,                        82.9   ,               4   ,        1.0500   ,               35.0   ,                 13857   ,
2026-02-12 18:19:12 ,        2715.0   ,           1312.7   ,               70.2   ,        82.2   ,                  64.0   ,                44   ,                  1541   ,                44   ,                  1555   ,           5539   ,         94   ,                       30   ,                   0   ,                    2   ,              375.2   ,                 315.6   ,               52.4   ,                 59.6   ,              11.9   ,               7.2   ,                12.1   ,          368.1   ,             12.0   ,                        83.4   ,               4   ,        1.0500   ,               38.0   ,                 13812   ,
2026-02-12 18:19:13 ,        2715.0   ,           1312.7   ,               70.8   ,        83.1   ,                  64.0   ,                44   ,                  1572   ,                44   ,                  1574   ,           5539   ,         94   ,                       30   ,                   0   ,                    2   ,              371.9   ,                 312.7   ,               52.1   ,                 59.2   ,              11.9   ,               7.1   ,                12.1   ,          364.8   ,             12.0   ,                        82.6   ,               4   ,        1.0500   ,               35.0   ,                 13786   ,
2026-02-12 18:19:14 ,        2715.0   ,           1312.7   ,               71.2   ,        83.5   ,                  64.0   ,                44   ,                  1581   ,                44   ,                  1593   ,           5539   ,         94   ,                       30   ,                   0   ,                    2   ,              371.6   ,                 312.3   ,               52.1   ,                 59.3   ,              11.9   ,               7.2   ,                12.1   ,          364.4   ,             12.0   ,                        82.6   ,               4   ,        1.0500   ,               36.0   ,                 13753   ,
2026-02-12 18:19:15 ,        2700.0   ,           1312.7   ,               70.8   ,        83.0   ,                  64.0   ,                44   ,                  1597   ,                44   ,                  1611   ,           5539   ,         94   ,                       30   ,                   0   ,                    2   ,              371.7   ,                 312.4   ,               52.1   ,                 59.3   ,              11.9   ,               7.2   ,                12.1   ,          364.5   ,             12.0   ,                        83.2   ,               4   ,        1.0500   ,               36.0   ,                 13790   ,
2026-02-12 18:19:16 ,        2700.0   ,           1312.7   ,               71.7   ,        84.6   ,                  64.0   ,                45   ,                  1621   ,                45   ,                  1627   ,           5539   ,         94   ,                       30   ,                   0   ,                    2   ,              375.7   ,                 316.1   ,               52.3   ,                 59.6   ,              11.9   ,               7.3   ,                12.1   ,          365.6   ,             12.0   ,                        82.8   ,               4   ,        1.0500   ,               40.0   ,                 13747   ,
2026-02-12 18:19:17 ,        2700.0   ,           1312.7   ,               71.8   ,        84.1   ,                  64.0   ,                45   ,                  1635   ,                45   ,                  1641   ,           5539   ,         93   ,                       30   ,                   0   ,                    2   ,              373.1   ,                 313.9   ,               52.0   ,                 59.2   ,              11.9   ,               7.2   ,                12.1   ,          365.9   ,             12.0   ,                        82.9   ,               4   ,        1.0500   ,               34.0   ,                 13767   ,
2026-02-12 18:19:18 ,        2700.0   ,           1312.7   ,               71.4   ,        83.8   ,                  64.0   ,                45   ,                  1650   ,                45   ,                  1655   ,           5539   ,         93   ,                       30   ,                   0   ,                    2   ,              374.9   ,                 315.4   ,               52.1   ,                 59.5   ,              11.9   ,               7.3   ,                12.1   ,          367.5   ,             12.0   ,                        83.3   ,               4   ,        1.0500   ,               37.0   ,                 13791   ,
2026-02-12 18:19:19 ,        2700.0   ,           1312.7   ,               71.4   ,        84.1   ,                  64.0   ,                45   ,                  1662   ,                45   ,                  1665   ,           5539   ,         93   ,                       30   ,                   0   ,                    2   ,              373.9   ,                 314.5   ,               52.1   ,                 59.4   ,              11.9   ,               7.3   ,                12.1   ,          366.6   ,             12.0   ,                        83.1   ,               4   ,        1.0500   ,               35.0   ,                 13749   ,
2026-02-12 18:19:20 ,        2700.0   ,           1312.7   ,               71.5   ,        83.9   ,                  64.0   ,                45   ,                  1670   ,                45   ,                  1677   ,           5539   ,         93   ,                       30   ,                   0   ,                    2   ,              373.4   ,                 314.1   ,               52.0   ,                 59.3   ,              11.9   ,               7.3   ,                12.1   ,          366.1   ,             12.0   ,                        83.0   ,               4   ,        1.0500   ,               36.0   ,                 13791   ,
2026-02-12 18:19:21 ,        2700.0   ,           1312.7   ,               71.3   ,        83.2   ,                  66.0   ,                46   ,                  1680   ,                46   ,                  1684   ,           5539   ,         94   ,                       30   ,                   0   ,                    2   ,              374.6   ,                 315.2   ,               52.1   ,                 59.4   ,              11.9   ,               7.3   ,                12.1   ,          367.3   ,             12.0   ,                        83.2   ,               4   ,        1.0500   ,               38.0   ,                 13748   ,
2026-02-12 18:19:22 ,        2700.0   ,           1312.7   ,               71.9   ,        85.1   ,                  64.0   ,                46   ,                  1688   ,                46   ,                  1694   ,           5539   ,         93   ,                       30   ,                   0   ,                    2   ,              374.7   ,                 315.3   ,               52.1   ,                 59.4   ,              11.9   ,               7.3   ,                12.1   ,          367.4   ,             12.0   ,                        83.3   ,               4   ,        1.0500   ,               35.0   ,                 13786   ,
2026-02-12 18:19:23 ,        2700.0   ,           1312.7   ,               72.4   ,        84.8   ,                  64.0   ,                46   ,                  1699   ,                46   ,                  1704   ,           5540   ,         93   ,                       30   ,                   0   ,                    2   ,              375.7   ,                 316.2   ,               52.2   ,                 59.5   ,              11.9   ,               7.4   ,                12.1   ,          368.3   ,             12.0   ,                        83.5   ,               4   ,        1.0500   ,               35.0   ,                 13748   ,
2026-02-12 18:19:24 ,        2700.0   ,           1312.7   ,               71.7   ,        84.2   ,                  64.0   ,                46   ,                  1712   ,                46   ,                  1714   ,           5543   ,         93   ,                       30   ,                   0   ,                    2   ,              363.7   ,                 305.4   ,               50.9   ,                 58.3   ,              11.9   ,               7.4   ,                12.1   ,          356.4   ,             12.0   ,                        80.8   ,               4   ,        1.0500   ,               39.0   ,                 13758   ,
2026-02-12 18:19:25 ,        2700.0   ,           1312.7   ,               72.3   ,        85.0   ,                  66.0   ,                47   ,                  1720   ,                47   ,                  1727   ,           5543   ,         93   ,                       30   ,                   0   ,                    2   ,              373.7   ,                 314.7   ,               51.7   ,                 59.1   ,              11.9   ,               7.3   ,                12.1   ,          366.4   ,             12.0   ,                        83.1   ,               4   ,        1.0500   ,               35.0   ,                 13797   ,
2026-02-12 18:19:26 ,        2700.0   ,           1312.7   ,               72.7   ,        85.8   ,                  66.0   ,                47   ,                  1728   ,                47   ,                  1732   ,           5543   ,         94   ,                       30   ,                   0   ,                    2   ,              374.8   ,                 315.4   ,               51.9   ,                 59.3   ,              11.9   ,               7.4   ,                12.1   ,          367.4   ,             12.0   ,                        83.3   ,               4   ,        1.0500   ,               38.0   ,                 13738   ,
2026-02-12 18:19:27 ,        2700.0   ,           1312.7   ,               72.0   ,        84.3   ,                  68.0   ,                47   ,                  1739   ,                47   ,                  1742   ,           5543   ,         93   ,                       30   ,                   0   ,                    2   ,              374.6   ,                 315.2   ,               51.9   ,                 59.4   ,              11.9   ,               7.5   ,                12.1   ,          367.1   ,             12.0   ,                        83.2   ,               4   ,        1.0500   ,               35.0   ,                 13786   ,
2026-02-12 18:19:28 ,        2700.0   ,           1312.7   ,               72.7   ,        85.7   ,                  66.0   ,                47   ,                  1753   ,                47   ,                  1750   ,           5543   ,         94   ,                       30   ,                   0   ,                    2   ,              376.1   ,                 316.6   ,               52.1   ,                 59.6   ,              11.9   ,               7.5   ,                12.1   ,          368.6   ,             12.0   ,                        83.6   ,               4   ,        1.0500   ,               36.0   ,                 13759   ,
2026-02-12 18:19:29 ,        2700.0   ,           1312.7   ,               72.1   ,        84.4   ,                  66.0   ,                47   ,                  1761   ,                47   ,                  1761   ,           5543   ,         94   ,                       30   ,                   0   ,                    2   ,              374.9   ,                 315.5   ,               52.0   ,                 59.5   ,              11.9   ,               7.5   ,                12.1   ,          367.4   ,             12.0   ,                        83.3   ,               4   ,        1.0500   ,               35.0   ,                 13790   ,
2026-02-12 18:19:30 ,        2700.0   ,           1312.7   ,               72.1   ,        84.8   ,                  66.0   ,                47   ,                  1770   ,                47   ,                  1766   ,           5543   ,         94   ,                       29   ,                   0   ,                    2   ,              358.3   ,                 300.4   ,               50.5   ,                 57.9   ,              11.9   ,               7.4   ,                12.1   ,          350.8   ,             12.0   ,                        79.6   ,               4   ,        1.0500   ,               39.0   ,                 13763   ,
2026-02-12 18:19:31 ,        2700.0   ,           1312.7   ,               72.0   ,        84.1   ,                  66.0   ,                47   ,                  1776   ,                47   ,                  1777   ,           5543   ,         93   ,                       28   ,                   0   ,                    2   ,              346.5   ,                 289.3   ,               49.8   ,                 57.2   ,              11.9   ,               7.4   ,                12.1   ,          339.1   ,             12.0   ,                        77.0   ,               4   ,        1.0500   ,               34.0   ,                 13755   ,
2026-02-12 18:19:32 ,        2700.0   ,           1312.7   ,               72.0   ,        84.6   ,                  66.0   ,                48   ,                  1785   ,                48   ,                  1783   ,           5543   ,         94   ,                       29   ,                   0   ,                    2   ,              357.5   ,                 298.8   ,               51.2   ,                 58.7   ,              11.9   ,               7.5   ,                12.1   ,          350.0   ,             12.0   ,                        79.4   ,               4   ,        1.0500   ,               33.0   ,                 13760   ,
2026-02-12 18:19:33 ,        2700.0   ,           1312.7   ,               71.4   ,        83.2   ,                  66.0   ,                48   ,                  1790   ,                48   ,                  1788   ,           5543   ,         94   ,                       29   ,                   0   ,                    2   ,              359.5   ,                 301.0   ,               51.1   ,                 58.5   ,              11.9   ,               7.4   ,                12.1   ,          352.0   ,             12.0   ,                        79.9   ,               4   ,        1.0500   ,               34.0   ,                 13760   ,
2026-02-12 18:19:34 ,        2700.0   ,           1312.7   ,               71.8   ,        83.8   ,                  66.0   ,                48   ,                  1796   ,                48   ,                  1791   ,           5543   ,         94   ,                       29   ,                   0   ,                    2   ,              359.0   ,                 300.4   ,               51.1   ,                 58.6   ,              11.9   ,               7.5   ,                12.1   ,          351.5   ,             12.0   ,                        79.8   ,               4   ,        1.0500   ,               34.0   ,                 13755   ,
2026-02-12 18:19:35 ,        2700.0   ,           1312.7   ,               72.3   ,        85.1   ,                  66.0   ,                48   ,                  1796   ,                48   ,                  1791   ,           5543   ,         94   ,                       30   ,                   0   ,                    2   ,              359.6   ,                 300.5   ,               51.6   ,                 59.1   ,              11.9   ,               7.6   ,                12.1   ,          352.1   ,             12.0   ,                        79.7   ,               4   ,        1.0500   ,               34.0   ,                 13756   ,
2026-02-12 18:19:36 ,        2700.0   ,           1312.7   ,               71.1   ,        82.9   ,                  66.0   ,                48   ,                  1799   ,                48   ,                  1794   ,           5543   ,         93   ,                       29   ,                   0   ,                    2   ,              350.9   ,                 292.9   ,               50.5   ,                 58.0   ,              11.9   ,               7.5   ,                12.1   ,          342.3   ,             12.0   ,                        77.7   ,               4   ,        1.0500   ,               33.0   ,                 13755   ,
2026-02-12 18:19:37 ,        2700.0   ,           1312.7   ,               72.8   ,        86.0   ,                  66.0   ,                48   ,                  1799   ,                48   ,                  1794   ,           5531   ,         92   ,                       30   ,                   0   ,                    2   ,              375.4   ,                 316.3   ,               51.7   ,                 59.2   ,              11.9   ,               7.5   ,                12.1   ,          367.9   ,             12.0   ,                        83.4   ,               4   ,        1.0500   ,               39.0   ,                 13821   ,
2026-02-12 18:19:38 ,        2700.0   ,           1312.7   ,               72.4   ,        85.2   ,                  66.0   ,                48   ,                  1799   ,                48   ,                  1802   ,           5531   ,         94   ,                       30   ,                   0   ,                    2   ,              379.2   ,                 319.9   ,               51.8   ,                 59.3   ,              11.9   ,               7.5   ,                12.1   ,          371.6   ,             12.0   ,                        84.3   ,               4   ,        1.0500   ,               35.0   ,                 13832   ,
2026-02-12 18:19:39 ,        2715.0   ,           1312.7   ,               61.3   ,        68.3   ,                  64.0   ,                48   ,                  1802   ,                48   ,                  1800   ,           5530   ,         19   ,                        8   ,                   0   ,                    1   ,              131.2   ,                  94.3   ,               29.8   ,                 37.0   ,              12.1   ,               7.1   ,                12.1   ,          124.1   ,             12.2   ,                        29.2   ,               4   ,        1.0500   ,               39.0   ,                 13864   ,
2026-02-12 18:19:40 ,        2715.0   ,           1312.7   ,               60.7   ,        67.6   ,                  64.0   ,                48   ,                  1802   ,                48   ,                  1794   ,           5530   ,         18   ,                        8   ,                   0   ,                    1   ,              134.7   ,                  97.2   ,               30.2   ,                 37.5   ,              12.1   ,               7.3   ,                12.1   ,          127.4   ,             12.2   ,                        29.9   ,               4   ,        1.0500   ,               38.0   ,                 13854   ,
2026-02-12 18:19:41 ,        1440.0   ,            625.2   ,               57.8   ,        66.2   ,                  62.0   ,                47   ,                  1799   ,                47   ,                  1797   ,           5530   ,         30   ,                       16   ,                   0   ,                    1   ,               74.7   ,                  47.2   ,               20.4   ,                 27.4   ,              12.2   ,               7.1   ,                12.1   ,           67.6   ,             12.2   ,                        16.6   ,              16   ,        0.8750   ,               40.0   ,                 13838   ,
2026-02-12 18:19:42 ,        1290.0   ,            625.2   ,               57.2   ,        65.3   ,                  62.0   ,                46   ,                  1796   ,                46   ,                  1791   ,           5530   ,         33   ,                       16   ,                   0   ,                    1   ,               76.5   ,                  48.5   ,               20.9   ,                 28.0   ,              12.2   ,               7.0   ,                12.1   ,           69.4   ,             12.3   ,                        17.0   ,              16   ,        0.8750   ,               37.0   ,                 13847   ,
2026-02-12 18:19:43 ,        1215.0   ,            625.2   ,               56.8   ,        65.0   ,                  62.0   ,                44   ,                  1776   ,                44   ,                  1767   ,           5530   ,         36   ,                       17   ,                   0   ,                    1   ,               76.0   ,                  47.9   ,               21.1   ,                 28.1   ,              12.2   ,               7.0   ,                12.1   ,           69.0   ,             12.2   ,                        16.9   ,              16   ,        0.8750   ,               39.0   ,                 13810   ,
2026-02-12 18:19:44 ,        1170.0   ,            625.2   ,               56.2   ,        64.6   ,                  62.0   ,                43   ,                  1740   ,                43   ,                  1735   ,           5530   ,         36   ,                       16   ,                   0   ,                    1   ,               74.7   ,                  46.9   ,               20.9   ,                 27.8   ,              12.2   ,               6.8   ,                12.1   ,           67.8   ,             12.2   ,                        16.6   ,              16   ,        0.8750   ,               40.0   ,                 13814   ,
2026-02-12 18:19:45 ,        1140.0   ,            625.2   ,               55.9   ,        64.2   ,                  62.0   ,                41   ,                  1691   ,                41   ,                  1692   ,           5530   ,         38   ,                       17   ,                   0   ,                    1   ,               77.8   ,                  49.6   ,               21.4   ,                 28.2   ,              12.2   ,               6.8   ,                12.1   ,           71.0   ,             12.2   ,                        17.3   ,              16   ,        0.8750   ,               39.0   ,                 13804   ,
2026-02-12 18:19:46 ,        1125.0   ,            625.2   ,               55.6   ,        63.8   ,                  60.0   ,                40   ,                  1641   ,                40   ,                  1634   ,           5530   ,         39   ,                       17   ,                   0   ,                    1   ,               76.5   ,                  48.4   ,               21.4   ,                 28.1   ,              12.2   ,               6.7   ,                12.1   ,           69.8   ,             12.2   ,                        17.0   ,              16   ,        0.8750   ,               38.0   ,                 13804   ,
2026-02-12 18:19:47 ,        1125.0   ,            625.2   ,               55.1   ,        63.4   ,                  60.0   ,                39   ,                  1591   ,                39   ,                  1580   ,           5530   ,         39   ,                       17   ,                   0   ,                    1   ,               77.5   ,                  49.3   ,               21.6   ,                 28.1   ,              12.2   ,               6.6   ,                12.1   ,           70.9   ,             12.3   ,                        17.2   ,              16   ,        0.8750   ,               37.0   ,                 13803   ,
2026-02-12 18:19:48 ,        1140.0   ,            625.2   ,               54.9   ,        63.1   ,                  60.0   ,                39   ,                  1544   ,                39   ,                  1536   ,           5530   ,         39   ,                       18   ,                   0   ,                    1   ,               76.8   ,                  48.9   ,               21.5   ,                 28.0   ,              12.2   ,               6.5   ,                12.1   ,           70.3   ,             12.2   ,                        17.2   ,              16   ,        0.8750   ,               39.0   ,                 13803   ,
2026-02-12 18:19:49 ,        1140.0   ,            625.2   ,               54.5   ,        62.6   ,                  60.0   ,                38   ,                  1502   ,                38   ,                  1493   ,           5530   ,         38   ,                       17   ,                   0   ,                    1   ,               77.4   ,                  49.6   ,               21.4   ,                 27.9   ,              12.2   ,               6.5   ,                12.1   ,           71.0   ,             12.2   ,                        17.2   ,              16   ,        0.8750   ,               38.0   ,                 13803   ,
2026-02-12 18:19:50 ,        1125.0   ,            625.2   ,               54.3   ,        62.4   ,                  60.0   ,                37   ,                  1459   ,                37   ,                  1452   ,           5530   ,         39   ,                       17   ,                   0   ,                    1   ,               76.8   ,                  48.9   ,               21.4   ,                 27.8   ,              12.2   ,               6.4   ,                12.1   ,           70.3   ,             12.2   ,                        17.1   ,              16   ,        0.8750   ,               37.0   ,                 13788   ,
2026-02-12 18:19:51 ,        1125.0   ,            625.2   ,               54.0   ,        62.2   ,                  60.0   ,                37   ,                  1419   ,                37   ,                  1414   ,           5530   ,         39   ,                       17   ,                   0   ,                    1   ,               77.4   ,                  49.6   ,               21.4   ,                 27.8   ,              12.2   ,               6.4   ,                12.1   ,           71.0   ,             12.2   ,                        17.2   ,              16   ,        0.8800   ,               38.0   ,                 13787   ,
2026-02-12 18:19:52 ,        1140.0   ,            625.2   ,               53.8   ,        61.9   ,                  58.0   ,                36   ,                  1385   ,                36   ,                  1379   ,           5530   ,         39   ,                       17   ,                   0   ,                    1   ,               77.7   ,                  49.8   ,               21.5   ,                 27.9   ,              12.2   ,               6.4   ,                12.1   ,           71.3   ,             12.3   ,                        17.3   ,              16   ,        0.8800   ,               37.0   ,                 13787   ,
2026-02-12 18:19:53 ,        1140.0   ,            625.2   ,               53.6   ,        61.7   ,                  58.0   ,                36   ,                  1355   ,                36   ,                  1348   ,           5530   ,         39   ,                       18   ,                   0   ,                    1   ,               77.9   ,                  50.0   ,               21.6   ,                 27.9   ,              12.2   ,               6.3   ,                12.1   ,           71.6   ,             12.3   ,                        17.3   ,              16   ,        0.8800   ,               39.0   ,                 13784   ,
2026-02-12 18:19:54 ,        1155.0   ,            625.2   ,               53.6   ,        61.5   ,                  58.0   ,                35   ,                  1322   ,                35   ,                  1319   ,           5530   ,         39   ,                       18   ,                   0   ,                    1   ,               78.7   ,                  50.8   ,               21.7   ,                 27.9   ,              12.2   ,               6.3   ,                12.1   ,           72.5   ,             12.3   ,                        17.5   ,              16   ,        0.8800   ,               38.0   ,                 13784   ,
2026-02-12 18:19:55 ,        1125.0   ,            625.2   ,               53.1   ,        61.3   ,                  58.0   ,                35   ,                  1294   ,                35   ,                  1294   ,           5576   ,         38   ,                       24   ,                   0   ,                    1   ,               76.7   ,                  46.9   ,               23.5   ,                 29.8   ,              12.2   ,               6.3   ,                12.1   ,           70.4   ,             12.3   ,                        16.6   ,              16   ,        0.8800   ,               37.0   ,                 13788   ,
2026-02-12 18:19:56 ,        1095.0   ,            625.2   ,               52.8   ,        61.1   ,                  58.0   ,                34   ,                  1273   ,                34   ,                  1266   ,           5576   ,         37   ,                       23   ,                   0   ,                    1   ,               75.1   ,                  45.5   ,               23.3   ,                 29.6   ,              12.2   ,               6.3   ,                12.1   ,           68.9   ,             12.3   ,                        16.7   ,              16   ,        0.8800   ,               36.0   ,                 13787   ,
2026-02-12 18:19:57 ,        1080.0   ,            625.2   ,               52.7   ,        60.8   ,                  58.0   ,                34   ,                  1245   ,                34   ,                  1243   ,           5578   ,         38   ,                       24   ,                   0   ,                    1   ,               75.2   ,                  45.5   ,               23.4   ,                 29.7   ,              12.2   ,               6.3   ,                12.1   ,           69.0   ,             12.3   ,                        16.7   ,              16   ,        0.8800   ,               38.0   ,                 13789   ,
2026-02-12 18:19:58 ,        1080.0   ,            625.2   ,               52.6   ,        60.7   ,                  58.0   ,                33   ,                  1224   ,                33   ,                  1222   ,           5577   ,         39   ,                       24   ,                   0   ,                    1   ,               75.9   ,                  45.9   ,               23.8   ,                 30.0   ,              12.2   ,               6.2   ,                12.1   ,           69.7   ,             12.3   ,                        16.9   ,              16   ,        0.8800   ,               39.0   ,                 13789   ,
2026-02-12 18:19:59 ,        1080.0   ,            625.2   ,               52.5   ,        60.5   ,                  58.0   ,                33   ,                  1195   ,                33   ,                  1196   ,           5572   ,         39   ,                       24   ,                   0   ,                    1   ,               76.3   ,                  46.4   ,               23.7   ,                 30.0   ,              12.2   ,               6.2   ,                12.1   ,           70.1   ,             12.2   ,                        17.0   ,              16   ,        0.8800   ,               38.0   ,                 13788   ,
2026-02-12 18:20:00 ,        1080.0   ,            625.2   ,               52.2   ,        60.4   ,                  58.0   ,                33   ,                  1173   ,                33   ,                  1176   ,           5572   ,         39   ,                       23   ,                   0   ,                    1   ,               76.0   ,                  46.1   ,               23.7   ,                 29.9   ,              12.2   ,               6.2   ,                12.1   ,           69.8   ,             12.2   ,                        16.9   ,              16   ,        0.8800   ,               38.0   ,                 13789   ,
2026-02-12 18:20:01 ,        1095.0   ,            625.2   ,               52.2   ,        60.2   ,                  58.0   ,                32   ,                  1162   ,                32   ,                  1158   ,           5572   ,         38   ,                       23   ,                   0   ,                    1   ,               75.3   ,                  45.5   ,               23.6   ,                 29.8   ,              12.2   ,               6.2   ,                12.1   ,           69.0   ,             12.3   ,                        16.7   ,              16   ,        0.8800   ,               38.0   ,                 13788   ,
2026-02-12 18:20:02 ,        1080.0   ,            625.2   ,               52.0   ,        60.2   ,                  56.0   ,                32   ,                  1153   ,                32   ,                  1140   ,           5572   ,         38   ,                       23   ,                   0   ,                    1   ,               74.6   ,                  44.9   ,               23.4   ,                 29.7   ,              12.2   ,               6.2   ,                12.1   ,           68.4   ,             12.3   ,                        16.6   ,              16   ,        0.8800   ,               38.0   ,                 13788   ,
2026-02-12 18:20:03 ,        1065.0   ,            625.2   ,               52.0   ,        60.0   ,                  56.0   ,                32   ,                  1124   ,                32   ,                  1119   ,           5572   ,         39   ,                       23   ,                   0   ,                    1   ,               76.5   ,                  46.6   ,               23.8   ,                 30.0   ,              12.2   ,               6.2   ,                12.1   ,           70.3   ,             12.2   ,                        16.9   ,              16   ,        0.8800   ,               39.0   ,                 13788   ,
2026-02-12 18:20:05 ,        1080.0   ,            625.2   ,               51.9   ,        60.0   ,                  56.0   ,                31   ,                  1103   ,                31   ,                  1099   ,           5572   ,         39   ,                       23   ,                   0   ,                    1   ,               75.8   ,                  46.0   ,               23.7   ,                 29.9   ,              12.2   ,               6.1   ,                12.1   ,           69.0   ,             12.3   ,                        16.7   ,              16   ,        0.8800   ,               39.0   ,                 13787   ,
2026-02-12 18:20:06 ,        1080.0   ,            625.2   ,               51.8   ,        59.8   ,                  56.0   ,                31   ,                  1087   ,                31   ,                  1083   ,           5572   ,         39   ,                       23   ,                   0   ,                    1   ,               73.7   ,                  44.2   ,               23.3   ,                 29.5   ,              12.2   ,               6.2   ,                12.1   ,           67.5   ,             12.3   ,                        16.4   ,              16   ,        0.8800   ,               38.0   ,                 13786   ,
2026-02-12 18:20:07 ,        1065.0   ,            625.2   ,               51.6   ,        59.6   ,                  56.0   ,                31   ,                  1074   ,                31   ,                  1073   ,           5572   ,         39   ,                       23   ,                   0   ,                    1   ,               75.1   ,                  45.3   ,               23.6   ,                 29.8   ,              12.2   ,               6.2   ,                12.1   ,           68.9   ,             12.3   ,                        16.7   ,              16   ,        0.8800   ,               40.0   ,                 13788   ,
2026-02-12 18:20:08 ,        1065.0   ,            625.2   ,               51.5   ,        59.6   ,                  56.0   ,                31   ,                  1059   ,                31   ,                  1062   ,           5572   ,         39   ,                       23   ,                   0   ,                    1   ,               74.3   ,                  44.7   ,               23.4   ,                 29.6   ,              12.2   ,               6.2   ,                12.1   ,           68.1   ,             12.3   ,                        16.5   ,              16   ,        0.8800   ,               39.0   ,                 13788   ,
2026-02-12 18:20:09 ,        1050.0   ,            625.2   ,               51.4   ,        59.5   ,                  56.0   ,                30   ,                  1049   ,                30   ,                  1050   ,           5572   ,         38   ,                       23   ,                   0   ,                    1   ,               73.3   ,                  43.8   ,               23.3   ,                 29.5   ,              12.2   ,               6.2   ,                12.1   ,           67.1   ,             12.3   ,                        16.3   ,              16   ,        0.8800   ,               39.0   ,                 13787   ,
2026-02-12 18:20:10 ,        1035.0   ,            625.2   ,               51.0   ,        59.3   ,                  56.0   ,                30   ,                  1043   ,                30   ,                  1047   ,           5557   ,         37   ,                       21   ,                   0   ,                    1   ,               68.3   ,                  40.0   ,               22.2   ,                 28.4   ,              12.2   ,               6.2   ,                12.1   ,           62.2   ,             12.3   ,                        15.2   ,              16   ,        0.8800   ,               38.0   ,                 13771   ,
2026-02-12 18:20:11 ,         990.0   ,            625.2   ,               50.8   ,        59.3   ,                  54.0   ,                30   ,                  1042   ,                30   ,                  1046   ,           5557   ,         36   ,                       11   ,                   0   ,                    1   ,               61.3   ,                  36.3   ,               18.8   ,                 25.0   ,              12.2   ,               6.2   ,                12.1   ,           55.1   ,             12.3   ,                        13.6   ,              16   ,        0.8800   ,               38.0   ,                 13777   ,
2026-02-12 18:20:12 ,        1005.0   ,            625.2   ,               50.6   ,        59.0   ,                  56.0   ,                30   ,                  1042   ,                30   ,                  1046   ,           5557   ,         37   ,                       12   ,                   0   ,                    1   ,               63.4   ,                  38.1   ,               19.1   ,                 25.2   ,              12.2   ,               6.2   ,                12.1   ,           57.2   ,             12.3   ,                        14.1   ,              16   ,        0.8800   ,               39.0   ,                 13776   ,
2026-02-12 18:20:13 ,         945.0   ,            625.2   ,               50.5   ,        58.9   ,                  54.0   ,                30   ,                  1042   ,                30   ,                  1046   ,           5557   ,         35   ,                       11   ,                   0   ,                    1   ,               61.1   ,                  36.3   ,               18.7   ,                 24.8   ,              12.2   ,               6.1   ,                12.1   ,           55.3   ,             12.3   ,                        13.6   ,              16   ,        0.8800   ,               38.0   ,                 13776   ,
2026-02-12 18:20:14 ,        1005.0   ,            625.2   ,               50.7   ,        58.8   ,                  56.0   ,                30   ,                  1044   ,                30   ,                  1047   ,           5562   ,         41   ,                       11   ,                   0   ,                    1   ,               62.9   ,                  38.1   ,               18.7   ,                 24.8   ,              12.2   ,               6.1   ,                12.1   ,           56.9   ,             12.3   ,                        14.0   ,              16   ,        0.8800   ,               37.0   ,                 13768   ,
2026-02-12 18:20:15 ,        1005.0   ,            625.2   ,               50.5   ,        58.7   ,                  54.0   ,                30   ,                  1045   ,                30   ,                  1048   ,           5562   ,         38   ,                       11   ,                   0   ,                    1   ,               63.3   ,                  38.3   ,               18.9   ,                 25.0   ,              12.2   ,               6.2   ,                12.1   ,           57.2   ,             12.3   ,                        14.1   ,              16   ,        0.8800   ,               37.0   ,                 13772   ,
2026-02-12 18:20:16 ,        1860.0   ,            625.2   ,               51.8   ,        58.9   ,                  56.0   ,                30   ,                  1044   ,                30   ,                  1050   ,           4324   ,         41   ,                       18   ,                   0   ,                    1   ,               92.2   ,                  64.9   ,               21.1   ,                 27.3   ,              12.1   ,               6.2   ,                12.1   ,           86.1   ,             12.2   ,                        20.5   ,              16   ,        0.8800   ,               45.0   ,                 13836   ,
2026-02-12 18:20:17 ,        2400.0   ,           1312.7   ,               51.4   ,        59.0   ,                  54.0   ,                30   ,                  1051   ,                30   ,                  1050   ,           4417   ,         24   ,                        7   ,                   0   ,                    1   ,               97.9   ,                  63.4   ,               28.3   ,                 34.6   ,              12.2   ,               6.3   ,                12.1   ,           91.6   ,             12.2   ,                        21.8   ,              16   ,        0.9250   ,               42.0   ,                 14450   ,
2026-02-12 18:20:18 ,        2400.0   ,           1312.7   ,               50.8   ,        58.8   ,                  56.0   ,                30   ,                  1043   ,                30   ,                  1050   ,           4767   ,         23   ,                        4   ,                   0   ,                    1   ,               82.6   ,                  49.8   ,               26.6   ,                 32.8   ,              12.2   ,               6.2   ,                12.1   ,           76.4   ,             12.3   ,                        18.4   ,              16   ,        0.9250   ,               42.0   ,                 14931   ,
2026-02-12 18:20:19 ,        1470.0   ,            625.2   ,               49.9   ,        58.4   ,                  54.0   ,                30   ,                  1038   ,                30   ,                  1052   ,           5259   ,         29   ,                       10   ,                   0   ,                    3   ,               63.2   ,                  39.3   ,               17.8   ,                 23.9   ,              12.2   ,               6.1   ,                12.1   ,           57.1   ,             12.3   ,                        14.0   ,              16   ,        0.8800   ,               42.0   ,                 15311   ,
2026-02-12 18:20:20 ,        1365.0   ,            625.2   ,               50.5   ,        58.3   ,                  54.0   ,                30   ,                  1041   ,                30   ,                  1049   ,           5661   ,         35   ,                       12   ,                   0   ,                    2   ,               64.1   ,                  39.9   ,               18.1   ,                 24.2   ,              12.2   ,               6.1   ,                12.1   ,           57.9   ,             12.3   ,                        14.2   ,              16   ,        0.8800   ,               43.0   ,                 15357   ,
2026-02-12 18:20:21 ,        1260.0   ,            625.2   ,               49.2   ,        58.1   ,                  54.0   ,                30   ,                  1041   ,                30   ,                  1045   ,           6093   ,         26   ,                        9   ,                   0   ,                    1   ,               42.5   ,                  21.2   ,               15.2   ,                 21.3   ,              12.2   ,               6.1   ,                12.1   ,           36.4   ,             12.3   ,                         9.4   ,              16   ,        0.8800   ,               42.0   ,                 15366   ,
2026-02-12 18:20:22 ,        1020.0   ,            625.2   ,               48.4   ,        57.8   ,                  54.0   ,                30   ,                  1040   ,                30   ,                  1047   ,           7987   ,         21   ,                        5   ,                   0   ,                    3   ,               34.7   ,                  13.2   ,               15.4   ,                 21.5   ,              12.2   ,               6.1   ,                12.1   ,           28.7   ,             12.3   ,                         7.7   ,              16   ,        0.8850   ,               44.0   ,                 15529   ,
2026-02-12 18:20:23 ,        2730.0   ,           1312.7   ,               58.8   ,        67.8   ,                  54.0   ,                30   ,                  1042   ,                30   ,                  1049   ,           8768   ,         97   ,                       43   ,                   0   ,                    4   ,              279.0   ,                 226.7   ,               45.9   ,                 52.4   ,              12.0   ,               6.5   ,                12.1   ,          272.5   ,             12.1   ,                        62.0   ,               4   ,        1.0500   ,               45.0   ,                 15731   ,
2026-02-12 18:20:24 ,        2715.0   ,           1312.7   ,               61.6   ,        71.2   ,                  58.0   ,                30   ,                  1043   ,                30   ,                  1048   ,           8768   ,         66   ,                       25   ,                   0   ,                    5   ,              287.4   ,                 234.1   ,               46.8   ,                 53.3   ,              12.0   ,               6.5   ,                12.1   ,          280.8   ,             12.1   ,                        63.9   ,               4   ,        1.0500   ,               43.0   ,                 15736   ,
2026-02-12 18:20:25 ,        2715.0   ,           1312.7   ,               61.7   ,        71.8   ,                  58.0   ,                30   ,                  1044   ,                30   ,                  1049   ,           8768   ,         70   ,                       27   ,                   0   ,                    5   ,              304.3   ,                 249.2   ,               48.6   ,                 55.1   ,              11.9   ,               6.5   ,                12.0   ,          275.0   ,             12.1   ,                        62.6   ,               4   ,        1.0500   ,               45.0   ,                 15748   ,
2026-02-12 18:20:26 ,        2730.0   ,           1312.7   ,               53.2   ,        61.0   ,                  58.0   ,                30   ,                  1042   ,                30   ,                  1048   ,           8776   ,         17   ,                        7   ,                   0   ,                    1   ,               67.7   ,                  38.9   ,               22.6   ,                 28.8   ,              12.2   ,               6.2   ,                12.1   ,           61.5   ,             12.3   ,                        15.0   ,               4   ,        1.0500   ,               46.0   ,                 15816   ,
2026-02-12 18:20:27 ,        2715.0   ,           1312.7   ,               62.0   ,        72.1   ,                  60.0   ,                30   ,                  1041   ,                30   ,                  1049   ,           8837   ,         65   ,                       26   ,                   0   ,                    5   ,              282.7   ,                 229.0   ,               47.2   ,                 53.7   ,              11.9   ,               6.5   ,                12.0   ,          276.2   ,             12.1   ,                        62.8   ,               4   ,        1.0500   ,               46.0   ,                 15849   ,
2026-02-12 18:20:28 ,        2730.0   ,           1312.7   ,               53.9   ,        61.8   ,                  58.0   ,                30   ,                  1041   ,                30   ,                  1049   ,           8811   ,         26   ,                       10   ,                   0   ,                    2   ,               62.8   ,                  34.0   ,               22.6   ,                 28.8   ,              12.2   ,               6.2   ,                12.1   ,           56.6   ,             12.3   ,                        14.0   ,               4   ,        1.0500   ,               41.0   ,                 15868   ,
2026-02-12 18:20:29 ,        2715.0   ,           1312.7   ,               65.2   ,        76.5   ,                  60.0   ,                30   ,                  1041   ,                30   ,                  1050   ,           8904   ,         89   ,                       33   ,                   0   ,                    7   ,              345.7   ,                 286.4   ,               52.6   ,                 59.2   ,              11.9   ,               6.6   ,                12.1   ,          339.0   ,             12.0   ,                        76.8   ,               4   ,        1.0500   ,               39.0   ,                 15836   ,
2026-02-12 18:20:30 ,        2715.0   ,           1312.7   ,               63.6   ,        74.8   ,                  60.0   ,                30   ,                  1040   ,                30   ,                  1050   ,           8848   ,         83   ,                       31   ,                   0   ,                    6   ,              322.0   ,                 265.3   ,               50.2   ,                 56.7   ,              11.9   ,               6.5   ,                12.1   ,          315.5   ,             12.1   ,                        71.6   ,               4   ,        1.0500   ,               41.0   ,                 15938   ,
2026-02-12 18:20:31 ,        2715.0   ,           1312.7   ,               66.8   ,        78.3   ,                  62.0   ,                32   ,                  1041   ,                32   ,                  1052   ,           8875   ,         90   ,                       34   ,                   0   ,                    7   ,              361.1   ,                 300.0   ,               54.5   ,                 61.0   ,              11.9   ,               6.6   ,                12.1   ,          354.5   ,             12.0   ,                        80.2   ,               4   ,        1.0500   ,               38.0   ,                 15962   ,
2026-02-12 18:20:32 ,        2715.0   ,           1312.7   ,               65.8   ,        76.9   ,                  60.0   ,                35   ,                  1066   ,                35   ,                  1070   ,           8879   ,         93   ,                       34   ,                   0   ,                    7   ,              366.2   ,                 304.2   ,               55.4   ,                 62.0   ,              11.9   ,               6.6   ,                12.1   ,          359.6   ,             12.0   ,                        81.4   ,               4   ,        1.0500   ,               39.0   ,                 15906   ,
2026-02-12 18:20:33 ,        2715.0   ,           1312.7   ,               66.3   ,        77.7   ,                  62.0   ,                36   ,                  1107   ,                36   ,                  1116   ,           8894   ,         90   ,                       34   ,                   0   ,                    7   ,              351.5   ,                 291.3   ,               53.7   ,                 60.3   ,              11.9   ,               6.6   ,                12.0   ,          344.9   ,             12.0   ,                        78.1   ,               4   ,        1.0500   ,               38.0   ,                 15903   ,
2026-02-12 18:20:34 ,        2715.0   ,           1312.7   ,               66.2   ,        77.3   ,                  62.0   ,                37   ,                  1163   ,                37   ,                  1173   ,           8901   ,         88   ,                       32   ,                   0   ,                    7   ,              359.7   ,                 299.1   ,               54.0   ,                 60.6   ,              11.9   ,               6.7   ,                12.0   ,          353.0   ,             12.0   ,                        79.9   ,               4   ,        1.0500   ,               38.0   ,                 15844   ,
2026-02-12 18:20:35 ,        2715.0   ,           1312.7   ,               66.1   ,        76.9   ,                  62.0   ,                37   ,                  1217   ,                37   ,                  1219   ,           8907   ,         86   ,                       32   ,                   0   ,                    7   ,              324.9   ,                 267.9   ,               50.3   ,                 57.0   ,              11.9   ,               6.7   ,                12.1   ,          349.3   ,             12.0   ,                        79.1   ,               4   ,        1.0500   ,               40.0   ,                 15845   ,
2026-02-12 18:20:36 ,        2715.0   ,           1312.7   ,               68.2   ,        79.6   ,                  62.0   ,                37   ,                  1251   ,                38   ,                  1255   ,           8936   ,         89   ,                       33   ,                   0   ,                    7   ,              357.6   ,                 296.7   ,               53.1   ,                 59.8   ,              11.9   ,               6.7   ,                12.1   ,          340.0   ,             12.0   ,                        77.0   ,               4   ,        1.0500   ,               37.0   ,                 15847   ,
2026-02-12 18:20:37 ,        2715.0   ,           1312.7   ,               67.2   ,        78.4   ,                  62.0   ,                38   ,                  1279   ,                38   ,                  1286   ,           8947   ,         91   ,                       33   ,                   0   ,                    7   ,              364.5   ,                 302.8   ,               54.9   ,                 61.7   ,              11.9   ,               6.8   ,                12.1   ,          357.7   ,             12.0   ,                        81.0   ,               4   ,        1.0500   ,               39.0   ,                 15846   ,
2026-02-12 18:20:38 ,        2715.0   ,           1312.7   ,               67.4   ,        81.1   ,                  62.0   ,                39   ,                  1302   ,                39   ,                  1307   ,           8947   ,         89   ,                       34   ,                   0   ,                    7   ,              348.5   ,                 288.5   ,               53.2   ,                 60.0   ,              11.9   ,               6.8   ,                12.1   ,          341.7   ,             12.0   ,                        77.4   ,               4   ,        1.0500   ,               38.0   ,                 15850   ,
2026-02-12 18:20:39 ,        2715.0   ,           1312.7   ,               68.1   ,        79.4   ,                  62.0   ,                40   ,                  1328   ,                40   ,                  1331   ,           9013   ,         93   ,                       33   ,                   0   ,                    7   ,              373.0   ,                 312.1   ,               54.1   ,                 61.0   ,              11.9   ,               6.9   ,                12.1   ,          366.2   ,             12.0   ,                        82.9   ,               4   ,        1.0500   ,               39.0   ,                 15845   ,
2026-02-12 18:20:40 ,        2715.0   ,           1312.7   ,               69.6   ,        82.4   ,                  64.0   ,                40   ,                  1363   ,                40   ,                  1369   ,           9011   ,         91   ,                       32   ,                   0   ,                    7   ,              363.3   ,                 303.0   ,               53.4   ,                 60.3   ,              11.9   ,               6.9   ,                12.1   ,          356.4   ,             12.0   ,                        80.7   ,               4   ,        1.0500   ,               39.0   ,                 15857   ,
2026-02-12 18:20:41 ,        2715.0   ,           1312.7   ,               69.8   ,        82.1   ,                  64.0   ,                40   ,                  1392   ,                40   ,                  1399   ,           9077   ,         94   ,                       34   ,                   0   ,                    7   ,              371.2   ,                 309.9   ,               54.3   ,                 61.2   ,              11.9   ,               7.0   ,                12.1   ,          364.2   ,             12.0   ,                        79.1   ,               4   ,        1.0500   ,               39.0   ,                 15821   ,
2026-02-12 18:20:42 ,        2715.0   ,           1312.7   ,               68.3   ,        79.5   ,                  64.0   ,                41   ,                  1419   ,                41   ,                  1427   ,           9065   ,         92   ,                       33   ,                   0   ,                    7   ,              359.6   ,                 299.3   ,               53.3   ,                 60.3   ,              11.9   ,               7.0   ,                12.1   ,          339.2   ,             12.0   ,                        76.9   ,               4   ,        1.0500   ,               38.0   ,                 15778   ,
2026-02-12 18:20:43 ,        2715.0   ,           1312.7   ,               68.9   ,        82.3   ,                  64.0   ,                41   ,                  1439   ,                41   ,                  1446   ,           9061   ,         90   ,                       32   ,                   0   ,                    7   ,              352.8   ,                 293.5   ,               52.3   ,                 59.2   ,              11.9   ,               6.9   ,                12.1   ,          345.9   ,             12.0   ,                        78.4   ,               4   ,        1.0500   ,               38.0   ,                 15775   ,
2026-02-12 18:20:44 ,        2715.0   ,           1312.7   ,               70.1   ,        82.7   ,                  64.0   ,                41   ,                  1462   ,                41   ,                  1466   ,           9065   ,         91   ,                       31   ,                   0   ,                    7   ,              357.9   ,                 298.8   ,               52.2   ,                 59.1   ,              11.9   ,               6.9   ,                12.1   ,          351.0   ,             12.0   ,                        79.5   ,               4   ,        1.0500   ,               38.0   ,                 15784   ,
2026-02-12 18:20:45 ,        2715.0   ,           1312.7   ,               70.4   ,        82.5   ,                  64.0   ,                41   ,                  1480   ,                41   ,                  1485   ,           9074   ,         89   ,                       32   ,                   0   ,                    7   ,              360.1   ,                 299.9   ,               53.3   ,                 60.2   ,              11.9   ,               6.9   ,                12.1   ,          353.2   ,             12.0   ,                        80.0   ,               4   ,        1.0500   ,               37.0   ,                 15788   ,
2026-02-12 18:20:46 ,        2700.0   ,           1312.7   ,               70.5   ,        81.0   ,                  64.0   ,                42   ,                  1492   ,                42   ,                  1497   ,           9075   ,         94   ,                       33   ,                   0   ,                    7   ,              365.0   ,                 304.4   ,               53.6   ,                 60.6   ,              11.9   ,               7.0   ,                12.1   ,          358.0   ,             12.0   ,                        81.1   ,               4   ,        1.0500   ,               37.0   ,                 15791   ,
2026-02-12 18:20:47 ,        2700.0   ,           1312.7   ,               69.7   ,        81.4   ,                  64.0   ,                42   ,                  1504   ,                42   ,                  1511   ,           9071   ,         89   ,                       33   ,                   0   ,                    7   ,              351.9   ,                 291.5   ,               53.4   ,                 60.4   ,              11.9   ,               7.0   ,                12.1   ,          344.9   ,             12.0   ,                        78.2   ,               4   ,        1.0500   ,               39.0   ,                 15791   ,
2026-02-12 18:20:48 ,        2700.0   ,           1312.7   ,               70.3   ,        82.0   ,                  66.0   ,                42   ,                  1523   ,                42   ,                  1525   ,           9067   ,         90   ,                       33   ,                   0   ,                    7   ,              359.5   ,                 298.5   ,               54.0   ,                 61.0   ,              11.9   ,               7.0   ,                12.1   ,          352.5   ,             12.0   ,                        79.9   ,               4   ,        1.0500   ,               38.0   ,                 15787   ,
2026-02-12 18:20:49 ,        2700.0   ,           1312.7   ,               69.3   ,        80.4   ,                  66.0   ,                43   ,                  1529   ,                43   ,                  1537   ,           9067   ,         92   ,                       34   ,                   0   ,                    7   ,              362.7   ,                 301.5   ,               54.1   ,                 61.2   ,              11.9   ,               7.0   ,                12.1   ,          355.7   ,             12.0   ,                        80.6   ,               4   ,        1.0500   ,               40.0   ,                 15788   ,
2026-02-12 18:20:50 ,        2700.0   ,           1312.7   ,               71.0   ,        83.2   ,                  64.0   ,                43   ,                  1544   ,                43   ,                  1551   ,           9078   ,         90   ,                       34   ,                   0   ,                    7   ,              353.7   ,                 293.2   ,               53.5   ,                 60.5   ,              11.9   ,               7.0   ,                12.1   ,          346.7   ,             12.0   ,                        78.6   ,               4   ,        1.0500   ,               38.0   ,                 15796   ,
2026-02-12 18:20:51 ,        2700.0   ,           1312.7   ,               71.1   ,        83.2   ,                  66.0   ,                44   ,                  1562   ,                44   ,                  1568   ,           9077   ,         90   ,                       33   ,                   0   ,                    7   ,              346.2   ,                 286.0   ,               53.1   ,                 60.2   ,              11.9   ,               7.0   ,                12.1   ,          339.2   ,             12.0   ,                        78.7   ,               4   ,        1.0500   ,               38.0   ,                 15797   ,
2026-02-12 18:20:52 ,        2700.0   ,           1312.7   ,               70.4   ,        82.2   ,                  66.0   ,                44   ,                  1578   ,                44   ,                  1581   ,           9082   ,         88   ,                       32   ,                   0   ,                    7   ,              350.0   ,                 289.9   ,               52.9   ,                 60.1   ,              11.9   ,               7.1   ,                12.1   ,          342.9   ,             12.0   ,                        77.1   ,               4   ,        1.0500   ,               38.0   ,                 15789   ,
2026-02-12 18:20:53 ,        2700.0   ,           1312.7   ,               69.6   ,        80.6   ,                  66.0   ,                44   ,                  1591   ,                44   ,                  1585   ,           9083   ,         89   ,                       33   ,                   0   ,                    7   ,              353.9   ,                 293.5   ,               53.2   ,                 60.4   ,              11.9   ,               7.2   ,                12.1   ,          346.7   ,             12.0   ,                        78.6   ,               4   ,        1.0500   ,               38.0   ,                 15798   ,
2026-02-12 18:20:54 ,        2700.0   ,           1312.7   ,               69.6   ,        80.8   ,                  66.0   ,                44   ,                  1601   ,                44   ,                  1594   ,           9082   ,         90   ,                       32   ,                   0   ,                    7   ,              352.4   ,                 292.8   ,               52.4   ,                 59.6   ,              11.9   ,               7.2   ,                12.1   ,          345.2   ,             12.0   ,                        78.3   ,               4   ,        1.0500   ,               39.0   ,                 15793   ,
2026-02-12 18:20:55 ,        2700.0   ,           1312.7   ,               71.0   ,        83.3   ,                  66.0   ,                44   ,                  1608   ,                44   ,                  1609   ,           9083   ,         87   ,                       32   ,                   0   ,                    6   ,              337.0   ,                 278.7   ,               51.1   ,                 58.3   ,              11.9   ,               7.2   ,                12.1   ,          329.8   ,             12.0   ,                        74.9   ,               4   ,        1.0500   ,               38.0   ,                 15796   ,
2026-02-12 18:20:56 ,        2700.0   ,           1312.7   ,               70.4   ,        80.7   ,                  66.0   ,                44   ,                  1615   ,                44   ,                  1618   ,           9063   ,         89   ,                       32   ,                   0   ,                    6   ,              341.6   ,                 282.2   ,               52.2   ,                 59.4   ,              11.9   ,               7.2   ,                12.1   ,          334.4   ,             12.0   ,                        75.9   ,               4   ,        1.0500   ,               37.0   ,                 15792   ,
2026-02-12 18:20:57 ,        2700.0   ,           1312.7   ,               69.6   ,        80.4   ,                  66.0   ,                44   ,                  1619   ,                44   ,                  1623   ,           9063   ,         89   ,                       33   ,                   0   ,                    6   ,              347.5   ,                 288.0   ,               52.4   ,                 59.6   ,              11.9   ,               7.2   ,                12.1   ,          340.3   ,             12.0   ,                        77.2   ,               4   ,        1.0500   ,               38.0   ,                 15791   ,
2026-02-12 18:20:58 ,        2700.0   ,           1312.7   ,               70.2   ,        83.3   ,                  66.0   ,                44   ,                  1627   ,                44   ,                  1625   ,           9059   ,         86   ,                       31   ,                   0   ,                    6   ,              335.4   ,                 277.7   ,               50.6   ,                 57.7   ,              11.9   ,               7.2   ,                12.1   ,          328.2   ,             12.0   ,                        74.5   ,               4   ,        1.0500   ,               38.0   ,                 15795   ,
2026-02-12 18:20:59 ,        2700.0   ,           1312.7   ,               70.4   ,        81.6   ,                  66.0   ,                44   ,                  1627   ,                44   ,                  1634   ,           9053   ,         90   ,                       33   ,                   0   ,                    6   ,              362.9   ,                 302.1   ,               53.6   ,                 60.8   ,              11.9   ,               7.2   ,                12.1   ,          355.7   ,             12.0   ,                        80.6   ,               4   ,        1.0500   ,               39.0   ,                 15796   ,
2026-02-12 18:21:00 ,        2700.0   ,           1312.7   ,               70.4   ,        82.5   ,                  66.0   ,                44   ,                  1629   ,                44   ,                  1627   ,           9063   ,         86   ,                       33   ,                   0   ,                    6   ,              339.7   ,                 280.3   ,               52.2   ,                 59.4   ,              11.9   ,               7.2   ,                12.1   ,          332.5   ,             12.0   ,                        75.2   ,               4   ,        1.0500   ,               38.0   ,                 15801   ,
2026-02-12 18:21:01 ,        2700.0   ,           1312.7   ,               70.6   ,        84.2   ,                  66.0   ,                44   ,                  1636   ,                45   ,                  1634   ,           9041   ,         92   ,                       34   ,                   0   ,                    5   ,              355.7   ,                 295.3   ,               53.2   ,                 60.4   ,              11.9   ,               7.2   ,                12.1   ,          348.5   ,             12.0   ,                        79.0   ,               4   ,        1.0500   ,               39.0   ,                 15801   ,
2026-02-12 18:21:02 ,        2700.0   ,           1312.7   ,               72.8   ,        85.6   ,                  66.0   ,                45   ,                  1646   ,                45   ,                  1648   ,           9020   ,         93   ,                       35   ,                   0   ,                    5   ,              372.9   ,                 311.2   ,               54.4   ,                 61.6   ,              11.9   ,               7.2   ,                12.0   ,          365.6   ,             12.0   ,                        82.9   ,               4   ,        1.0500   ,               38.0   ,                 15809   ,
2026-02-12 18:21:03 ,        2700.0   ,           1312.7   ,               70.1   ,        80.3   ,                  66.0   ,                46   ,                  1661   ,                46   ,                  1665   ,           9040   ,         75   ,                       29   ,                   0   ,                    4   ,              333.6   ,                 276.0   ,               50.3   ,                 57.6   ,              11.9   ,               7.3   ,                12.1   ,          326.3   ,             12.0   ,                        74.1   ,               4   ,        1.0500   ,               42.0   ,                 15825   ,
2026-02-12 18:21:04 ,        2700.0   ,           1312.7   ,               70.3   ,        81.7   ,                  66.0   ,                46   ,                  1676   ,                46   ,                  1685   ,           9035   ,         74   ,                       28   ,                   0   ,                    4   ,              316.7   ,                 259.9   ,               49.5   ,                 56.7   ,              11.9   ,               7.2   ,                12.0   ,          309.4   ,             12.0   ,                        70.4   ,               4   ,        1.0500   ,               42.0   ,                 15880   ,
2026-02-12 18:21:05 ,        2700.0   ,           1312.7   ,               70.1   ,        81.6   ,                  66.0   ,                46   ,                  1687   ,                46   ,                  1692   ,           9018   ,         87   ,                       33   ,                   0   ,                    5   ,              347.1   ,                 286.9   ,               52.9   ,                 60.2   ,              11.9   ,               7.3   ,                12.1   ,          339.8   ,             12.0   ,                        77.1   ,               4   ,        1.0500   ,               40.0   ,                 15887   ,
2026-02-12 18:21:06 ,        2700.0   ,           1312.7   ,               70.8   ,        83.9   ,                  66.0   ,                46   ,                  1700   ,                46   ,                  1697   ,           9029   ,         84   ,                       32   ,                   0   ,                    5   ,              346.9   ,                 286.8   ,               52.7   ,                 60.1   ,              11.9   ,               7.4   ,                12.1   ,          324.8   ,             12.0   ,                        73.8   ,               4   ,        1.0500   ,               40.0   ,                 15857   ,
2026-02-12 18:21:07 ,        2700.0   ,           1312.7   ,               71.1   ,        83.1   ,                  66.0   ,                46   ,                  1708   ,                46   ,                  1712   ,           9032   ,         83   ,                       31   ,                   0   ,                    5   ,              334.0   ,                 273.1   ,               50.4   ,                 57.7   ,              11.9   ,               7.3   ,                12.1   ,          323.4   ,             12.0   ,                        73.5   ,               4   ,        1.0500   ,               39.0   ,                 15866   ,
2026-02-12 18:21:08 ,        2700.0   ,           1312.7   ,               70.5   ,        83.0   ,                  66.0   ,                46   ,                  1713   ,                46   ,                  1717   ,           9032   ,         80   ,                       30   ,                   0   ,                    5   ,              338.2   ,                 279.8   ,               51.1   ,                 58.4   ,              11.9   ,               7.3   ,                12.1   ,          330.8   ,             12.0   ,                        75.1   ,               4   ,        1.0500   ,               39.0   ,                 15894   ,
2026-02-12 18:21:09 ,        2700.0   ,           1312.7   ,               70.0   ,        81.5   ,                  66.0   ,                46   ,                  1716   ,                46   ,                  1722   ,           9025   ,         82   ,                       30   ,                   0   ,                    5   ,              325.1   ,                 268.6   ,               49.3   ,                 56.6   ,              11.9   ,               7.3   ,                12.1   ,          317.9   ,             12.0   ,                        72.3   ,               4   ,        1.0500   ,               41.0   ,                 15907   ,
2026-02-12 18:21:10 ,        2700.0   ,           1312.7   ,               70.2   ,        81.4   ,                  66.0   ,                46   ,                  1718   ,                46   ,                  1720   ,           9032   ,         83   ,                       28   ,                   0   ,                    4   ,              312.6   ,                 257.4   ,               47.9   ,                 55.2   ,              11.9   ,               7.3   ,                12.1   ,          305.3   ,             12.1   ,                        69.5   ,               4   ,        1.0500   ,               41.0   ,                 15857   ,
2026-02-12 18:21:11 ,        2700.0   ,           1312.7   ,               69.2   ,        80.1   ,                  66.0   ,                46   ,                  1721   ,                46   ,                  1720   ,           9026   ,         82   ,                       29   ,                   0   ,                    4   ,              323.8   ,                 267.8   ,               48.8   ,                 56.1   ,              11.9   ,               7.3   ,                12.1   ,          316.6   ,             12.0   ,                        72.0   ,               4   ,        1.0500   ,               38.0   ,                 15858   ,
2026-02-12 18:21:12 ,        2700.0   ,           1312.7   ,               70.8   ,        82.7   ,                  66.0   ,                46   ,                  1721   ,                46   ,                  1722   ,           9045   ,         76   ,                       27   ,                   0   ,                    5   ,              311.8   ,                 256.1   ,               48.5   ,                 55.7   ,              11.9   ,               7.2   ,                12.0   ,          304.6   ,             12.1   ,                        75.4   ,               4   ,        1.0500   ,               42.0   ,                 15868   ,
2026-02-12 18:21:13 ,        2700.0   ,           1312.7   ,               69.8   ,        79.6   ,                  68.0   ,                46   ,                  1724   ,                46   ,                  1722   ,           9044   ,         80   ,                       29   ,                   0   ,                    5   ,              330.8   ,                 272.2   ,               51.3   ,                 58.6   ,              11.9   ,               7.3   ,                12.1   ,          323.5   ,             12.0   ,                        73.5   ,               4   ,        1.0500   ,               38.0   ,                 15866   ,
2026-02-12 18:21:14 ,        2700.0   ,           1312.7   ,               70.4   ,        81.9   ,                  66.0   ,                46   ,                  1724   ,                46   ,                  1727   ,           9049   ,         82   ,                       30   ,                   0   ,                    5   ,              321.3   ,                 263.5   ,               50.5   ,                 57.9   ,              11.9   ,               7.3   ,                12.0   ,          314.0   ,             12.0   ,                        71.4   ,               4   ,        1.0500   ,               39.0   ,                 15860   ,
2026-02-12 18:21:15 ,        2700.0   ,           1312.7   ,               69.0   ,        78.9   ,                  66.0   ,                46   ,                  1724   ,                46   ,                  1727   ,           9036   ,         82   ,                       29   ,                   0   ,                    5   ,              320.9   ,                 263.9   ,               49.8   ,                 57.0   ,              11.9   ,               7.2   ,                12.1   ,          313.6   ,             12.0   ,                        71.3   ,               4   ,        1.0500   ,               38.0   ,                 15872   ,
2026-02-12 18:21:16 ,        2700.0   ,           1312.7   ,               70.8   ,        82.7   ,                  66.0   ,                46   ,                  1724   ,                46   ,                  1730   ,           9049   ,         82   ,                       31   ,                   0   ,                    5   ,              313.7   ,                 256.7   ,               49.7   ,                 57.0   ,              11.9   ,               7.3   ,                12.0   ,          306.4   ,             12.0   ,                        69.7   ,               4   ,        1.0500   ,               38.0   ,                 15874   ,
2026-02-12 18:21:17 ,        2700.0   ,           1312.7   ,               69.4   ,        80.3   ,                  66.0   ,                46   ,                  1724   ,                46   ,                  1717   ,           8967   ,         82   ,                       30   ,                   0   ,                    5   ,              321.0   ,                 263.3   ,               50.5   ,                 57.7   ,              11.9   ,               7.3   ,                12.1   ,          313.7   ,             12.0   ,                        71.3   ,               4   ,        1.0500   ,               40.0   ,                 15877   ,
2026-02-12 18:21:18 ,        2700.0   ,           1312.7   ,               69.4   ,        82.8   ,                  66.0   ,                46   ,                  1724   ,                46   ,                  1722   ,           8890   ,         84   ,                       32   ,                   0   ,                    5   ,              326.8   ,                 269.0   ,               50.4   ,                 57.7   ,              11.9   ,               7.3   ,                12.1   ,          319.5   ,             12.0   ,                        72.6   ,               4   ,        1.0500   ,               38.0   ,                 15893   ,
2026-02-12 18:21:19 ,        2700.0   ,           1312.7   ,               69.8   ,        81.0   ,                  66.0   ,                46   ,                  1724   ,                46   ,                  1727   ,           8888   ,         82   ,                       32   ,                   0   ,                    5   ,              341.8   ,                 282.2   ,               52.2   ,                 59.5   ,              11.9   ,               7.4   ,                12.1   ,          334.4   ,             12.0   ,                        66.2   ,               4   ,        1.0500   ,               38.0   ,                 15893   ,
2026-02-12 18:21:20 ,        2700.0   ,           1312.7   ,               68.2   ,        78.3   ,                  66.0   ,                46   ,                  1727   ,                46   ,                  1727   ,           8881   ,         69   ,                       26   ,                   0   ,                    6   ,              282.1   ,                 228.5   ,               46.3   ,                 53.7   ,              12.0   ,               7.3   ,                12.0   ,          301.8   ,             12.1   ,                        68.7   ,               4   ,        1.0500   ,               41.0   ,                 15892   ,
2026-02-12 18:21:21 ,        2700.0   ,           1312.7   ,               71.1   ,        81.7   ,                  68.0   ,                46   ,                  1724   ,                46   ,                  1725   ,           8910   ,         81   ,                       32   ,                   0   ,                    6   ,              334.8   ,                 274.6   ,               52.9   ,                 59.7   ,              11.9   ,               7.4   ,                12.1   ,          323.9   ,             12.0   ,                        73.6   ,               4   ,        1.0500   ,               42.0   ,                 15920   ,
2026-02-12 18:21:22 ,        2700.0   ,           1312.7   ,               69.8   ,        80.9   ,                  66.0   ,                46   ,                  1724   ,                46   ,                  1727   ,           9021   ,         80   ,                       32   ,                   0   ,                    6   ,              329.4   ,                 269.8   ,               52.3   ,                 59.6   ,              11.9   ,               7.3   ,                12.0   ,          322.1   ,             12.0   ,                        73.2   ,               4   ,        1.0500   ,               38.0   ,                 15935   ,
2026-02-12 18:21:23 ,        2700.0   ,           1312.7   ,               69.2   ,        80.0   ,                  66.0   ,                46   ,                  1724   ,                46   ,                  1730   ,           9055   ,         69   ,                       27   ,                   0   ,                    5   ,              299.7   ,                 244.2   ,               48.2   ,                 55.5   ,              11.9   ,               7.2   ,                12.0   ,          292.4   ,             12.1   ,                        66.6   ,               4   ,        1.0500   ,               43.0   ,                 15945   ,
2026-02-12 18:21:24 ,        2700.0   ,           1312.7   ,               67.7   ,        77.8   ,                  66.0   ,                46   ,                  1727   ,                46   ,                  1730   ,           9113   ,         77   ,                       28   ,                   0   ,                    8   ,              298.3   ,                 243.1   ,               48.0   ,                 55.2   ,              11.9   ,               7.2   ,                12.0   ,          291.1   ,             12.1   ,                        66.3   ,               4   ,        1.0500   ,               40.0   ,                 15957   ,
2026-02-12 18:21:25 ,        2700.0   ,           1312.7   ,               70.7   ,        83.1   ,                  66.0   ,                46   ,                  1721   ,                46   ,                  1727   ,           9141   ,         80   ,                       30   ,                   0   ,                    7   ,              331.2   ,                 272.0   ,               51.9   ,                 59.2   ,              11.9   ,               7.3   ,                12.0   ,          323.9   ,             12.0   ,                        73.6   ,               4   ,        1.0500   ,               41.0   ,                 15981   ,
2026-02-12 18:21:26 ,        2700.0   ,           1312.7   ,               69.2   ,        80.7   ,                  66.0   ,                46   ,                  1721   ,                46   ,                  1725   ,           9240   ,         75   ,                       27   ,                   0   ,                    7   ,              297.9   ,                 242.9   ,               47.8   ,                 55.0   ,              11.9   ,               7.2   ,                12.1   ,          290.6   ,             12.1   ,                        66.2   ,               4   ,        1.0500   ,               39.0   ,                 15993   ,
2026-02-12 18:21:27 ,        2700.0   ,           1312.7   ,               66.2   ,        75.3   ,                  66.0   ,                46   ,                  1727   ,                46   ,                  1722   ,           9287   ,         66   ,                       25   ,                   0   ,                    6   ,              271.5   ,                 218.8   ,               45.5   ,                 52.7   ,              12.0   ,               7.2   ,                12.0   ,          264.2   ,             12.1   ,                        60.3   ,               4   ,        1.0500   ,               44.0   ,                 16011   ,
2026-02-12 18:21:28 ,        2700.0   ,           1312.7   ,               69.4   ,        80.6   ,                  66.0   ,                46   ,                  1729   ,                46   ,                  1727   ,           9306   ,         80   ,                       30   ,                   0   ,                    7   ,              305.6   ,                 249.1   ,               49.3   ,                 56.5   ,              11.9   ,               7.3   ,                12.1   ,          298.3   ,             12.1   ,                        67.9   ,               4   ,        1.0500   ,               38.0   ,                 16013   ,
2026-02-12 18:21:29 ,        2700.0   ,           1312.7   ,               68.4   ,        80.6   ,                  66.0   ,                46   ,                  1721   ,                46   ,                  1725   ,           9321   ,         66   ,                       24   ,                   0   ,                    6   ,              298.5   ,                 243.6   ,               47.7   ,                 54.9   ,              11.9   ,               7.1   ,                12.0   ,          291.3   ,             12.1   ,                        63.5   ,               4   ,        1.0500   ,               43.0   ,                 16029   ,
2026-02-12 18:21:30 ,        2700.0   ,           1312.7   ,               68.3   ,        78.6   ,                  66.0   ,                46   ,                  1727   ,                46   ,                  1730   ,           9215   ,         63   ,                       24   ,                   0   ,                    5   ,              291.9   ,                 237.0   ,               47.7   ,                 54.9   ,              11.9   ,               7.2   ,                12.0   ,          284.7   ,             12.1   ,                        65.8   ,               4   ,        1.0500   ,               39.0   ,                 16038   ,
2026-02-12 18:21:31 ,        2700.0   ,           1312.7   ,               69.0   ,        79.7   ,                  66.0   ,                46   ,                  1724   ,                46   ,                  1725   ,           9146   ,         72   ,                       27   ,                   0   ,                    6   ,              289.2   ,                 234.4   ,               47.7   ,                 54.9   ,              11.9   ,               7.2   ,                12.1   ,          282.0   ,             12.1   ,                        64.3   ,               4   ,        1.0500   ,               38.0   ,                 16040   ,
2026-02-12 18:21:32 ,        2700.0   ,           1312.7   ,               68.8   ,        78.4   ,                  66.0   ,                46   ,                  1724   ,                46   ,                  1722   ,           9144   ,         73   ,                       28   ,                   0   ,                    6   ,              303.5   ,                 247.1   ,               49.1   ,                 56.4   ,              11.9   ,               7.2   ,                12.1   ,          296.3   ,             12.1   ,                        67.4   ,               4   ,        1.0500   ,               39.0   ,                 16027   ,
2026-02-12 18:21:34 ,        2700.0   ,           1312.7   ,               69.6   ,        81.0   ,                  66.0   ,                46   ,                  1724   ,                46   ,                  1727   ,           9092   ,         74   ,                       29   ,                   0   ,                    6   ,              302.3   ,                 245.6   ,               49.4   ,                 56.7   ,              11.9   ,               7.3   ,                12.1   ,          295.0   ,             12.1   ,                        67.2   ,               4   ,        1.0500   ,               39.0   ,                 16024   ,
2026-02-12 18:21:35 ,        2700.0   ,           1312.7   ,               69.5   ,        80.7   ,                  66.0   ,                46   ,                  1721   ,                46   ,                  1727   ,           9102   ,         75   ,                       29   ,                   0   ,                    6   ,              305.2   ,                 248.4   ,               49.6   ,                 56.8   ,              11.9   ,               7.2   ,                12.1   ,          298.0   ,             12.1   ,                        67.8   ,               4   ,        1.0500   ,               39.0   ,                 16012   ,
2026-02-12 18:21:36 ,        2700.0   ,           1312.7   ,               67.9   ,        79.6   ,                  64.0   ,                46   ,                  1721   ,                46   ,                  1722   ,           9093   ,         76   ,                       28   ,                   0   ,                    7   ,              292.2   ,                 236.6   ,               48.2   ,                 55.5   ,              11.9   ,               7.3   ,                12.1   ,          284.9   ,             12.1   ,                        64.9   ,               4   ,        1.0500   ,               39.0   ,                 16010   ,
2026-02-12 18:21:37 ,        2700.0   ,           1312.7   ,               69.7   ,        80.9   ,                  66.0   ,                46   ,                  1724   ,                46   ,                  1722   ,           9064   ,         76   ,                       30   ,                   0   ,                    6   ,              310.0   ,                 252.4   ,               50.3   ,                 57.6   ,              11.9   ,               7.2   ,                12.1   ,          302.7   ,             12.1   ,                        64.2   ,               4   ,        1.0500   ,               40.0   ,                 16005   ,
2026-02-12 18:21:38 ,        2700.0   ,           1312.7   ,               68.9   ,        77.1   ,                  66.0   ,                46   ,                  1721   ,                46   ,                  1722   ,           9080   ,         75   ,                       29   ,                   0   ,                    6   ,              299.2   ,                 242.6   ,               49.4   ,                 56.7   ,              11.9   ,               7.2   ,                12.0   ,          292.0   ,             12.1   ,                        66.5   ,               4   ,        1.0500   ,               41.0   ,                 16005   ,
2026-02-12 18:21:39 ,        2700.0   ,           1312.7   ,               67.9   ,        78.3   ,                  66.0   ,                46   ,                  1724   ,                46   ,                  1717   ,           9056   ,         75   ,                       29   ,                   0   ,                    6   ,              300.1   ,                 243.4   ,               49.5   ,                 56.7   ,              11.9   ,               7.2   ,                12.1   ,          292.9   ,             12.1   ,                        66.7   ,               4   ,        1.0500   ,               39.0   ,                 16013   ,
2026-02-12 18:21:40 ,        2715.0   ,           1312.7   ,               58.9   ,        67.3   ,                  64.0   ,                46   ,                  1722   ,                46   ,                  1717   ,           9147   ,          6   ,                        2   ,                   0   ,                    1   ,               82.1   ,                  50.8   ,               24.3   ,                 31.2   ,              12.2   ,               6.9   ,                12.1   ,           75.1   ,             12.2   ,                        18.2   ,               4   ,        1.0500   ,               40.0   ,                 16014   ,
2026-02-12 18:21:41 ,        2715.0   ,           1312.7   ,               57.8   ,        66.3   ,                  62.0   ,                46   ,                  1716   ,                46   ,                  1720   ,           9121   ,          6   ,                        2   ,                   0   ,                    1   ,               81.4   ,                  50.2   ,               24.3   ,                 31.2   ,              12.2   ,               7.0   ,                12.1   ,           74.5   ,             12.2   ,                        19.2   ,               4   ,        1.0500   ,               38.0   ,                 16010   ,
2026-02-12 18:21:42 ,         810.0   ,            625.2   ,               55.3   ,        64.9   ,                  62.0   ,                45   ,                  1719   ,                45   ,                  1720   ,           9115   ,         16   ,                        4   ,                   0   ,                    1   ,               38.4   ,                  16.7   ,               14.9   ,                 21.7   ,              12.2   ,               6.7   ,                12.1   ,           31.7   ,             12.3   ,                         8.5   ,              16   ,        0.8750   ,               39.0   ,                 15997   ,
2026-02-12 18:21:43 ,         630.0   ,            625.2   ,               54.8   ,        64.3   ,                  60.0   ,                42   ,                  1700   ,                42   ,                  1704   ,           9117   ,         20   ,                        4   ,                   0   ,                    1   ,               38.7   ,                  16.8   ,               15.3   ,                 21.9   ,              12.2   ,               6.6   ,                12.1   ,           32.1   ,             12.3   ,                         8.6   ,              16   ,        0.8750   ,               41.0   ,                 16004   ,
2026-02-12 18:21:44 ,         525.0   ,            625.2   ,               54.2   ,        63.7   ,                  60.0   ,                40   ,                  1654   ,                40   ,                  1658   ,           9116   ,         24   ,                        4   ,                   0   ,                    1   ,               38.2   ,                  16.2   ,               15.4   ,                 22.0   ,              12.2   ,               6.6   ,                12.1   ,           31.6   ,             12.3   ,                         8.5   ,              16   ,        0.8750   ,               41.0   ,                 15996   ,
2026-02-12 18:21:45 ,         450.0   ,            625.2   ,               53.7   ,        63.3   ,                  60.0   ,                38   ,                  1599   ,                38   ,                  1596   ,           9107   ,         27   ,                        4   ,                   0   ,                    1   ,               38.5   ,                  16.5   ,               15.5   ,                 22.0   ,              12.2   ,               6.5   ,                12.1   ,           32.0   ,             12.3   ,                         8.6   ,              16   ,        0.8750   ,               40.0   ,                 15992   ,
2026-02-12 18:21:46 ,         405.0   ,            101.3   ,               53.2   ,        62.9   ,                  60.0   ,                37   ,                  1534   ,                37   ,                  1523   ,           9103   ,         31   ,                        4   ,                   0   ,                    3   ,               31.9   ,                  15.8   ,               12.2   ,                 16.1   ,              12.2   ,               3.8   ,                12.1   ,           28.0   ,             12.3   ,                         7.1   ,              16   ,        0.8750   ,               40.0   ,                 15993   ,
2026-02-12 18:21:47 ,         390.0   ,            101.3   ,               52.7   ,        62.4   ,                  58.0   ,                36   ,                  1471   ,                36   ,                  1456   ,           9089   ,         37   ,                       22   ,                   0   ,                    3   ,               30.1   ,                  15.1   ,               11.6   ,                 15.0   ,              12.2   ,               3.3   ,                12.1   ,           28.4   ,             12.3   ,                         7.0   ,              16   ,        0.8750   ,               40.0   ,                 15989   ,
2026-02-12 18:21:48 ,         435.0   ,            101.3   ,               52.4   ,        62.1   ,                  58.0   ,                35   ,                  1409   ,                35   ,                  1394   ,           9086   ,         38   ,                       23   ,                   0   ,                    3   ,               31.0   ,                  16.0   ,               11.7   ,                 15.0   ,              12.2   ,               3.2   ,                12.1   ,           26.9   ,             12.3   ,                         6.7   ,              16   ,        0.8800   ,               37.0   ,                 15988   ,
2026-02-12 18:21:49 ,         435.0   ,            101.3   ,               52.3   ,        61.7   ,                  56.0   ,                34   ,                  1350   ,                34   ,                  1338   ,           9077   ,         38   ,                       23   ,                   0   ,                    3   ,               30.1   ,                  15.4   ,               11.5   ,                 14.8   ,              12.2   ,               3.2   ,                12.1   ,           26.9   ,             12.3   ,                         6.7   ,              16   ,        0.8800   ,               39.0   ,                 15972   ,
2026-02-12 18:21:50 ,         930.0   ,            101.3   ,               52.0   ,        61.3   ,                  56.0   ,                33   ,                  1299   ,                33   ,                  1286   ,           9070   ,         58   ,                       47   ,                   0   ,                    2   ,               30.9   ,                  16.4   ,               11.4   ,                 14.5   ,              12.2   ,               3.1   ,                12.1   ,           27.8   ,             12.3   ,                         6.9   ,              16   ,        0.8800   ,               39.0   ,                 15954   ,
2026-02-12 18:21:51 ,         930.0   ,            101.3   ,               51.7   ,        61.1   ,                  58.0   ,                33   ,                  1252   ,                33   ,                  1242   ,           9061   ,         27   ,                       23   ,                   0   ,                    2   ,               30.7   ,                  16.2   ,               11.4   ,                 14.5   ,              12.2   ,               3.1   ,                12.1   ,           27.6   ,             12.3   ,                         6.8   ,              16   ,        0.8800   ,               40.0   ,                 15945   ,
2026-02-12 18:21:52 ,         690.0   ,            101.3   ,               51.4   ,        60.8   ,                  56.0   ,                32   ,                  1208   ,                32   ,                  1199   ,           9056   ,         29   ,                       23   ,                   0   ,                    3   ,               30.1   ,                  15.5   ,               11.6   ,                 14.6   ,              12.2   ,               3.0   ,                12.1   ,           27.1   ,             12.3   ,                         6.7   ,              16   ,        0.8800   ,               37.0   ,                 15940   ,
2026-02-12 18:21:53 ,         900.0   ,            101.3   ,               51.4   ,        60.5   ,                  56.0   ,                32   ,                  1171   ,                32   ,                  1164   ,           9050   ,         56   ,                       45   ,                   0   ,                    2   ,               26.1   ,                  12.8   ,               11.1   ,                 13.3   ,              12.2   ,               2.3   ,                12.1   ,           23.9   ,             12.3   ,                         5.8   ,              16   ,        0.8800   ,               40.0   ,                 15943   ,
2026-02-12 18:21:54 ,         900.0   ,            101.3   ,               51.0   ,        60.4   ,                  56.0   ,                31   ,                  1136   ,                31   ,                  1131   ,           9050   ,         27   ,                       23   ,                   0   ,                    3   ,               30.9   ,                  16.4   ,               11.6   ,                 14.6   ,              12.2   ,               2.9   ,                12.1   ,           28.0   ,             12.3   ,                         6.9   ,              16   ,        0.8800   ,               39.0   ,                 15940   ,
2026-02-12 18:21:55 ,         675.0   ,            101.3   ,               50.8   ,        60.2   ,                  56.0   ,                31   ,                  1111   ,                31   ,                  1101   ,           9047   ,         29   ,                       23   ,                   0   ,                    2   ,               30.3   ,                  15.7   ,               11.4   ,                 14.3   ,              12.2   ,               2.9   ,                12.1   ,           26.1   ,             12.3   ,                         6.4   ,              16   ,        0.8800   ,               39.0   ,                 15942   ,
2026-02-12 18:21:56 ,         930.0   ,            101.3   ,               50.6   ,        59.9   ,                  56.0   ,                30   ,                  1083   ,                30   ,                  1078   ,           9045   ,         30   ,                       25   ,                   0   ,                    3   ,               31.3   ,                  16.9   ,               11.6   ,                 14.4   ,              12.2   ,               2.9   ,                12.1   ,           28.8   ,             12.3   ,                         7.0   ,              16   ,        0.8800   ,               38.0   ,                 15944   ,
2026-02-12 18:21:57 ,         930.0   ,            101.3   ,               50.5   ,        59.8   ,                  56.0   ,                30   ,                  1057   ,                30   ,                  1057   ,           9037   ,         27   ,                       23   ,                   0   ,                    3   ,               30.5   ,                  16.1   ,               11.4   ,                 14.4   ,              12.2   ,               2.9   ,                12.1   ,           27.5   ,             12.3   ,                         6.8   ,              16   ,        0.8800   ,               41.0   ,                 15935   ,
2026-02-12 18:21:58 ,         705.0   ,            101.3   ,               50.3   ,        59.6   ,                  54.0   ,                30   ,                  1050   ,                30   ,                  1052   ,           9018   ,         30   ,                       23   ,                   0   ,                    2   ,               30.1   ,                  15.7   ,               11.5   ,                 14.4   ,              12.2   ,               2.9   ,                12.1   ,           27.2   ,             12.3   ,                         6.7   ,              16   ,        0.8800   ,               40.0   ,                 15943   ,
2026-02-12 18:21:59 ,         930.0   ,            101.3   ,               50.3   ,        59.3   ,                  56.0   ,                30   ,                  1046   ,                30   ,                  1050   ,           9022   ,         57   ,                       46   ,                   0   ,                    2   ,               30.2   ,                  16.0   ,               11.4   ,                 14.1   ,              12.2   ,               2.7   ,                12.1   ,           27.5   ,             12.3   ,                         6.7   ,              16   ,        0.8800   ,               40.0   ,                 15947   ,
2026-02-12 18:22:00 ,         930.0   ,            101.3   ,               50.0   ,        59.1   ,                  54.0   ,                30   ,                  1046   ,                30   ,                  1050   ,           9027   ,         27   ,                       23   ,                   0   ,                    3   ,               31.3   ,                  16.8   ,               11.5   ,                 14.5   ,              12.2   ,               2.9   ,                12.1   ,           28.3   ,             12.3   ,                         6.9   ,              16   ,        0.8800   ,               39.0   ,                 15943   ,
2026-02-12 18:22:01 ,         705.0   ,            101.3   ,               50.0   ,        59.0   ,                  56.0   ,                30   ,                  1049   ,                30   ,                  1054   ,           9021   ,         29   ,                       23   ,                   0   ,                    3   ,               30.0   ,                  15.6   ,               11.6   ,                 14.4   ,              12.2   ,               2.9   ,                12.1   ,           27.2   ,             12.3   ,                         6.7   ,              16   ,        0.8800   ,               39.0   ,                 15947   ,
2026-02-12 18:22:02 ,         930.0   ,            101.3   ,               49.7   ,        58.8   ,                  56.0   ,                30   ,                  1046   ,                30   ,                  1053   ,           9017   ,         58   ,                       46   ,                   0   ,                    3   ,               30.4   ,                  16.3   ,               11.4   ,                 14.1   ,              12.2   ,               2.7   ,                12.1   ,           28.7   ,             12.3   ,                         7.0   ,              16   ,        0.8800   ,               40.0   ,                 15944   ,
2026-02-12 18:22:03 ,         930.0   ,            101.3   ,               49.6   ,        58.7   ,                  54.0   ,                30   ,                  1049   ,                30   ,                  1054   ,           9016   ,         28   ,                       24   ,                   0   ,                    3   ,               30.8   ,                  16.5   ,               11.5   ,                 14.4   ,              12.2   ,               2.8   ,                12.1   ,           28.5   ,             12.3   ,                         7.0   ,              16   ,        0.8800   ,               39.0   ,                 15927   ,
2026-02-12 18:22:04 ,         705.0   ,            101.3   ,               49.4   ,        58.5   ,                  54.0   ,                30   ,                  1049   ,                30   ,                  1056   ,           9014   ,         29   ,                       23   ,                   0   ,                    3   ,               30.3   ,                  15.9   ,               11.6   ,                 14.5   ,              12.2   ,               2.9   ,                12.1   ,           27.4   ,             12.3   ,                         6.7   ,              16   ,        0.8800   ,               37.0   ,                 15928   ,
2026-02-12 18:22:05 ,        1005.0   ,            101.3   ,               49.5   ,        58.3   ,                  54.0   ,                30   ,                  1049   ,                30   ,                  1056   ,           9030   ,         31   ,                       26   ,                   0   ,                    3   ,               31.2   ,                  16.7   ,               11.6   ,                 14.4   ,              12.2   ,               2.9   ,                12.1   ,           28.3   ,             12.3   ,                         6.9   ,              16   ,        0.8800   ,               38.0   ,                 15909   ,
2026-02-12 18:22:06 ,        1005.0   ,            101.3   ,               49.3   ,        58.2   ,                  54.0   ,                30   ,                  1047   ,                30   ,                  1052   ,           9023   ,         27   ,                       23   ,                   0   ,                    3   ,               30.4   ,                  16.2   ,               11.4   ,                 14.2   ,              12.2   ,               2.8   ,                12.1   ,           27.6   ,             12.3   ,                         6.8   ,              16   ,        0.8800   ,               39.0   ,                 15902   ,
2026-02-12 18:22:07 ,         735.0   ,            101.3   ,               49.1   ,        58.1   ,                  54.0   ,                30   ,                  1048   ,                30   ,                  1051   ,           9020   ,         30   ,                       24   ,                   0   ,                    3   ,               29.6   ,                  15.3   ,               11.6   ,                 14.4   ,              12.2   ,               2.8   ,                12.1   ,           26.9   ,             12.3   ,                         6.6   ,              16   ,        0.8800   ,               39.0   ,                 15890   ,
2026-02-12 18:22:08 ,         660.0   ,            101.3   ,               49.0   ,        57.9   ,                  54.0   ,                30   ,                  1046   ,                30   ,                  1051   ,           9032   ,         31   ,                       23   ,                   0   ,                    3   ,               29.6   ,                  15.2   ,               11.6   ,                 14.4   ,              12.2   ,               2.8   ,                12.1   ,           26.7   ,             12.3   ,                         6.8   ,              16   ,        0.8800   ,               40.0   ,                 15880   ,
2026-02-12 18:22:09 ,         960.0   ,            101.3   ,               48.8   ,        57.8   ,                  54.0   ,                30   ,                  1047   ,                30   ,                  1053   ,           9032   ,         28   ,                       24   ,                   0   ,                    3   ,               30.7   ,                  16.3   ,               11.6   ,                 14.4   ,              12.2   ,               2.8   ,                12.1   ,           28.5   ,             12.3   ,                         7.0   ,              16   ,        0.8800   ,               40.0   ,                 15887   ,
2026-02-12 18:22:10 ,         960.0   ,            101.3   ,               48.8   ,        57.7   ,                  54.0   ,                30   ,                  1046   ,                30   ,                  1051   ,           9045   ,         27   ,                       23   ,                   0   ,                    3   ,               30.4   ,                  16.0   ,               11.6   ,                 14.4   ,              12.2   ,               2.9   ,                12.1   ,           27.6   ,             12.3   ,                         6.8   ,              16   ,        0.8800   ,               39.0   ,                 15885   ,
2026-02-12 18:22:11 ,         705.0   ,            101.3   ,               48.6   ,        57.5   ,                  54.0   ,                30   ,                  1046   ,                30   ,                  1051   ,           9043   ,         30   ,                       23   ,                   0   ,                    3   ,               29.6   ,                  15.2   ,               11.6   ,                 14.5   ,              12.2   ,               2.9   ,                12.1   ,           26.8   ,             12.3   ,                         6.6   ,              16   ,        0.8800   ,               40.0   ,                 15888   ,
2026-02-12 18:22:12 ,         960.0   ,            101.3   ,               48.5   ,        57.3   ,                  54.0   ,                30   ,                  1046   ,                30   ,                  1052   ,           9053   ,         59   ,                       46   ,                   0   ,                    3   ,               29.3   ,                  15.1   ,               11.4   ,                 14.1   ,              12.2   ,               2.8   ,                12.1   ,           26.5   ,             12.3   ,                         6.5   ,              16   ,        0.8800   ,               41.0   ,                 15884   ,
2026-02-12 18:22:13 ,         960.0   ,            101.3   ,               48.3   ,        57.3   ,                  52.0   ,                30   ,                  1045   ,                30   ,                  1052   ,           9052   ,         26   ,                       22   ,                   0   ,                    3   ,               29.8   ,                  15.5   ,               11.4   ,                 14.3   ,              12.2   ,               2.9   ,                12.1   ,           26.9   ,             12.3   ,                         6.6   ,              16   ,        0.8800   ,               39.0   ,                 15889   ,
2026-02-12 18:22:14 ,         720.0   ,            101.3   ,               48.2   ,        57.0   ,                  52.0   ,                30   ,                  1048   ,                30   ,                  1052   ,           9058   ,         30   ,                       24   ,                   0   ,                    3   ,               29.2   ,                  14.9   ,               11.6   ,                 14.4   ,              12.2   ,               2.8   ,                12.1   ,           26.4   ,             12.3   ,                         6.5   ,              16   ,        0.8800   ,               40.0   ,                 15889   ,
2026-02-12 18:22:15 ,         645.0   ,             50.6   ,               48.0   ,        56.9   ,                  52.0   ,                30   ,                  1046   ,                30   ,                  1051   ,           9058   ,         31   ,                       23   ,                   0   ,                    6   ,               25.4   ,                  12.1   ,               10.8   ,                 13.3   ,              12.2   ,               2.4   ,                12.1   ,           23.0   ,             12.3   ,                         5.6   ,              16   ,        0.8650   ,               40.0   ,                 15889   ,
2026-02-12 18:22:16 ,         930.0   ,            101.3   ,               48.1   ,        56.7   ,                  52.0   ,                30   ,                  1046   ,                30   ,                  1055   ,           9058   ,         27   ,                       23   ,                   0   ,                    3   ,               29.7   ,                  15.3   ,               11.5   ,                 14.4   ,              12.2   ,               2.9   ,                12.1   ,           26.8   ,             12.3   ,                         6.6   ,              16   ,        0.8800   ,               40.0   ,                 15890   ,
2026-02-12 18:22:17 ,         720.0   ,            101.3   ,               47.8   ,        56.6   ,                  54.0   ,                30   ,                  1045   ,                30   ,                  1055   ,           9058   ,         28   ,                       23   ,                   0   ,                    3   ,               29.2   ,                  14.9   ,               11.5   ,                 14.4   ,              12.2   ,               2.9   ,                12.1   ,           26.4   ,             12.3   ,                         6.5   ,              16   ,        0.8800   ,               38.0   ,                 15886   ,
2026-02-12 18:22:18 ,         660.0   ,            101.3   ,               47.7   ,        56.5   ,                  52.0   ,                30   ,                  1044   ,                30   ,                  1053   ,           9057   ,         30   ,                       23   ,                   0   ,                    3   ,               29.3   ,                  14.9   ,               11.6   ,                 14.5   ,              12.2   ,               2.9   ,                12.1   ,           26.4   ,             12.3   ,                         6.6   ,              16   ,        0.8650   ,               39.0   ,                 15886   ,
2026-02-12 18:22:19 ,         960.0   ,            101.3   ,               47.8   ,        56.3   ,                  52.0   ,                30   ,                  1044   ,                30   ,                  1051   ,           9067   ,         29   ,                       24   ,                   0   ,                    4   ,               30.5   ,                  16.1   ,               11.6   ,                 14.4   ,              12.2   ,               2.9   ,                12.1   ,           27.5   ,             12.3   ,                         6.8   ,              16   ,        0.8800   ,               39.0   ,                 15882   ,
2026-02-12 18:22:20 ,         960.0   ,            101.3   ,               47.5   ,        56.1   ,                  52.0   ,                30   ,                  1044   ,                30   ,                  1051   ,           9070   ,         27   ,                       23   ,                   0   ,                    3   ,               29.4   ,                  15.0   ,               11.5   ,                 14.4   ,              12.2   ,               2.9   ,                12.1   ,           28.8   ,             12.3   ,                         7.0   ,              16   ,        0.8800   ,               38.0   ,                 15884   ,
2026-02-12 18:22:21 ,         690.0   ,            101.3   ,               47.5   ,        56.1   ,                  52.0   ,                30   ,                  1046   ,                30   ,                  1055   ,           9059   ,         30   ,                       24   ,                   0   ,                    3   ,               30.1   ,                  15.6   ,               11.6   ,                 14.5   ,              12.2   ,               2.8   ,                12.1   ,           27.3   ,             12.3   ,                         6.7   ,              16   ,        0.8850   ,               39.0   ,                 15883   ,
2026-02-12 18:22:22 ,         960.0   ,            101.3   ,               47.5   ,        55.9   ,                  52.0   ,                30   ,                  1045   ,                30   ,                  1054   ,           9058   ,         31   ,                       26   ,                   0   ,                    3   ,               30.9   ,                  16.7   ,               11.5   ,                 14.4   ,              12.2   ,               2.8   ,                12.1   ,           28.2   ,             12.3   ,                         6.9   ,              16   ,        0.8850   ,               40.0   ,                 15882   ,
2026-02-12 18:22:23 ,         960.0   ,            101.3   ,               47.2   ,        55.8   ,                  52.0   ,                30   ,                  1044   ,                30   ,                  1054   ,           9059   ,         27   ,                       23   ,                   0   ,                    3   ,               31.9   ,                  17.4   ,               11.7   ,                 14.6   ,              12.2   ,               2.9   ,                12.1   ,           29.0   ,             12.3   ,                         7.1   ,              16   ,        0.8850   ,               40.0   ,                 15885   ,
2026-02-12 18:22:24 ,         705.0   ,            101.3   ,               47.1   ,        55.6   ,                  52.0   ,                30   ,                  1045   ,                30   ,                  1051   ,           9059   ,         30   ,                       23   ,                   0   ,                    3   ,               31.1   ,                  16.6   ,               11.7   ,                 14.6   ,              12.2   ,               2.8   ,                12.1   ,           28.3   ,             12.3   ,                         6.9   ,              16   ,        0.8850   ,               39.0   ,                 15885   ,
2026-02-12 18:22:25 ,         645.0   ,             50.6   ,               47.0   ,        55.6   ,                  50.0   ,                30   ,                  1043   ,                30   ,                  1052   ,           9072   ,         32   ,                       24   ,                   0   ,                    6   ,               30.5   ,                  15.8   ,               11.8   ,                 14.7   ,              12.2   ,               2.9   ,                12.1   ,           27.6   ,             12.3   ,                         6.8   ,              16   ,        0.8700   ,               39.0   ,                 15875   ,
2026-02-12 18:22:26 ,        1020.0   ,            101.3   ,               47.0   ,        55.5   ,                  50.0   ,                30   ,                  1045   ,                30   ,                  1054   ,           9071   ,         27   ,                       23   ,                   0   ,                    3   ,               32.6   ,                  17.9   ,               11.8   ,                 14.7   ,              12.2   ,               2.9   ,                12.1   ,           29.7   ,             12.3   ,                         7.2   ,              16   ,        0.8850   ,               39.0   ,                 15883   ,
2026-02-12 18:22:27 ,         795.0   ,            101.3   ,               47.0   ,        55.3   ,                  52.0   ,                30   ,                  1044   ,                30   ,                  1054   ,           9064   ,         28   ,                       24   ,                   0   ,                    3   ,               31.2   ,                  16.8   ,               11.6   ,                 14.4   ,              12.2   ,               2.8   ,                12.1   ,           28.4   ,             12.3   ,                         6.9   ,              16   ,        0.8850   ,               40.0   ,                 15882   ,
2026-02-12 18:22:28 ,         720.0   ,            101.3   ,               46.6   ,        55.2   ,                  52.0   ,                30   ,                  1045   ,                30   ,                  1053   ,           9064   ,         30   ,                       24   ,                   0   ,                    3   ,               29.7   ,                  15.2   ,               11.6   ,                 14.5   ,              12.2   ,               2.9   ,                12.1   ,           26.8   ,             12.3   ,                         6.6   ,              16   ,        0.8850   ,               39.0   ,                 15882   ,
2026-02-12 18:22:29 ,         660.0   ,            101.3   ,               46.6   ,        55.1   ,                  50.0   ,                30   ,                  1045   ,                30   ,                  1055   ,           9064   ,         31   ,                       24   ,                   0   ,                    3   ,               30.6   ,                  15.9   ,               11.8   ,                 14.7   ,              12.2   ,               2.9   ,                12.1   ,           27.6   ,             12.3   ,                         6.8   ,              16   ,        0.8850   ,               39.0   ,                 15881   ,
2026-02-12 18:22:30 ,         945.0   ,            101.3   ,               46.4   ,        55.0   ,                  50.0   ,                30   ,                  1045   ,                30   ,                  1055   ,           9073   ,         29   ,                       24   ,                   0   ,                    3   ,               31.1   ,                  16.6   ,               11.7   ,                 14.5   ,              12.2   ,               2.8   ,                12.1   ,           28.2   ,             12.3   ,                         6.9   ,              16   ,        0.8850   ,               40.0   ,                 15878   ,
2026-02-12 18:22:31 ,         945.0   ,            101.3   ,               46.3   ,        54.8   ,                  50.0   ,                30   ,                  1046   ,                30   ,                  1055   ,           9071   ,         28   ,                       24   ,                   0   ,                    3   ,               31.8   ,                  17.0   ,               11.9   ,                 14.8   ,              12.2   ,               2.9   ,                12.1   ,           28.9   ,             12.3   ,                         7.0   ,              16   ,        0.8850   ,               39.0   ,                 15883   ,
2026-02-12 18:22:32 ,         675.0   ,            101.3   ,               46.4   ,        54.6   ,                  50.0   ,                30   ,                  1046   ,                30   ,                  1056   ,           9056   ,         31   ,                       24   ,                   0   ,                    3   ,               29.5   ,                  14.9   ,               11.7   ,                 14.6   ,              12.2   ,               2.9   ,                12.1   ,           27.1   ,             12.3   ,                         6.7   ,              16   ,        0.8850   ,               39.0   ,                 15887   ,
2026-02-12 18:22:33 ,         975.0   ,            101.3   ,               46.1   ,        54.5   ,                  50.0   ,                30   ,                  1045   ,                30   ,                  1055   ,           9058   ,         30   ,                       26   ,                   0   ,                    3   ,               31.7   ,                  17.0   ,               11.8   ,                 14.7   ,              12.2   ,               2.9   ,                12.1   ,           28.4   ,             12.3   ,                         6.9   ,              16   ,        0.8850   ,               41.0   ,                 15887   ,
2026-02-12 18:22:34 ,         975.0   ,            101.3   ,               46.0   ,        54.6   ,                  50.0   ,                30   ,                  1046   ,                30   ,                  1056   ,           9042   ,         27   ,                       23   ,                   0   ,                    3   ,               31.1   ,                  16.6   ,               11.6   ,                 14.6   ,              12.2   ,               2.9   ,                12.1   ,           28.2   ,             12.3   ,                         6.9   ,              16   ,        0.8850   ,               39.0   ,                 15886   ,
2026-02-12 18:22:35 ,         735.0   ,            101.3   ,               45.9   ,        54.4   ,                  50.0   ,                30   ,                  1045   ,                30   ,                  1056   ,           9041   ,         31   ,                       24   ,                   0   ,                    3   ,               30.0   ,                  15.4   ,               11.7   ,                 14.6   ,              12.2   ,               2.9   ,                12.1   ,           27.1   ,             12.3   ,                         6.7   ,              16   ,        0.8850   ,               41.0   ,                 15887   ,
2026-02-12 18:22:36 ,         660.0   ,            101.3   ,               45.8   ,        54.2   ,                  50.0   ,                30   ,                  1049   ,                30   ,                  1058   ,           9038   ,         31   ,                       23   ,                   0   ,                    3   ,               29.5   ,                  15.0   ,               11.6   ,                 14.5   ,              12.2   ,               2.9   ,                12.1   ,           26.6   ,             12.3   ,                         6.6   ,              16   ,        0.8850   ,               38.0   ,                 15888   ,
2026-02-12 18:22:37 ,         930.0   ,            101.3   ,               45.8   ,        54.0   ,                  50.0   ,                30   ,                  1046   ,                30   ,                  1057   ,           9035   ,         27   ,                       23   ,                   0   ,                    3   ,               30.5   ,                  16.0   ,               11.7   ,                 14.5   ,              12.2   ,               2.9   ,                12.1   ,           27.7   ,             12.3   ,                         6.8   ,              16   ,        0.8850   ,               39.0   ,                 15885   ,
2026-02-12 18:22:38 ,         930.0   ,            101.3   ,               45.9   ,        54.0   ,                  50.0   ,                30   ,                  1047   ,                30   ,                  1056   ,           9034   ,         29   ,                       24   ,                   0   ,                    4   ,               32.0   ,                  17.3   ,               11.8   ,                 14.7   ,              12.2   ,               2.9   ,                12.1   ,           29.1   ,             12.3   ,                         7.1   ,              16   ,        0.8850   ,               38.0   ,                 15884   ,
2026-02-12 18:22:39 ,         690.0   ,            101.3   ,               45.5   ,        53.9   ,                  50.0   ,                30   ,                  1045   ,                30   ,                  1055   ,           9033   ,         31   ,                       24   ,                   0   ,                    3   ,               29.5   ,                  15.0   ,               11.6   ,                 14.5   ,              12.2   ,               2.9   ,                12.1   ,           26.6   ,             12.3   ,                         6.6   ,              16   ,        0.8850   ,               39.0   ,                 15884   ,
2026-02-12 18:22:40 ,         960.0   ,            101.3   ,               45.6   ,        53.8   ,                  48.0   ,                30   ,                  1047   ,                30   ,                  1054   ,           9020   ,         59   ,                       48   ,                   0   ,                    3   ,               30.6   ,                  16.2   ,               11.6   ,                 14.4   ,              12.2   ,               2.8   ,                12.1   ,           27.8   ,             12.3   ,                         7.0   ,              16   ,        0.8850   ,               39.0   ,                 15882   ,
2026-02-12 18:22:41 ,         960.0   ,            101.3   ,               45.5   ,        53.7   ,                  50.0   ,                30   ,                  1049   ,                30   ,                  1057   ,           9020   ,         29   ,                       25   ,                   0   ,                    3   ,               31.1   ,                  16.6   ,               11.6   ,                 14.5   ,              12.2   ,               2.8   ,                12.1   ,           28.2   ,             12.3   ,                         6.9   ,              16   ,        0.8850   ,               39.0   ,                 15881   ,
2026-02-12 18:22:42 ,         735.0   ,            101.3   ,               45.3   ,        53.6   ,                  50.0   ,                30   ,                  1047   ,                30   ,                  1059   ,           9020   ,         31   ,                       24   ,                   0   ,                    3   ,               31.2   ,                  16.4   ,               11.9   ,                 14.6   ,              12.2   ,               2.9   ,                12.1   ,           27.3   ,             12.3   ,                         6.7   ,              16   ,        0.8850   ,               38.0   ,                 15884   ,
2026-02-12 18:22:43 ,         675.0   ,            101.3   ,               45.4   ,        53.5   ,                  50.0   ,                30   ,                  1050   ,                30   ,                  1058   ,           9019   ,         33   ,                       25   ,                   0   ,                    3   ,               29.8   ,                  15.3   ,               11.7   ,                 14.5   ,              12.2   ,               2.9   ,                12.1   ,           26.9   ,             12.3   ,                         6.6   ,              16   ,        0.8850   ,               39.0   ,                 15882   ,
2026-02-12 18:22:44 ,         990.0   ,            101.3   ,               45.3   ,        53.5   ,                  48.0   ,                30   ,                  1051   ,                30   ,                  1060   ,           9019   ,         28   ,                       24   ,                   0   ,                    3   ,               32.0   ,                  17.3   ,               11.8   ,                 14.7   ,              12.2   ,               2.9   ,                12.1   ,           29.1   ,             12.3   ,                         7.1   ,              16   ,        0.8850   ,               37.0   ,                 15882   ,
2026-02-12 18:22:45 ,         990.0   ,            101.3   ,               45.2   ,        53.3   ,                  50.0   ,                30   ,                  1051   ,                30   ,                  1061   ,           9023   ,         28   ,                       24   ,                   0   ,                    3   ,               31.2   ,                  16.7   ,               11.7   ,                 14.5   ,              12.3   ,               2.8   ,                12.1   ,           28.4   ,             12.3   ,                         6.9   ,              16   ,        0.8850   ,               38.0   ,                 15883   ,
2026-02-12 18:22:46 ,         750.0   ,            101.3   ,               45.1   ,        53.2   ,                  48.0   ,                30   ,                  1054   ,                30   ,                  1061   ,           9032   ,         30   ,                       24   ,                   0   ,                    3   ,               29.9   ,                  15.4   ,               11.7   ,                 14.5   ,              12.2   ,               2.8   ,                12.1   ,           27.1   ,             12.3   ,                         6.6   ,              16   ,        0.8850   ,               38.0   ,                 15884   ,
2026-02-12 18:22:47 ,         690.0   ,            101.3   ,               44.9   ,        53.2   ,                  48.0   ,                30   ,                  1052   ,                30   ,                  1061   ,           9033   ,         31   ,                       24   ,                   0   ,                    3   ,               30.0   ,                  15.4   ,               11.7   ,                 14.6   ,              12.2   ,               2.9   ,                12.1   ,           27.1   ,             12.3   ,                         6.7   ,              16   ,        0.8850   ,               39.0   ,                 15885   ,
2026-02-12 18:22:48 ,         990.0   ,            101.3   ,               44.8   ,        53.0   ,                  48.0   ,                30   ,                  1051   ,                30   ,                  1059   ,           9033   ,         61   ,                       49   ,                   0   ,                    3   ,               26.8   ,                  13.4   ,               11.2   ,                 13.4   ,              12.3   ,               2.2   ,                12.1   ,           24.7   ,             12.3   ,                         7.0   ,              16   ,        0.8850   ,               38.0   ,                 15886   ,
2026-02-12 18:22:49 ,         990.0   ,            101.3   ,               44.8   ,        52.9   ,                  48.0   ,                30   ,                  1047   ,                30   ,                  1058   ,           9032   ,         29   ,                       25   ,                   0   ,                    3   ,               30.0   ,                  15.6   ,               11.6   ,                 14.5   ,              12.2   ,               2.8   ,                12.1   ,           29.3   ,             12.3   ,                         7.1   ,              16   ,        0.8850   ,               40.0   ,                 15884   ,
2026-02-12 18:22:50 ,         765.0   ,            101.3   ,               44.8   ,        52.8   ,                  48.0   ,                30   ,                  1045   ,                30   ,                  1058   ,           9032   ,         30   ,                       24   ,                   0   ,                    3   ,               30.4   ,                  15.8   ,               11.8   ,                 14.6   ,              12.2   ,               2.8   ,                12.1   ,           27.6   ,             12.3   ,                         6.8   ,              16   ,        0.8850   ,               40.0   ,                 15889   ,
2026-02-12 18:22:51 ,         705.0   ,            101.3   ,               44.6   ,        52.8   ,                  48.0   ,                30   ,                  1044   ,                30   ,                  1059   ,           9032   ,         32   ,                       25   ,                   0   ,                    3   ,               29.6   ,                  15.0   ,               11.7   ,                 14.5   ,              12.2   ,               2.8   ,                12.1   ,           26.7   ,             12.3   ,                         6.6   ,              16   ,        0.8850   ,               39.0   ,                 15890   ,
2026-02-12 18:22:52 ,         645.0   ,             50.6   ,               44.4   ,        52.5   ,                  50.0   ,                30   ,                  1044   ,                30   ,                  1059   ,           9032   ,         33   ,                       25   ,                   0   ,                    6   ,               26.5   ,                  12.9   ,               11.3   ,                 13.6   ,              12.2   ,               2.2   ,                12.1   ,           24.2   ,             12.3   ,                         5.9   ,              16   ,        0.8700   ,               40.0   ,                 15888   ,
2026-02-12 18:22:53 ,        1050.0   ,            101.3   ,               44.6   ,        52.6   ,                  48.0   ,                30   ,                  1046   ,                30   ,                  1058   ,           9030   ,         28   ,                       24   ,                   0   ,                    3   ,               32.1   ,                  17.5   ,               11.8   ,                 14.6   ,              12.2   ,               2.8   ,                12.1   ,           29.3   ,             12.3   ,                         7.1   ,              16   ,        0.8850   ,               37.0   ,                 15884   ,
2026-02-12 18:22:54 ,         825.0   ,            101.3   ,               44.5   ,        52.4   ,                  50.0   ,                30   ,                  1045   ,                30   ,                  1057   ,           9018   ,         28   ,                       25   ,                   0   ,                    3   ,               30.7   ,                  16.1   ,               11.8   ,                 14.6   ,              12.2   ,               2.8   ,                12.1   ,           28.0   ,             12.3   ,                         6.8   ,              16   ,        0.8850   ,               38.0   ,                 15883   ,
2026-02-12 18:22:55 ,         750.0   ,            101.3   ,               44.2   ,        52.3   ,                  48.0   ,                30   ,                  1038   ,                30   ,                  1060   ,           9015   ,         31   ,                       24   ,                   0   ,                    3   ,               29.3   ,                  14.8   ,               11.6   ,                 14.4   ,              12.2   ,               2.8   ,                12.1   ,           26.5   ,             12.3   ,                         6.5   ,              16   ,        0.8850   ,               39.0   ,                 15884   ,
2026-02-12 18:22:56 ,         690.0   ,            101.3   ,               44.1   ,        52.2   ,                  48.0   ,                30   ,                  1038   ,                30   ,                  1059   ,           9013   ,         33   ,                       25   ,                   0   ,                    3   ,               30.2   ,                  15.5   ,               11.8   ,                 14.6   ,              12.2   ,               2.8   ,                12.1   ,           27.3   ,             12.3   ,                         6.6   ,              16   ,        0.8850   ,               37.0   ,                 15883   ,
2026-02-12 18:22:57 ,        1005.0   ,            101.3   ,               44.1   ,        52.3   ,                  46.0   ,                30   ,                  1056   ,                30   ,                  1060   ,           9013   ,         61   ,                       49   ,                   0   ,                    3   ,               30.6   ,                  16.2   ,               11.8   ,                 14.5   ,              12.2   ,               2.7   ,                12.1   ,           28.4   ,             12.3   ,                         6.9   ,              16   ,        0.8850   ,               39.0   ,                 15883   ,
2026-02-12 18:22:58 ,        1005.0   ,            101.3   ,               44.2   ,        52.1   ,                  46.0   ,                30   ,                  1047   ,                30   ,                  1059   ,           9013   ,         28   ,                       24   ,                   0   ,                    3   ,               32.0   ,                  17.4   ,               11.8   ,                 14.6   ,              12.2   ,               2.8   ,                12.1   ,           29.2   ,             12.3   ,                         7.1   ,              16   ,        0.8850   ,               37.0   ,                 15883   ,
2026-02-12 18:22:59 ,         780.0   ,            101.3   ,               44.2   ,        52.0   ,                  48.0   ,                30   ,                  1048   ,                30   ,                  1059   ,           9012   ,         30   ,                       24   ,                   0   ,                    3   ,               30.8   ,                  16.1   ,               11.9   ,                 14.7   ,              12.2   ,               2.8   ,                12.1   ,           28.0   ,             12.3   ,                         6.8   ,              16   ,        0.8850   ,               40.0   ,                 15882   ,
2026-02-12 18:23:01 ,         690.0   ,            101.3   ,               43.9   ,        51.9   ,                  48.0   ,                30   ,                  1038   ,                30   ,                  1060   ,           9012   ,         32   ,                       25   ,                   0   ,                    3   ,               29.9   ,                  15.3   ,               11.8   ,                 14.6   ,              12.2   ,               2.8   ,                12.1   ,           27.1   ,             12.3   ,                         6.6   ,              16   ,        0.8850   ,               39.0   ,                 15881   ,
2026-02-12 18:23:02 ,         645.0   ,             50.6   ,               43.8   ,        51.9   ,                  48.0   ,                30   ,                  1042   ,                30   ,                  1059   ,           9012   ,         33   ,                       25   ,                   0   ,                    6   ,               29.1   ,                  14.6   ,               11.7   ,                 14.5   ,              12.2   ,               2.8   ,                12.1   ,           26.3   ,             12.3   ,                         6.5   ,              16   ,        0.8700   ,               39.0   ,                 15882   ,
2026-02-12 18:23:03 ,        1005.0   ,            101.3   ,               43.8   ,        51.8   ,                  46.0   ,                30   ,                  1044   ,                30   ,                  1058   ,           9012   ,         28   ,                       24   ,                   0   ,                    3   ,               31.5   ,                  16.8   ,               11.8   ,                 14.7   ,              12.2   ,               2.9   ,                12.1   ,           28.6   ,             12.3   ,                         7.0   ,              16   ,        0.8850   ,               38.0   ,                 15882   ,
2026-02-12 18:23:04 ,         795.0   ,            101.3   ,               43.8   ,        51.7   ,                  48.0   ,                30   ,                  1046   ,                30   ,                  1059   ,           9012   ,         29   ,                       25   ,                   0   ,                    3   ,               31.2   ,                  16.5   ,               11.8   ,                 14.7   ,              12.2   ,               2.9   ,                12.1   ,           28.3   ,             12.3   ,                         6.9   ,              16   ,        0.8850   ,               39.0   ,                 15881   ,
2026-02-12 18:23:05 ,         720.0   ,            101.3   ,               43.6   ,        51.6   ,                  46.0   ,                30   ,                  1048   ,                30   ,                  1059   ,           9010   ,         31   ,                       25   ,                   0   ,                    3   ,               30.5   ,                  15.9   ,               11.8   ,                 14.6   ,              12.2   ,               2.8   ,                12.1   ,           27.1   ,             12.3   ,                         6.6   ,              16   ,        0.8850   ,               39.0   ,                 15881   ,
2026-02-12 18:23:06 ,         675.0   ,            101.3   ,               43.5   ,        51.6   ,                  46.0   ,                30   ,                  1047   ,                30   ,                  1057   ,           9011   ,         32   ,                       25   ,                   0   ,                    3   ,               30.1   ,                  15.5   ,               11.9   ,                 14.6   ,              12.2   ,               2.8   ,                12.1   ,           27.2   ,             12.3   ,                         6.7   ,              16   ,        0.8850   ,               39.0   ,                 15880   ,
2026-02-12 18:23:07 ,         990.0   ,            101.3   ,               43.6   ,        51.4   ,                  46.0   ,                30   ,                  1046   ,                30   ,                  1059   ,           9010   ,         31   ,                       27   ,                   0   ,                    3   ,               31.6   ,                  17.0   ,               11.8   ,                 14.6   ,              12.2   ,               2.8   ,                12.1   ,           28.8   ,             12.3   ,                         7.0   ,              16   ,        0.8850   ,               38.0   ,                 15882   ,
2026-02-12 18:23:08 ,         990.0   ,            101.3   ,               43.5   ,        51.4   ,                  48.0   ,                30   ,                  1046   ,                30   ,                  1060   ,           9011   ,         28   ,                       24   ,                   0   ,                    3   ,               31.6   ,                  17.1   ,               11.7   ,                 14.5   ,              12.2   ,               2.8   ,                12.1   ,           28.8   ,             12.3   ,                         7.0   ,              16   ,        0.8850   ,               37.0   ,                 15882   ,
2026-02-12 18:23:09 ,         750.0   ,            101.3   ,               43.6   ,        51.4   ,                  48.0   ,                30   ,                  1044   ,                30   ,                  1059   ,           9011   ,         31   ,                       25   ,                   0   ,                    3   ,               30.6   ,                  15.9   ,               11.9   ,                 14.7   ,              12.2   ,               2.8   ,                12.1   ,           27.8   ,             12.3   ,                         6.8   ,              16   ,        0.8850   ,               39.0   ,                 15882   ,
2026-02-12 18:23:10 ,         690.0   ,            101.3   ,               43.2   ,        51.2   ,                  46.0   ,                30   ,                  1045   ,                30   ,                  1057   ,           9011   ,         32   ,                       25   ,                   0   ,                    3   ,               30.2   ,                  15.6   ,               11.9   ,                 14.7   ,              12.2   ,               2.8   ,                12.1   ,           27.5   ,             12.3   ,                         6.7   ,              16   ,        0.8850   ,               40.0   ,                 15878   ,
2026-02-12 18:23:11 ,         645.0   ,             50.6   ,               43.3   ,        51.1   ,                  46.0   ,                30   ,                  1044   ,                30   ,                  1054   ,           9010   ,         32   ,                       24   ,                   0   ,                    6   ,               27.4   ,                  13.7   ,               11.5   ,                 13.8   ,              12.2   ,               2.3   ,                12.1   ,           25.1   ,             12.3   ,                         6.1   ,              16   ,        0.8700   ,               39.0   ,                 15879   ,
2026-02-12 18:23:12 ,        1005.0   ,            101.3   ,               43.2   ,        51.1   ,                  46.0   ,                30   ,                  1044   ,                30   ,                  1053   ,           9015   ,         29   ,                       25   ,                   0   ,                    3   ,               32.0   ,                  17.3   ,               11.9   ,                 14.7   ,              12.2   ,               2.8   ,                12.1   ,           29.2   ,             12.3   ,                         7.2   ,              16   ,        0.8850   ,               39.0   ,                 15876   ,
2026-02-12 18:23:13 ,         795.0   ,            101.3   ,               43.2   ,        51.0   ,                  46.0   ,                30   ,                  1043   ,                30   ,                  1051   ,           9026   ,         29   ,                       25   ,                   0   ,                    3   ,               31.1   ,                  16.3   ,               11.9   ,                 14.8   ,              12.2   ,               2.9   ,                12.1   ,           28.2   ,             12.3   ,                         6.9   ,              16   ,        0.8850   ,               39.0   ,                 15881   ,
2026-02-12 18:23:14 ,         735.0   ,            101.3   ,               43.1   ,        50.9   ,                  46.0   ,                30   ,                  1043   ,                30   ,                  1052   ,           9026   ,         32   ,                       25   ,                   0   ,                    3   ,               30.2   ,                  15.6   ,               11.8   ,                 14.6   ,              12.2   ,               2.9   ,                12.1   ,           27.4   ,             12.3   ,                         6.7   ,              16   ,        0.8850   ,               39.0   ,                 15882   ,
2026-02-12 18:23:15 ,         675.0   ,            101.3   ,               43.1   ,        50.9   ,                  46.0   ,                30   ,                  1043   ,                30   ,                  1052   ,           9022   ,         33   ,                       25   ,                   0   ,                    3   ,               31.1   ,                  16.3   ,               11.9   ,                 14.8   ,              12.2   ,               2.9   ,                12.1   ,           28.2   ,             12.3   ,                         6.9   ,              16   ,        0.8850   ,               39.0   ,                 15869   ,
2026-02-12 18:23:16 ,         990.0   ,            101.3   ,               43.0   ,        50.7   ,                  46.0   ,                30   ,                  1043   ,                30   ,                  1053   ,           9022   ,         29   ,                       25   ,                   0   ,                    3   ,               31.0   ,                  16.3   ,               11.8   ,                 14.7   ,              12.2   ,               2.9   ,                12.1   ,           28.1   ,             12.3   ,                         6.9   ,              16   ,        0.8850   ,               38.0   ,                 15877   ,
2026-02-12 18:23:17 ,         990.0   ,            101.3   ,               42.9   ,        50.7   ,                  46.0   ,                30   ,                  1043   ,                30   ,                  1052   ,           9022   ,         29   ,                       25   ,                   0   ,                    3   ,               31.8   ,                  17.1   ,               11.9   ,                 14.7   ,              12.2   ,               2.9   ,                12.1   ,           28.9   ,             12.3   ,                         7.1   ,              16   ,        0.8850   ,               38.0   ,                 15878   ,
2026-02-12 18:23:18 ,         750.0   ,            101.3   ,               42.8   ,        50.6   ,                  46.0   ,                30   ,                  1043   ,                30   ,                  1054   ,           9023   ,         31   ,                       25   ,                   0   ,                    3   ,               30.9   ,                  16.1   ,               11.9   ,                 14.8   ,              12.2   ,               2.9   ,                12.1   ,           28.1   ,             12.3   ,                         6.8   ,              16   ,        0.8850   ,               41.0   ,                 15878   ,
2026-02-12 18:23:19 ,         690.0   ,            101.3   ,               42.7   ,        50.5   ,                  46.0   ,                30   ,                  1044   ,                30   ,                  1052   ,           9011   ,         33   ,                       25   ,                   0   ,                    3   ,               29.7   ,                  15.0   ,               11.8   ,                 14.7   ,              12.3   ,               2.9   ,                12.1   ,           28.4   ,             12.3   ,                         6.9   ,              16   ,        0.8850   ,               39.0   ,                 15878   ,
2026-02-12 18:23:20 ,        1005.0   ,            101.3   ,               42.6   ,        50.4   ,                  46.0   ,                30   ,                  1044   ,                30   ,                  1054   ,           9011   ,         62   ,                       50   ,                   0   ,                    3   ,               31.1   ,                  16.6   ,               11.8   ,                 14.5   ,              12.2   ,               2.7   ,                12.1   ,           28.4   ,             12.3   ,                         6.9   ,              16   ,        0.8850   ,               38.0   ,                 15874   ,
2026-02-12 18:23:21 ,        1005.0   ,            101.3   ,               42.7   ,        50.3   ,                  46.0   ,                30   ,                  1043   ,                30   ,                  1053   ,           8997   ,         28   ,                       25   ,                   0   ,                    3   ,               32.1   ,                  17.4   ,               11.9   ,                 14.7   ,              12.2   ,               2.8   ,                12.1   ,           29.3   ,             12.3   ,                         7.1   ,              16   ,        0.8850   ,               37.0   ,                 15877   ,
2026-02-12 18:23:22 ,         780.0   ,            101.3   ,               42.4   ,        50.3   ,                  46.0   ,                30   ,                  1045   ,                30   ,                  1052   ,           8994   ,         31   ,                       25   ,                   0   ,                    3   ,               30.0   ,                  15.3   ,               11.8   ,                 14.7   ,              12.2   ,               2.8   ,                12.1   ,           27.1   ,             12.3   ,                         6.7   ,              16   ,        0.8850   ,               39.0   ,                 15874   ,
2026-02-12 18:23:23 ,         705.0   ,            101.3   ,               42.4   ,        50.3   ,                  46.0   ,                30   ,                  1046   ,                30   ,                  1054   ,           8995   ,         31   ,                       25   ,                   0   ,                    3   ,               30.3   ,                  15.6   ,               11.9   ,                 14.7   ,              12.2   ,               2.8   ,                12.1   ,           27.5   ,             12.3   ,                         6.7   ,              16   ,        0.8900   ,               37.0   ,                 15877   ,
2026-02-12 18:23:24 ,         660.0   ,            101.3   ,               42.4   ,        50.1   ,                  44.0   ,                30   ,                  1045   ,                30   ,                  1054   ,           8995   ,         33   ,                       25   ,                   0   ,                    3   ,               30.5   ,                  15.8   ,               11.9   ,                 14.7   ,              12.2   ,               2.8   ,                12.1   ,           27.7   ,             12.3   ,                         6.8   ,              16   ,        0.8900   ,               38.0   ,                 15877   ,
2026-02-12 18:23:25 ,        1050.0   ,            101.3   ,               42.3   ,        50.1   ,                  46.0   ,                30   ,                  1044   ,                30   ,                  1053   ,           9008   ,         28   ,                       24   ,                   0   ,                    3   ,               31.6   ,                  17.0   ,               11.8   ,                 14.6   ,              12.2   ,               2.8   ,                12.1   ,           28.8   ,             12.3   ,                         7.0   ,              16   ,        0.8900   ,               39.0   ,                 15868   ,
2026-02-12 18:23:26 ,        1050.0   ,            101.3   ,               42.2   ,        50.0   ,                  44.0   ,                30   ,                  1044   ,                30   ,                  1052   ,           9021   ,         28   ,                       25   ,                   0   ,                    3   ,               32.2   ,                  17.6   ,               11.8   ,                 14.6   ,              12.2   ,               2.8   ,                12.1   ,           29.4   ,             12.3   ,                         7.4   ,              16   ,        0.8900   ,               39.0   ,                 15880   ,
2026-02-12 18:23:27 ,         780.0   ,            101.3   ,               42.2   ,        50.0   ,                  46.0   ,                30   ,                  1043   ,                30   ,                  1052   ,           9022   ,         31   ,                       25   ,                   0   ,                    3   ,               31.1   ,                  16.4   ,               11.9   ,                 14.7   ,              12.2   ,               2.8   ,                12.1   ,           28.3   ,             12.3   ,                         6.8   ,              16   ,        0.8900   ,               38.0   ,                 15881   ,
2026-02-12 18:23:28 ,         705.0   ,            101.3   ,               42.1   ,        49.9   ,                  44.0   ,                30   ,                  1043   ,                30   ,                  1051   ,           9021   ,         31   ,                       25   ,                   0   ,                    3   ,               31.1   ,                  16.3   ,               12.0   ,                 14.8   ,              12.2   ,               2.8   ,                12.1   ,           28.3   ,             12.3   ,                         6.9   ,              16   ,        0.8900   ,               39.0   ,                 15881   ,
2026-02-12 18:23:29 ,        2520.0   ,           1312.7   ,               42.9   ,        50.2   ,                  46.0   ,                30   ,                  1044   ,                30   ,                  1052   ,           9041   ,          9   ,                        2   ,                   0   ,                    1   ,               65.9   ,                  34.7   ,               25.2   ,                 31.2   ,              12.2   ,               6.1   ,                12.1   ,           59.8   ,             12.3   ,                        14.6   ,              16   ,        0.9500   ,               37.0   ,                 15890   ,
2026-02-12 18:23:30 ,        2520.0   ,           1312.7   ,               43.0   ,        50.3   ,                  46.0   ,                30   ,                  1043   ,                30   ,                  1050   ,           9052   ,         10   ,                        3   ,                   0   ,                    1   ,               66.7   ,                  35.3   ,               25.3   ,                 31.4   ,              12.2   ,               6.1   ,                12.1   ,           60.6   ,             12.3   ,                        14.8   ,              16   ,        0.9500   ,               39.0   ,                 15894   ,
2026-02-12 18:23:31 ,        2520.0   ,           1312.7   ,               43.2   ,        50.4   ,                  46.0   ,                30   ,                  1043   ,                30   ,                  1051   ,           9082   ,          9   ,                        2   ,                   0   ,                    1   ,               66.0   ,                  34.6   ,               25.2   ,                 31.3   ,              12.2   ,               6.1   ,                12.1   ,           59.9   ,             12.3   ,                        14.7   ,              16   ,        0.9500   ,               37.0   ,                 16008   ,
2026-02-12 18:23:32 ,         870.0   ,            625.2   ,               42.2   ,        50.2   ,                  46.0   ,                30   ,                  1043   ,                30   ,                  1050   ,           9034   ,         21   ,                        5   ,                   0   ,                    1   ,               40.3   ,                  18.0   ,               16.3   ,                 22.3   ,              12.2   ,               6.0   ,                12.1   ,           34.3   ,             12.3   ,                         8.9   ,              16   ,        0.8900   ,               39.0   ,                 16007   ,
2026-02-12 18:23:33 ,         720.0   ,            625.2   ,               42.0   ,        49.9   ,                  46.0   ,                30   ,                  1044   ,                30   ,                  1052   ,           9033   ,         24   ,                        5   ,                   0   ,                    3   ,               39.7   ,                  17.4   ,               16.4   ,                 22.4   ,              12.2   ,               6.0   ,                12.1   ,           33.7   ,             12.3   ,                         8.8   ,              16   ,        0.8900   ,               39.0   ,                 16005   ,
2026-02-12 18:23:34 ,         780.0   ,            101.3   ,               42.1   ,        49.9   ,                  46.0   ,                30   ,                  1045   ,                30   ,                  1055   ,           9035   ,         39   ,                       33   ,                   0   ,                    3   ,               33.8   ,                  18.1   ,               12.9   ,                 15.7   ,              12.2   ,               2.8   ,                12.1   ,           30.9   ,             12.3   ,                         7.5   ,              16   ,        0.8900   ,               38.0   ,                 16006   ,
2026-02-12 18:23:35 ,         675.0   ,            101.3   ,               42.0   ,        49.7   ,                  44.0   ,                30   ,                  1045   ,                30   ,                  1056   ,           9035   ,         44   ,                       36   ,                   0   ,                    3   ,               32.0   ,                  17.2   ,               12.0   ,                 14.7   ,              12.2   ,               2.8   ,                12.1   ,           29.2   ,             12.3   ,                         7.1   ,              16   ,        0.8900   ,               38.0   ,                 16006   ,
2026-02-12 18:23:36 ,         630.0   ,            101.3   ,               41.6   ,        49.6   ,                  46.0   ,                30   ,                  1048   ,                30   ,                  1056   ,           9031   ,         38   ,                       31   ,                   0   ,                    3   ,               26.5   ,                  12.9   ,               10.8   ,                 13.6   ,              12.2   ,               2.8   ,                12.1   ,           23.7   ,             12.3   ,                         5.9   ,              16   ,        0.8900   ,               37.0   ,                 16006   ,
2026-02-12 18:23:37 ,         735.0   ,            101.3   ,               41.7   ,        49.6   ,                  44.0   ,                30   ,                  1057   ,                30   ,                  1059   ,           9063   ,         36   ,                       31   ,                   0   ,                    3   ,               30.5   ,                  16.8   ,               10.9   ,                 13.6   ,              12.2   ,               2.8   ,                12.1   ,           27.7   ,             12.3   ,                         6.8   ,              16   ,        0.8900   ,               40.0   ,                 16009   ,
2026-02-12 18:23:38 ,         735.0   ,            101.3   ,               41.6   ,        49.5   ,                  44.0   ,                30   ,                  1050   ,                30   ,                  1059   ,           9065   ,         39   ,                       29   ,                   0   ,                    7   ,               31.1   ,                  17.1   ,               11.3   ,                 14.1   ,              12.2   ,               2.8   ,                12.1   ,           28.3   ,             12.3   ,                         6.9   ,              16   ,        0.8900   ,               39.0   ,                 16002   ,
2026-02-12 18:23:39 ,        2520.0   ,           1312.7   ,               42.1   ,        49.7   ,                  44.0   ,                30   ,                  1040   ,                30   ,                  1059   ,           9065   ,         22   ,                       10   ,                   0   ,                    4   ,               58.3   ,                  27.7   ,               24.5   ,                 30.6   ,              12.2   ,               6.1   ,                12.1   ,           52.3   ,             12.3   ,                        13.0   ,              16   ,        0.9500   ,               35.0   ,                 15983   ,
2026-02-12 18:23:40 ,        2520.0   ,           1312.7   ,               42.6   ,        49.8   ,                  46.0   ,                30   ,                  1045   ,                30   ,                  1059   ,           9072   ,          9   ,                        3   ,                   0   ,                    1   ,               66.0   ,                  34.5   ,               25.4   ,                 31.4   ,              12.2   ,               6.0   ,                12.1   ,           59.9   ,             12.3   ,                        14.7   ,              16   ,        0.9500   ,               37.0   ,                 16041   ,
2026-02-12 18:23:41 ,         960.0   ,            625.2   ,               41.9   ,        49.5   ,                  44.0   ,                30   ,                  1048   ,                30   ,                  1058   ,           9071   ,         18   ,                        6   ,                   0   ,                    1   ,               41.1   ,                  18.8   ,               16.4   ,                 22.3   ,              12.2   ,               6.0   ,                12.1   ,           35.2   ,             12.3   ,                         9.1   ,              16   ,        0.8900   ,               39.0   ,                 16041   ,
2026-02-12 18:23:42 ,         765.0   ,            625.2   ,               41.7   ,        49.4   ,                  44.0   ,                30   ,                  1048   ,                30   ,                  1059   ,           9063   ,         22   ,                        6   ,                   0   ,                    1   ,               40.2   ,                  17.9   ,               16.4   ,                 22.3   ,              12.2   ,               5.9   ,                12.1   ,           34.2   ,             12.3   ,                         8.9   ,              16   ,        0.8900   ,               40.0   ,                 16039   ,
2026-02-12 18:23:43 ,         645.0   ,            625.2   ,               41.6   ,        49.4   ,                  46.0   ,                30   ,                  1048   ,                30   ,                  1058   ,           9064   ,         25   ,                        5   ,                   0   ,                    1   ,               39.2   ,                  16.8   ,               16.5   ,                 22.5   ,              12.2   ,               6.0   ,                12.1   ,           33.7   ,             12.3   ,                         8.8   ,              16   ,        0.8900   ,               38.0   ,                 16039   ,
2026-02-12 18:23:44 ,         570.0   ,            625.2   ,               41.6   ,        49.3   ,                  44.0   ,                30   ,                  1047   ,                30   ,                  1059   ,           9059   ,         29   ,                        6   ,                   0   ,                    1   ,               40.2   ,                  17.5   ,               16.6   ,                 22.5   ,              12.2   ,               5.9   ,                12.1   ,           33.5   ,             12.3   ,                         8.8   ,              16   ,        0.8900   ,               41.0   ,                 16050   ,
2026-02-12 18:23:45 ,         750.0   ,            101.3   ,               41.5   ,        49.2   ,                  44.0   ,                30   ,                  1048   ,                30   ,                  1058   ,           9073   ,         42   ,                       36   ,                   0   ,                    3   ,               33.8   ,                  18.6   ,               12.4   ,                 15.2   ,              12.2   ,               2.8   ,                12.1   ,           31.0   ,             12.3   ,                         7.5   ,              16   ,        0.8900   ,               39.0   ,                 16041   ,
2026-02-12 18:23:46 ,         735.0   ,            101.3   ,               41.6   ,        49.3   ,                  42.0   ,                30   ,                  1049   ,                30   ,                  1058   ,           9062   ,         46   ,                       37   ,                   0   ,                    3   ,               34.0   ,                  19.1   ,               12.2   ,                 15.0   ,              12.2   ,               2.8   ,                12.1   ,           31.2   ,             12.3   ,                         7.6   ,              16   ,        0.8900   ,               40.0   ,                 16010   ,
2026-02-12 18:23:47 ,         735.0   ,            101.3   ,               41.6   ,        49.2   ,                  44.0   ,                30   ,                  1053   ,                30   ,                  1059   ,           9062   ,         43   ,                       36   ,                   0   ,                    3   ,               33.3   ,                  18.2   ,               12.3   ,                 15.1   ,              12.2   ,               2.8   ,                12.1   ,           30.5   ,             12.3   ,                         7.4   ,              16   ,        0.8900   ,               37.0   ,                 16013   ,
2026-02-12 18:23:48 ,         765.0   ,            101.3   ,               41.6   ,        49.2   ,                  44.0   ,                30   ,                  1048   ,                30   ,                  1058   ,           9063   ,         44   ,                       36   ,                   0   ,                    3   ,               32.8   ,                  18.0   ,               12.1   ,                 14.8   ,              12.2   ,               2.7   ,                12.1   ,           30.1   ,             12.3   ,                         7.3   ,              16   ,        0.8900   ,               39.0   ,                 16013   ,
2026-02-12 18:23:49 ,         690.0   ,            101.3   ,               41.3   ,        49.0   ,                  44.0   ,                30   ,                  1044   ,                30   ,                  1058   ,           9058   ,         44   ,                       36   ,                   0   ,                    3   ,               33.3   ,                  18.1   ,               12.4   ,                 15.2   ,              12.2   ,               2.8   ,                12.1   ,           30.5   ,             12.3   ,                         7.4   ,              16   ,        0.8900   ,               40.0   ,                 16020   ,
2026-02-12 18:23:50 ,         690.0   ,            101.3   ,               41.3   ,        49.1   ,                  44.0   ,                30   ,                  1046   ,                30   ,                  1058   ,           9060   ,         47   ,                       38   ,                   0   ,                    3   ,               33.8   ,                  18.8   ,               12.3   ,                 15.0   ,              12.2   ,               2.7   ,                12.1   ,           31.1   ,             12.3   ,                         7.5   ,              16   ,        0.8900   ,               39.0   ,                 16014   ,
2026-02-12 18:23:51 ,         660.0   ,            101.3   ,               41.3   ,        49.0   ,                  42.0   ,                30   ,                  1044   ,                30   ,                  1058   ,           9058   ,         32   ,                       24   ,                   0   ,                    3   ,               32.0   ,                  17.2   ,               12.0   ,                 14.8   ,              12.2   ,               2.8   ,                12.1   ,           28.6   ,             12.3   ,                         7.0   ,              16   ,        0.8900   ,               37.0   ,                 15917   ,
2026-02-12 18:23:52 ,         660.0   ,            101.3   ,               41.1   ,        48.8   ,                  42.0   ,                30   ,                  1043   ,                30   ,                  1056   ,           9058   ,         32   ,                       24   ,                   0   ,                    3   ,               29.7   ,                  15.1   ,               11.8   ,                 14.6   ,              12.2   ,               2.7   ,                12.1   ,           27.0   ,             12.3   ,                         6.6   ,              16   ,        0.8900   ,               39.0   ,                 15916   ,
2026-02-12 18:23:53 ,         975.0   ,            101.3   ,               41.2   ,        48.8   ,                  44.0   ,                30   ,                  1044   ,                30   ,                  1058   ,           9064   ,         31   ,                       24   ,                   0   ,                    3   ,               32.6   ,                  18.0   ,               11.8   ,                 14.6   ,              12.2   ,               2.8   ,                12.1   ,           29.8   ,             12.3   ,                         7.2   ,              16   ,        0.8900   ,               39.0   ,                 15904   ,
2026-02-12 18:23:54 ,         975.0   ,            101.3   ,               40.3   ,        48.5   ,                  42.0   ,                30   ,                  1043   ,                30   ,                  1057   ,           9067   ,         11   ,                        9   ,                   0   ,                    1   ,               15.4   ,                   3.3   ,                9.3   ,                 12.1   ,              12.3   ,               2.8   ,                12.1   ,           13.0   ,             12.3   ,                         3.5   ,              16   ,        0.8900   ,               37.0   ,                 15870   ,
2026-02-12 18:23:55 ,        2520.0   ,           1312.7   ,               43.8   ,        49.6   ,                  46.0   ,                30   ,                  1042   ,                30   ,                  1056   ,           6984   ,         30   ,                       13   ,                   0   ,                    1   ,              106.2   ,                  71.1   ,               29.0   ,                 35.1   ,              12.1   ,               6.1   ,                12.1   ,          100.1   ,             12.2   ,                        23.6   ,              16   ,        0.9500   ,               39.0   ,                 15714   ,
2026-02-12 18:23:56 ,        2520.0   ,           1312.7   ,               49.4   ,        56.2   ,                  46.0   ,                30   ,                  1042   ,                30   ,                  1056   ,           6650   ,         68   ,                       19   ,                   0   ,                    2   ,              249.5   ,                 198.0   ,               45.2   ,                 51.5   ,              12.0   ,               6.3   ,                12.1   ,          243.2   ,             12.1   ,                        55.5   ,               4   ,        1.0500   ,               39.0   ,                 15842   ,
2026-02-12 18:23:57 ,        2730.0   ,           1312.7   ,               56.4   ,        66.9   ,                  48.0   ,                30   ,                  1044   ,                30   ,                  1057   ,           6650   ,         94   ,                       29   ,                   0   ,                    2   ,              351.9   ,                 294.6   ,               50.9   ,                 57.3   ,              11.9   ,               6.5   ,                12.1   ,          345.5   ,             12.0   ,                        78.2   ,               4   ,        1.0500   ,               35.0   ,                 15850   ,
2026-02-12 18:23:58 ,        2730.0   ,           1312.7   ,               56.6   ,        66.6   ,                  48.0   ,                30   ,                  1044   ,                30   ,                  1058   ,           6650   ,         94   ,                       28   ,                   0   ,                    2   ,              348.0   ,                 291.0   ,               50.5   ,                 57.0   ,              11.9   ,               6.4   ,                12.1   ,          341.5   ,             12.0   ,                        77.3   ,               4   ,        1.0500   ,               35.0   ,                 15867   ,
2026-02-12 18:23:59 ,        2730.0   ,           1312.7   ,               57.5   ,        68.3   ,                  50.0   ,                30   ,                  1042   ,                30   ,                  1057   ,           6650   ,         95   ,                       28   ,                   0   ,                    2   ,              346.5   ,                 289.9   ,               50.2   ,                 56.6   ,              11.9   ,               6.4   ,                12.1   ,          340.1   ,             12.0   ,                        77.0   ,               4   ,        1.0500   ,               34.0   ,                 15865   ,
2026-02-12 18:24:00 ,        2730.0   ,           1312.7   ,               58.3   ,        69.5   ,                  50.0   ,                30   ,                  1042   ,                30   ,                  1057   ,           6650   ,         94   ,                       28   ,                   0   ,                    2   ,              346.4   ,                 289.7   ,               50.3   ,                 56.7   ,              11.9   ,               6.4   ,                12.1   ,          336.6   ,             12.0   ,                        76.2   ,               4   ,        1.0500   ,               34.0   ,                 15879   ,
2026-02-12 18:24:01 ,        2730.0   ,           1312.7   ,               58.9   ,        70.7   ,                  50.0   ,                30   ,                  1047   ,                30   ,                  1058   ,           6645   ,         94   ,                       29   ,                   0   ,                    2   ,              347.8   ,                 294.1   ,               50.8   ,                 57.2   ,              11.9   ,               6.4   ,                12.1   ,          344.8   ,             12.0   ,                        78.1   ,               4   ,        1.0500   ,               34.0   ,                 15877   ,
2026-02-12 18:24:02 ,        2730.0   ,           1312.7   ,               59.2   ,        70.3   ,                  50.0   ,                30   ,                  1049   ,                30   ,                  1057   ,           6638   ,         93   ,                       28   ,                   0   ,                    2   ,              345.5   ,                 289.1   ,               49.9   ,                 56.4   ,              11.9   ,               6.4   ,                12.1   ,          339.1   ,             12.0   ,                        76.8   ,               4   ,        1.0500   ,               34.0   ,                 15852   ,
2026-02-12 18:24:03 ,        2730.0   ,           1312.7   ,               59.6   ,        70.3   ,                  50.0   ,                30   ,                  1044   ,                30   ,                  1059   ,           6638   ,         94   ,                       29   ,                   0   ,                    2   ,              348.7   ,                 291.6   ,               50.6   ,                 57.1   ,              11.9   ,               6.5   ,                12.1   ,          342.2   ,             12.0   ,                        77.5   ,               4   ,        1.0500   ,               34.0   ,                 15850   ,
2026-02-12 18:24:04 ,        2715.0   ,           1312.7   ,               60.0   ,        70.8   ,                  52.0   ,                30   ,                  1045   ,                30   ,                  1058   ,           6638   ,         94   ,                       29   ,                   0   ,                    2   ,              349.9   ,                 292.8   ,               50.7   ,                 57.1   ,              11.9   ,               6.4   ,                12.1   ,          343.5   ,             12.0   ,                        77.8   ,               4   ,        1.0500   ,               35.0   ,                 15850   ,
2026-02-12 18:24:05 ,        2715.0   ,           1312.7   ,               60.1   ,        70.9   ,                  52.0   ,                30   ,                  1045   ,                30   ,                  1055   ,           6561   ,         93   ,                       28   ,                   0   ,                    2   ,              354.2   ,                 297.3   ,               50.4   ,                 56.8   ,              11.9   ,               6.4   ,                12.1   ,          347.8   ,             12.0   ,                        78.7   ,               4   ,        1.0500   ,               35.0   ,                 15908   ,
2026-02-12 18:24:06 ,        2715.0   ,           1312.7   ,               60.5   ,        71.2   ,                  54.0   ,                30   ,                  1042   ,                30   ,                  1053   ,           6561   ,         92   ,                       27   ,                   0   ,                    2   ,              345.3   ,                 289.5   ,               49.4   ,                 55.8   ,              11.9   ,               6.4   ,                12.1   ,          338.9   ,             12.0   ,                        76.7   ,               4   ,        1.0500   ,               35.0   ,                 15905   ,
2026-02-12 18:24:07 ,        2715.0   ,           1312.7   ,               61.2   ,        72.1   ,                  54.0   ,                30   ,                  1043   ,                30   ,                  1054   ,           6561   ,         93   ,                       28   ,                   0   ,                    2   ,              354.0   ,                 297.5   ,               50.1   ,                 56.5   ,              11.9   ,               6.4   ,                12.1   ,          347.6   ,             12.0   ,                        78.7   ,               4   ,        1.0500   ,               35.0   ,                 15879   ,
2026-02-12 18:24:08 ,        2715.0   ,           1312.7   ,               61.9   ,        73.3   ,                  54.0   ,                30   ,                  1042   ,                30   ,                  1054   ,           6561   ,         94   ,                       28   ,                   0   ,                    2   ,              358.1   ,                 301.0   ,               50.6   ,                 57.1   ,              11.9   ,               6.4   ,                12.1   ,          351.6   ,             12.0   ,                        79.6   ,               4   ,        1.0500   ,               35.0   ,                 15879   ,
2026-02-12 18:24:09 ,        2715.0   ,           1312.7   ,               59.6   ,        69.3   ,                  54.0   ,                30   ,                  1042   ,                30   ,                  1054   ,           6652   ,         94   ,                       29   ,                   0   ,                    2   ,              355.1   ,                 298.4   ,               50.3   ,                 56.7   ,              11.9   ,               6.4   ,                12.1   ,          348.6   ,             12.0   ,                        78.9   ,               4   ,        1.0500   ,               39.0   ,                 15895   ,
2026-02-12 18:24:10 ,        2730.0   ,           1312.7   ,               51.0   ,        57.4   ,                  52.0   ,                30   ,                  1042   ,                30   ,                  1053   ,           6656   ,         19   ,                        8   ,                   0   ,                    1   ,              129.2   ,                  93.0   ,               30.0   ,                 36.2   ,              12.1   ,               6.2   ,                12.1   ,          123.0   ,             12.2   ,                        28.3   ,               4   ,        1.0500   ,               39.0   ,                 15890   ,
2026-02-12 18:24:11 ,        1575.0   ,            625.2   ,               49.2   ,        56.4   ,                  52.0   ,                30   ,                  1041   ,                30   ,                  1052   ,           6656   ,         19   ,                        8   ,                   0   ,                    1   ,               79.7   ,                  52.3   ,               20.4   ,                 26.5   ,              12.2   ,               6.1   ,                12.1   ,           69.2   ,             12.3   ,                        16.7   ,              16   ,        0.8800   ,               36.0   ,                 15865   ,
2026-02-12 18:24:12 ,        1380.0   ,            625.2   ,               48.4   ,        55.7   ,                  52.0   ,                30   ,                  1042   ,                30   ,                  1051   ,           6656   ,         31   ,                       16   ,                   0   ,                    1   ,               73.6   ,                  47.0   ,               20.5   ,                 26.6   ,              12.2   ,               6.1   ,                12.1   ,           67.5   ,             12.3   ,                        16.3   ,              16   ,        0.8800   ,               38.0   ,                 15854   ,
2026-02-12 18:24:13 ,        1275.0   ,            625.2   ,               48.2   ,        55.6   ,                  50.0   ,                30   ,                  1043   ,                30   ,                  1050   ,           6656   ,         34   ,                       16   ,                   0   ,                    1   ,               75.3   ,                  48.4   ,               20.9   ,                 26.9   ,              12.2   ,               6.0   ,                12.1   ,           69.3   ,             12.3   ,                        16.7   ,              16   ,        0.8800   ,               40.0   ,                 15853   ,
2026-02-12 18:24:14 ,        1215.0   ,            625.2   ,               48.0   ,        55.4   ,                  50.0   ,                30   ,                  1042   ,                30   ,                  1051   ,           6656   ,         36   ,                       17   ,                   0   ,                    1   ,               74.4   ,                  47.2   ,               21.0   ,                 27.1   ,              12.2   ,               6.1   ,                12.1   ,           68.2   ,             12.3   ,                        16.5   ,              16   ,        0.8800   ,               39.0   ,                 15852   ,
2026-02-12 18:24:15 ,        1170.0   ,            625.2   ,               47.8   ,        55.2   ,                  50.0   ,                30   ,                  1041   ,                30   ,                  1052   ,           6656   ,         36   ,                       16   ,                   0   ,                    1   ,               75.3   ,                  48.1   ,               21.1   ,                 27.2   ,              12.2   ,               6.1   ,                12.1   ,           69.2   ,             12.3   ,                        16.7   ,              16   ,        0.8850   ,               39.0   ,                 15808   ,
2026-02-12 18:24:16 ,        1125.0   ,            625.2   ,               47.8   ,        55.2   ,                  50.0   ,                30   ,                  1040   ,                30   ,                  1053   ,           6556   ,         38   ,                       17   ,                   0   ,                    1   ,               74.1   ,                  47.1   ,               20.9   ,                 27.0   ,              12.2   ,               6.1   ,                12.1   ,           68.0   ,             12.3   ,                        16.5   ,              16   ,        0.8850   ,               38.0   ,                 15807   ,
2026-02-12 18:24:17 ,        1110.0   ,            625.2   ,               47.8   ,        55.0   ,                  50.0   ,                30   ,                  1040   ,                30   ,                  1053   ,           6556   ,         38   ,                       16   ,                   0   ,                    1   ,               73.3   ,                  46.2   ,               20.9   ,                 27.1   ,              12.2   ,               6.1   ,                12.1   ,           67.2   ,             12.3   ,                        16.3   ,              16   ,        0.8850   ,               37.0   ,                 15807   ,
2026-02-12 18:24:18 ,        1080.0   ,            625.2   ,               47.7   ,        55.0   ,                  50.0   ,                30   ,                  1039   ,                30   ,                  1054   ,           6556   ,         38   ,                       16   ,                   0   ,                    1   ,               72.4   ,                  45.5   ,               20.9   ,                 27.0   ,              12.2   ,               6.1   ,                12.1   ,           66.3   ,             12.3   ,                        16.1   ,              16   ,        0.8850   ,               39.0   ,                 15807   ,
2026-02-12 18:24:19 ,        1065.0   ,            625.2   ,               47.4   ,        54.9   ,                  50.0   ,                30   ,                  1041   ,                30   ,                  1052   ,           6556   ,         39   ,                       16   ,                   0   ,                    1   ,               72.3   ,                  45.4   ,               20.8   ,                 26.9   ,              12.2   ,               6.0   ,                12.1   ,           66.2   ,             12.3   ,                        16.1   ,              16   ,        0.8850   ,               39.0   ,                 15806   ,
2026-02-12 18:24:20 ,        1065.0   ,            625.2   ,               47.5   ,        54.8   ,                  50.0   ,                30   ,                  1041   ,                30   ,                  1052   ,           6556   ,         39   ,                       16   ,                   0   ,                    1   ,               73.9   ,                  46.7   ,               21.0   ,                 27.1   ,              12.2   ,               6.1   ,                12.1   ,           67.8   ,             12.3   ,                        16.4   ,              16   ,        0.8850   ,               37.0   ,                 15805   ,
2026-02-12 18:24:21 ,        1035.0   ,            625.2   ,               47.2   ,        54.6   ,                  50.0   ,                30   ,                  1040   ,                30   ,                  1054   ,           6570   ,         36   ,                       21   ,                   0   ,                    1   ,               70.8   ,                  41.8   ,               22.9   ,                 29.0   ,              12.2   ,               6.1   ,                12.1   ,           64.7   ,             12.3   ,                        15.7   ,              16   ,        0.8850   ,               39.0   ,                 15810   ,
2026-02-12 18:24:22 ,         735.0   ,            625.2   ,               45.0   ,        53.9   ,                  50.0   ,                30   ,                  1047   ,                30   ,                  1056   ,           3404   ,          3   ,                        1   ,                   0   ,                    0   ,               25.0   ,                   5.6   ,               13.4   ,                 19.4   ,              12.2   ,               6.0   ,                12.1   ,           19.0   ,             12.3   ,                         5.6   ,              16   ,        0.8850   ,               33.0   ,                 14561   ,
2026-02-12 18:24:23 ,         480.0   ,            625.2   ,               44.7   ,        53.5   ,                  50.0   ,                30   ,                  1043   ,                30   ,                  1056   ,           1371   ,          0   ,                        0   ,                   0   ,                    0   ,               24.3   ,                   4.8   ,               13.5   ,                 19.5   ,              12.2   ,               6.0   ,                12.1   ,           18.3   ,             12.3   ,                         5.4   ,              16   ,        0.8850   ,               33.0   ,                 13623   ,
2026-02-12 18:24:24 ,         300.0   ,            101.3   ,               44.4   ,        53.3   ,                  48.0   ,                30   ,                  1043   ,                30   ,                  1054   ,            999   ,          0   ,                        0   ,                   0   ,                    0   ,               12.0   ,                   2.6   ,                6.6   ,                  9.4   ,              12.3   ,               2.8   ,                12.1   ,            9.2   ,             12.3   ,                         2.7   ,              16   ,        0.8850   ,               31.0   ,                 10139   ,
