        Date        , GPU Clock [MHz] , Memory Clock [MHz] , GPU Temperature [°C] , Hot Spot [°C] , Memory Temperature [°C] , Fan 1 Speed (%) [%] , Fan 1 Speed (RPM) [RPM] , Fan 2 Speed (%) [%] , Fan 2 Speed (RPM) [RPM] , Memory Used [MB] , GPU Load [%] , Memory Controller Load [%] , Video Engine Load [%] , Bus Interface Load [%] , Board Power Draw [W] , GPU Chip Power Draw [W] , MVDDC Power Draw [W] , PWR_SRC Power Draw [W] , PWR_SRC Voltage [V] , PCIe Slot Power [W] , PCIe Slot Voltage [V] , 16-Pin Power [W] , 16-Pin Voltage [V] , Power Consumption (%) [% TDP] , PerfCap Reason [] , GPU Voltage [V] , CPU Temperature [°C] , System Memory Used [MB] ,
2026-02-12 18:10:16 ,         210.0   ,             50.6   ,               28.7   ,        36.5   ,                  30.0   ,                 0   ,                     0   ,                 0   ,                     0   ,            868   ,         10   ,                        9   ,                   0   ,                    2   ,                7.0   ,                   1.3   ,                4.3   ,                  5.7   ,              12.3   ,               1.3   ,                12.1   ,            5.6   ,             12.3   ,                         1.5   ,              16   ,        0.8850   ,               33.0   ,                 10017   ,
2026-02-12 18:10:17 ,         210.0   ,             50.6   ,               28.7   ,        36.5   ,                  28.0   ,                 0   ,                     0   ,                 0   ,                     0   ,            878   ,         22   ,                       13   ,                   0   ,                    2   ,                8.5   ,                   1.7   ,                5.4   ,                  6.8   ,              12.3   ,               1.3   ,                12.1   ,            7.2   ,             12.3   ,                         1.9   ,              16   ,        0.8850   ,               32.0   ,                 10032   ,
2026-02-12 18:10:18 ,         210.0   ,             50.6   ,               28.6   ,        36.4   ,                  30.0   ,                 0   ,                     0   ,                 0   ,                     0   ,            873   ,         10   ,                        3   ,                   0   ,                    2   ,                6.7   ,                   1.4   ,                4.1   ,                  5.4   ,              12.3   ,               1.3   ,                12.1   ,            5.4   ,             12.4   ,                         1.5   ,              16   ,        0.8850   ,               32.0   ,                 10024   ,
2026-02-12 18:10:19 ,         210.0   ,             50.6   ,               28.7   ,        36.5   ,                  28.0   ,                 0   ,                     0   ,                 0   ,                     0   ,            877   ,         23   ,                       12   ,                   0   ,                    2   ,                9.8   ,                   1.7   ,                6.8   ,                  8.1   ,              12.3   ,               1.3   ,                12.1   ,            8.5   ,             12.3   ,                         2.2   ,              16   ,        0.8850   ,               29.0   ,                 10025   ,
2026-02-12 18:10:20 ,         210.0   ,             50.6   ,               28.6   ,        36.5   ,                  30.0   ,                 0   ,                     0   ,                 0   ,                     0   ,            868   ,         12   ,                        4   ,                   0   ,                    2   ,                7.1   ,                   1.2   ,                4.6   ,                  5.9   ,              12.3   ,               1.3   ,                12.1   ,            5.8   ,             12.4   ,                         1.6   ,              16   ,        0.8850   ,               34.0   ,                 10141   ,
2026-02-12 18:10:21 ,         210.0   ,             50.6   ,               28.6   ,        36.5   ,                  28.0   ,                 0   ,                     0   ,                 0   ,                     0   ,            868   ,         10   ,                        3   ,                   0   ,                    1   ,                7.0   ,                   1.7   ,                4.0   ,                  5.4   ,              12.3   ,               1.4   ,                12.1   ,            5.7   ,             12.4   ,                         1.6   ,              16   ,        0.8850   ,               38.0   ,                 10141   ,
2026-02-12 18:10:22 ,        2520.0   ,           1312.7   ,               29.8   ,        37.0   ,                  30.0   ,                 0   ,                     0   ,                 0   ,                     0   ,            868   ,          2   ,                        0   ,                   0   ,                    0   ,               49.0   ,                  20.0   ,               23.5   ,                 29.0   ,              12.3   ,               5.5   ,                12.1   ,           43.5   ,             12.3   ,                        10.9   ,              16   ,        0.9700   ,               36.0   ,                 10030   ,
2026-02-12 18:10:23 ,        2520.0   ,           1312.7   ,               30.0   ,        37.3   ,                  30.0   ,                 0   ,                     0   ,                 0   ,                     0   ,            868   ,          2   ,                        0   ,                   0   ,                    0   ,               48.8   ,                  19.8   ,               23.5   ,                 29.0   ,              12.3   ,               5.5   ,                12.1   ,           43.3   ,             12.3   ,                        10.8   ,              16   ,        0.9700   ,               35.0   ,                 10158   ,
2026-02-12 18:10:24 ,        2520.0   ,           1312.7   ,               30.1   ,        37.4   ,                  30.0   ,                 0   ,                     0   ,                 0   ,                     0   ,            868   ,          2   ,                        0   ,                   0   ,                    0   ,               48.6   ,                  19.7   ,               23.4   ,                 28.8   ,              12.3   ,               5.5   ,                12.1   ,           43.1   ,             12.3   ,                        10.8   ,              16   ,        0.9700   ,               29.0   ,                 10043   ,
2026-02-12 18:10:25 ,        2520.0   ,           1312.7   ,               30.3   ,        37.4   ,                  32.0   ,                 0   ,                     0   ,                 0   ,                     0   ,            868   ,          2   ,                        0   ,                   0   ,                    0   ,               48.7   ,                  19.8   ,               23.5   ,                 29.0   ,              12.3   ,               5.5   ,                12.1   ,           43.3   ,             12.3   ,                        10.8   ,              16   ,        0.9700   ,               32.0   ,                 10062   ,
2026-02-12 18:10:26 ,        2520.0   ,           1312.7   ,               30.3   ,        37.5   ,                  32.0   ,                 0   ,                     0   ,                 0   ,                     0   ,            868   ,          2   ,                        0   ,                   0   ,                    0   ,               48.9   ,                  20.0   ,               23.4   ,                 28.9   ,              12.2   ,               5.5   ,                12.1   ,           43.4   ,             12.3   ,                        10.9   ,              16   ,        0.9700   ,               30.0   ,                 10067   ,
2026-02-12 18:10:27 ,        2520.0   ,           1312.7   ,               30.4   ,        37.7   ,                  32.0   ,                 0   ,                     0   ,                 0   ,                     0   ,            868   ,          2   ,                        0   ,                   0   ,                    0   ,               48.6   ,                  19.8   ,               23.3   ,                 28.8   ,              12.2   ,               5.5   ,                12.1   ,           43.2   ,             12.3   ,                        10.8   ,              16   ,        0.9700   ,               29.0   ,                 10037   ,
2026-02-12 18:10:28 ,         480.0   ,            101.3   ,               29.5   ,        37.2   ,                  30.0   ,                 0   ,                     0   ,                 0   ,                     0   ,            868   ,          4   ,                        3   ,                   0   ,                    1   ,               17.2   ,                   4.9   ,               10.2   ,                 12.3   ,              12.3   ,               2.1   ,                12.1   ,           15.1   ,             12.3   ,                         3.8   ,              16   ,        0.9000   ,               29.0   ,                 10042   ,
2026-02-12 18:10:29 ,         300.0   ,             50.6   ,               29.1   ,        37.0   ,                  30.0   ,                 0   ,                     0   ,                 0   ,                     0   ,            868   ,          7   ,                       12   ,                   0   ,                    2   ,                6.7   ,                   1.7   ,                3.6   ,                  5.0   ,              12.3   ,               1.3   ,                12.1   ,            5.4   ,             12.3   ,                         1.5   ,              16   ,        0.8850   ,               29.0   ,                 10045   ,
2026-02-12 18:10:30 ,         210.0   ,             50.6   ,               29.1   ,        36.9   ,                  28.0   ,                 0   ,                     0   ,                 0   ,                     0   ,            868   ,          9   ,                        9   ,                   0   ,                    2   ,                7.2   ,                   1.5   ,                4.3   ,                  5.7   ,              12.3   ,               1.3   ,                12.1   ,            5.8   ,             12.3   ,                         1.6   ,              16   ,        0.8850   ,               30.0   ,                 10059   ,
2026-02-12 18:10:31 ,         210.0   ,             50.6   ,               29.0   ,        36.8   ,                  28.0   ,                 0   ,                     0   ,                 0   ,                     0   ,            868   ,         10   ,                        9   ,                   0   ,                    2   ,                7.4   ,                   1.5   ,                4.5   ,                  5.9   ,              12.3   ,               1.4   ,                12.1   ,            6.0   ,             12.3   ,                         1.6   ,              16   ,        0.8850   ,               38.0   ,                 10053   ,
2026-02-12 18:10:32 ,         210.0   ,             50.6   ,               29.1   ,        36.9   ,                  30.0   ,                 0   ,                     0   ,                 0   ,                     0   ,            868   ,          8   ,                        4   ,                   0   ,                    2   ,                7.8   ,                   1.5   ,                4.9   ,                  6.3   ,              12.3   ,               1.4   ,                12.1   ,            6.4   ,             12.3   ,                         1.7   ,              16   ,        0.8850   ,               40.0   ,                 10054   ,
2026-02-12 18:10:33 ,         210.0   ,             50.6   ,               29.0   ,        36.9   ,                  28.0   ,                 0   ,                     0   ,                 0   ,                     0   ,            868   ,          8   ,                        4   ,                   0   ,                    2   ,                6.6   ,                   1.5   ,                3.8   ,                  5.1   ,              12.3   ,               1.3   ,                12.1   ,            5.3   ,             12.3   ,                         1.5   ,              16   ,        0.8850   ,               34.0   ,                 10048   ,
2026-02-12 18:10:34 ,         210.0   ,             50.6   ,               29.0   ,        36.8   ,                  30.0   ,                 0   ,                     0   ,                 0   ,                     0   ,            868   ,          8   ,                        5   ,                   0   ,                    2   ,                7.2   ,                   1.5   ,                4.4   ,                  5.7   ,              12.2   ,               1.3   ,                12.1   ,            5.9   ,             12.3   ,                         1.6   ,              16   ,        0.8850   ,               38.0   ,                  9987   ,
2026-02-12 18:10:35 ,         210.0   ,             50.6   ,               28.9   ,        36.8   ,                  28.0   ,                 0   ,                     0   ,                 0   ,                     0   ,            868   ,          9   ,                        5   ,                   0   ,                    2   ,                6.8   ,                   1.4   ,                4.1   ,                  5.4   ,              12.3   ,               1.3   ,                12.1   ,            5.5   ,             12.3   ,                         1.5   ,              16   ,        0.8850   ,               34.0   ,                  9989   ,
2026-02-12 18:10:36 ,         210.0   ,             50.6   ,               28.9   ,        36.8   ,                  30.0   ,                 0   ,                     0   ,                 0   ,                     0   ,            868   ,          8   ,                        5   ,                   0   ,                    2   ,                6.8   ,                   1.1   ,                4.4   ,                  5.7   ,              12.3   ,               1.3   ,                12.1   ,            5.6   ,             12.3   ,                         1.5   ,              16   ,        0.8850   ,               36.0   ,                 10016   ,
2026-02-12 18:10:37 ,        2520.0   ,           1312.7   ,               29.9   ,        37.1   ,                  30.0   ,                 0   ,                     0   ,                 0   ,                     0   ,            890   ,          2   ,                        0   ,                   0   ,                    0   ,               48.0   ,                  19.4   ,               23.1   ,                 28.6   ,              12.2   ,               5.5   ,                12.1   ,           42.5   ,             12.3   ,                        10.7   ,              16   ,        0.9700   ,               37.0   ,                 10094   ,
2026-02-12 18:10:38 ,        2520.0   ,           1312.7   ,               30.3   ,        37.5   ,                  32.0   ,                 0   ,                     0   ,                 0   ,                     0   ,            896   ,          1   ,                        0   ,                   0   ,                    0   ,               48.1   ,                  19.3   ,               23.3   ,                 28.8   ,              12.2   ,               5.5   ,                12.1   ,           42.6   ,             12.3   ,                        10.7   ,              16   ,        0.9700   ,               34.0   ,                 10202   ,
2026-02-12 18:10:39 ,        2520.0   ,           1312.7   ,               30.4   ,        37.8   ,                  30.0   ,                 0   ,                     0   ,                 0   ,                     0   ,            901   ,          1   ,                        0   ,                   0   ,                    0   ,               48.2   ,                  19.4   ,               23.3   ,                 28.8   ,              12.2   ,               5.5   ,                12.1   ,           42.7   ,             12.3   ,                        10.7   ,              16   ,        0.9700   ,               34.0   ,                 10256   ,
2026-02-12 18:10:40 ,         450.0   ,            101.3   ,               29.3   ,        37.2   ,                  30.0   ,                 0   ,                     0   ,                 0   ,                     0   ,            901   ,          2   ,                        2   ,                   0   ,                    0   ,               10.7   ,                   3.5   ,                5.2   ,                  7.2   ,              12.3   ,               2.0   ,                12.1   ,            8.7   ,             12.3   ,                         2.4   ,              16   ,        0.9000   ,               34.0   ,                 10262   ,
2026-02-12 18:10:41 ,         270.0   ,             50.6   ,               29.2   ,        37.1   ,                  30.0   ,                 0   ,                     0   ,                 0   ,                     0   ,            901   ,          4   ,                       11   ,                   0   ,                    0   ,                7.0   ,                   1.6   ,                4.0   ,                  5.4   ,              12.3   ,               1.4   ,                12.1   ,            5.6   ,             12.3   ,                         1.6   ,              16   ,        0.8850   ,               34.0   ,                 10278   ,
2026-02-12 18:10:42 ,         210.0   ,             50.6   ,               29.1   ,        36.9   ,                  30.0   ,                 0   ,                     0   ,                 0   ,                     0   ,            907   ,          3   ,                       15   ,                   0   ,                    0   ,                6.6   ,                   1.3   ,                4.1   ,                  5.3   ,              12.3   ,               1.2   ,                12.1   ,            5.4   ,             12.3   ,                         1.5   ,              16   ,        0.8850   ,               35.0   ,                 10347   ,
2026-02-12 18:10:43 ,         210.0   ,             50.6   ,               29.1   ,        36.9   ,                  30.0   ,                 0   ,                     0   ,                 0   ,                     0   ,            916   ,          3   ,                        9   ,                   0   ,                    0   ,                6.7   ,                   1.4   ,                4.0   ,                  5.3   ,              12.3   ,               1.3   ,                12.1   ,            5.4   ,             12.3   ,                         1.5   ,              16   ,        0.8850   ,               28.0   ,                 10367   ,
2026-02-12 18:10:44 ,         210.0   ,             50.6   ,               29.1   ,        37.0   ,                  28.0   ,                 0   ,                     0   ,                 0   ,                     0   ,            918   ,          4   ,                        8   ,                   0   ,                    0   ,                6.4   ,                   1.4   ,                3.7   ,                  5.0   ,              12.3   ,               1.3   ,                12.1   ,            5.1   ,             12.3   ,                         1.4   ,              16   ,        0.8850   ,               28.0   ,                 10361   ,
2026-02-12 18:10:45 ,         210.0   ,             50.6   ,               29.1   ,        36.9   ,                  28.0   ,                 0   ,                     0   ,                 0   ,                     0   ,            918   ,          3   ,                        6   ,                   0   ,                    0   ,                7.0   ,                   1.6   ,                4.1   ,                  5.4   ,              12.3   ,               1.3   ,                12.1   ,            5.7   ,             12.3   ,                         1.6   ,              16   ,        0.8850   ,               28.0   ,                 10356   ,
2026-02-12 18:10:46 ,         210.0   ,             50.6   ,               29.0   ,        36.9   ,                  30.0   ,                 0   ,                     0   ,                 0   ,                     0   ,            918   ,          3   ,                       12   ,                   0   ,                    0   ,                6.7   ,                   1.5   ,                3.9   ,                  5.2   ,              12.3   ,               1.3   ,                12.1   ,            5.4   ,             12.3   ,                         1.5   ,              16   ,        0.8850   ,               29.0   ,                 10360   ,
2026-02-12 18:10:47 ,         210.0   ,             50.6   ,               29.1   ,        36.9   ,                  28.0   ,                 0   ,                     0   ,                 0   ,                     0   ,            918   ,          3   ,                        9   ,                   0   ,                    0   ,                6.9   ,                   1.3   ,                4.3   ,                  5.5   ,              12.3   ,               1.3   ,                12.1   ,            5.6   ,             12.3   ,                         1.5   ,              16   ,        0.8850   ,               29.0   ,                 10359   ,
2026-02-12 18:10:48 ,         210.0   ,             50.6   ,               29.0   ,        37.0   ,                  28.0   ,                 0   ,                     0   ,                 0   ,                     0   ,            918   ,          3   ,                       10   ,                   0   ,                    0   ,                6.5   ,                   1.4   ,                3.8   ,                  5.1   ,              12.3   ,               1.3   ,                12.1   ,            5.2   ,             12.3   ,                         1.4   ,              16   ,        0.8850   ,               30.0   ,                 10362   ,
2026-02-12 18:10:49 ,         210.0   ,             50.6   ,               29.1   ,        36.9   ,                  30.0   ,                 0   ,                     0   ,                 0   ,                     0   ,            908   ,         23   ,                        6   ,                   0   ,                    8   ,                7.7   ,                   1.6   ,                4.8   ,                  6.1   ,              12.3   ,               1.3   ,                12.1   ,            6.4   ,             12.3   ,                         1.7   ,              16   ,        0.8850   ,               29.0   ,                 10366   ,
2026-02-12 18:10:50 ,         210.0   ,             50.6   ,               29.1   ,        36.9   ,                  30.0   ,                 0   ,                     0   ,                 0   ,                     0   ,            911   ,         21   ,                       12   ,                   0   ,                    7   ,                7.6   ,                   1.3   ,                5.1   ,                  6.3   ,              12.3   ,               1.3   ,                12.1   ,            6.3   ,             12.3   ,                         1.7   ,              16   ,        0.8850   ,               29.0   ,                 10409   ,
2026-02-12 18:10:51 ,        2520.0   ,           1312.7   ,               30.3   ,        37.4   ,                  32.0   ,                 0   ,                     0   ,                 0   ,                     0   ,            916   ,          2   ,                        0   ,                   0   ,                    0   ,               48.4   ,                  19.4   ,               23.4   ,                 28.9   ,              12.2   ,               5.5   ,                12.1   ,           42.9   ,             12.3   ,                        10.7   ,              16   ,        0.9700   ,               35.0   ,                 10512   ,
2026-02-12 18:10:52 ,        2520.0   ,           1312.7   ,               30.4   ,        37.7   ,                  30.0   ,                 0   ,                     0   ,                 0   ,                     0   ,            904   ,          1   ,                        0   ,                   0   ,                    0   ,               48.4   ,                  19.4   ,               23.4   ,                 28.9   ,              12.2   ,               5.5   ,                12.1   ,           42.9   ,             12.3   ,                        10.7   ,              16   ,        0.9700   ,               30.0   ,                 10461   ,
2026-02-12 18:10:53 ,        2520.0   ,           1312.7   ,               30.6   ,        37.8   ,                  32.0   ,                 0   ,                     0   ,                 0   ,                     0   ,            904   ,          1   ,                        0   ,                   0   ,                    0   ,               48.0   ,                  19.2   ,               23.3   ,                 28.7   ,              12.2   ,               5.5   ,                12.1   ,           42.5   ,             12.3   ,                        10.7   ,              16   ,        0.9700   ,               31.0   ,                 10471   ,
2026-02-12 18:10:54 ,        2520.0   ,           1312.7   ,               30.7   ,        37.8   ,                  32.0   ,                 0   ,                     0   ,                 0   ,                     0   ,            904   ,          1   ,                        0   ,                   0   ,                    0   ,               48.4   ,                  19.6   ,               23.3   ,                 28.8   ,              12.3   ,               5.5   ,                12.1   ,           42.9   ,             12.3   ,                        10.8   ,              16   ,        0.9700   ,               31.0   ,                 10485   ,
2026-02-12 18:10:55 ,         465.0   ,            101.3   ,               29.8   ,        37.5   ,                  30.0   ,                 0   ,                     0   ,                 0   ,                     0   ,            904   ,          3   ,                        2   ,                   0   ,                    0   ,               16.4   ,                   4.3   ,               10.1   ,                 12.1   ,              12.3   ,               2.0   ,                12.1   ,           14.3   ,             12.3   ,                         3.6   ,              16   ,        0.9000   ,               36.0   ,                 10587   ,
2026-02-12 18:10:56 ,        2520.0   ,           1312.7   ,               30.3   ,        37.6   ,                  30.0   ,                 0   ,                     0   ,                 0   ,                     0   ,            904   ,          4   ,                        7   ,                   0   ,                    0   ,               48.9   ,                  20.0   ,               23.4   ,                 28.9   ,              12.2   ,               5.5   ,                12.1   ,           43.4   ,             12.3   ,                        10.9   ,              16   ,        0.9700   ,               37.0   ,                 10480   ,
2026-02-12 18:10:57 ,        2520.0   ,           1312.7   ,               30.8   ,        37.9   ,                  32.0   ,                 0   ,                     0   ,                 0   ,                     0   ,            904   ,          2   ,                        0   ,                   0   ,                    0   ,               48.8   ,                  20.0   ,               23.4   ,                 28.9   ,              12.3   ,               5.5   ,                12.1   ,           43.4   ,             12.3   ,                        10.9   ,              16   ,        0.9700   ,               36.0   ,                 10586   ,
2026-02-12 18:10:58 ,        2520.0   ,           1312.7   ,               30.8   ,        38.0   ,                  32.0   ,                 0   ,                     0   ,                 0   ,                     0   ,            904   ,          1   ,                        0   ,                   0   ,                    0   ,               48.4   ,                  19.6   ,               23.3   ,                 28.8   ,              12.2   ,               5.5   ,                12.1   ,           42.9   ,             12.3   ,                        10.8   ,              16   ,        0.9700   ,               35.0   ,                 10590   ,
2026-02-12 18:10:59 ,        2520.0   ,           1312.7   ,               30.9   ,        38.1   ,                  32.0   ,                 0   ,                     0   ,                 0   ,                     0   ,            904   ,          1   ,                        0   ,                   0   ,                    0   ,               48.6   ,                  19.6   ,               23.5   ,                 29.0   ,              12.2   ,               5.5   ,                12.1   ,           43.0   ,             12.3   ,                        10.8   ,              16   ,        0.9700   ,               37.0   ,                 10484   ,
2026-02-12 18:11:00 ,        2520.0   ,           1312.7   ,               31.0   ,        38.1   ,                  32.0   ,                 0   ,                     0   ,                 0   ,                     0   ,            904   ,          1   ,                        0   ,                   0   ,                    0   ,               48.8   ,                  19.8   ,               23.4   ,                 28.9   ,              12.2   ,               5.5   ,                12.1   ,           43.2   ,             12.3   ,                        10.8   ,              16   ,        0.9700   ,               30.0   ,                 10503   ,
2026-02-12 18:11:01 ,        2520.0   ,           1312.7   ,               31.1   ,        38.3   ,                  32.0   ,                 0   ,                     0   ,                 0   ,                     0   ,            904   ,          1   ,                        0   ,                   0   ,                    0   ,               48.5   ,                  19.7   ,               23.3   ,                 28.8   ,              12.3   ,               5.5   ,                12.1   ,           43.0   ,             12.3   ,                        10.8   ,              16   ,        0.9700   ,               36.0   ,                 10513   ,
2026-02-12 18:11:02 ,        2520.0   ,           1312.7   ,               31.2   ,        38.3   ,                  32.0   ,                 0   ,                     0   ,                 0   ,                     0   ,            904   ,          1   ,                        0   ,                   0   ,                    0   ,               48.4   ,                  19.6   ,               23.3   ,                 28.8   ,              12.3   ,               5.5   ,                12.1   ,           42.9   ,             12.3   ,                        10.8   ,              16   ,        0.9700   ,               41.0   ,                 10515   ,
2026-02-12 18:11:03 ,         420.0   ,            101.3   ,               30.2   ,        38.0   ,                  30.0   ,                 0   ,                     0   ,                 0   ,                     0   ,            904   ,          3   ,                        2   ,                   0   ,                    0   ,               18.1   ,                   6.0   ,               10.0   ,                 12.1   ,              12.3   ,               2.1   ,                12.1   ,           16.0   ,             12.3   ,                         4.0   ,              16   ,        0.9000   ,               33.0   ,                 10514   ,
2026-02-12 18:11:04 ,         285.0   ,             50.6   ,               29.9   ,        37.7   ,                  30.0   ,                 0   ,                     0   ,                 0   ,                     0   ,            904   ,          5   ,                        6   ,                   0   ,                    1   ,                7.1   ,                   1.2   ,                4.5   ,                  5.8   ,              12.3   ,               1.4   ,                12.1   ,            5.7   ,             12.3   ,                         1.6   ,              16   ,        0.8850   ,               29.0   ,                 10517   ,
2026-02-12 18:11:05 ,         210.0   ,             50.6   ,               29.8   ,        37.7   ,                  30.0   ,                 0   ,                     0   ,                 0   ,                     0   ,            904   ,          6   ,                        4   ,                   0   ,                    1   ,                7.1   ,                   1.3   ,                4.5   ,                  5.7   ,              12.3   ,               1.3   ,                12.1   ,            5.8   ,             12.3   ,                         1.6   ,              16   ,        0.8850   ,               29.0   ,                 10510   ,
2026-02-12 18:11:06 ,         210.0   ,             50.6   ,               29.7   ,        37.7   ,                  30.0   ,                 0   ,                     0   ,                 0   ,                     0   ,            904   ,          6   ,                        7   ,                   0   ,                    1   ,                6.3   ,                   1.2   ,                3.9   ,                  5.2   ,              12.2   ,               1.3   ,                12.1   ,            5.0   ,             12.3   ,                         1.4   ,              16   ,        0.8850   ,               29.0   ,                 10516   ,
2026-02-12 18:11:07 ,         210.0   ,             50.6   ,               29.7   ,        37.6   ,                  30.0   ,                 0   ,                     0   ,                 0   ,                     0   ,            904   ,          6   ,                        4   ,                   0   ,                    1   ,                6.6   ,                   1.2   ,                4.1   ,                  5.4   ,              12.3   ,               1.3   ,                12.1   ,            5.3   ,             12.4   ,                         1.5   ,              16   ,        0.8850   ,               28.0   ,                 10511   ,
2026-02-12 18:11:08 ,         210.0   ,             50.6   ,               29.7   ,        37.6   ,                  30.0   ,                 0   ,                     0   ,                 0   ,                     0   ,            904   ,          6   ,                        5   ,                   0   ,                    1   ,                6.8   ,                   1.3   ,                4.2   ,                  5.6   ,              12.3   ,               1.4   ,                12.1   ,            5.5   ,             12.3   ,                         1.5   ,              16   ,        0.8850   ,               29.0   ,                 10514   ,
2026-02-12 18:11:09 ,         210.0   ,             50.6   ,               29.7   ,        37.7   ,                  30.0   ,                 0   ,                     0   ,                 0   ,                     0   ,            904   ,          6   ,                        4   ,                   0   ,                    1   ,                7.1   ,                   1.3   ,                4.4   ,                  5.8   ,              12.3   ,               1.4   ,                12.1   ,            5.7   ,             12.3   ,                         1.6   ,              16   ,        0.8850   ,               30.0   ,                 10517   ,
2026-02-12 18:11:10 ,         210.0   ,             50.6   ,               29.6   ,        37.5   ,                  30.0   ,                 0   ,                     0   ,                 0   ,                     0   ,            904   ,          6   ,                        4   ,                   0   ,                    1   ,                6.9   ,                   1.4   ,                4.2   ,                  5.5   ,              12.3   ,               1.3   ,                12.1   ,            5.6   ,             12.3   ,                         1.5   ,              16   ,        0.8850   ,               29.0   ,                 10511   ,
2026-02-12 18:11:11 ,         210.0   ,             50.6   ,               29.6   ,        37.6   ,                  30.0   ,                 0   ,                     0   ,                 0   ,                     0   ,            904   ,          6   ,                        7   ,                   0   ,                    1   ,                6.6   ,                   1.3   ,                4.0   ,                  5.3   ,              12.3   ,               1.3   ,                12.1   ,            5.3   ,             12.3   ,                         1.5   ,              16   ,        0.8850   ,               29.0   ,                 10516   ,
2026-02-12 18:11:12 ,         210.0   ,             50.6   ,               29.6   ,        37.6   ,                  30.0   ,                 0   ,                     0   ,                 0   ,                     0   ,            904   ,          6   ,                        5   ,                   0   ,                    1   ,                6.7   ,                   1.3   ,                4.0   ,                  5.4   ,              12.3   ,               1.3   ,                12.1   ,            5.3   ,             12.3   ,                         1.5   ,              16   ,        0.8850   ,               28.0   ,                 10518   ,
2026-02-12 18:11:13 ,         210.0   ,             50.6   ,               29.6   ,        37.5   ,                  30.0   ,                 0   ,                     0   ,                 0   ,                     0   ,            904   ,          6   ,                        4   ,                   0   ,                    1   ,                6.7   ,                   1.4   ,                3.9   ,                  5.3   ,              12.3   ,               1.3   ,                12.1   ,            5.3   ,             12.4   ,                         1.5   ,              16   ,        0.8850   ,               28.0   ,                 10517   ,
2026-02-12 18:11:14 ,         210.0   ,             50.6   ,               29.6   ,        37.6   ,                  30.0   ,                 0   ,                     0   ,                 0   ,                     0   ,            904   ,          6   ,                        4   ,                   0   ,                    1   ,                7.0   ,                   1.3   ,                4.3   ,                  5.7   ,              12.3   ,               1.4   ,                12.1   ,            5.7   ,             12.3   ,                         1.6   ,              16   ,        0.8850   ,               29.0   ,                 10512   ,
2026-02-12 18:11:15 ,         210.0   ,             50.6   ,               29.6   ,        37.6   ,                  30.0   ,                 0   ,                     0   ,                 0   ,                     0   ,            904   ,          6   ,                        4   ,                   0   ,                    1   ,                6.8   ,                   1.3   ,                4.2   ,                  5.5   ,              12.3   ,               1.3   ,                12.1   ,            5.6   ,             12.3   ,                         1.5   ,              16   ,        0.8850   ,               28.0   ,                 10516   ,
2026-02-12 18:11:16 ,         210.0   ,             50.6   ,               29.6   ,        37.5   ,                  30.0   ,                 0   ,                     0   ,                 0   ,                     0   ,            904   ,          6   ,                        8   ,                   0   ,                    1   ,                6.8   ,                   1.3   ,                4.2   ,                  5.5   ,              12.3   ,               1.3   ,                12.1   ,            5.5   ,             12.3   ,                         1.5   ,              16   ,        0.8850   ,               29.0   ,                 10511   ,
2026-02-12 18:11:17 ,         210.0   ,             50.6   ,               29.6   ,        37.6   ,                  30.0   ,                 0   ,                     0   ,                 0   ,                     0   ,            904   ,          6   ,                       10   ,                   0   ,                    1   ,                6.6   ,                   1.2   ,                4.1   ,                  5.4   ,              12.3   ,               1.3   ,                12.1   ,            5.3   ,             12.3   ,                         1.5   ,              16   ,        0.8850   ,               29.0   ,                 10517   ,
2026-02-12 18:11:18 ,         210.0   ,             50.6   ,               29.6   ,        37.5   ,                  30.0   ,                 0   ,                     0   ,                 0   ,                     0   ,            904   ,          6   ,                        4   ,                   0   ,                    1   ,                7.3   ,                   1.4   ,                4.6   ,                  5.9   ,              12.3   ,               1.3   ,                12.1   ,            6.0   ,             12.3   ,                         1.6   ,              16   ,        0.8850   ,               29.0   ,                 10512   ,
2026-02-12 18:11:19 ,         210.0   ,             50.6   ,               29.5   ,        37.4   ,                  30.0   ,                 0   ,                     0   ,                 0   ,                     0   ,            904   ,          6   ,                        4   ,                   0   ,                    1   ,                7.0   ,                   1.2   ,                4.6   ,                  5.9   ,              12.3   ,               1.3   ,                12.1   ,            5.7   ,             12.3   ,                         1.6   ,              16   ,        0.8850   ,               29.0   ,                 10517   ,
2026-02-12 18:11:20 ,         210.0   ,             50.6   ,               29.6   ,        37.5   ,                  30.0   ,                 0   ,                     0   ,                 0   ,                     0   ,            904   ,          6   ,                        4   ,                   0   ,                    1   ,                6.5   ,                   1.1   ,                4.1   ,                  5.4   ,              12.3   ,               1.3   ,                12.1   ,            5.2   ,             12.3   ,                         1.5   ,              16   ,        0.8850   ,               28.0   ,                 10511   ,
2026-02-12 18:11:21 ,         210.0   ,             50.6   ,               29.5   ,        37.5   ,                  30.0   ,                 0   ,                     0   ,                 0   ,                     0   ,            904   ,          6   ,                        5   ,                   0   ,                    1   ,                6.7   ,                   1.5   ,                3.9   ,                  5.2   ,              12.3   ,               1.3   ,                12.1   ,            5.4   ,             12.3   ,                         1.5   ,              16   ,        0.8850   ,               33.0   ,                 10564   ,
2026-02-12 18:11:22 ,        2520.0   ,           1312.7   ,               30.9   ,        38.1   ,                  32.0   ,                 0   ,                     0   ,                 0   ,                     0   ,            904   ,          2   ,                        0   ,                   0   ,                    0   ,               50.2   ,                  21.2   ,               23.5   ,                 29.0   ,              12.3   ,               5.5   ,                12.1   ,           44.7   ,             12.3   ,                        11.2   ,              16   ,        0.9700   ,               32.0   ,                 10572   ,
2026-02-12 18:11:23 ,        2520.0   ,           1312.7   ,               31.0   ,        38.1   ,                  32.0   ,                 0   ,                     0   ,                 0   ,                     0   ,            904   ,          1   ,                        0   ,                   0   ,                    0   ,               48.7   ,                  19.9   ,               23.4   ,                 28.8   ,              12.3   ,               5.5   ,                12.1   ,           43.2   ,             12.3   ,                        10.8   ,              16   ,        0.9700   ,               30.0   ,                 10558   ,
2026-02-12 18:11:24 ,        2520.0   ,           1312.7   ,               31.1   ,        38.3   ,                  32.0   ,                 0   ,                     0   ,                 0   ,                     0   ,            904   ,          1   ,                        0   ,                   0   ,                    0   ,               48.4   ,                  19.5   ,               23.3   ,                 28.8   ,              12.3   ,               5.5   ,                12.1   ,           42.9   ,             12.3   ,                        10.7   ,              16   ,        0.9700   ,               30.0   ,                 10568   ,
2026-02-12 18:11:25 ,         435.0   ,            101.3   ,               30.2   ,        38.0   ,                  30.0   ,                 0   ,                     0   ,                 0   ,                     0   ,            904   ,          4   ,                        3   ,                   0   ,                    1   ,               16.8   ,                   4.6   ,               10.1   ,                 12.2   ,              12.3   ,               2.1   ,                12.1   ,           14.7   ,             12.3   ,                         3.7   ,              16   ,        0.9000   ,               31.0   ,                 10626   ,
2026-02-12 18:11:26 ,         270.0   ,             50.6   ,               29.9   ,        37.8   ,                  30.0   ,                 0   ,                     0   ,                 0   ,                     0   ,            904   ,          5   ,                        4   ,                   0   ,                    1   ,                6.6   ,                   1.2   ,                4.0   ,                  5.4   ,              12.3   ,               1.4   ,                12.1   ,            5.2   ,             12.3   ,                         1.5   ,              16   ,        0.8850   ,               34.0   ,                 10685   ,
2026-02-12 18:11:27 ,        2520.0   ,           1312.7   ,               31.0   ,        38.3   ,                  32.0   ,                 0   ,                     0   ,                 0   ,                     0   ,            904   ,          1   ,                        0   ,                   0   ,                    0   ,               48.2   ,                  19.3   ,               23.4   ,                 28.9   ,              12.2   ,               5.5   ,                12.1   ,           42.7   ,             12.3   ,                        10.7   ,              16   ,        0.9700   ,               37.0   ,                 10579   ,
2026-02-12 18:11:28 ,        2520.0   ,           1312.7   ,               31.2   ,        38.4   ,                  32.0   ,                 0   ,                     0   ,                 0   ,                     0   ,            904   ,          1   ,                        0   ,                   0   ,                    0   ,               48.3   ,                  19.4   ,               23.4   ,                 28.9   ,              12.3   ,               5.5   ,                12.1   ,           42.8   ,             12.3   ,                        10.7   ,              16   ,        0.9700   ,               37.0   ,                 10685   ,
2026-02-12 18:11:29 ,        2520.0   ,           1312.7   ,               31.3   ,        38.4   ,                  34.0   ,                 0   ,                     0   ,                 0   ,                     0   ,            904   ,          1   ,                        0   ,                   0   ,                    0   ,               48.3   ,                  19.6   ,               23.3   ,                 28.8   ,              12.2   ,               5.5   ,                12.1   ,           42.8   ,             12.3   ,                        10.7   ,              16   ,        0.9700   ,               34.0   ,                 10580   ,
2026-02-12 18:11:30 ,        2520.0   ,           1312.7   ,               31.4   ,        38.6   ,                  34.0   ,                 0   ,                     0   ,                 0   ,                     0   ,            904   ,          2   ,                        0   ,                   0   ,                    0   ,               48.8   ,                  19.8   ,               23.5   ,                 29.0   ,              12.3   ,               5.5   ,                12.1   ,           43.3   ,             12.3   ,                        10.8   ,              16   ,        0.9700   ,               35.0   ,                 10583   ,
2026-02-12 18:11:31 ,        2520.0   ,           1312.7   ,               31.5   ,        38.7   ,                  32.0   ,                 0   ,                     0   ,                 0   ,                     0   ,            904   ,          1   ,                        0   ,                   0   ,                    0   ,               48.2   ,                  19.4   ,               23.3   ,                 28.8   ,              12.3   ,               5.5   ,                12.1   ,           42.7   ,             12.3   ,                        10.7   ,              16   ,        0.9700   ,               30.0   ,                 10599   ,
2026-02-12 18:11:32 ,        2520.0   ,           1312.7   ,               31.5   ,        38.8   ,                  34.0   ,                 0   ,                     0   ,                 0   ,                     0   ,            904   ,          1   ,                        0   ,                   0   ,                    0   ,               48.1   ,                  19.3   ,               23.3   ,                 28.8   ,              12.3   ,               5.5   ,                12.1   ,           42.6   ,             12.3   ,                        10.7   ,              16   ,        0.9700   ,               39.0   ,                 10610   ,
2026-02-12 18:11:33 ,         420.0   ,            101.3   ,               30.6   ,        38.4   ,                  32.0   ,                 0   ,                     0   ,                 0   ,                     0   ,            904   ,          3   ,                        2   ,                   0   ,                    0   ,               16.2   ,                   4.0   ,               10.1   ,                 12.2   ,              12.3   ,               2.1   ,                12.1   ,           14.1   ,             12.3   ,                         3.6   ,              16   ,        0.9000   ,               41.0   ,                 10609   ,
2026-02-12 18:11:34 ,         270.0   ,             50.6   ,               30.3   ,        38.1   ,                  32.0   ,                 0   ,                     0   ,                 0   ,                     0   ,            904   ,          5   ,                        4   ,                   0   ,                    1   ,                6.6   ,                   1.3   ,                4.0   ,                  5.3   ,              12.3   ,               1.3   ,                12.1   ,            5.4   ,             12.3   ,                         1.5   ,              16   ,        0.8850   ,               31.0   ,                 10589   ,
2026-02-12 18:11:36 ,        2520.0   ,           1312.7   ,               31.4   ,        38.6   ,                  32.0   ,                 0   ,                     0   ,                 0   ,                     0   ,           1119   ,          0   ,                        0   ,                   0   ,                    0   ,               48.1   ,                  19.0   ,               23.6   ,                 29.1   ,              12.2   ,               5.5   ,                12.1   ,           42.6   ,             12.3   ,                        10.7   ,              16   ,        0.9700   ,               38.0   ,                 10951   ,
2026-02-12 18:11:36 ,        2520.0   ,           1312.7   ,               31.6   ,        38.9   ,                  32.0   ,                 0   ,                     0   ,                 0   ,                     0   ,           1119   ,          1   ,                        1   ,                   0   ,                    0   ,               48.7   ,                  19.7   ,               23.5   ,                 29.0   ,              12.3   ,               5.5   ,                12.1   ,           43.2   ,             12.3   ,                        10.8   ,              16   ,        0.9700   ,               39.0   ,                 11075   ,
2026-02-12 18:11:38 ,        2520.0   ,           1312.7   ,               31.7   ,        39.0   ,                  32.0   ,                 0   ,                     0   ,                 0   ,                     0   ,           2944   ,          9   ,                        1   ,                   0   ,                    0   ,               51.4   ,                  22.1   ,               23.9   ,                 29.4   ,              12.2   ,               5.5   ,                12.1   ,           45.9   ,             12.3   ,                        11.4   ,              16   ,        0.9700   ,               36.0   ,                 11134   ,
2026-02-12 18:11:38 ,         960.0   ,            101.3   ,               30.9   ,        38.4   ,                  32.0   ,                 0   ,                     0   ,                 0   ,                     0   ,           2946   ,          6   ,                        3   ,                   0   ,                    4   ,               19.7   ,                   7.5   ,               10.2   ,                 12.3   ,              12.3   ,               2.1   ,                12.1   ,           17.6   ,             12.3   ,                         4.4   ,              16   ,        0.9000   ,               35.0   ,                 11143   ,
2026-02-12 18:11:39 ,         645.0   ,            101.3   ,               30.7   ,        38.4   ,                  32.0   ,                 0   ,                     0   ,                 0   ,                     0   ,           2946   ,          7   ,                        3   ,                   0   ,                    4   ,               17.3   ,                   5.1   ,               10.0   ,                 12.2   ,              12.3   ,               2.1   ,                12.1   ,           15.1   ,             12.3   ,                         3.8   ,              16   ,        0.9000   ,               36.0   ,                 11214   ,
2026-02-12 18:11:40 ,         465.0   ,             50.6   ,               30.5   ,        38.3   ,                  32.0   ,                 0   ,                     0   ,                 0   ,                     0   ,           2946   ,         14   ,                        8   ,                   0   ,                    8   ,               11.0   ,                   1.5   ,                8.1   ,                  9.5   ,              12.3   ,               1.4   ,                12.1   ,            9.6   ,             12.3   ,                         2.5   ,              16   ,        0.8850   ,               37.0   ,                 11278   ,
2026-02-12 18:11:42 ,         330.0   ,             50.6   ,               30.5   ,        38.3   ,                  32.0   ,                 0   ,                     0   ,                 0   ,                     0   ,           2955   ,         11   ,                        6   ,                   0   ,                    6   ,               11.3   ,                   1.6   ,                8.2   ,                  9.7   ,              12.3   ,               1.5   ,                12.1   ,            9.9   ,             12.3   ,                         2.5   ,              16   ,        0.8850   ,               36.0   ,                 11392   ,
2026-02-12 18:11:44 ,         255.0   ,             50.6   ,               30.4   ,        38.1   ,                  32.0   ,                 0   ,                     0   ,                 0   ,                     0   ,           2955   ,         10   ,                        5   ,                   0   ,                    5   ,               10.2   ,                   0.8   ,                8.1   ,                  9.5   ,              12.3   ,               1.4   ,                12.1   ,            8.9   ,             12.3   ,                         2.3   ,              16   ,        0.8850   ,               36.0   ,                 11555   ,
2026-02-12 18:11:45 ,         210.0   ,             50.6   ,               30.4   ,        38.3   ,                  32.0   ,                 0   ,                     0   ,                 0   ,                     0   ,           3127   ,          0   ,                        0   ,                   0   ,                    0   ,               10.0   ,                   0.5   ,                8.1   ,                  9.5   ,              12.3   ,               1.4   ,                12.1   ,            8.6   ,             12.4   ,                         2.2   ,              16   ,        0.8850   ,               31.0   ,                 11965   ,
2026-02-12 18:11:47 ,         210.0   ,             50.6   ,               30.4   ,        38.3   ,                  32.0   ,                 0   ,                     0   ,                 0   ,                     0   ,           3379   ,          9   ,                        5   ,                   0   ,                    7   ,               10.3   ,                   0.8   ,                8.2   ,                  9.5   ,              12.3   ,               1.3   ,                12.1   ,            9.0   ,             12.3   ,                         2.3   ,              16   ,        0.8850   ,               35.0   ,                 11690   ,
2026-02-12 18:11:47 ,        2520.0   ,           1312.7   ,               31.8   ,        38.7   ,                  32.0   ,                 0   ,                     0   ,                 0   ,                     0   ,           3894   ,        100   ,                        7   ,                   0   ,                    1   ,               54.3   ,                  28.7   ,               20.8   ,                 25.6   ,              12.2   ,               4.8   ,                12.1   ,           49.5   ,             12.3   ,                        12.1   ,              16   ,        0.9700   ,               30.0   ,                 11685   ,
2026-02-12 18:11:49 ,        2715.0   ,           1312.7   ,               32.1   ,        39.3   ,                  34.0   ,                 0   ,                     0   ,                 0   ,                     0   ,           4139   ,          0   ,                        0   ,                   0   ,                    0   ,               57.8   ,                  29.1   ,               23.2   ,                 28.7   ,              12.2   ,               5.5   ,                12.1   ,           52.3   ,             12.3   ,                        13.3   ,               4   ,        1.0500   ,               34.0   ,                 11787   ,
2026-02-12 18:11:49 ,        2715.0   ,           1312.7   ,               32.2   ,        39.4   ,                  34.0   ,                 0   ,                     0   ,                 0   ,                     0   ,           4139   ,          1   ,                        0   ,                   0   ,                    0   ,               56.5   ,                  28.0   ,               23.1   ,                 28.6   ,              12.2   ,               5.5   ,                12.1   ,           51.0   ,             12.3   ,                        12.6   ,               4   ,        1.0500   ,               35.0   ,                 11794   ,
2026-02-12 18:11:50 ,         405.0   ,            101.3   ,               30.8   ,        38.6   ,                  32.0   ,                 0   ,                     0   ,                 0   ,                     0   ,           4139   ,          1   ,                        0   ,                   0   ,                    0   ,               16.0   ,                   4.0   ,                9.9   ,                 12.0   ,              12.3   ,               2.1   ,                12.1   ,           13.9   ,             12.3   ,                         3.7   ,              16   ,        0.9000   ,               34.0   ,                 11800   ,
2026-02-12 18:11:51 ,         255.0   ,             50.6   ,               30.6   ,        38.5   ,                  32.0   ,                 0   ,                     0   ,                 0   ,                     0   ,           4140   ,          0   ,                        1   ,                   0   ,                    0   ,                9.4   ,                   0.2   ,                7.8   ,                  9.1   ,              12.3   ,               1.3   ,                12.1   ,            8.2   ,             12.4   ,                         2.1   ,              16   ,        0.8850   ,               36.0   ,                 11810   ,
2026-02-12 18:11:52 ,         210.0   ,             50.6   ,               30.6   ,        38.4   ,                  32.0   ,                 0   ,                     0   ,                 0   ,                     0   ,           4140   ,          1   ,                        1   ,                   0   ,                    0   ,                9.2   ,                   0.0   ,                7.8   ,                  9.2   ,              12.3   ,               1.4   ,                12.1   ,            7.7   ,             12.4   ,                         2.0   ,              16   ,        0.8850   ,               35.0   ,                 11817   ,
2026-02-12 18:11:53 ,         210.0   ,             50.6   ,               30.6   ,        38.5   ,                  32.0   ,                 0   ,                     0   ,                 0   ,                     0   ,           4141   ,          2   ,                        2   ,                   0   ,                    0   ,                9.0   ,                   0.0   ,                7.9   ,                  9.0   ,              12.3   ,               1.3   ,                12.1   ,            7.7   ,             12.4   ,                         2.0   ,              16   ,        0.8850   ,               36.0   ,                 11820   ,
2026-02-12 18:11:54 ,         210.0   ,             50.6   ,               30.5   ,        38.4   ,                  32.0   ,                 0   ,                     0   ,                 0   ,                     0   ,           4203   ,          1   ,                        1   ,                   0   ,                    0   ,                9.8   ,                   0.5   ,                7.9   ,                  9.3   ,              12.3   ,               1.4   ,                12.1   ,            8.4   ,             12.4   ,                         2.2   ,              16   ,        0.8850   ,               36.0   ,                 11818   ,
2026-02-12 18:11:56 ,         210.0   ,             50.6   ,               30.5   ,        38.4   ,                  32.0   ,                 0   ,                     0   ,                 0   ,                     0   ,           4289   ,          1   ,                        1   ,                   0   ,                    0   ,                9.4   ,                   0.1   ,                7.9   ,                  9.2   ,              12.3   ,               1.3   ,                12.1   ,            8.0   ,             12.3   ,                         2.1   ,              16   ,        0.8850   ,               34.0   ,                 11906   ,
2026-02-12 18:11:56 ,         210.0   ,             50.6   ,               30.5   ,        38.4   ,                  32.0   ,                 0   ,                     0   ,                 0   ,                     0   ,           4289   ,          0   ,                        0   ,                   0   ,                    0   ,                8.7   ,                   0.0   ,                7.8   ,                  8.7   ,              12.3   ,               1.3   ,                12.1   ,            7.3   ,             12.3   ,                         1.9   ,              16   ,        0.8850   ,               35.0   ,                 11908   ,
2026-02-12 18:11:57 ,         210.0   ,             50.6   ,               30.5   ,        38.3   ,                  30.0   ,                 0   ,                     0   ,                 0   ,                     0   ,           4289   ,          1   ,                        1   ,                   0   ,                    0   ,                8.3   ,                   0.0   ,                7.9   ,                  8.3   ,              12.3   ,               1.4   ,                12.1   ,            6.9   ,             12.3   ,                         1.8   ,              16   ,        0.8850   ,               35.0   ,                 11929   ,
2026-02-12 18:11:58 ,         285.0   ,             50.6   ,               30.9   ,        38.4   ,                  32.0   ,                 0   ,                     0   ,                 0   ,                     0   ,           6540   ,         54   ,                       46   ,                   0   ,                   10   ,               12.2   ,                   0.6   ,               10.2   ,                 11.6   ,              12.3   ,               1.4   ,                12.1   ,           10.8   ,             12.3   ,                         2.7   ,              16   ,        0.8850   ,               30.0   ,                 11916   ,
2026-02-12 18:11:59 ,        2745.0   ,           1312.7   ,               47.1   ,        55.9   ,                  40.0   ,                 0   ,                     0   ,                 0   ,                     0   ,           6515   ,         98   ,                       66   ,                   0   ,                    3   ,              407.6   ,                 320.9   ,               80.2   ,                 86.6   ,              11.9   ,               6.5   ,                12.1   ,          401.1   ,             12.0   ,                        91.2   ,               4   ,        1.0500   ,               38.0   ,                 11929   ,
2026-02-12 18:12:00 ,        2730.0   ,           1312.7   ,               47.9   ,        56.8   ,                  40.0   ,                 0   ,                   902   ,                 0   ,                   906   ,           6522   ,         98   ,                       60   ,                   0   ,                    3   ,              402.1   ,                 314.6   ,               75.9   ,                 87.5   ,              11.9   ,              11.6   ,                12.1   ,          390.5   ,             12.0   ,                        88.6   ,               4   ,        1.0450   ,               35.0   ,                 11950   ,
2026-02-12 18:12:01 ,        2730.0   ,           1312.7   ,               49.0   ,        58.2   ,                  42.0   ,                 0   ,                  1117   ,                 0   ,                  1145   ,           6523   ,         99   ,                       60   ,                   0   ,                    3   ,              394.5   ,                 312.5   ,               75.3   ,                 82.0   ,              11.9   ,               6.8   ,                12.1   ,          393.6   ,             12.0   ,                        89.0   ,               4   ,        1.0450   ,               33.0   ,                 11923   ,
2026-02-12 18:12:02 ,        2730.0   ,           1312.7   ,               49.2   ,        58.5   ,                  44.0   ,                 0   ,                  1019   ,                 0   ,                  1044   ,           6523   ,         99   ,                       62   ,                   0   ,                    3   ,              395.0   ,                 310.7   ,               77.4   ,                 84.3   ,              11.9   ,               6.9   ,                12.1   ,          388.0   ,             12.0   ,                        87.8   ,               4   ,        1.0450   ,               31.0   ,                 11930   ,
2026-02-12 18:12:03 ,        2730.0   ,           1312.7   ,               49.2   ,        58.2   ,                  44.0   ,                 0   ,                  1005   ,                 0   ,                  1026   ,           6523   ,         99   ,                       63   ,                   0   ,                    3   ,              390.9   ,                 304.4   ,               79.5   ,                 86.5   ,              11.9   ,               7.0   ,                12.1   ,          383.9   ,             12.0   ,                        86.9   ,               4   ,        1.0450   ,               32.0   ,                 11929   ,
2026-02-12 18:12:04 ,        2730.0   ,           1312.7   ,               50.1   ,        59.3   ,                  44.0   ,                 0   ,                  1008   ,                 0   ,                  1023   ,           6523   ,         99   ,                       65   ,                   0   ,                    3   ,              389.8   ,                 303.1   ,               79.7   ,                 86.7   ,              11.9   ,               7.0   ,                12.1   ,          382.8   ,             12.0   ,                        86.6   ,               4   ,        1.0450   ,               33.0   ,                 11929   ,
2026-02-12 18:12:05 ,        2730.0   ,           1312.7   ,               50.7   ,        60.3   ,                  44.0   ,                30   ,                   999   ,                30   ,                  1022   ,           6523   ,         99   ,                       65   ,                   0   ,                    3   ,              394.4   ,                 307.2   ,               80.1   ,                 87.1   ,              11.9   ,               7.0   ,                12.1   ,          387.4   ,             12.0   ,                        87.6   ,               4   ,        1.0450   ,               32.0   ,                 11930   ,
2026-02-12 18:12:06 ,        2730.0   ,           1312.7   ,               51.3   ,        60.5   ,                  46.0   ,                30   ,                  1005   ,                30   ,                  1022   ,           6523   ,         99   ,                       64   ,                   0   ,                    3   ,              390.9   ,                 304.7   ,               79.2   ,                 86.1   ,              11.9   ,               7.0   ,                12.1   ,          383.9   ,             12.0   ,                        86.9   ,               4   ,        1.0450   ,               33.0   ,                 11930   ,
2026-02-12 18:12:07 ,        2730.0   ,           1312.7   ,               51.8   ,        61.2   ,                  46.0   ,                30   ,                  1014   ,                30   ,                  1024   ,           6523   ,         99   ,                       64   ,                   0   ,                    3   ,              397.4   ,                 310.3   ,               80.2   ,                 87.2   ,              11.9   ,               7.0   ,                12.1   ,          390.5   ,             12.0   ,                        88.3   ,               4   ,        1.0450   ,               33.0   ,                 11933   ,
2026-02-12 18:12:08 ,        2730.0   ,           1312.7   ,               52.0   ,        61.0   ,                  46.0   ,                30   ,                  1011   ,                30   ,                  1024   ,           6523   ,         99   ,                       64   ,                   0   ,                    3   ,              393.4   ,                 306.8   ,               79.8   ,                 86.7   ,              11.9   ,               6.9   ,                12.1   ,          386.5   ,             12.0   ,                        87.4   ,               4   ,        1.0450   ,               32.0   ,                 11933   ,
2026-02-12 18:12:09 ,        2730.0   ,           1312.7   ,               52.7   ,        62.1   ,                  48.0   ,                30   ,                  1011   ,                30   ,                  1024   ,           6523   ,         99   ,                       66   ,                   0   ,                    3   ,              401.8   ,                 313.4   ,               81.5   ,                 88.4   ,              11.9   ,               7.0   ,                12.1   ,          391.8   ,             12.0   ,                        88.6   ,               4   ,        1.0450   ,               32.0   ,                 11934   ,
2026-02-12 18:12:10 ,        2730.0   ,           1312.7   ,               52.6   ,        61.8   ,                  48.0   ,                30   ,                  1010   ,                30   ,                  1025   ,           6523   ,         99   ,                       62   ,                   0   ,                    3   ,              382.5   ,                 298.6   ,               77.0   ,                 83.9   ,              11.9   ,               7.0   ,                12.1   ,          375.6   ,             12.0   ,                        85.0   ,               4   ,        1.0450   ,               32.0   ,                 11934   ,
2026-02-12 18:12:11 ,        2730.0   ,           1312.7   ,               53.5   ,        62.7   ,                  48.0   ,                30   ,                  1011   ,                30   ,                  1025   ,           6523   ,         99   ,                       63   ,                   0   ,                    3   ,              392.1   ,                 306.5   ,               78.7   ,                 85.6   ,              11.9   ,               6.9   ,                12.1   ,          385.2   ,             12.0   ,                        87.1   ,               4   ,        1.0500   ,               32.0   ,                 11934   ,
2026-02-12 18:12:12 ,        2730.0   ,           1312.7   ,               53.9   ,        63.5   ,                  50.0   ,                30   ,                  1007   ,                30   ,                  1024   ,           6523   ,         99   ,                       63   ,                   0   ,                    3   ,              391.9   ,                 306.3   ,               78.6   ,                 85.5   ,              11.9   ,               7.0   ,                12.1   ,          384.9   ,             12.0   ,                        87.1   ,               4   ,        1.0500   ,               32.0   ,                 11929   ,
2026-02-12 18:12:13 ,        2730.0   ,           1312.7   ,               54.7   ,        64.3   ,                  50.0   ,                30   ,                  1002   ,                30   ,                  1023   ,           6523   ,         99   ,                       65   ,                   0   ,                    3   ,              402.8   ,                 314.7   ,               81.1   ,                 88.1   ,              11.9   ,               7.0   ,                12.1   ,          395.8   ,             12.0   ,                        89.5   ,               4   ,        1.0500   ,               32.0   ,                 11932   ,
2026-02-12 18:12:14 ,        2730.0   ,           1312.7   ,               55.2   ,        64.7   ,                  50.0   ,                30   ,                  1002   ,                30   ,                  1024   ,           6523   ,         99   ,                       64   ,                   0   ,                    3   ,              394.5   ,                 308.3   ,               79.3   ,                 86.2   ,              11.9   ,               6.9   ,                12.1   ,          387.6   ,             12.0   ,                        87.7   ,               4   ,        1.0500   ,               32.0   ,                 11925   ,
2026-02-12 18:12:15 ,        2730.0   ,           1312.7   ,               55.7   ,        64.7   ,                  50.0   ,                30   ,                  1007   ,                30   ,                  1025   ,           6523   ,         99   ,                       64   ,                   0   ,                    3   ,              397.9   ,                 310.9   ,               80.1   ,                 87.1   ,              11.9   ,               6.9   ,                12.1   ,          391.0   ,             12.0   ,                        88.4   ,               4   ,        1.0500   ,               32.0   ,                 11934   ,
2026-02-12 18:12:16 ,        2730.0   ,           1312.7   ,               55.8   ,        65.5   ,                  50.0   ,                30   ,                  1008   ,                30   ,                  1024   ,           6523   ,         99   ,                       65   ,                   0   ,                    3   ,              403.6   ,                 315.5   ,               81.2   ,                 88.1   ,              11.9   ,               7.0   ,                12.1   ,          396.6   ,             12.0   ,                        89.7   ,               4   ,        1.0500   ,               32.0   ,                 11935   ,
2026-02-12 18:12:17 ,        2730.0   ,           1312.7   ,               57.0   ,        66.6   ,                  52.0   ,                30   ,                  1019   ,                30   ,                  1025   ,           6523   ,         99   ,                       65   ,                   0   ,                    3   ,              406.2   ,                 318.5   ,               80.7   ,                 87.7   ,              11.9   ,               7.0   ,                12.1   ,          399.2   ,             12.0   ,                        90.3   ,               4   ,        1.0500   ,               32.0   ,                 11940   ,
2026-02-12 18:12:18 ,        2730.0   ,           1312.7   ,               56.8   ,        66.6   ,                  52.0   ,                30   ,                  1016   ,                30   ,                  1025   ,           6523   ,         99   ,                       64   ,                   0   ,                    3   ,              401.1   ,                 314.1   ,               80.0   ,                 87.0   ,              11.9   ,               7.0   ,                12.1   ,          394.1   ,             12.0   ,                        89.1   ,               4   ,        1.0500   ,               32.0   ,                 11932   ,
2026-02-12 18:12:19 ,        2730.0   ,           1312.7   ,               57.4   ,        67.2   ,                  54.0   ,                30   ,                  1015   ,                30   ,                  1026   ,           6523   ,         98   ,                       68   ,                   0   ,                    3   ,              408.5   ,                 318.1   ,               83.4   ,                 90.5   ,              11.9   ,               7.1   ,                12.1   ,          401.5   ,             12.0   ,                        90.8   ,               4   ,        1.0500   ,               32.0   ,                 11934   ,
2026-02-12 18:12:20 ,        2730.0   ,           1312.7   ,               58.2   ,        68.3   ,                  54.0   ,                30   ,                  1010   ,                30   ,                  1026   ,           6523   ,         99   ,                       67   ,                   0   ,                    3   ,              404.0   ,                 315.1   ,               81.8   ,                 88.9   ,              11.9   ,               7.1   ,                12.1   ,          396.9   ,             12.0   ,                        89.8   ,               4   ,        1.0500   ,               32.0   ,                 11935   ,
2026-02-12 18:12:21 ,        2715.0   ,           1312.7   ,               58.4   ,        68.4   ,                  54.0   ,                30   ,                  1011   ,                30   ,                  1027   ,           6523   ,         98   ,                       66   ,                   0   ,                    3   ,              408.4   ,                 319.6   ,               81.7   ,                 88.8   ,              11.9   ,               7.1   ,                12.1   ,          401.4   ,             12.0   ,                        90.8   ,               4   ,        1.0500   ,               32.0   ,                 11935   ,
2026-02-12 18:12:22 ,        2715.0   ,           1312.7   ,               58.8   ,        68.6   ,                  56.0   ,                30   ,                  1017   ,                30   ,                  1027   ,           6523   ,         99   ,                       65   ,                   0   ,                    3   ,              409.4   ,                 321.7   ,               80.6   ,                 87.7   ,              11.9   ,               7.1   ,                12.1   ,          402.3   ,             12.0   ,                        91.0   ,               4   ,        1.0500   ,               32.0   ,                 11940   ,
2026-02-12 18:12:23 ,        2715.0   ,           1312.7   ,               59.8   ,        69.5   ,                  56.0   ,                30   ,                  1020   ,                30   ,                  1027   ,           6523   ,         99   ,                       65   ,                   0   ,                    3   ,              409.5   ,                 322.2   ,               80.3   ,                 87.3   ,              11.9   ,               7.0   ,                12.1   ,          402.5   ,             12.0   ,                        91.0   ,               4   ,        1.0500   ,               32.0   ,                 11929   ,
2026-02-12 18:12:24 ,        2715.0   ,           1312.7   ,               60.3   ,        71.3   ,                  56.0   ,                30   ,                  1007   ,                30   ,                  1026   ,           6523   ,         99   ,                       65   ,                   0   ,                    3   ,              414.6   ,                 326.8   ,               80.7   ,                 87.8   ,              11.9   ,               7.1   ,                12.1   ,          407.5   ,             12.0   ,                        92.1   ,               4   ,        1.0500   ,               36.0   ,                 11931   ,
2026-02-12 18:12:25 ,        2715.0   ,           1312.7   ,               60.7   ,        71.5   ,                  56.0   ,                30   ,                  1010   ,                30   ,                  1026   ,           6523   ,         99   ,                       65   ,                   0   ,                    3   ,              411.4   ,                 324.1   ,               80.2   ,                 87.2   ,              11.9   ,               7.1   ,                12.1   ,          404.3   ,             12.0   ,                        91.4   ,               4   ,        1.0500   ,               33.0   ,                 11930   ,
2026-02-12 18:12:26 ,        2715.0   ,           1312.7   ,               60.6   ,        70.8   ,                  56.0   ,                30   ,                  1007   ,                30   ,                  1026   ,           6523   ,         99   ,                       66   ,                   0   ,                    3   ,              407.3   ,                 319.1   ,               81.2   ,                 88.2   ,              11.9   ,               7.0   ,                12.0   ,          400.3   ,             12.0   ,                        90.5   ,               4   ,        1.0500   ,               31.0   ,                 11931   ,
2026-02-12 18:12:27 ,        2715.0   ,           1312.7   ,               61.3   ,        71.7   ,                  58.0   ,                30   ,                  1008   ,                30   ,                  1026   ,           6523   ,         99   ,                       66   ,                   0   ,                    3   ,              407.6   ,                 319.2   ,               81.3   ,                 88.3   ,              11.9   ,               7.1   ,                12.1   ,          400.5   ,             12.0   ,                        90.6   ,               4   ,        1.0500   ,               32.0   ,                 11930   ,
2026-02-12 18:12:28 ,        2715.0   ,           1312.7   ,               61.6   ,        72.1   ,                  58.0   ,                30   ,                  1004   ,                30   ,                  1027   ,           6523   ,         99   ,                       66   ,                   0   ,                    3   ,              407.9   ,                 319.4   ,               81.3   ,                 88.4   ,              11.9   ,               7.1   ,                12.1   ,          400.7   ,             12.0   ,                        90.6   ,               4   ,        1.0500   ,               32.0   ,                 11932   ,
2026-02-12 18:12:29 ,        2715.0   ,           1312.7   ,               61.6   ,        71.7   ,                  58.0   ,                30   ,                  1008   ,                30   ,                  1026   ,           6523   ,         99   ,                       66   ,                   0   ,                    3   ,              406.7   ,                 318.4   ,               81.2   ,                 88.3   ,              11.9   ,               7.1   ,                12.1   ,          399.6   ,             12.0   ,                        90.4   ,               4   ,        1.0500   ,               31.0   ,                 11926   ,
2026-02-12 18:12:30 ,        2715.0   ,           1312.7   ,               62.2   ,        72.2   ,                  58.0   ,                30   ,                  1021   ,                30   ,                  1027   ,           6523   ,         99   ,                       67   ,                   0   ,                    3   ,              409.1   ,                 319.9   ,               81.9   ,                 89.1   ,              11.9   ,               7.2   ,                12.1   ,          401.9   ,             12.0   ,                        90.9   ,               4   ,        1.0500   ,               31.0   ,                 11920   ,
2026-02-12 18:12:31 ,        2715.0   ,           1312.7   ,               62.9   ,        73.1   ,                  60.0   ,                30   ,                  1013   ,                30   ,                  1025   ,           6523   ,         99   ,                       67   ,                   0   ,                    3   ,              409.9   ,                 320.6   ,               82.1   ,                 89.2   ,              11.9   ,               7.2   ,                12.1   ,          402.7   ,             12.0   ,                        91.1   ,               4   ,        1.0500   ,               33.0   ,                 11925   ,
2026-02-12 18:12:32 ,        2715.0   ,           1312.7   ,               63.4   ,        74.3   ,                  60.0   ,                30   ,                  1026   ,                30   ,                  1027   ,           6523   ,         99   ,                       67   ,                   0   ,                    3   ,              412.6   ,                 322.7   ,               82.7   ,                 89.9   ,              11.9   ,               7.2   ,                12.1   ,          405.4   ,             12.0   ,                        91.7   ,               4   ,        1.0500   ,               32.0   ,                 11921   ,
2026-02-12 18:12:33 ,        2715.0   ,           1312.7   ,               63.3   ,        73.7   ,                  60.0   ,                31   ,                  1027   ,                31   ,                  1027   ,           6523   ,         99   ,                       66   ,                   0   ,                    3   ,              408.5   ,                 319.7   ,               81.7   ,                 88.8   ,              11.9   ,               7.1   ,                12.1   ,          401.4   ,             12.0   ,                        90.8   ,               4   ,        1.0500   ,               32.0   ,                 11923   ,
2026-02-12 18:12:34 ,        2715.0   ,           1312.7   ,               63.6   ,        74.1   ,                  60.0   ,                31   ,                  1026   ,                31   ,                  1029   ,           6523   ,         99   ,                       67   ,                   0   ,                    3   ,              407.5   ,                 318.6   ,               81.8   ,                 88.9   ,              11.9   ,               7.1   ,                12.0   ,          400.4   ,             12.0   ,                        90.8   ,               4   ,        1.0500   ,               33.0   ,                 11914   ,
2026-02-12 18:12:35 ,        2715.0   ,           1312.7   ,               64.1   ,        74.6   ,                  60.0   ,                32   ,                  1037   ,                32   ,                  1041   ,           6523   ,         99   ,                       63   ,                   0   ,                    3   ,              407.3   ,                 321.2   ,               79.0   ,                 86.1   ,              11.9   ,               7.1   ,                12.1   ,          400.2   ,             12.0   ,                        90.5   ,               4   ,        1.0500   ,               32.0   ,                 11925   ,
2026-02-12 18:12:36 ,        2715.0   ,           1312.7   ,               64.6   ,        75.1   ,                  62.0   ,                33   ,                  1053   ,                33   ,                  1059   ,           6523   ,         99   ,                       63   ,                   0   ,                    3   ,              405.8   ,                 319.7   ,               79.0   ,                 86.0   ,              11.9   ,               7.0   ,                12.1   ,          398.7   ,             12.0   ,                        90.1   ,               4   ,        1.0500   ,               32.0   ,                 11876   ,
2026-02-12 18:12:37 ,        2715.0   ,           1312.7   ,               64.8   ,        75.8   ,                  62.0   ,                33   ,                  1083   ,                33   ,                  1082   ,           6523   ,         99   ,                       63   ,                   0   ,                    3   ,              405.6   ,                 319.5   ,               79.0   ,                 86.1   ,              11.9   ,               7.0   ,                12.0   ,          400.5   ,             12.0   ,                        90.6   ,               4   ,        1.0500   ,               32.0   ,                 11877   ,
2026-02-12 18:12:38 ,        2715.0   ,           1312.7   ,               65.8   ,        76.6   ,                  62.0   ,                34   ,                  1101   ,                34   ,                  1106   ,           6523   ,         99   ,                       70   ,                   0   ,                    3   ,              425.6   ,                 333.5   ,               85.0   ,                 92.1   ,              11.9   ,               7.2   ,                12.1   ,          416.6   ,             12.0   ,                        94.2   ,               4   ,        1.0500   ,               32.0   ,                 11877   ,
2026-02-12 18:12:39 ,        2715.0   ,           1312.7   ,               66.0   ,        76.8   ,                  62.0   ,                35   ,                  1130   ,                35   ,                  1136   ,           6523   ,         98   ,                       70   ,                   0   ,                    3   ,              426.1   ,                 333.9   ,               85.0   ,                 92.2   ,              11.9   ,               7.3   ,                12.1   ,          418.2   ,             12.0   ,                        94.6   ,               4   ,        1.0500   ,               32.0   ,                 11877   ,
2026-02-12 18:12:40 ,        2715.0   ,           1312.7   ,               66.4   ,        77.8   ,                  62.0   ,                36   ,                  1160   ,                36   ,                  1169   ,           6523   ,         99   ,                       70   ,                   0   ,                    3   ,              423.3   ,                 331.9   ,               84.1   ,                 91.3   ,              11.9   ,               7.2   ,                12.0   ,          416.0   ,             12.0   ,                        94.1   ,               4   ,        1.0500   ,               32.0   ,                 11870   ,
2026-02-12 18:12:41 ,        2715.0   ,           1312.7   ,               66.8   ,        78.3   ,                  64.0   ,                36   ,                  1187   ,                36   ,                  1205   ,           6523   ,         99   ,                       66   ,                   0   ,                    3   ,              416.8   ,                 327.3   ,               82.3   ,                 89.6   ,              11.9   ,               7.3   ,                12.1   ,          409.5   ,             12.0   ,                        92.6   ,               4   ,        1.0500   ,               32.0   ,                 11872   ,
2026-02-12 18:12:42 ,        2715.0   ,           1312.7   ,               67.3   ,        78.6   ,                  64.0   ,                37   ,                  1231   ,                37   ,                  1232   ,           6523   ,         99   ,                       67   ,                   0   ,                    3   ,              417.1   ,                 327.3   ,               82.5   ,                 89.8   ,              11.9   ,               7.3   ,                12.1   ,          409.8   ,             12.0   ,                        92.7   ,               4   ,        1.0500   ,               32.0   ,                 11876   ,
2026-02-12 18:12:43 ,        2715.0   ,           1312.7   ,               67.2   ,        78.0   ,                  64.0   ,                37   ,                  1267   ,                37   ,                  1261   ,           6523   ,         99   ,                       65   ,                   0   ,                    3   ,              413.8   ,                 326.3   ,               80.1   ,                 87.5   ,              11.9   ,               7.3   ,                12.1   ,          406.5   ,             12.0   ,                        92.0   ,               4   ,        1.0500   ,               32.0   ,                 11876   ,
2026-02-12 18:12:45 ,        2715.0   ,           1312.7   ,               67.9   ,        79.0   ,                  62.0   ,                38   ,                  1279   ,                38   ,                  1290   ,           6523   ,         99   ,                       61   ,                   0   ,                    3   ,              413.5   ,                 328.5   ,               77.7   ,                 85.0   ,              11.9   ,               7.3   ,                12.1   ,          406.2   ,             12.0   ,                        91.9   ,               4   ,        1.0500   ,               32.0   ,                 11871   ,
2026-02-12 18:12:46 ,        2715.0   ,           1312.7   ,               68.4   ,        80.4   ,                  64.0   ,                39   ,                  1308   ,                39   ,                  1313   ,           6523   ,         99   ,                       60   ,                   0   ,                    3   ,              413.5   ,                 329.5   ,               76.7   ,                 84.0   ,              11.9   ,               7.3   ,                12.1   ,          406.2   ,             12.0   ,                        91.9   ,               4   ,        1.0500   ,               33.0   ,                 11870   ,
2026-02-12 18:12:47 ,        2715.0   ,           1312.7   ,               68.0   ,        78.7   ,                  64.0   ,                39   ,                  1335   ,                39   ,                  1339   ,           6523   ,         99   ,                       61   ,                   0   ,                    3   ,              416.4   ,                 330.2   ,               78.9   ,                 86.2   ,              11.9   ,               7.4   ,                12.1   ,          409.0   ,             12.0   ,                        92.5   ,               4   ,        1.0500   ,               31.0   ,                 11876   ,
2026-02-12 18:12:48 ,        2715.0   ,           1312.7   ,               68.4   ,        79.6   ,                  66.0   ,                40   ,                  1360   ,                40   ,                  1366   ,           6523   ,         99   ,                       64   ,                   0   ,                    3   ,              413.3   ,                 325.9   ,               80.0   ,                 87.4   ,              11.9   ,               7.4   ,                12.1   ,          405.8   ,             12.0   ,                        91.8   ,               4   ,        1.0500   ,               32.0   ,                 11876   ,
2026-02-12 18:12:49 ,        2715.0   ,           1312.7   ,               68.5   ,        79.6   ,                  66.0   ,                40   ,                  1387   ,                40   ,                  1391   ,           6523   ,         99   ,                       64   ,                   0   ,                    3   ,              413.3   ,                 325.7   ,               80.1   ,                 87.6   ,              11.9   ,               7.5   ,                12.1   ,          405.8   ,             12.0   ,                        92.6   ,               4   ,        1.0500   ,               32.0   ,                 11876   ,
2026-02-12 18:12:50 ,        2715.0   ,           1312.7   ,               69.2   ,        80.4   ,                  64.0   ,                40   ,                  1409   ,                40   ,                  1411   ,           6523   ,         99   ,                       64   ,                   0   ,                    3   ,              413.6   ,                 326.6   ,               79.5   ,                 87.0   ,              11.9   ,               7.5   ,                12.1   ,          409.6   ,             12.0   ,                        92.7   ,               4   ,        1.0500   ,               31.0   ,                 11871   ,
2026-02-12 18:12:51 ,        2715.0   ,           1312.7   ,               69.4   ,        81.2   ,                  64.0   ,                41   ,                  1427   ,                41   ,                  1432   ,           6523   ,         99   ,                       62   ,                   0   ,                    3   ,              419.3   ,                 332.2   ,               79.6   ,                 87.1   ,              11.9   ,               7.5   ,                12.1   ,          411.8   ,             12.0   ,                        93.2   ,               4   ,        1.0500   ,               32.0   ,                 11875   ,
2026-02-12 18:12:52 ,        2715.0   ,           1312.7   ,               69.8   ,        81.7   ,                  66.0   ,                41   ,                  1454   ,                41   ,                  1452   ,           6523   ,         99   ,                       62   ,                   0   ,                    3   ,              416.1   ,                 329.5   ,               79.1   ,                 86.6   ,              11.9   ,               7.5   ,                12.1   ,          408.6   ,             12.0   ,                        92.5   ,               4   ,        1.0500   ,               32.0   ,                 11876   ,
2026-02-12 18:12:53 ,        2715.0   ,           1312.7   ,               69.3   ,        80.0   ,                  66.0   ,                42   ,                  1465   ,                42   ,                  1470   ,           6523   ,         99   ,                       63   ,                   0   ,                    3   ,              408.4   ,                 321.6   ,               79.2   ,                 86.7   ,              11.9   ,               7.6   ,                12.1   ,          400.8   ,             12.0   ,                        90.8   ,               4   ,        1.0500   ,               32.0   ,                 11876   ,
2026-02-12 18:12:54 ,        2715.0   ,           1312.7   ,               69.4   ,        80.4   ,                  66.0   ,                42   ,                  1491   ,                42   ,                  1487   ,           6523   ,         99   ,                       63   ,                   0   ,                    3   ,              410.6   ,                 323.5   ,               79.5   ,                 87.1   ,              11.9   ,               7.6   ,                12.0   ,          403.0   ,             12.0   ,                        91.3   ,               4   ,        1.0500   ,               32.0   ,                 11876   ,
2026-02-12 18:12:55 ,        2715.0   ,           1312.7   ,               69.8   ,        80.8   ,                  66.0   ,                42   ,                  1504   ,                42   ,                  1509   ,           6523   ,         99   ,                       63   ,                   0   ,                    3   ,              410.8   ,                 323.6   ,               79.6   ,                 87.2   ,              11.9   ,               7.6   ,                12.1   ,          403.1   ,             12.0   ,                        91.3   ,               4   ,        1.0500   ,               32.0   ,                 11877   ,
2026-02-12 18:12:56 ,        2715.0   ,           1312.7   ,               69.9   ,        81.1   ,                  66.0   ,                42   ,                  1520   ,                42   ,                  1523   ,           6523   ,         99   ,                       62   ,                   0   ,                    3   ,              411.0   ,                 324.6   ,               78.8   ,                 86.4   ,              11.9   ,               7.6   ,                12.1   ,          403.4   ,             12.0   ,                        91.3   ,               4   ,        1.0500   ,               32.0   ,                 11877   ,
2026-02-12 18:12:57 ,        2715.0   ,           1312.7   ,               70.8   ,        82.8   ,                  68.0   ,                43   ,                  1535   ,                43   ,                  1537   ,           6523   ,         99   ,                       61   ,                   0   ,                    3   ,              415.8   ,                 330.4   ,               77.7   ,                 85.4   ,              11.9   ,               7.6   ,                12.1   ,          408.1   ,             12.0   ,                        92.4   ,               4   ,        1.0500   ,               32.0   ,                 11871   ,
2026-02-12 18:12:58 ,        2715.0   ,           1312.7   ,               71.2   ,        82.8   ,                  66.0   ,                44   ,                  1546   ,                44   ,                  1556   ,           6523   ,         99   ,                       60   ,                   0   ,                    3   ,              413.9   ,                 329.4   ,               76.9   ,                 84.5   ,              11.9   ,               7.6   ,                12.1   ,          406.3   ,             12.0   ,                        92.0   ,               4   ,        1.0500   ,               34.0   ,                 11876   ,
2026-02-12 18:12:59 ,        2715.0   ,           1312.7   ,               59.4   ,        67.6   ,                  64.0   ,                44   ,                  1566   ,                44   ,                  1573   ,           5034   ,         80   ,                       48   ,                   0   ,                    2   ,               68.2   ,                  45.2   ,               23.2   ,                 29.8   ,              12.2   ,               6.6   ,                12.1   ,           68.4   ,             12.2   ,                        16.7   ,               4   ,        1.0500   ,               32.0   ,                 11184   ,
2026-02-12 18:13:00 ,        2715.0   ,           1312.7   ,               56.4   ,        65.5   ,                  62.0   ,                44   ,                  1591   ,                44   ,                  1592   ,            904   ,          0   ,                        0   ,                   0   ,                    0   ,               63.6   ,                  34.2   ,               22.7   ,                 29.4   ,              12.2   ,               6.6   ,                12.1   ,           56.9   ,             12.3   ,                        14.1   ,               4   ,        1.0500   ,               31.0   ,                 10482   ,
2026-02-12 18:13:01 ,         585.0   ,            625.2   ,               54.1   ,        64.1   ,                  60.0   ,                44   ,                  1603   ,                44   ,                  1608   ,            904   ,          0   ,                        0   ,                   0   ,                    0   ,               27.2   ,                   7.2   ,               13.4   ,                 20.0   ,              12.2   ,               6.6   ,                12.1   ,           20.6   ,             12.3   ,                         6.0   ,              16   ,        0.8800   ,               32.0   ,                 10467   ,
2026-02-12 18:13:02 ,         375.0   ,            625.2   ,               53.2   ,        63.3   ,                  58.0   ,                41   ,                  1605   ,                41   ,                  1605   ,            899   ,          4   ,                        0   ,                   0   ,                    0   ,               26.1   ,                   6.2   ,               13.5   ,                 20.0   ,              12.2   ,               6.5   ,                12.1   ,           19.6   ,             12.3   ,                         5.8   ,              16   ,        0.8800   ,               30.0   ,                 10411   ,
2026-02-12 18:13:03 ,         240.0   ,            625.2   ,               52.6   ,        62.8   ,                  58.0   ,                38   ,                  1578   ,                38   ,                  1575   ,            899   ,          0   ,                        0   ,                   0   ,                    0   ,               25.3   ,                   5.3   ,               13.5   ,                 19.9   ,              12.2   ,               6.5   ,                12.1   ,           19.8   ,             12.3   ,                         5.8   ,              16   ,        0.8800   ,               35.0   ,                 10382   ,
2026-02-12 18:13:04 ,         210.0   ,            625.2   ,               52.1   ,        62.2   ,                  58.0   ,                36   ,                  1519   ,                36   ,                  1515   ,            909   ,         13   ,                        1   ,                   0   ,                    1   ,               25.6   ,                   5.6   ,               13.5   ,                 20.0   ,              12.2   ,               6.4   ,                12.1   ,           19.2   ,             12.3   ,                         5.7   ,              16   ,        0.8800   ,               36.0   ,                 10356   ,
2026-02-12 18:13:05 ,         210.0   ,            625.2   ,               51.6   ,        61.7   ,                  56.0   ,                34   ,                  1445   ,                34   ,                  1434   ,            916   ,          3   ,                        0   ,                   0   ,                    0   ,               25.9   ,                   6.0   ,               13.7   ,                 20.0   ,              12.2   ,               6.3   ,                12.1   ,           19.6   ,             12.3   ,                         5.7   ,              16   ,        0.8800   ,               34.0   ,                 10392   ,
2026-02-12 18:13:06 ,         210.0   ,            101.3   ,               51.1   ,        61.3   ,                  56.0   ,                33   ,                  1373   ,                33   ,                  1360   ,            916   ,         30   ,                        5   ,                   0   ,                   11   ,               19.4   ,                   6.3   ,                9.9   ,                 13.0   ,              12.3   ,               3.2   ,                12.1   ,           16.2   ,             12.3   ,                         4.3   ,              16   ,        0.8800   ,               30.0   ,                 10396   ,
2026-02-12 18:13:07 ,         210.0   ,            101.3   ,               50.7   ,        60.8   ,                  54.0   ,                32   ,                  1303   ,                32   ,                  1297   ,            914   ,         18   ,                        3   ,                   0   ,                    5   ,               16.7   ,                   5.1   ,                8.5   ,                 11.6   ,              12.2   ,               3.1   ,                12.1   ,           13.6   ,             12.3   ,                         3.7   ,              16   ,        0.8800   ,               31.0   ,                 10400   ,
2026-02-12 18:13:08 ,         210.0   ,             50.6   ,               50.0   ,        60.2   ,                  56.0   ,                31   ,                  1238   ,                31   ,                  1227   ,            912   ,          0   ,                       13   ,                   0   ,                    0   ,                6.1   ,                   1.2   ,                2.7   ,                  4.9   ,              12.2   ,               2.2   ,                12.1   ,            4.5   ,             12.3   ,                         1.5   ,              16   ,        0.8650   ,               30.0   ,                 10398   ,
2026-02-12 18:13:09 ,         210.0   ,             50.6   ,               49.7   ,        59.7   ,                  54.0   ,                30   ,                  1180   ,                30   ,                  1169   ,            912   ,          2   ,                        9   ,                   0   ,                    0   ,                6.5   ,                   1.1   ,                3.2   ,                  5.4   ,              12.2   ,               2.2   ,                12.1   ,            5.4   ,             12.3   ,                         1.7   ,              16   ,        0.8650   ,               29.0   ,                 10390   ,
2026-02-12 18:13:10 ,         210.0   ,             50.6   ,               49.4   ,        59.3   ,                  54.0   ,                30   ,                  1127   ,                30   ,                  1116   ,            912   ,          4   ,                        6   ,                   0   ,                    0   ,                5.6   ,                   1.3   ,                2.1   ,                  4.2   ,              12.2   ,               2.2   ,                12.1   ,            4.5   ,             12.3   ,                         1.5   ,              16   ,        0.8650   ,               28.0   ,                 10390   ,
2026-02-12 18:13:11 ,         210.0   ,             50.6   ,               49.1   ,        59.0   ,                  54.0   ,                30   ,                  1094   ,                30   ,                  1076   ,            912   ,          0   ,                        5   ,                   0   ,                    0   ,                5.4   ,                   1.4   ,                1.8   ,                  4.0   ,              12.2   ,               2.2   ,                12.1   ,            4.4   ,             12.3   ,                         1.5   ,              16   ,        0.8650   ,               30.0   ,                 10384   ,
2026-02-12 18:13:12 ,         210.0   ,             50.6   ,               48.8   ,        58.7   ,                  54.0   ,                30   ,                  1066   ,                30   ,                  1049   ,            912   ,          0   ,                        6   ,                   0   ,                    0   ,                5.5   ,                   1.3   ,                2.0   ,                  4.2   ,              12.2   ,               2.2   ,                12.1   ,            4.4   ,             12.3   ,                         1.5   ,              16   ,        0.8650   ,               30.0   ,                 10387   ,
2026-02-12 18:13:13 ,        2520.0   ,           1312.7   ,               49.8   ,        59.2   ,                  54.0   ,                30   ,                  1039   ,                30   ,                  1033   ,            937   ,          1   ,                        0   ,                   0   ,                    0   ,               50.4   ,                  21.2   ,               23.1   ,                 29.2   ,              12.2   ,               6.2   ,                12.1   ,           44.3   ,             12.3   ,                        11.2   ,              16   ,        0.9600   ,               31.0   ,                 10405   ,
2026-02-12 18:13:14 ,        2520.0   ,           1312.7   ,               49.8   ,        59.0   ,                  54.0   ,                30   ,                  1028   ,                30   ,                  1030   ,            973   ,          0   ,                        0   ,                   0   ,                    0   ,               50.4   ,                  21.1   ,               23.2   ,                 29.4   ,              12.2   ,               6.2   ,                12.1   ,           44.2   ,             12.3   ,                        11.5   ,              16   ,        0.9600   ,               33.0   ,                 10506   ,
2026-02-12 18:13:15 ,        2520.0   ,           1312.7   ,               49.7   ,        58.8   ,                  54.0   ,                30   ,                  1036   ,                30   ,                  1031   ,            923   ,          1   ,                        0   ,                   0   ,                    0   ,               51.1   ,                  21.9   ,               23.1   ,                 29.3   ,              12.2   ,               6.2   ,                12.1   ,           45.0   ,             12.3   ,                        11.4   ,              16   ,        0.9600   ,               30.0   ,                 10497   ,
2026-02-12 18:13:16 ,         465.0   ,            101.3   ,               48.4   ,        58.1   ,                  54.0   ,                30   ,                  1026   ,                30   ,                  1030   ,            923   ,          0   ,                        2   ,                   0   ,                    0   ,                9.7   ,                   2.9   ,                4.1   ,                  6.8   ,              12.2   ,               2.8   ,                12.1   ,            6.9   ,             12.3   ,                         2.2   ,              16   ,        0.8800   ,               28.0   ,                 10503   ,
2026-02-12 18:13:17 ,         285.0   ,             50.6   ,               48.1   ,        57.8   ,                  52.0   ,                30   ,                  1030   ,                30   ,                  1029   ,            924   ,         13   ,                       12   ,                   0   ,                    1   ,                8.4   ,                   1.2   ,                5.0   ,                  7.2   ,              12.2   ,               2.1   ,                12.1   ,            6.3   ,             12.3   ,                         1.9   ,              16   ,        0.8650   ,               32.0   ,                 10566   ,
2026-02-12 18:13:18 ,         210.0   ,             50.6   ,               47.8   ,        57.5   ,                  52.0   ,                30   ,                  1033   ,                30   ,                  1030   ,            954   ,          0   ,                        0   ,                   0   ,                    0   ,                5.2   ,                   1.4   ,                1.7   ,                  3.8   ,              12.2   ,               2.1   ,                12.1   ,            3.1   ,             12.3   ,                         1.1   ,              16   ,        0.8650   ,               30.0   ,                 10563   ,
2026-02-12 18:13:19 ,         210.0   ,             50.6   ,               47.7   ,        57.2   ,                  52.0   ,                30   ,                  1032   ,                30   ,                  1031   ,            955   ,         30   ,                        8   ,                   0   ,                   23   ,                8.6   ,                   0.3   ,                6.2   ,                  8.3   ,              12.3   ,               2.1   ,                12.1   ,            6.5   ,             12.3   ,                         1.9   ,              16   ,        0.8650   ,               30.0   ,                 10533   ,
2026-02-12 18:13:20 ,         210.0   ,             50.6   ,               47.4   ,        57.0   ,                  52.0   ,                30   ,                  1037   ,                30   ,                  1030   ,            953   ,          6   ,                        5   ,                   0   ,                    0   ,                7.4   ,                   1.6   ,                3.8   ,                  5.8   ,              12.2   ,               2.0   ,                12.1   ,            5.4   ,             12.3   ,                         1.6   ,              16   ,        0.8650   ,               30.0   ,                 10559   ,
2026-02-12 18:13:21 ,         210.0   ,             50.6   ,               47.2   ,        56.7   ,                  52.0   ,                30   ,                  1037   ,                30   ,                  1031   ,            953   ,          2   ,                        2   ,                   0   ,                    0   ,                6.9   ,                   0.1   ,                4.7   ,                  6.8   ,              12.2   ,               2.1   ,                12.1   ,            4.8   ,             12.3   ,                         1.5   ,              16   ,        0.8650   ,               29.0   ,                 10560   ,
2026-02-12 18:13:22 ,         210.0   ,             50.6   ,               47.0   ,        56.5   ,                  50.0   ,                30   ,                  1030   ,                30   ,                  1030   ,            952   ,          3   ,                        7   ,                   0   ,                    0   ,                6.3   ,                   0.7   ,                3.5   ,                  5.6   ,              12.2   ,               2.1   ,                12.1   ,            4.2   ,             12.3   ,                         1.4   ,              16   ,        0.8650   ,               28.0   ,                 10566   ,
2026-02-12 18:13:23 ,         210.0   ,             50.6   ,               46.7   ,        56.2   ,                  52.0   ,                30   ,                  1032   ,                30   ,                  1031   ,            953   ,          0   ,                        4   ,                   0   ,                    0   ,                5.1   ,                   1.2   ,                1.8   ,                  3.9   ,              12.2   ,               2.1   ,                12.1   ,            3.1   ,             12.3   ,                         1.1   ,              16   ,        0.8650   ,               30.0   ,                 10560   ,
2026-02-12 18:13:24 ,         210.0   ,             50.6   ,               46.6   ,        56.1   ,                  50.0   ,                30   ,                  1027   ,                30   ,                  1032   ,            962   ,          2   ,                        2   ,                   0   ,                    0   ,                5.7   ,                   1.1   ,                2.5   ,                  4.6   ,              12.2   ,               2.1   ,                12.1   ,            3.6   ,             12.3   ,                         1.3   ,              16   ,        0.8650   ,               30.0   ,                 10539   ,
2026-02-12 18:13:25 ,         210.0   ,             50.6   ,               46.3   ,        55.8   ,                  50.0   ,                30   ,                  1036   ,                30   ,                  1031   ,            957   ,          0   ,                        1   ,                   0   ,                    0   ,                5.1   ,                   1.3   ,                1.7   ,                  3.8   ,              12.2   ,               2.1   ,                12.1   ,            3.0   ,             12.3   ,                         1.1   ,              16   ,        0.8650   ,               29.0   ,                 10538   ,
2026-02-12 18:13:26 ,         210.0   ,             50.6   ,               46.2   ,        55.5   ,                  50.0   ,                30   ,                  1035   ,                30   ,                  1033   ,            957   ,          1   ,                        1   ,                   0   ,                    0   ,                5.4   ,                   1.0   ,                2.3   ,                  4.4   ,              12.2   ,               2.1   ,                12.1   ,            3.4   ,             12.3   ,                         1.2   ,              16   ,        0.8650   ,               29.0   ,                 10502   ,
2026-02-12 18:13:27 ,         210.0   ,             50.6   ,               46.0   ,        55.3   ,                  50.0   ,                30   ,                  1036   ,                30   ,                  1032   ,            957   ,          4   ,                        3   ,                   0   ,                    0   ,                6.5   ,                   0.6   ,                3.8   ,                  5.9   ,              12.2   ,               2.1   ,                12.1   ,            4.4   ,             12.3   ,                         1.4   ,              16   ,        0.8650   ,               30.0   ,                 10507   ,
2026-02-12 18:13:28 ,         210.0   ,             50.6   ,               45.8   ,        55.2   ,                  50.0   ,                30   ,                  1036   ,                30   ,                  1032   ,            957   ,          1   ,                        1   ,                   0   ,                    0   ,                5.6   ,                   1.2   ,                2.3   ,                  4.4   ,              12.2   ,               2.1   ,                12.1   ,            3.5   ,             12.3   ,                         1.2   ,              16   ,        0.8700   ,               30.0   ,                 10516   ,
2026-02-12 18:13:29 ,         210.0   ,             50.6   ,               45.6   ,        54.9   ,                  48.0   ,                30   ,                  1033   ,                30   ,                  1032   ,            957   ,          2   ,                        3   ,                   0   ,                    0   ,                6.7   ,                   1.0   ,                3.5   ,                  5.6   ,              12.2   ,               2.1   ,                12.1   ,            4.5   ,             12.3   ,                         1.5   ,              16   ,        0.8700   ,               28.0   ,                 10507   ,
2026-02-12 18:13:30 ,         210.0   ,             50.6   ,               45.5   ,        54.7   ,                  50.0   ,                30   ,                  1023   ,                30   ,                  1031   ,            957   ,          4   ,                        3   ,                   0   ,                    0   ,                6.7   ,                   0.7   ,                3.9   ,                  6.0   ,              12.2   ,               2.1   ,                12.1   ,            4.6   ,             12.3   ,                         1.5   ,              16   ,        0.8700   ,               28.0   ,                 10513   ,
2026-02-12 18:13:31 ,         210.0   ,             50.6   ,               45.3   ,        54.5   ,                  48.0   ,                30   ,                  1039   ,                30   ,                  1031   ,            957   ,          3   ,                        3   ,                   0   ,                    1   ,                6.2   ,                   1.2   ,                2.9   ,                  5.0   ,              12.2   ,               2.1   ,                12.1   ,            4.0   ,             12.3   ,                         1.4   ,              16   ,        0.8700   ,               29.0   ,                 10511   ,
2026-02-12 18:13:32 ,         210.0   ,             50.6   ,               45.0   ,        54.3   ,                  48.0   ,                30   ,                  1028   ,                30   ,                  1031   ,            957   ,          0   ,                        6   ,                   0   ,                    0   ,                5.3   ,                   1.5   ,                1.7   ,                  3.8   ,              12.2   ,               2.1   ,                12.1   ,            3.2   ,             12.3   ,                         1.2   ,              16   ,        0.8700   ,               29.0   ,                 10502   ,
2026-02-12 18:13:33 ,         210.0   ,             50.6   ,               44.9   ,        54.0   ,                  48.0   ,                30   ,                  1025   ,                30   ,                  1033   ,            957   ,          4   ,                        3   ,                   0   ,                    1   ,                6.7   ,                   0.6   ,                4.0   ,                  6.2   ,              12.2   ,               2.1   ,                12.1   ,            4.6   ,             12.3   ,                         1.5   ,              16   ,        0.8700   ,               29.0   ,                 10485   ,
2026-02-12 18:13:34 ,         210.0   ,             50.6   ,               44.7   ,        53.8   ,                  48.0   ,                30   ,                  1027   ,                30   ,                  1033   ,            957   ,          0   ,                        0   ,                   0   ,                    0   ,                4.9   ,                   1.4   ,                1.4   ,                  3.5   ,              12.2   ,               2.1   ,                12.1   ,            2.8   ,             12.3   ,                         1.1   ,              16   ,        0.8700   ,               31.0   ,                 10500   ,
2026-02-12 18:13:35 ,         210.0   ,             50.6   ,               44.6   ,        53.7   ,                  48.0   ,                30   ,                  1031   ,                30   ,                  1035   ,            952   ,          2   ,                        2   ,                   0   ,                    0   ,                6.2   ,                   1.0   ,                3.1   ,                  5.1   ,              12.2   ,               2.1   ,                12.1   ,            4.1   ,             12.3   ,                         1.4   ,              16   ,        0.8700   ,               29.0   ,                 10490   ,
2026-02-12 18:13:36 ,         210.0   ,             50.6   ,               44.4   ,        53.4   ,                  48.0   ,                30   ,                  1027   ,                30   ,                  1035   ,            920   ,          0   ,                        9   ,                   0   ,                    0   ,                5.5   ,                   1.4   ,                2.0   ,                  4.1   ,              12.2   ,               2.1   ,                12.1   ,            3.4   ,             12.3   ,                         1.2   ,              16   ,        0.8700   ,               28.0   ,                 10380   ,
2026-02-12 18:13:37 ,         210.0   ,             50.6   ,               44.3   ,        53.3   ,                  48.0   ,                30   ,                  1037   ,                30   ,                  1037   ,            920   ,          2   ,                        2   ,                   0   ,                    0   ,                6.2   ,                   1.0   ,                3.1   ,                  5.2   ,              12.2   ,               2.1   ,                12.1   ,            4.1   ,             12.3   ,                         1.4   ,              16   ,        0.8700   ,               28.0   ,                 10373   ,
2026-02-12 18:13:38 ,         210.0   ,             50.6   ,               44.1   ,        53.1   ,                  48.0   ,                30   ,                  1033   ,                30   ,                  1038   ,            920   ,          2   ,                        3   ,                   0   ,                    0   ,                5.8   ,                   1.3   ,                2.4   ,                  4.5   ,              12.2   ,               2.1   ,                12.1   ,            4.8   ,             12.3   ,                         1.5   ,              16   ,        0.8700   ,               30.0   ,                 10384   ,
2026-02-12 18:13:39 ,         210.0   ,             50.6   ,               43.9   ,        52.9   ,                  48.0   ,                30   ,                  1046   ,                30   ,                  1039   ,            920   ,          0   ,                        1   ,                   0   ,                    0   ,                5.3   ,                   1.4   ,                1.9   ,                  3.9   ,              12.2   ,               2.0   ,                12.1   ,            3.3   ,             12.3   ,                         1.2   ,              16   ,        0.8700   ,               30.0   ,                 10378   ,
2026-02-12 18:13:40 ,         210.0   ,             50.6   ,               43.8   ,        52.7   ,                  48.0   ,                30   ,                  1029   ,                30   ,                  1038   ,            920   ,          2   ,                        4   ,                   0   ,                    0   ,                6.9   ,                   1.0   ,                3.9   ,                  6.0   ,              12.2   ,               2.0   ,                12.1   ,            4.9   ,             12.3   ,                         1.5   ,              16   ,        0.8700   ,               28.0   ,                 10371   ,
